order_id,order_date,region,category,channel,customer_type,quantity,unit_price,discount_pct,revenue
ORD-000001,2025-01-01,Asia Pacific,Home & Kitchen,Retail partner,Returning,1,59.3,0,59.3
ORD-000002,2025-01-01,North America,Toys,Marketplace,New,1,23.48,15,19.96
ORD-000003,2025-01-01,North America,Home & Kitchen,Retail partner,Returning,1,32.3,0,32.3
ORD-000004,2025-01-01,Middle East & Africa,Electronics,Web,Returning,1,114.97,0,114.97
ORD-000005,2025-01-01,Middle East & Africa,Beauty,Web,Returning,1,32.37,0,32.37
ORD-000006,2025-01-01,Latin America,Toys,Web,Returning,2,90.54,10,162.97
ORD-000007,2025-01-01,Middle East & Africa,Apparel,Web,Returning,2,51.11,0,102.22
ORD-000008,2025-01-01,Middle East & Africa,Sports & Outdoors,Mobile app,Returning,4,65.07,15,221.24
ORD-000009,2025-01-01,Europe,Toys,Web,Returning,1,25.85,0,25.85
ORD-000010,2025-01-01,Middle East & Africa,Apparel,Web,Returning,1,77.19,0,77.19
ORD-000011,2025-01-01,North America,Electronics,Web,Returning,2,205.42,10,369.76
ORD-000012,2025-01-01,North America,Electronics,Retail partner,Returning,2,123.88,0,247.76
ORD-000013,2025-01-01,Europe,Toys,Web,Returning,1,39.37,0,39.37
ORD-000014,2025-01-01,Asia Pacific,Electronics,Web,Returning,2,134,0,268
ORD-000015,2025-01-01,Europe,Sports & Outdoors,Web,New,3,65.54,0,196.62
ORD-000016,2025-01-01,North America,Apparel,Retail partner,New,1,51.08,0,51.08
ORD-000017,2025-01-01,Europe,Electronics,Retail partner,New,2,267.74,5,508.71
ORD-000018,2025-01-01,North America,Apparel,Retail partner,New,2,51.49,10,92.68
ORD-000019,2025-01-01,North America,Electronics,Retail partner,New,2,103.41,10,186.14
ORD-000020,2025-01-01,Asia Pacific,Home & Kitchen,Web,New,1,83.97,0,83.97
ORD-000021,2025-01-01,North America,Beauty,Marketplace,Returning,2,28.72,0,57.44
ORD-000022,2025-01-01,Europe,Sports & Outdoors,Mobile app,Returning,1,88.21,0,88.21
ORD-000023,2025-01-01,Europe,Electronics,Web,Returning,1,261.42,10,235.28
ORD-000024,2025-01-01,Middle East & Africa,Electronics,Web,New,1,142.45,0,142.45
ORD-000025,2025-01-01,Latin America,Apparel,Web,Returning,4,83.78,15,284.85
ORD-000026,2025-01-01,Europe,Home & Kitchen,Marketplace,New,1,55.27,10,49.74
ORD-000027,2025-01-01,North America,Sports & Outdoors,Web,Returning,2,28.51,0,57.02
ORD-000028,2025-01-01,North America,Apparel,Mobile app,Returning,1,54.68,0,54.68
ORD-000029,2025-01-01,Asia Pacific,Sports & Outdoors,Mobile app,New,3,24.65,15,62.86
ORD-000030,2025-01-01,Europe,Apparel,Mobile app,New,1,41.13,0,41.13
ORD-000031,2025-01-01,Europe,Electronics,Marketplace,New,1,149.46,0,149.46
ORD-000032,2025-01-01,Europe,Home & Kitchen,Web,Returning,1,55.1,0,55.1
ORD-000033,2025-01-01,Europe,Beauty,Web,Returning,1,30.91,0,30.91
ORD-000034,2025-01-01,Europe,Apparel,Mobile app,Returning,1,47.67,10,42.9
ORD-000035,2025-01-01,North America,Home & Kitchen,Marketplace,Returning,1,84.7,5,80.47
ORD-000036,2025-01-01,Europe,Beauty,Mobile app,New,1,18.26,0,18.26
ORD-000037,2025-01-01,Europe,Beauty,Web,New,3,18.11,0,54.33
ORD-000038,2025-01-01,Europe,Electronics,Web,New,1,249.56,0,249.56
ORD-000039,2025-01-02,Latin America,Toys,Web,Returning,2,31.14,0,62.28
ORD-000040,2025-01-02,North America,Home & Kitchen,Mobile app,Returning,3,42.29,0,126.87
ORD-000041,2025-01-02,North America,Toys,Web,Returning,1,38.66,0,38.66
ORD-000042,2025-01-02,Asia Pacific,Sports & Outdoors,Retail partner,Returning,3,61.08,0,183.24
ORD-000043,2025-01-02,North America,Home & Kitchen,Web,New,2,77.2,10,138.96
ORD-000044,2025-01-02,Asia Pacific,Beauty,Web,Returning,2,21.46,15,36.48
ORD-000045,2025-01-02,Middle East & Africa,Apparel,Mobile app,New,2,56.16,10,101.09
ORD-000046,2025-01-02,Europe,Electronics,Mobile app,Returning,2,144.58,10,260.24
ORD-000047,2025-01-02,North America,Electronics,Web,New,1,212.85,15,180.92
ORD-000048,2025-01-02,Latin America,Sports & Outdoors,Web,Returning,1,62.1,5,59
ORD-000049,2025-01-02,North America,Home & Kitchen,Web,Returning,1,97.54,0,97.54
ORD-000050,2025-01-02,Asia Pacific,Beauty,Retail partner,New,2,30.82,5,58.56
ORD-000051,2025-01-02,North America,Sports & Outdoors,Web,New,3,52.44,0,157.32
ORD-000052,2025-01-02,Europe,Electronics,Web,Returning,1,259.27,0,259.27
ORD-000053,2025-01-02,Europe,Beauty,Marketplace,New,1,25.32,0,25.32
ORD-000054,2025-01-02,Europe,Beauty,Web,New,1,36.18,0,36.18
ORD-000055,2025-01-02,Asia Pacific,Electronics,Marketplace,Returning,2,242.02,0,484.04
ORD-000056,2025-01-02,Europe,Sports & Outdoors,Mobile app,Returning,1,122.57,0,122.57
ORD-000057,2025-01-02,Europe,Electronics,Retail partner,New,1,241.05,10,216.95
ORD-000058,2025-01-02,Asia Pacific,Toys,Web,New,1,37.51,10,33.76
ORD-000059,2025-01-02,Asia Pacific,Electronics,Mobile app,New,2,187.93,5,357.07
ORD-000060,2025-01-02,Asia Pacific,Home & Kitchen,Web,Returning,1,49.84,15,42.36
ORD-000061,2025-01-02,Europe,Electronics,Mobile app,Returning,1,193.65,0,193.65
ORD-000062,2025-01-02,Middle East & Africa,Electronics,Mobile app,Returning,2,163.97,10,295.15
ORD-000063,2025-01-02,Europe,Electronics,Web,New,3,170.41,10,460.11
ORD-000064,2025-01-02,North America,Home & Kitchen,Web,Returning,2,57.95,0,115.9
ORD-000065,2025-01-02,Europe,Sports & Outdoors,Mobile app,New,1,77.81,0,77.81
ORD-000066,2025-01-02,Asia Pacific,Beauty,Mobile app,Returning,2,43.3,0,86.6
ORD-000067,2025-01-02,Asia Pacific,Apparel,Web,Returning,1,61.86,0,61.86
ORD-000068,2025-01-02,Asia Pacific,Home & Kitchen,Retail partner,Returning,2,34.45,0,68.9
ORD-000069,2025-01-03,North America,Home & Kitchen,Retail partner,Returning,1,37.35,0,37.35
ORD-000070,2025-01-03,North America,Apparel,Mobile app,New,2,33.69,15,57.27
ORD-000071,2025-01-03,North America,Apparel,Marketplace,New,4,42.31,5,160.78
ORD-000072,2025-01-03,North America,Apparel,Mobile app,Returning,3,28.11,0,84.33
ORD-000073,2025-01-03,Latin America,Electronics,Web,New,1,83.51,0,83.51
ORD-000074,2025-01-03,North America,Home & Kitchen,Mobile app,New,2,58.21,0,116.42
ORD-000075,2025-01-03,Europe,Beauty,Web,New,2,31.16,10,56.09
ORD-000076,2025-01-03,Europe,Electronics,Web,New,2,169.58,5,322.2
ORD-000077,2025-01-03,Europe,Home & Kitchen,Mobile app,Returning,1,101.16,0,101.16
ORD-000078,2025-01-03,Middle East & Africa,Electronics,Web,Returning,2,120.34,5,228.65
ORD-000079,2025-01-03,Europe,Sports & Outdoors,Web,Returning,3,100.86,0,302.58
ORD-000080,2025-01-03,Asia Pacific,Electronics,Web,Returning,3,158.83,5,452.67
ORD-000081,2025-01-03,Latin America,Sports & Outdoors,Mobile app,Returning,1,124.91,5,118.66
ORD-000082,2025-01-03,Asia Pacific,Home & Kitchen,Mobile app,Returning,1,54.83,5,52.09
ORD-000083,2025-01-03,North America,Electronics,Mobile app,New,1,219.34,10,197.41
ORD-000084,2025-01-03,Latin America,Home & Kitchen,Mobile app,New,1,50.91,0,50.91
ORD-000085,2025-01-03,Latin America,Electronics,Web,Returning,2,141.5,0,283
ORD-000086,2025-01-03,North America,Electronics,Web,Returning,2,182.43,10,328.37
ORD-000087,2025-01-03,North America,Home & Kitchen,Marketplace,New,1,56.03,5,53.23
ORD-000088,2025-01-03,Asia Pacific,Home & Kitchen,Mobile app,Returning,1,56.26,15,47.82
ORD-000089,2025-01-03,Asia Pacific,Home & Kitchen,Mobile app,New,1,56.08,5,53.28
ORD-000090,2025-01-03,North America,Apparel,Web,New,1,26.9,5,25.55
ORD-000091,2025-01-03,Europe,Home & Kitchen,Web,New,1,116.55,0,116.55
ORD-000092,2025-01-03,Asia Pacific,Beauty,Web,Returning,1,42.78,5,40.64
ORD-000093,2025-01-03,Asia Pacific,Home & Kitchen,Web,Returning,1,59.02,5,56.07
ORD-000094,2025-01-03,Middle East & Africa,Electronics,Web,New,1,186.51,5,177.18
ORD-000095,2025-01-03,North America,Sports & Outdoors,Web,New,2,70.36,0,140.72
ORD-000096,2025-01-03,Middle East & Africa,Electronics,Mobile app,Returning,1,256.89,0,256.89
ORD-000097,2025-01-03,North America,Electronics,Mobile app,Returning,1,110.54,0,110.54
ORD-000098,2025-01-03,Europe,Home & Kitchen,Mobile app,Returning,1,44.41,0,44.41
ORD-000099,2025-01-03,Europe,Electronics,Mobile app,New,1,207.91,0,207.91
ORD-000100,2025-01-04,North America,Home & Kitchen,Web,Returning,1,50.99,0,50.99
ORD-000101,2025-01-04,Asia Pacific,Electronics,Web,New,1,274.22,20,219.38
ORD-000102,2025-01-04,Europe,Electronics,Mobile app,New,2,173.76,0,347.52
ORD-000103,2025-01-04,Asia Pacific,Electronics,Mobile app,Returning,2,165.71,0,331.42
ORD-000104,2025-01-04,Latin America,Apparel,Web,Returning,1,45.63,10,41.07
ORD-000105,2025-01-04,North America,Home & Kitchen,Mobile app,Returning,1,59.66,0,59.66
ORD-000106,2025-01-04,North America,Electronics,Mobile app,Returning,1,132.63,0,132.63
ORD-000107,2025-01-04,North America,Electronics,Web,Returning,1,171.07,0,171.07
ORD-000108,2025-01-04,Middle East & Africa,Beauty,Web,Returning,2,11.99,15,20.38
ORD-000109,2025-01-04,North America,Electronics,Mobile app,Returning,3,235.14,10,634.88
ORD-000110,2025-01-04,Latin America,Electronics,Web,New,1,143.81,10,129.43
ORD-000111,2025-01-04,North America,Apparel,Web,Returning,1,43.55,0,43.55
ORD-000112,2025-01-04,North America,Electronics,Mobile app,New,1,196.63,20,157.3
ORD-000113,2025-01-04,North America,Sports & Outdoors,Marketplace,Returning,2,56.91,0,113.82
ORD-000114,2025-01-04,North America,Apparel,Mobile app,Returning,1,44.18,0,44.18
ORD-000115,2025-01-04,North America,Home & Kitchen,Mobile app,New,1,63.86,5,60.67
ORD-000116,2025-01-04,Europe,Beauty,Retail partner,Returning,1,25.59,0,25.59
ORD-000117,2025-01-04,North America,Apparel,Web,New,1,92.19,20,73.75
ORD-000118,2025-01-04,Latin America,Electronics,Web,New,2,169.71,10,305.48
ORD-000119,2025-01-04,Middle East & Africa,Beauty,Web,Returning,1,29.02,5,27.57
ORD-000120,2025-01-04,North America,Electronics,Web,Returning,3,189.67,0,569.01
ORD-000121,2025-01-04,Europe,Electronics,Web,Returning,1,220.21,10,198.19
ORD-000122,2025-01-04,Asia Pacific,Home & Kitchen,Mobile app,New,1,67.29,10,60.56
ORD-000123,2025-01-04,Asia Pacific,Electronics,Mobile app,Returning,1,197.46,0,197.46
ORD-000124,2025-01-04,Asia Pacific,Apparel,Mobile app,New,1,58.88,15,50.05
ORD-000125,2025-01-04,Europe,Apparel,Mobile app,New,1,24.21,15,20.58
ORD-000126,2025-01-04,Latin America,Home & Kitchen,Mobile app,Returning,1,91.44,5,86.87
ORD-000127,2025-01-04,Europe,Home & Kitchen,Mobile app,Returning,1,84.91,0,84.91
ORD-000128,2025-01-04,Europe,Electronics,Marketplace,Returning,2,187.31,0,374.62
ORD-000129,2025-01-04,Asia Pacific,Apparel,Web,Returning,1,96.41,10,86.77
ORD-000130,2025-01-04,North America,Home & Kitchen,Web,New,2,59.86,5,113.73
ORD-000131,2025-01-04,Middle East & Africa,Electronics,Mobile app,New,1,145.84,20,116.67
ORD-000132,2025-01-05,Europe,Electronics,Web,New,2,143.14,0,286.28
ORD-000133,2025-01-05,Latin America,Electronics,Mobile app,Returning,5,82.75,0,413.75
ORD-000134,2025-01-05,North America,Electronics,Mobile app,New,1,183.58,10,165.22
ORD-000135,2025-01-05,Europe,Home & Kitchen,Marketplace,Returning,1,51.77,0,51.77
ORD-000136,2025-01-05,Asia Pacific,Electronics,Mobile app,Returning,1,100.8,5,95.76
ORD-000137,2025-01-05,Europe,Home & Kitchen,Web,Returning,1,104.35,5,99.13
ORD-000138,2025-01-05,Asia Pacific,Home & Kitchen,Mobile app,Returning,4,35.32,5,134.22
ORD-000139,2025-01-05,North America,Beauty,Mobile app,New,1,47.72,5,45.33
ORD-000140,2025-01-05,Asia Pacific,Apparel,Mobile app,Returning,1,76.07,0,76.07
ORD-000141,2025-01-05,Middle East & Africa,Electronics,Web,New,1,189.82,15,161.35
ORD-000142,2025-01-05,Asia Pacific,Home & Kitchen,Retail partner,Returning,2,39.38,0,78.76
ORD-000143,2025-01-05,Latin America,Apparel,Web,New,1,29.69,10,26.72
ORD-000144,2025-01-05,Asia Pacific,Electronics,Retail partner,New,1,179.66,10,161.69
ORD-000145,2025-01-05,North America,Home & Kitchen,Web,Returning,2,132.99,0,265.98
ORD-000146,2025-01-05,Europe,Electronics,Web,Returning,2,106.78,5,202.88
ORD-000147,2025-01-05,North America,Beauty,Web,Returning,4,27.06,15,92
ORD-000148,2025-01-05,North America,Beauty,Web,Returning,1,28.21,10,25.39
ORD-000149,2025-01-05,Europe,Apparel,Web,Returning,2,58.81,15,99.98
ORD-000150,2025-01-05,North America,Toys,Retail partner,New,1,44.08,5,41.88
ORD-000151,2025-01-05,Latin America,Home & Kitchen,Mobile app,Returning,1,57.67,0,57.67
ORD-000152,2025-01-05,Asia Pacific,Apparel,Web,Returning,1,41.99,0,41.99
ORD-000153,2025-01-05,Middle East & Africa,Sports & Outdoors,Mobile app,New,4,59,5,224.2
ORD-000154,2025-01-05,Asia Pacific,Beauty,Web,Returning,1,30.82,15,26.2
ORD-000155,2025-01-05,North America,Toys,Web,New,2,44.15,10,79.47
ORD-000156,2025-01-05,Middle East & Africa,Toys,Web,Returning,4,53.99,5,205.16
ORD-000157,2025-01-05,North America,Beauty,Mobile app,Returning,1,21.16,0,21.16
ORD-000158,2025-01-05,Asia Pacific,Toys,Web,Returning,1,41.93,10,37.74
ORD-000159,2025-01-05,Latin America,Electronics,Mobile app,Returning,2,122.17,0,244.34
ORD-000160,2025-01-05,Asia Pacific,Electronics,Web,Returning,1,344.89,15,293.16
ORD-000161,2025-01-05,Europe,Electronics,Web,Returning,1,123.94,0,123.94
ORD-000162,2025-01-05,Latin America,Home & Kitchen,Web,New,2,91.08,10,163.94
ORD-000163,2025-01-05,North America,Home & Kitchen,Mobile app,New,1,59.8,0,59.8
ORD-000164,2025-01-05,North America,Electronics,Web,New,2,271.26,0,542.52
ORD-000165,2025-01-05,Asia Pacific,Home & Kitchen,Web,New,1,93.53,5,88.85
ORD-000166,2025-01-05,Europe,Apparel,Web,New,2,33.28,0,66.56
ORD-000167,2025-01-05,Europe,Beauty,Mobile app,Returning,1,33.78,5,32.09
ORD-000168,2025-01-05,North America,Apparel,Retail partner,Returning,2,41.41,5,78.68
ORD-000169,2025-01-05,Asia Pacific,Apparel,Mobile app,New,2,37.34,0,74.68
ORD-000170,2025-01-06,Asia Pacific,Sports & Outdoors,Mobile app,Returning,4,67.47,0,269.88
ORD-000171,2025-01-06,Asia Pacific,Sports & Outdoors,Mobile app,New,2,52.53,10,94.55
ORD-000172,2025-01-06,Latin America,Electronics,Web,Returning,1,165.8,0,165.8
ORD-000173,2025-01-06,North America,Electronics,Web,New,5,177.93,0,889.65
ORD-000174,2025-01-06,Asia Pacific,Toys,Web,New,1,66.86,0,66.86
ORD-000175,2025-01-06,North America,Electronics,Marketplace,Returning,1,234.08,0,234.08
ORD-000176,2025-01-06,Middle East & Africa,Apparel,Web,New,1,42.37,0,42.37
ORD-000177,2025-01-06,North America,Home & Kitchen,Marketplace,Returning,4,62.65,5,238.07
ORD-000178,2025-01-06,Latin America,Electronics,Web,New,2,180.21,0,360.42
ORD-000179,2025-01-06,Europe,Beauty,Mobile app,Returning,1,17.83,0,17.83
ORD-000180,2025-01-06,North America,Electronics,Mobile app,Returning,5,102.93,10,463.19
ORD-000181,2025-01-06,Asia Pacific,Home & Kitchen,Web,Returning,4,82.93,0,331.72
ORD-000182,2025-01-06,Latin America,Electronics,Marketplace,Returning,1,275.78,5,261.99
ORD-000183,2025-01-06,Latin America,Electronics,Web,Returning,1,233.74,5,222.05
ORD-000184,2025-01-06,Europe,Toys,Mobile app,Returning,1,38.97,0,38.97
ORD-000185,2025-01-06,Latin America,Electronics,Retail partner,New,1,156.98,0,156.98
ORD-000186,2025-01-06,Europe,Apparel,Marketplace,Returning,2,51.56,0,103.12
ORD-000187,2025-01-06,Europe,Electronics,Web,Returning,4,99.38,0,397.52
ORD-000188,2025-01-06,Middle East & Africa,Electronics,Web,New,1,119.75,0,119.75
ORD-000189,2025-01-06,Europe,Home & Kitchen,Marketplace,Returning,5,40.49,15,172.08
ORD-000190,2025-01-06,North America,Sports & Outdoors,Retail partner,Returning,1,75.39,0,75.39
ORD-000191,2025-01-06,Asia Pacific,Beauty,Web,New,1,23.05,5,21.9
ORD-000192,2025-01-07,Europe,Electronics,Web,Returning,3,162.24,5,462.38
ORD-000193,2025-01-07,Europe,Home & Kitchen,Web,Returning,2,55.58,0,111.16
ORD-000194,2025-01-07,Asia Pacific,Toys,Marketplace,New,1,32.57,0,32.57
ORD-000195,2025-01-07,Middle East & Africa,Electronics,Marketplace,Returning,3,158.55,5,451.87
ORD-000196,2025-01-07,North America,Apparel,Mobile app,New,1,70.13,0,70.13
ORD-000197,2025-01-07,Latin America,Electronics,Retail partner,Returning,1,138.83,10,124.95
ORD-000198,2025-01-07,Asia Pacific,Home & Kitchen,Web,Returning,2,78.77,10,141.79
ORD-000199,2025-01-07,Asia Pacific,Apparel,Retail partner,Returning,2,39.09,0,78.18
ORD-000200,2025-01-07,Europe,Beauty,Retail partner,New,1,19.55,0,19.55
ORD-000201,2025-01-07,North America,Beauty,Mobile app,Returning,4,46.24,0,184.96
ORD-000202,2025-01-07,Asia Pacific,Electronics,Web,New,2,129.16,0,258.32
ORD-000203,2025-01-07,Latin America,Home & Kitchen,Mobile app,New,2,41.19,0,82.38
ORD-000204,2025-01-07,North America,Electronics,Mobile app,Returning,3,215.75,15,550.16
ORD-000205,2025-01-07,North America,Sports & Outdoors,Web,Returning,1,78.12,0,78.12
ORD-000206,2025-01-07,Asia Pacific,Apparel,Mobile app,New,3,51.88,0,155.64
ORD-000207,2025-01-07,Middle East & Africa,Electronics,Web,Returning,2,130.54,0,261.08
ORD-000208,2025-01-07,Asia Pacific,Apparel,Web,New,1,64.51,5,61.28
ORD-000209,2025-01-07,Europe,Home & Kitchen,Web,Returning,1,85.77,5,81.48
ORD-000210,2025-01-07,Middle East & Africa,Beauty,Web,New,1,24.95,5,23.7
ORD-000211,2025-01-07,North America,Toys,Web,New,1,19.53,5,18.55
ORD-000212,2025-01-07,Europe,Sports & Outdoors,Web,Returning,2,56.31,0,112.62
ORD-000213,2025-01-07,Europe,Home & Kitchen,Web,Returning,1,66.09,0,66.09
ORD-000214,2025-01-07,Asia Pacific,Apparel,Web,Returning,1,71.43,10,64.29
ORD-000215,2025-01-07,North America,Home & Kitchen,Web,Returning,1,66.97,0,66.97
ORD-000216,2025-01-07,Asia Pacific,Beauty,Web,New,3,16.38,5,46.68
ORD-000217,2025-01-07,North America,Electronics,Mobile app,Returning,2,162.51,0,325.02
ORD-000218,2025-01-07,Europe,Electronics,Marketplace,Returning,1,96.14,0,96.14
ORD-000219,2025-01-08,Asia Pacific,Sports & Outdoors,Web,Returning,3,86.48,15,220.52
ORD-000220,2025-01-08,Asia Pacific,Apparel,Retail partner,Returning,2,44.03,0,88.06
ORD-000221,2025-01-08,Asia Pacific,Sports & Outdoors,Web,New,1,91.44,5,86.87
ORD-000222,2025-01-08,Asia Pacific,Home & Kitchen,Mobile app,New,5,122.7,5,582.82
ORD-000223,2025-01-08,Europe,Electronics,Web,Returning,1,144.28,10,129.85
ORD-000224,2025-01-08,Asia Pacific,Toys,Marketplace,Returning,1,32.39,0,32.39
ORD-000225,2025-01-08,Europe,Home & Kitchen,Web,Returning,1,137.39,0,137.39
ORD-000226,2025-01-08,North America,Beauty,Mobile app,New,2,24.2,20,38.72
ORD-000227,2025-01-08,Asia Pacific,Electronics,Web,Returning,1,108.1,0,108.1
ORD-000228,2025-01-08,Europe,Electronics,Web,New,3,117.5,10,317.25
ORD-000229,2025-01-08,Asia Pacific,Apparel,Web,Returning,1,32.48,5,30.86
ORD-000230,2025-01-08,Latin America,Home & Kitchen,Web,Returning,1,52.2,0,52.2
ORD-000231,2025-01-08,Middle East & Africa,Beauty,Mobile app,Returning,2,48.75,10,87.75
ORD-000232,2025-01-08,North America,Beauty,Web,Returning,1,27.38,0,27.38
ORD-000233,2025-01-08,Europe,Home & Kitchen,Mobile app,Returning,2,30.86,5,58.63
ORD-000234,2025-01-08,North America,Home & Kitchen,Marketplace,New,1,46.14,0,46.14
ORD-000235,2025-01-08,Europe,Toys,Web,New,1,54.51,10,49.06
ORD-000236,2025-01-08,North America,Apparel,Web,Returning,2,35.09,0,70.18
ORD-000237,2025-01-08,Latin America,Electronics,Web,Returning,2,182.73,15,310.64
ORD-000238,2025-01-08,North America,Electronics,Marketplace,Returning,2,218.25,0,436.5
ORD-000239,2025-01-08,North America,Electronics,Web,New,1,90.43,5,85.91
ORD-000240,2025-01-08,Middle East & Africa,Sports & Outdoors,Mobile app,New,1,76.74,0,76.74
ORD-000241,2025-01-08,North America,Apparel,Marketplace,Returning,2,87.26,0,174.52
ORD-000242,2025-01-08,Europe,Apparel,Web,New,1,50.85,0,50.85
ORD-000243,2025-01-08,Europe,Electronics,Retail partner,Returning,1,123.56,0,123.56
ORD-000244,2025-01-08,Middle East & Africa,Electronics,Mobile app,New,2,176.97,5,336.24
ORD-000245,2025-01-08,Europe,Home & Kitchen,Web,Returning,1,53.25,0,53.25
ORD-000246,2025-01-08,North America,Electronics,Mobile app,Returning,1,153.18,0,153.18
ORD-000247,2025-01-08,North America,Home & Kitchen,Mobile app,Returning,2,89.07,0,178.14
ORD-000248,2025-01-08,Middle East & Africa,Toys,Web,Returning,1,36.64,0,36.64
ORD-000249,2025-01-09,North America,Electronics,Web,New,1,222.68,0,222.68
ORD-000250,2025-01-09,North America,Electronics,Mobile app,New,3,81.01,0,243.03
ORD-000251,2025-01-09,Europe,Apparel,Web,Returning,2,90.92,20,145.47
ORD-000252,2025-01-09,Europe,Sports & Outdoors,Web,Returning,1,100.64,0,100.64
ORD-000253,2025-01-09,North America,Electronics,Mobile app,Returning,4,355,0,1420
ORD-000254,2025-01-09,Europe,Toys,Web,Returning,1,22.56,5,21.43
ORD-000255,2025-01-09,North America,Home & Kitchen,Mobile app,Returning,1,55.84,0,55.84
ORD-000256,2025-01-09,Europe,Apparel,Marketplace,New,2,33.31,0,66.62
ORD-000257,2025-01-09,Asia Pacific,Home & Kitchen,Mobile app,Returning,2,55.09,15,93.65
ORD-000258,2025-01-09,North America,Sports & Outdoors,Web,Returning,1,49.87,0,49.87
ORD-000259,2025-01-09,Europe,Sports & Outdoors,Mobile app,New,1,93.11,0,93.11
ORD-000260,2025-01-09,North America,Electronics,Retail partner,New,1,100.96,15,85.82
ORD-000261,2025-01-09,North America,Electronics,Web,Returning,1,225.69,10,203.12
ORD-000262,2025-01-09,Asia Pacific,Beauty,Web,Returning,3,19.42,15,49.52
ORD-000263,2025-01-09,Europe,Home & Kitchen,Web,New,1,92.14,0,92.14
ORD-000264,2025-01-09,Europe,Sports & Outdoors,Marketplace,Returning,1,38.77,0,38.77
ORD-000265,2025-01-09,North America,Apparel,Web,Returning,1,80.34,10,72.31
ORD-000266,2025-01-09,North America,Electronics,Mobile app,Returning,1,147.38,0,147.38
ORD-000267,2025-01-09,Asia Pacific,Apparel,Marketplace,New,1,39.85,0,39.85
ORD-000268,2025-01-09,North America,Sports & Outdoors,Web,Returning,1,109.21,0,109.21
ORD-000269,2025-01-09,Europe,Apparel,Web,New,1,55.36,20,44.29
ORD-000270,2025-01-09,North America,Apparel,Web,Returning,1,53.31,0,53.31
ORD-000271,2025-01-09,Middle East & Africa,Apparel,Web,New,1,32.43,0,32.43
ORD-000272,2025-01-09,Asia Pacific,Beauty,Web,Returning,1,35,15,29.75
ORD-000273,2025-01-09,North America,Electronics,Mobile app,Returning,1,308.79,15,262.47
ORD-000274,2025-01-09,Europe,Electronics,Web,New,1,116.28,0,116.28
ORD-000275,2025-01-09,Asia Pacific,Sports & Outdoors,Mobile app,Returning,4,103.66,0,414.64
ORD-000276,2025-01-09,Middle East & Africa,Electronics,Mobile app,Returning,2,112.71,15,191.61
ORD-000277,2025-01-09,Europe,Home & Kitchen,Mobile app,Returning,2,34.88,0,69.76
ORD-000278,2025-01-09,Asia Pacific,Electronics,Marketplace,New,1,221.95,5,210.85
ORD-000279,2025-01-09,Europe,Beauty,Web,Returning,2,27.97,5,53.14
ORD-000280,2025-01-09,North America,Home & Kitchen,Web,New,1,85.45,5,81.18
ORD-000281,2025-01-09,Asia Pacific,Apparel,Web,Returning,1,36.3,0,36.3
ORD-000282,2025-01-09,Middle East & Africa,Home & Kitchen,Web,Returning,1,43.8,0,43.8
ORD-000283,2025-01-10,North America,Electronics,Marketplace,New,3,127.19,0,381.57
ORD-000284,2025-01-10,Europe,Home & Kitchen,Mobile app,Returning,1,50.78,0,50.78
ORD-000285,2025-01-10,North America,Home & Kitchen,Web,New,1,23.48,10,21.13
ORD-000286,2025-01-10,North America,Toys,Mobile app,New,1,32.66,0,32.66
ORD-000287,2025-01-10,Europe,Electronics,Marketplace,Returning,2,347.73,5,660.69
ORD-000288,2025-01-10,North America,Apparel,Web,Returning,1,37.48,15,31.86
ORD-000289,2025-01-10,Europe,Home & Kitchen,Web,New,4,53.27,5,202.43
ORD-000290,2025-01-10,Latin America,Toys,Mobile app,Returning,1,29.29,0,29.29
ORD-000291,2025-01-10,Europe,Home & Kitchen,Marketplace,Returning,2,46.74,0,93.48
ORD-000292,2025-01-10,Asia Pacific,Home & Kitchen,Web,New,2,40.45,0,80.9
ORD-000293,2025-01-10,North America,Home & Kitchen,Web,New,2,61.29,0,122.58
ORD-000294,2025-01-10,Asia Pacific,Electronics,Web,Returning,1,188.88,0,188.88
ORD-000295,2025-01-10,Middle East & Africa,Home & Kitchen,Web,Returning,1,67.05,10,60.35
ORD-000296,2025-01-10,Latin America,Sports & Outdoors,Mobile app,Returning,1,81.9,0,81.9
ORD-000297,2025-01-10,Asia Pacific,Apparel,Mobile app,New,2,54.26,10,97.67
ORD-000298,2025-01-10,Europe,Apparel,Marketplace,Returning,3,31.86,5,90.8
ORD-000299,2025-01-10,Asia Pacific,Apparel,Mobile app,New,1,50.63,0,50.63
ORD-000300,2025-01-10,Latin America,Beauty,Retail partner,Returning,1,26.3,0,26.3
ORD-000301,2025-01-10,Asia Pacific,Apparel,Web,Returning,2,45.85,0,91.7
ORD-000302,2025-01-10,North America,Electronics,Web,New,2,138.59,10,249.46
ORD-000303,2025-01-10,North America,Beauty,Mobile app,Returning,1,18.23,0,18.23
ORD-000304,2025-01-10,Asia Pacific,Electronics,Mobile app,Returning,1,150.33,0,150.33
ORD-000305,2025-01-10,Asia Pacific,Beauty,Web,Returning,3,52.49,0,157.47
ORD-000306,2025-01-10,North America,Toys,Web,Returning,1,34.95,0,34.95
ORD-000307,2025-01-10,North America,Apparel,Web,New,1,68.45,5,65.03
ORD-000308,2025-01-11,North America,Apparel,Mobile app,Returning,1,68.21,10,61.39
ORD-000309,2025-01-11,Middle East & Africa,Toys,Mobile app,Returning,3,40.5,10,109.35
ORD-000310,2025-01-11,Asia Pacific,Home & Kitchen,Mobile app,New,1,39.01,0,39.01
ORD-000311,2025-01-11,Europe,Beauty,Mobile app,Returning,3,19.56,10,52.81
ORD-000312,2025-01-11,North America,Apparel,Mobile app,Returning,1,35.61,0,35.61
ORD-000313,2025-01-11,Latin America,Apparel,Mobile app,Returning,1,40,10,36
ORD-000314,2025-01-11,Europe,Electronics,Web,New,3,153.11,0,459.33
ORD-000315,2025-01-11,Latin America,Apparel,Web,New,1,26.08,10,23.47
ORD-000316,2025-01-11,North America,Sports & Outdoors,Mobile app,Returning,5,67.92,0,339.6
ORD-000317,2025-01-11,North America,Apparel,Web,New,1,62.19,0,62.19
ORD-000318,2025-01-11,Asia Pacific,Apparel,Marketplace,Returning,3,52.31,0,156.93
ORD-000319,2025-01-11,Europe,Apparel,Mobile app,Returning,1,34.87,5,33.13
ORD-000320,2025-01-11,Latin America,Toys,Marketplace,Returning,1,25.84,0,25.84
ORD-000321,2025-01-11,North America,Home & Kitchen,Retail partner,Returning,1,63.85,0,63.85
ORD-000322,2025-01-11,Europe,Apparel,Web,Returning,1,48.95,0,48.95
ORD-000323,2025-01-11,Asia Pacific,Electronics,Web,Returning,1,170.29,0,170.29
ORD-000324,2025-01-11,Europe,Home & Kitchen,Mobile app,Returning,1,70.12,0,70.12
ORD-000325,2025-01-11,Europe,Home & Kitchen,Mobile app,New,3,130.14,15,331.86
ORD-000326,2025-01-11,Asia Pacific,Home & Kitchen,Web,Returning,1,87.52,0,87.52
ORD-000327,2025-01-11,Latin America,Toys,Web,Returning,1,18.61,15,15.82
ORD-000328,2025-01-11,Asia Pacific,Electronics,Web,New,5,143.8,5,683.05
ORD-000329,2025-01-11,North America,Electronics,Mobile app,New,4,309.25,0,1237
ORD-000330,2025-01-11,Latin America,Electronics,Web,Returning,2,123.16,5,234
ORD-000331,2025-01-11,Asia Pacific,Home & Kitchen,Mobile app,Returning,2,80.87,0,161.74
ORD-000332,2025-01-11,Asia Pacific,Home & Kitchen,Mobile app,New,4,83.88,0,335.52
ORD-000333,2025-01-11,North America,Apparel,Mobile app,Returning,1,48.39,0,48.39
ORD-000334,2025-01-11,Asia Pacific,Toys,Mobile app,Returning,1,88.19,15,74.96
ORD-000335,2025-01-11,Asia Pacific,Home & Kitchen,Mobile app,Returning,1,34.31,0,34.31
ORD-000336,2025-01-11,Middle East & Africa,Apparel,Web,New,1,57.35,0,57.35
ORD-000337,2025-01-11,Asia Pacific,Electronics,Mobile app,Returning,2,116.4,0,232.8
ORD-000338,2025-01-11,North America,Electronics,Web,Returning,1,357.98,0,357.98
ORD-000339,2025-01-12,Latin America,Apparel,Web,New,1,33.31,0,33.31
ORD-000340,2025-01-12,Latin America,Beauty,Web,New,5,27.16,10,122.22
ORD-000341,2025-01-12,Asia Pacific,Toys,Web,Returning,1,32.88,5,31.24
ORD-000342,2025-01-12,Latin America,Home & Kitchen,Mobile app,Returning,4,55.18,0,220.72
ORD-000343,2025-01-12,North America,Electronics,Retail partner,Returning,1,145.43,0,145.43
ORD-000344,2025-01-12,Europe,Electronics,Web,Returning,1,138.36,10,124.52
ORD-000345,2025-01-12,Asia Pacific,Sports & Outdoors,Web,Returning,1,91.43,0,91.43
ORD-000346,2025-01-12,Middle East & Africa,Electronics,Retail partner,New,3,171.75,20,412.2
ORD-000347,2025-01-12,North America,Beauty,Web,Returning,2,41.75,20,66.8
ORD-000348,2025-01-12,North America,Sports & Outdoors,Web,Returning,1,102.17,0,102.17
ORD-000349,2025-01-12,North America,Toys,Web,New,2,57.88,0,115.76
ORD-000350,2025-01-12,North America,Beauty,Web,New,3,20.82,5,59.34
ORD-000351,2025-01-12,Europe,Home & Kitchen,Mobile app,New,1,72.34,10,65.11
ORD-000352,2025-01-12,Asia Pacific,Beauty,Mobile app,New,4,22.91,0,91.64
ORD-000353,2025-01-12,Middle East & Africa,Apparel,Marketplace,New,1,31.78,0,31.78
ORD-000354,2025-01-12,Middle East & Africa,Home & Kitchen,Mobile app,Returning,1,35.4,0,35.4
ORD-000355,2025-01-12,Asia Pacific,Sports & Outdoors,Mobile app,New,1,72.62,0,72.62
ORD-000356,2025-01-12,North America,Electronics,Mobile app,Returning,1,128.36,15,109.11
ORD-000357,2025-01-12,Latin America,Beauty,Mobile app,Returning,2,20.57,0,41.14
ORD-000358,2025-01-12,Europe,Electronics,Web,New,1,150.24,10,135.22
ORD-000359,2025-01-12,Asia Pacific,Beauty,Web,New,4,84.66,0,338.64
ORD-000360,2025-01-12,North America,Beauty,Mobile app,Returning,2,26.34,15,44.78
ORD-000361,2025-01-12,Europe,Home & Kitchen,Web,New,1,45.48,5,43.21
ORD-000362,2025-01-12,Middle East & Africa,Home & Kitchen,Web,Returning,1,92.85,20,74.28
ORD-000363,2025-01-12,Europe,Electronics,Web,New,1,155.73,10,140.16
ORD-000364,2025-01-12,North America,Electronics,Mobile app,Returning,1,122.54,0,122.54
ORD-000365,2025-01-12,Asia Pacific,Beauty,Mobile app,Returning,1,28.96,5,27.51
ORD-000366,2025-01-12,Asia Pacific,Apparel,Mobile app,Returning,1,41.2,5,39.14
ORD-000367,2025-01-12,Europe,Apparel,Mobile app,Returning,1,48.64,0,48.64
ORD-000368,2025-01-12,Asia Pacific,Sports & Outdoors,Web,New,5,102.28,0,511.4
ORD-000369,2025-01-12,Europe,Home & Kitchen,Retail partner,New,3,51.26,10,138.4
ORD-000370,2025-01-12,Middle East & Africa,Beauty,Mobile app,New,1,40.1,0,40.1
ORD-000371,2025-01-12,Europe,Toys,Mobile app,New,4,46.91,0,187.64
ORD-000372,2025-01-12,Latin America,Electronics,Web,Returning,4,189.5,10,682.2
ORD-000373,2025-01-12,Latin America,Sports & Outdoors,Mobile app,Returning,3,36.58,0,109.74
ORD-000374,2025-01-12,Middle East & Africa,Home & Kitchen,Mobile app,Returning,1,83.07,10,74.76
ORD-000375,2025-01-13,North America,Home & Kitchen,Web,Returning,2,85.36,0,170.72
ORD-000376,2025-01-13,Asia Pacific,Home & Kitchen,Marketplace,Returning,1,55.82,0,55.82
ORD-000377,2025-01-13,North America,Home & Kitchen,Web,Returning,1,47.88,10,43.09
ORD-000378,2025-01-13,Asia Pacific,Home & Kitchen,Web,Returning,2,43.48,0,86.96
ORD-000379,2025-01-13,North America,Home & Kitchen,Mobile app,Returning,1,38.3,0,38.3
ORD-000380,2025-01-13,North America,Sports & Outdoors,Mobile app,New,3,102.19,5,291.24
ORD-000381,2025-01-13,Europe,Electronics,Web,Returning,5,303.31,0,1516.55
ORD-000382,2025-01-13,North America,Electronics,Web,Returning,1,164.48,0,164.48
ORD-000383,2025-01-13,Middle East & Africa,Sports & Outdoors,Retail partner,Returning,1,51.84,0,51.84
ORD-000384,2025-01-13,North America,Home & Kitchen,Mobile app,Returning,1,24.86,5,23.62
ORD-000385,2025-01-13,North America,Electronics,Mobile app,New,5,239.12,5,1135.82
ORD-000386,2025-01-13,Asia Pacific,Apparel,Web,Returning,1,59.62,15,50.68
ORD-000387,2025-01-13,Latin America,Apparel,Mobile app,Returning,1,53.93,5,51.23
ORD-000388,2025-01-13,Asia Pacific,Electronics,Web,Returning,2,277.88,0,555.76
ORD-000389,2025-01-13,Middle East & Africa,Apparel,Web,Returning,1,46.64,0,46.64
ORD-000390,2025-01-13,Asia Pacific,Beauty,Mobile app,New,1,34.05,0,34.05
ORD-000391,2025-01-13,Asia Pacific,Apparel,Web,Returning,3,60.32,5,171.91
ORD-000392,2025-01-13,Europe,Electronics,Web,Returning,1,126.27,10,113.64
ORD-000393,2025-01-13,Latin America,Electronics,Marketplace,Returning,4,193.06,0,772.24
ORD-000394,2025-01-13,Middle East & Africa,Apparel,Web,Returning,2,25.68,0,51.36
ORD-000395,2025-01-13,North America,Apparel,Retail partner,New,1,62.95,5,59.8
ORD-000396,2025-01-13,Middle East & Africa,Home & Kitchen,Web,Returning,3,25.82,10,69.71
ORD-000397,2025-01-13,Europe,Beauty,Retail partner,New,1,31.63,20,25.3
ORD-000398,2025-01-13,Europe,Beauty,Marketplace,Returning,1,38.3,10,34.47
ORD-000399,2025-01-13,Europe,Beauty,Web,New,1,40.08,0,40.08
ORD-000400,2025-01-14,North America,Apparel,Marketplace,New,4,45.1,15,153.34
ORD-000401,2025-01-14,Europe,Toys,Web,Returning,2,39.84,5,75.7
ORD-000402,2025-01-14,Middle East & Africa,Beauty,Web,Returning,1,21.19,0,21.19
ORD-000403,2025-01-14,Europe,Sports & Outdoors,Web,Returning,3,114.82,0,344.46
ORD-000404,2025-01-14,Europe,Toys,Web,Returning,1,42.43,0,42.43
ORD-000405,2025-01-14,Europe,Electronics,Web,New,1,114.6,0,114.6
ORD-000406,2025-01-14,Asia Pacific,Home & Kitchen,Mobile app,Returning,1,86.23,0,86.23
ORD-000407,2025-01-14,Europe,Toys,Web,New,1,65.17,0,65.17
ORD-000408,2025-01-14,Europe,Apparel,Mobile app,New,1,54.92,10,49.43
ORD-000409,2025-01-14,Asia Pacific,Home & Kitchen,Marketplace,Returning,2,53.37,0,106.74
ORD-000410,2025-01-14,Asia Pacific,Electronics,Marketplace,Returning,2,98.87,0,197.74
ORD-000411,2025-01-14,North America,Apparel,Marketplace,New,1,53.37,20,42.7
ORD-000412,2025-01-14,Europe,Toys,Web,Returning,2,49.68,5,94.39
ORD-000413,2025-01-14,North America,Beauty,Web,Returning,1,15.24,0,15.24
ORD-000414,2025-01-14,North America,Electronics,Mobile app,Returning,3,239.38,15,610.42
ORD-000415,2025-01-14,North America,Toys,Web,New,1,24.35,5,23.13
ORD-000416,2025-01-14,Europe,Electronics,Web,New,2,196.04,0,392.08
ORD-000417,2025-01-14,Europe,Toys,Web,New,2,47.31,15,80.43
ORD-000418,2025-01-14,Europe,Electronics,Mobile app,Returning,1,165.43,0,165.43
ORD-000419,2025-01-14,Europe,Home & Kitchen,Marketplace,Returning,1,46.05,0,46.05
ORD-000420,2025-01-14,Europe,Beauty,Web,New,1,21.12,0,21.12
ORD-000421,2025-01-14,Latin America,Beauty,Mobile app,Returning,2,26.7,10,48.06
ORD-000422,2025-01-14,North America,Sports & Outdoors,Mobile app,New,2,67.75,0,135.5
ORD-000423,2025-01-14,North America,Electronics,Mobile app,New,1,182.9,0,182.9
ORD-000424,2025-01-14,Europe,Apparel,Web,Returning,2,51.28,0,102.56
ORD-000425,2025-01-14,Asia Pacific,Sports & Outdoors,Retail partner,Returning,2,61.79,0,123.58
ORD-000426,2025-01-14,North America,Home & Kitchen,Marketplace,Returning,1,57.36,0,57.36
ORD-000427,2025-01-14,Latin America,Home & Kitchen,Web,New,1,59.84,0,59.84
ORD-000428,2025-01-14,Europe,Home & Kitchen,Retail partner,New,1,83.92,10,75.53
ORD-000429,2025-01-14,Asia Pacific,Sports & Outdoors,Mobile app,Returning,2,91.09,10,163.96
ORD-000430,2025-01-14,Middle East & Africa,Electronics,Web,New,1,160.49,10,144.44
ORD-000431,2025-01-14,Latin America,Sports & Outdoors,Mobile app,Returning,5,83.15,15,353.39
ORD-000432,2025-01-15,Europe,Electronics,Web,Returning,1,138.62,0,138.62
ORD-000433,2025-01-15,Middle East & Africa,Electronics,Web,Returning,1,100.48,15,85.41
ORD-000434,2025-01-15,North America,Apparel,Retail partner,Returning,3,42.27,0,126.81
ORD-000435,2025-01-15,North America,Electronics,Web,Returning,2,304.19,0,608.38
ORD-000436,2025-01-15,Middle East & Africa,Electronics,Mobile app,Returning,2,302.42,5,574.6
ORD-000437,2025-01-15,North America,Sports & Outdoors,Mobile app,New,1,101.45,0,101.45
ORD-000438,2025-01-15,Europe,Home & Kitchen,Web,Returning,1,48.15,15,40.93
ORD-000439,2025-01-15,North America,Toys,Marketplace,Returning,1,37.72,10,33.95
ORD-000440,2025-01-15,Middle East & Africa,Sports & Outdoors,Marketplace,New,2,142.61,5,270.96
ORD-000441,2025-01-15,Europe,Home & Kitchen,Mobile app,Returning,1,33.7,0,33.7
ORD-000442,2025-01-15,Middle East & Africa,Beauty,Web,Returning,1,24.96,5,23.71
ORD-000443,2025-01-15,North America,Home & Kitchen,Web,New,1,86.39,15,73.43
ORD-000444,2025-01-15,Asia Pacific,Sports & Outdoors,Marketplace,Returning,2,94.26,0,188.52
ORD-000445,2025-01-15,North America,Electronics,Web,New,3,216.96,0,650.88
ORD-000446,2025-01-15,North America,Electronics,Web,Returning,2,182.06,0,364.12
ORD-000447,2025-01-15,Asia Pacific,Toys,Retail partner,Returning,2,33.39,0,66.78
ORD-000448,2025-01-15,North America,Apparel,Web,Returning,1,38.34,10,34.51
ORD-000449,2025-01-15,North America,Electronics,Retail partner,Returning,2,207.77,0,415.54
ORD-000450,2025-01-15,North America,Electronics,Web,Returning,3,164.96,0,494.88
ORD-000451,2025-01-15,Latin America,Electronics,Web,New,1,130.32,10,117.29
ORD-000452,2025-01-15,North America,Electronics,Web,Returning,1,168.35,0,168.35
ORD-000453,2025-01-15,North America,Beauty,Mobile app,New,1,37.7,0,37.7
ORD-000454,2025-01-15,Asia Pacific,Apparel,Mobile app,Returning,1,50.03,10,45.03
ORD-000455,2025-01-15,Latin America,Home & Kitchen,Web,New,2,84.76,0,169.52
ORD-000456,2025-01-15,Asia Pacific,Home & Kitchen,Mobile app,Returning,1,61.12,10,55.01
ORD-000457,2025-01-15,Middle East & Africa,Electronics,Mobile app,Returning,2,382.17,5,726.12
ORD-000458,2025-01-15,Asia Pacific,Beauty,Web,New,5,40.15,10,180.68
ORD-000459,2025-01-15,Asia Pacific,Sports & Outdoors,Mobile app,New,2,43.44,10,78.19
ORD-000460,2025-01-15,Europe,Apparel,Web,Returning,1,37.06,0,37.06
ORD-000461,2025-01-15,Europe,Sports & Outdoors,Mobile app,Returning,1,83.88,5,79.69
ORD-000462,2025-01-16,Asia Pacific,Electronics,Mobile app,New,2,267.78,0,535.56
ORD-000463,2025-01-16,Asia Pacific,Sports & Outdoors,Mobile app,New,2,87.29,0,174.58
ORD-000464,2025-01-16,Latin America,Beauty,Web,Returning,2,23.86,0,47.72
ORD-000465,2025-01-16,Asia Pacific,Toys,Marketplace,New,1,49.84,5,47.35
ORD-000466,2025-01-16,Asia Pacific,Beauty,Marketplace,New,1,34.33,0,34.33
ORD-000467,2025-01-16,Europe,Toys,Web,Returning,1,35.48,0,35.48
ORD-000468,2025-01-16,Europe,Home & Kitchen,Mobile app,Returning,2,58.36,10,105.05
ORD-000469,2025-01-16,Asia Pacific,Apparel,Marketplace,New,2,55.33,5,105.13
ORD-000470,2025-01-16,Europe,Apparel,Marketplace,Returning,2,24.06,0,48.12
ORD-000471,2025-01-16,Asia Pacific,Home & Kitchen,Retail partner,Returning,2,71.47,0,142.94
ORD-000472,2025-01-16,Latin America,Apparel,Mobile app,Returning,1,35,5,33.25
ORD-000473,2025-01-16,Asia Pacific,Apparel,Marketplace,Returning,2,27.26,10,49.07
ORD-000474,2025-01-16,Europe,Beauty,Web,Returning,1,33.99,5,32.29
ORD-000475,2025-01-16,Europe,Home & Kitchen,Web,Returning,3,61.55,5,175.42
ORD-000476,2025-01-16,North America,Electronics,Retail partner,Returning,1,215.31,0,215.31
ORD-000477,2025-01-16,Asia Pacific,Home & Kitchen,Mobile app,Returning,1,56.01,15,47.61
ORD-000478,2025-01-16,Asia Pacific,Apparel,Marketplace,New,2,28.03,5,53.26
ORD-000479,2025-01-16,Asia Pacific,Electronics,Mobile app,Returning,1,143.77,0,143.77
ORD-000480,2025-01-16,Asia Pacific,Apparel,Marketplace,Returning,1,49.85,5,47.36
ORD-000481,2025-01-16,Europe,Beauty,Mobile app,New,2,24.97,0,49.94
ORD-000482,2025-01-16,Europe,Electronics,Web,Returning,2,185.85,0,371.7
ORD-000483,2025-01-16,North America,Toys,Marketplace,Returning,3,60.98,0,182.94
ORD-000484,2025-01-16,North America,Home & Kitchen,Web,Returning,2,45.61,0,91.22
ORD-000485,2025-01-16,North America,Sports & Outdoors,Web,Returning,3,59.43,0,178.29
ORD-000486,2025-01-16,Asia Pacific,Home & Kitchen,Web,Returning,1,60.63,0,60.63
ORD-000487,2025-01-16,Asia Pacific,Apparel,Marketplace,Returning,1,39.04,0,39.04
ORD-000488,2025-01-16,Middle East & Africa,Beauty,Mobile app,Returning,1,18.1,10,16.29
ORD-000489,2025-01-16,Asia Pacific,Apparel,Mobile app,New,3,47.28,0,141.84
ORD-000490,2025-01-16,Middle East & Africa,Apparel,Web,Returning,2,46.97,5,89.24
ORD-000491,2025-01-16,North America,Home & Kitchen,Mobile app,Returning,3,54.46,5,155.21
ORD-000492,2025-01-17,Europe,Apparel,Web,New,1,70.2,0,70.2
ORD-000493,2025-01-17,North America,Beauty,Web,New,1,22.43,5,21.31
ORD-000494,2025-01-17,Middle East & Africa,Beauty,Web,Returning,1,27.34,0,27.34
ORD-000495,2025-01-17,Middle East & Africa,Apparel,Web,Returning,4,42.54,5,161.65
ORD-000496,2025-01-17,North America,Apparel,Mobile app,Returning,2,55.46,0,110.92
ORD-000497,2025-01-17,Asia Pacific,Electronics,Web,New,2,435.45,0,870.9
ORD-000498,2025-01-17,Europe,Home & Kitchen,Retail partner,New,1,53.98,5,51.28
ORD-000499,2025-01-17,North America,Apparel,Web,Returning,2,47.32,0,94.64
ORD-000500,2025-01-17,Europe,Home & Kitchen,Web,Returning,1,51.87,5,49.28
ORD-000501,2025-01-17,Europe,Sports & Outdoors,Marketplace,Returning,1,116.05,15,98.64
ORD-000502,2025-01-17,Europe,Electronics,Mobile app,New,2,191.53,5,363.91
ORD-000503,2025-01-17,North America,Electronics,Mobile app,Returning,1,111.2,10,100.08
ORD-000504,2025-01-17,Asia Pacific,Home & Kitchen,Mobile app,Returning,2,53.51,0,107.02
ORD-000505,2025-01-17,Asia Pacific,Sports & Outdoors,Mobile app,Returning,3,68.37,10,184.6
ORD-000506,2025-01-17,Latin America,Beauty,Web,Returning,1,41.66,0,41.66
ORD-000507,2025-01-17,Europe,Toys,Web,Returning,1,24.93,10,22.44
ORD-000508,2025-01-17,Asia Pacific,Apparel,Mobile app,Returning,1,30.14,0,30.14
ORD-000509,2025-01-17,Europe,Beauty,Web,Returning,5,29.09,0,145.45
ORD-000510,2025-01-17,Europe,Sports & Outdoors,Web,New,1,73.74,15,62.68
ORD-000511,2025-01-17,Asia Pacific,Home & Kitchen,Mobile app,New,1,73.94,0,73.94
ORD-000512,2025-01-17,Europe,Electronics,Mobile app,Returning,2,111.04,0,222.08
ORD-000513,2025-01-17,North America,Beauty,Web,Returning,2,31.51,0,63.02
ORD-000514,2025-01-17,North America,Electronics,Web,New,2,217.98,0,435.96
ORD-000515,2025-01-17,Middle East & Africa,Electronics,Marketplace,New,2,160.61,10,289.1
ORD-000516,2025-01-17,North America,Sports & Outdoors,Web,New,1,76.61,10,68.95
ORD-000517,2025-01-17,Asia Pacific,Apparel,Mobile app,Returning,1,47.35,0,47.35
ORD-000518,2025-01-17,North America,Sports & Outdoors,Mobile app,New,2,71.74,0,143.48
ORD-000519,2025-01-17,Asia Pacific,Beauty,Web,New,1,37.78,0,37.78
ORD-000520,2025-01-17,Middle East & Africa,Beauty,Marketplace,New,3,25.45,0,76.35
ORD-000521,2025-01-18,Europe,Sports & Outdoors,Web,Returning,2,72.81,10,131.06
ORD-000522,2025-01-18,North America,Home & Kitchen,Web,Returning,2,59.29,0,118.58
ORD-000523,2025-01-18,North America,Apparel,Mobile app,Returning,2,21.62,0,43.24
ORD-000524,2025-01-18,North America,Electronics,Web,New,1,123.43,5,117.26
ORD-000525,2025-01-18,Middle East & Africa,Electronics,Web,Returning,3,184.8,0,554.4
ORD-000526,2025-01-18,Middle East & Africa,Apparel,Mobile app,Returning,1,42.52,0,42.52
ORD-000527,2025-01-18,Europe,Home & Kitchen,Mobile app,Returning,1,148.73,0,148.73
ORD-000528,2025-01-18,North America,Home & Kitchen,Web,New,1,32.06,5,30.46
ORD-000529,2025-01-18,Asia Pacific,Sports & Outdoors,Web,Returning,1,59.58,0,59.58
ORD-000530,2025-01-18,Latin America,Sports & Outdoors,Web,New,1,93.9,0,93.9
ORD-000531,2025-01-18,North America,Toys,Web,New,1,46.34,0,46.34
ORD-000532,2025-01-18,Latin America,Electronics,Marketplace,Returning,1,183.46,0,183.46
ORD-000533,2025-01-18,Latin America,Electronics,Retail partner,Returning,1,412.05,10,370.85
ORD-000534,2025-01-18,Asia Pacific,Toys,Web,Returning,2,24.46,10,44.03
ORD-000535,2025-01-18,Asia Pacific,Home & Kitchen,Web,Returning,1,34.95,0,34.95
ORD-000536,2025-01-18,North America,Sports & Outdoors,Web,New,2,78.76,0,157.52
ORD-000537,2025-01-18,Middle East & Africa,Home & Kitchen,Web,New,3,99.96,0,299.88
ORD-000538,2025-01-18,Asia Pacific,Home & Kitchen,Web,Returning,2,80.18,5,152.34
ORD-000539,2025-01-18,North America,Apparel,Mobile app,Returning,1,45.22,0,45.22
ORD-000540,2025-01-18,Middle East & Africa,Home & Kitchen,Mobile app,Returning,1,54.09,0,54.09
ORD-000541,2025-01-18,North America,Sports & Outdoors,Web,New,4,127.74,10,459.86
ORD-000542,2025-01-18,Europe,Apparel,Mobile app,New,2,51.5,10,92.7
ORD-000543,2025-01-18,North America,Home & Kitchen,Mobile app,Returning,2,77.54,10,139.57
ORD-000544,2025-01-18,Europe,Toys,Retail partner,New,1,45.21,15,38.43
ORD-000545,2025-01-18,Europe,Toys,Web,Returning,1,44.01,0,44.01
ORD-000546,2025-01-18,Europe,Electronics,Mobile app,Returning,1,181.14,0,181.14
ORD-000547,2025-01-18,Asia Pacific,Home & Kitchen,Web,Returning,1,71.93,0,71.93
ORD-000548,2025-01-18,North America,Sports & Outdoors,Web,New,4,87.76,10,315.94
ORD-000549,2025-01-18,Europe,Beauty,Mobile app,Returning,1,30.2,10,27.18
ORD-000550,2025-01-18,Europe,Sports & Outdoors,Web,New,1,91.67,5,87.09
ORD-000551,2025-01-18,Europe,Electronics,Mobile app,Returning,3,139.53,0,418.59
ORD-000552,2025-01-18,Asia Pacific,Beauty,Web,Returning,2,40.83,5,77.58
ORD-000553,2025-01-18,North America,Apparel,Mobile app,Returning,1,45.36,10,40.82
ORD-000554,2025-01-18,Europe,Electronics,Web,Returning,1,178.29,5,169.38
ORD-000555,2025-01-18,Europe,Home & Kitchen,Web,Returning,1,55.27,0,55.27
ORD-000556,2025-01-18,Asia Pacific,Home & Kitchen,Web,Returning,2,58.34,10,105.01
ORD-000557,2025-01-18,Europe,Apparel,Web,Returning,1,58.91,0,58.91
ORD-000558,2025-01-18,Asia Pacific,Apparel,Mobile app,New,1,57.71,5,54.82
ORD-000559,2025-01-18,North America,Electronics,Marketplace,Returning,2,246.53,0,493.06
ORD-000560,2025-01-18,North America,Electronics,Web,New,1,215.73,0,215.73
ORD-000561,2025-01-18,North America,Home & Kitchen,Web,New,1,92.61,0,92.61
ORD-000562,2025-01-19,Europe,Apparel,Web,New,2,55.63,0,111.26
ORD-000563,2025-01-19,Europe,Apparel,Marketplace,Returning,1,30.26,0,30.26
ORD-000564,2025-01-19,Europe,Home & Kitchen,Web,Returning,2,45.78,0,91.56
ORD-000565,2025-01-19,Asia Pacific,Sports & Outdoors,Mobile app,Returning,1,91.29,0,91.29
ORD-000566,2025-01-19,North America,Toys,Mobile app,Returning,2,13.51,5,25.67
ORD-000567,2025-01-19,Europe,Electronics,Marketplace,Returning,1,324.39,0,324.39
ORD-000568,2025-01-19,North America,Beauty,Web,Returning,2,25.79,0,51.58
ORD-000569,2025-01-19,Europe,Beauty,Mobile app,Returning,3,35.78,15,91.24
ORD-000570,2025-01-19,Europe,Sports & Outdoors,Web,Returning,2,75.43,5,143.32
ORD-000571,2025-01-19,Europe,Home & Kitchen,Web,Returning,1,37.31,15,31.71
ORD-000572,2025-01-19,Europe,Home & Kitchen,Web,Returning,1,45.06,10,40.55
ORD-000573,2025-01-19,North America,Electronics,Web,Returning,4,125.87,5,478.31
ORD-000574,2025-01-19,Latin America,Home & Kitchen,Mobile app,Returning,5,81.82,0,409.1
ORD-000575,2025-01-19,Asia Pacific,Home & Kitchen,Mobile app,Returning,1,61.56,10,55.4
ORD-000576,2025-01-19,Asia Pacific,Sports & Outdoors,Marketplace,Returning,1,52.1,10,46.89
ORD-000577,2025-01-19,Europe,Home & Kitchen,Web,Returning,2,41.69,0,83.38
ORD-000578,2025-01-19,North America,Home & Kitchen,Mobile app,Returning,1,44.39,0,44.39
ORD-000579,2025-01-19,Asia Pacific,Home & Kitchen,Web,Returning,1,107.15,5,101.79
ORD-000580,2025-01-19,Middle East & Africa,Electronics,Mobile app,Returning,1,299.2,0,299.2
ORD-000581,2025-01-19,Europe,Apparel,Web,New,2,34.96,0,69.92
ORD-000582,2025-01-19,North America,Home & Kitchen,Mobile app,New,3,142.04,5,404.81
ORD-000583,2025-01-19,North America,Toys,Web,Returning,5,15.72,5,74.67
ORD-000584,2025-01-19,Europe,Home & Kitchen,Web,Returning,2,71.43,0,142.86
ORD-000585,2025-01-19,Europe,Home & Kitchen,Web,Returning,4,82.83,0,331.32
ORD-000586,2025-01-19,Europe,Electronics,Marketplace,New,2,250.95,0,501.9
ORD-000587,2025-01-19,North America,Electronics,Mobile app,New,1,217.81,0,217.81
ORD-000588,2025-01-19,North America,Electronics,Web,New,1,233.35,0,233.35
ORD-000589,2025-01-19,North America,Electronics,Marketplace,Returning,1,170.8,10,153.72
ORD-000590,2025-01-19,Middle East & Africa,Sports & Outdoors,Web,New,2,59.43,0,118.86
ORD-000591,2025-01-19,North America,Sports & Outdoors,Web,Returning,1,68.97,0,68.97
ORD-000592,2025-01-19,Europe,Beauty,Marketplace,Returning,1,76.3,0,76.3
ORD-000593,2025-01-19,Europe,Sports & Outdoors,Marketplace,Returning,1,53.78,0,53.78
ORD-000594,2025-01-19,Asia Pacific,Home & Kitchen,Web,New,1,80.91,15,68.77
ORD-000595,2025-01-19,Europe,Beauty,Web,Returning,3,15.2,0,45.6
ORD-000596,2025-01-19,North America,Beauty,Web,Returning,1,26.52,15,22.54
ORD-000597,2025-01-20,Middle East & Africa,Electronics,Web,New,1,222.27,0,222.27
ORD-000598,2025-01-20,Asia Pacific,Electronics,Mobile app,Returning,1,166.21,5,157.9
ORD-000599,2025-01-20,Asia Pacific,Home & Kitchen,Web,New,3,32.4,5,92.34
ORD-000600,2025-01-20,North America,Beauty,Mobile app,New,2,21.45,0,42.9
ORD-000601,2025-01-20,North America,Home & Kitchen,Mobile app,Returning,1,59.71,0,59.71
ORD-000602,2025-01-20,Europe,Home & Kitchen,Mobile app,New,1,68.72,10,61.85
ORD-000603,2025-01-20,North America,Home & Kitchen,Web,New,1,68.98,0,68.98
ORD-000604,2025-01-20,Latin America,Toys,Web,New,5,28.02,0,140.1
ORD-000605,2025-01-20,Europe,Home & Kitchen,Mobile app,New,1,66,5,62.7
ORD-000606,2025-01-20,North America,Apparel,Web,Returning,1,40.56,0,40.56
ORD-000607,2025-01-20,North America,Sports & Outdoors,Web,Returning,2,66.03,0,132.06
ORD-000608,2025-01-20,Middle East & Africa,Sports & Outdoors,Web,Returning,1,69.52,5,66.04
ORD-000609,2025-01-20,North America,Sports & Outdoors,Mobile app,Returning,3,70,0,210
ORD-000610,2025-01-20,Europe,Apparel,Web,Returning,2,33.92,0,67.84
ORD-000611,2025-01-20,Asia Pacific,Apparel,Mobile app,New,1,48.4,0,48.4
ORD-000612,2025-01-20,Middle East & Africa,Apparel,Mobile app,New,1,26.44,10,23.8
ORD-000613,2025-01-20,Asia Pacific,Home & Kitchen,Mobile app,New,2,57.85,5,109.92
ORD-000614,2025-01-20,North America,Electronics,Web,New,2,104.94,5,199.39
ORD-000615,2025-01-20,Asia Pacific,Toys,Web,Returning,1,31.58,0,31.58
ORD-000616,2025-01-20,Europe,Home & Kitchen,Marketplace,New,1,27.26,0,27.26
ORD-000617,2025-01-20,North America,Beauty,Retail partner,Returning,1,30.61,0,30.61
ORD-000618,2025-01-20,Asia Pacific,Sports & Outdoors,Mobile app,New,1,51.41,5,48.84
ORD-000619,2025-01-20,North America,Beauty,Web,Returning,2,44.17,15,75.09
ORD-000620,2025-01-20,Asia Pacific,Toys,Marketplace,New,2,32.77,5,62.26
ORD-000621,2025-01-20,Europe,Electronics,Mobile app,New,1,290.08,0,290.08
ORD-000622,2025-01-21,Europe,Electronics,Web,Returning,1,162.76,0,162.76
ORD-000623,2025-01-21,Middle East & Africa,Apparel,Marketplace,New,1,52.43,0,52.43
ORD-000624,2025-01-21,Asia Pacific,Apparel,Web,Returning,2,44.25,0,88.5
ORD-000625,2025-01-21,Asia Pacific,Home & Kitchen,Mobile app,Returning,1,64.47,5,61.25
ORD-000626,2025-01-21,North America,Electronics,Web,Returning,1,211.08,0,211.08
ORD-000627,2025-01-21,Middle East & Africa,Electronics,Mobile app,Returning,2,216.03,0,432.06
ORD-000628,2025-01-21,Europe,Electronics,Web,Returning,2,145.94,15,248.1
ORD-000629,2025-01-21,North America,Electronics,Web,Returning,3,278.37,0,835.11
ORD-000630,2025-01-21,Latin America,Electronics,Web,New,1,215.59,0,215.59
ORD-000631,2025-01-21,Europe,Electronics,Marketplace,Returning,2,214.49,15,364.63
ORD-000632,2025-01-21,North America,Beauty,Web,New,2,28.17,0,56.34
ORD-000633,2025-01-21,North America,Sports & Outdoors,Web,Returning,1,100.63,0,100.63
ORD-000634,2025-01-21,North America,Apparel,Mobile app,Returning,1,68.47,0,68.47
ORD-000635,2025-01-21,Europe,Home & Kitchen,Mobile app,New,2,67.09,15,114.05
ORD-000636,2025-01-21,Middle East & Africa,Electronics,Mobile app,Returning,1,396.48,0,396.48
ORD-000637,2025-01-21,Latin America,Sports & Outdoors,Mobile app,Returning,1,65.03,10,58.53
ORD-000638,2025-01-21,North America,Electronics,Web,Returning,1,89.53,20,71.62
ORD-000639,2025-01-21,North America,Sports & Outdoors,Marketplace,Returning,1,70.02,5,66.52
ORD-000640,2025-01-21,Asia Pacific,Electronics,Mobile app,New,1,165.46,15,140.64
ORD-000641,2025-01-21,Latin America,Toys,Web,Returning,1,23.78,0,23.78
ORD-000642,2025-01-21,North America,Beauty,Web,Returning,2,18.34,0,36.68
ORD-000643,2025-01-21,North America,Home & Kitchen,Mobile app,New,3,51.05,15,130.18
ORD-000644,2025-01-21,North America,Toys,Retail partner,Returning,1,67.79,5,64.4
ORD-000645,2025-01-21,Middle East & Africa,Home & Kitchen,Mobile app,Returning,1,76.96,15,65.42
ORD-000646,2025-01-21,Europe,Sports & Outdoors,Web,Returning,1,46.97,0,46.97
ORD-000647,2025-01-21,North America,Apparel,Mobile app,New,3,103.86,5,296
ORD-000648,2025-01-21,Asia Pacific,Apparel,Web,Returning,1,28.37,0,28.37
ORD-000649,2025-01-21,Latin America,Beauty,Mobile app,New,1,23.73,5,22.54
ORD-000650,2025-01-21,Latin America,Apparel,Mobile app,Returning,1,55.63,0,55.63
ORD-000651,2025-01-21,North America,Electronics,Web,Returning,3,94.67,10,255.61
ORD-000652,2025-01-21,North America,Toys,Mobile app,Returning,1,32.46,15,27.59
ORD-000653,2025-01-21,Middle East & Africa,Electronics,Marketplace,New,2,122.87,5,233.45
ORD-000654,2025-01-21,Latin America,Toys,Web,New,1,42.86,15,36.43
ORD-000655,2025-01-21,Asia Pacific,Home & Kitchen,Web,Returning,2,82.18,15,139.71
ORD-000656,2025-01-22,Latin America,Electronics,Web,New,1,399.87,0,399.87
ORD-000657,2025-01-22,Europe,Toys,Mobile app,New,1,31.08,0,31.08
ORD-000658,2025-01-22,Europe,Beauty,Web,Returning,2,16.55,10,29.79
ORD-000659,2025-01-22,North America,Apparel,Mobile app,Returning,2,54.03,10,97.25
ORD-000660,2025-01-22,Europe,Apparel,Web,Returning,1,34.54,0,34.54
ORD-000661,2025-01-22,Europe,Toys,Web,New,1,36.12,10,32.51
ORD-000662,2025-01-22,North America,Electronics,Marketplace,New,2,216.65,0,433.3
ORD-000663,2025-01-22,Asia Pacific,Home & Kitchen,Web,Returning,2,62.27,0,124.54
ORD-000664,2025-01-22,Europe,Electronics,Web,Returning,1,192.43,0,192.43
ORD-000665,2025-01-22,Asia Pacific,Electronics,Web,New,2,208.13,0,416.26
ORD-000666,2025-01-22,Europe,Toys,Web,Returning,3,60.52,5,172.48
ORD-000667,2025-01-22,North America,Electronics,Mobile app,Returning,3,107.14,10,289.28
ORD-000668,2025-01-22,Europe,Electronics,Web,Returning,2,272.91,15,463.95
ORD-000669,2025-01-22,Asia Pacific,Electronics,Mobile app,Returning,2,233.71,5,444.05
ORD-000670,2025-01-22,Latin America,Apparel,Web,Returning,1,22.75,10,20.48
ORD-000671,2025-01-22,North America,Home & Kitchen,Marketplace,New,1,61.64,5,58.56
ORD-000672,2025-01-22,Europe,Sports & Outdoors,Mobile app,Returning,2,75.31,0,150.62
ORD-000673,2025-01-22,Europe,Electronics,Marketplace,Returning,5,146.19,0,730.95
ORD-000674,2025-01-22,Europe,Apparel,Mobile app,New,2,24.45,0,48.9
ORD-000675,2025-01-22,North America,Beauty,Web,Returning,3,32.24,0,96.72
ORD-000676,2025-01-22,Europe,Beauty,Web,Returning,4,29.83,0,119.32
ORD-000677,2025-01-23,North America,Apparel,Marketplace,New,3,73.85,0,221.55
ORD-000678,2025-01-23,Latin America,Toys,Web,Returning,1,52.03,10,46.83
ORD-000679,2025-01-23,Asia Pacific,Electronics,Web,New,1,87.44,10,78.7
ORD-000680,2025-01-23,North America,Beauty,Retail partner,New,2,37.17,0,74.34
ORD-000681,2025-01-23,North America,Electronics,Web,Returning,1,268.26,0,268.26
ORD-000682,2025-01-23,Asia Pacific,Electronics,Mobile app,Returning,1,255.49,0,255.49
ORD-000683,2025-01-23,Europe,Electronics,Web,Returning,1,294.39,5,279.67
ORD-000684,2025-01-23,Europe,Home & Kitchen,Mobile app,New,2,94.27,5,179.11
ORD-000685,2025-01-23,Asia Pacific,Home & Kitchen,Mobile app,New,1,68.45,0,68.45
ORD-000686,2025-01-23,Europe,Toys,Web,New,1,23.6,0,23.6
ORD-000687,2025-01-23,Middle East & Africa,Home & Kitchen,Mobile app,Returning,4,50.61,10,182.2
ORD-000688,2025-01-23,Latin America,Apparel,Web,New,1,61.44,20,49.15
ORD-000689,2025-01-23,North America,Toys,Web,Returning,1,32.8,0,32.8
ORD-000690,2025-01-23,North America,Apparel,Mobile app,New,1,45.8,0,45.8
ORD-000691,2025-01-23,Middle East & Africa,Toys,Mobile app,Returning,2,53.23,0,106.46
ORD-000692,2025-01-23,Asia Pacific,Sports & Outdoors,Web,New,2,44.2,0,88.4
ORD-000693,2025-01-23,North America,Apparel,Web,Returning,1,33.49,0,33.49
ORD-000694,2025-01-23,Europe,Apparel,Mobile app,Returning,1,22.81,5,21.67
ORD-000695,2025-01-23,Asia Pacific,Sports & Outdoors,Web,Returning,2,145.22,5,275.92
ORD-000696,2025-01-23,Latin America,Beauty,Marketplace,Returning,1,23.11,5,21.95
ORD-000697,2025-01-23,Latin America,Home & Kitchen,Web,Returning,1,74.7,10,67.23
ORD-000698,2025-01-23,Asia Pacific,Beauty,Mobile app,New,1,13.5,5,12.83
ORD-000699,2025-01-23,North America,Home & Kitchen,Marketplace,New,1,38.44,0,38.44
ORD-000700,2025-01-23,North America,Electronics,Marketplace,Returning,1,327.83,5,311.44
ORD-000701,2025-01-23,North America,Home & Kitchen,Web,New,1,87.21,0,87.21
ORD-000702,2025-01-23,Europe,Apparel,Mobile app,Returning,4,50.94,10,183.38
ORD-000703,2025-01-23,Asia Pacific,Beauty,Web,New,5,17.9,0,89.5
ORD-000704,2025-01-23,Europe,Home & Kitchen,Web,Returning,1,87.83,15,74.66
ORD-000705,2025-01-23,Europe,Beauty,Mobile app,New,3,17.41,0,52.23
ORD-000706,2025-01-23,Asia Pacific,Sports & Outdoors,Web,Returning,1,64.31,0,64.31
ORD-000707,2025-01-23,Europe,Sports & Outdoors,Mobile app,New,2,85.12,10,153.22
ORD-000708,2025-01-23,Asia Pacific,Home & Kitchen,Web,Returning,1,58.76,0,58.76
ORD-000709,2025-01-24,Europe,Sports & Outdoors,Marketplace,New,2,85.64,0,171.28
ORD-000710,2025-01-24,Asia Pacific,Home & Kitchen,Web,Returning,1,103.29,0,103.29
ORD-000711,2025-01-24,Europe,Beauty,Mobile app,New,1,21.37,0,21.37
ORD-000712,2025-01-24,Latin America,Home & Kitchen,Web,New,3,84.59,15,215.7
ORD-000713,2025-01-24,North America,Beauty,Web,New,1,41.92,0,41.92
ORD-000714,2025-01-24,Asia Pacific,Toys,Mobile app,New,1,43.38,0,43.38
ORD-000715,2025-01-24,Europe,Electronics,Mobile app,New,1,192.04,20,153.63
ORD-000716,2025-01-24,Middle East & Africa,Apparel,Marketplace,Returning,2,64.48,15,109.62
ORD-000717,2025-01-24,Europe,Home & Kitchen,Mobile app,Returning,3,151.57,10,409.24
ORD-000718,2025-01-24,Europe,Electronics,Marketplace,Returning,1,200.8,0,200.8
ORD-000719,2025-01-24,North America,Beauty,Marketplace,Returning,2,36.94,0,73.88
ORD-000720,2025-01-24,Latin America,Electronics,Web,New,1,507.47,5,482.1
ORD-000721,2025-01-24,Europe,Electronics,Web,Returning,4,165.45,15,562.53
ORD-000722,2025-01-24,North America,Beauty,Web,New,4,12.99,0,51.96
ORD-000723,2025-01-24,North America,Beauty,Marketplace,Returning,1,15.07,0,15.07
ORD-000724,2025-01-24,Europe,Electronics,Retail partner,New,3,88.58,10,239.17
ORD-000725,2025-01-24,Europe,Electronics,Web,Returning,1,82.61,0,82.61
ORD-000726,2025-01-24,North America,Sports & Outdoors,Mobile app,Returning,2,148.44,0,296.88
ORD-000727,2025-01-24,Europe,Beauty,Marketplace,New,2,25.93,0,51.86
ORD-000728,2025-01-24,Middle East & Africa,Sports & Outdoors,Mobile app,New,1,56.61,10,50.95
ORD-000729,2025-01-24,North America,Electronics,Web,Returning,4,114.81,0,459.24
ORD-000730,2025-01-24,North America,Beauty,Web,Returning,1,28.96,20,23.17
ORD-000731,2025-01-24,Latin America,Sports & Outdoors,Web,Returning,3,91.46,15,233.22
ORD-000732,2025-01-24,Asia Pacific,Toys,Mobile app,New,1,35.74,0,35.74
ORD-000733,2025-01-24,North America,Home & Kitchen,Retail partner,New,1,50.26,0,50.26
ORD-000734,2025-01-24,Asia Pacific,Home & Kitchen,Web,New,1,63.01,5,59.86
ORD-000735,2025-01-24,North America,Apparel,Web,New,1,79.02,5,75.07
ORD-000736,2025-01-24,North America,Beauty,Retail partner,Returning,1,52.68,0,52.68
ORD-000737,2025-01-24,North America,Home & Kitchen,Web,Returning,1,62.85,5,59.71
ORD-000738,2025-01-25,North America,Sports & Outdoors,Web,Returning,1,59.82,10,53.84
ORD-000739,2025-01-25,Middle East & Africa,Home & Kitchen,Web,New,1,40.55,0,40.55
ORD-000740,2025-01-25,Latin America,Electronics,Marketplace,Returning,2,210.57,0,421.14
ORD-000741,2025-01-25,Asia Pacific,Sports & Outdoors,Web,Returning,2,89.02,0,178.04
ORD-000742,2025-01-25,Asia Pacific,Home & Kitchen,Mobile app,New,3,77.8,0,233.4
ORD-000743,2025-01-25,North America,Apparel,Mobile app,Returning,1,58.86,15,50.03
ORD-000744,2025-01-25,Europe,Beauty,Mobile app,Returning,1,36.6,10,32.94
ORD-000745,2025-01-25,Europe,Beauty,Web,New,1,58.19,5,55.28
ORD-000746,2025-01-25,Latin America,Electronics,Mobile app,Returning,1,237.85,10,214.07
ORD-000747,2025-01-25,North America,Apparel,Mobile app,Returning,2,54.7,0,109.4
ORD-000748,2025-01-25,Europe,Home & Kitchen,Web,New,3,79.93,0,239.79
ORD-000749,2025-01-25,Asia Pacific,Electronics,Mobile app,Returning,1,132.27,0,132.27
ORD-000750,2025-01-25,Asia Pacific,Home & Kitchen,Mobile app,Returning,1,164.97,0,164.97
ORD-000751,2025-01-25,Europe,Electronics,Web,Returning,1,172.4,0,172.4
ORD-000752,2025-01-25,North America,Apparel,Mobile app,Returning,3,59.13,0,177.39
ORD-000753,2025-01-25,Europe,Electronics,Web,New,3,132.21,5,376.8
ORD-000754,2025-01-25,Asia Pacific,Toys,Web,New,1,36.38,5,34.56
ORD-000755,2025-01-25,North America,Apparel,Mobile app,New,1,78.79,0,78.79
ORD-000756,2025-01-25,Asia Pacific,Toys,Mobile app,Returning,2,37.21,5,70.7
ORD-000757,2025-01-25,North America,Toys,Marketplace,Returning,1,15.47,0,15.47
ORD-000758,2025-01-25,North America,Electronics,Web,New,1,291.08,0,291.08
ORD-000759,2025-01-25,North America,Electronics,Web,New,1,244.55,10,220.1
ORD-000760,2025-01-25,Europe,Beauty,Mobile app,Returning,1,29.66,0,29.66
ORD-000761,2025-01-25,Latin America,Home & Kitchen,Marketplace,Returning,1,66.12,5,62.81
ORD-000762,2025-01-25,Latin America,Home & Kitchen,Mobile app,Returning,2,97,5,184.3
ORD-000763,2025-01-25,North America,Beauty,Web,Returning,1,12.65,0,12.65
ORD-000764,2025-01-25,Latin America,Apparel,Web,Returning,1,25.2,0,25.2
ORD-000765,2025-01-25,Asia Pacific,Apparel,Web,Returning,2,70.13,15,119.22
ORD-000766,2025-01-25,Latin America,Sports & Outdoors,Web,New,2,61.79,5,117.4
ORD-000767,2025-01-25,Europe,Toys,Mobile app,Returning,2,41.76,0,83.52
ORD-000768,2025-01-25,Europe,Sports & Outdoors,Mobile app,New,2,50.17,5,95.32
ORD-000769,2025-01-25,Asia Pacific,Beauty,Mobile app,New,1,47.89,0,47.89
ORD-000770,2025-01-25,Asia Pacific,Sports & Outdoors,Mobile app,New,2,55.4,0,110.8
ORD-000771,2025-01-26,Middle East & Africa,Apparel,Web,Returning,1,49.67,0,49.67
ORD-000772,2025-01-26,North America,Apparel,Mobile app,Returning,2,54.41,5,103.38
ORD-000773,2025-01-26,North America,Home & Kitchen,Retail partner,New,2,42.99,0,85.98
ORD-000774,2025-01-26,North America,Apparel,Mobile app,Returning,1,56,15,47.6
ORD-000775,2025-01-26,North America,Sports & Outdoors,Marketplace,Returning,3,76.42,0,229.26
ORD-000776,2025-01-26,North America,Toys,Mobile app,Returning,1,113.73,0,113.73
ORD-000777,2025-01-26,Asia Pacific,Home & Kitchen,Web,Returning,1,57.44,10,51.7
ORD-000778,2025-01-26,Asia Pacific,Home & Kitchen,Mobile app,Returning,1,49.9,10,44.91
ORD-000779,2025-01-26,North America,Apparel,Mobile app,New,2,63.88,5,121.37
ORD-000780,2025-01-26,Europe,Electronics,Web,Returning,1,261.15,5,248.09
ORD-000781,2025-01-26,Asia Pacific,Beauty,Web,New,1,21.27,10,19.14
ORD-000782,2025-01-26,Europe,Home & Kitchen,Mobile app,Returning,2,80.57,15,136.97
ORD-000783,2025-01-26,Europe,Apparel,Web,Returning,3,54.38,5,154.98
ORD-000784,2025-01-26,Latin America,Electronics,Mobile app,Returning,3,198.7,10,536.49
ORD-000785,2025-01-26,Asia Pacific,Electronics,Web,Returning,2,259.97,5,493.94
ORD-000786,2025-01-26,Europe,Electronics,Web,Returning,4,98.4,0,393.6
ORD-000787,2025-01-26,Middle East & Africa,Electronics,Mobile app,New,1,102.86,0,102.86
ORD-000788,2025-01-26,Europe,Sports & Outdoors,Mobile app,New,1,44.95,0,44.95
ORD-000789,2025-01-26,Asia Pacific,Toys,Web,Returning,3,39.24,10,105.95
ORD-000790,2025-01-26,Europe,Electronics,Mobile app,New,1,276.87,0,276.87
ORD-000791,2025-01-26,North America,Home & Kitchen,Mobile app,Returning,3,59.05,0,177.15
ORD-000792,2025-01-26,Latin America,Toys,Web,New,1,22.34,0,22.34
ORD-000793,2025-01-26,North America,Apparel,Web,New,3,34.32,5,97.81
ORD-000794,2025-01-26,North America,Beauty,Web,Returning,2,34.85,0,69.7
ORD-000795,2025-01-26,Europe,Home & Kitchen,Mobile app,Returning,1,56.4,10,50.76
ORD-000796,2025-01-26,Asia Pacific,Electronics,Web,New,2,261.07,0,522.14
ORD-000797,2025-01-26,Europe,Electronics,Web,New,1,174.61,0,174.61
ORD-000798,2025-01-26,North America,Electronics,Web,New,1,228.26,0,228.26
ORD-000799,2025-01-26,Middle East & Africa,Beauty,Mobile app,New,1,19.95,0,19.95
ORD-000800,2025-01-26,North America,Beauty,Web,New,2,21.36,5,40.58
ORD-000801,2025-01-26,Asia Pacific,Electronics,Web,Returning,1,236.77,5,224.93
ORD-000802,2025-01-26,North America,Home & Kitchen,Mobile app,New,2,75.81,5,144.04
ORD-000803,2025-01-26,Europe,Apparel,Web,New,1,47.56,0,47.56
ORD-000804,2025-01-26,Middle East & Africa,Electronics,Web,New,1,272.75,0,272.75
ORD-000805,2025-01-26,North America,Home & Kitchen,Mobile app,New,2,100.47,0,200.94
ORD-000806,2025-01-26,North America,Home & Kitchen,Mobile app,Returning,1,63.69,0,63.69
ORD-000807,2025-01-26,Europe,Beauty,Web,Returning,1,38.09,10,34.28
ORD-000808,2025-01-27,Asia Pacific,Electronics,Mobile app,New,2,160.29,10,288.52
ORD-000809,2025-01-27,Latin America,Sports & Outdoors,Web,Returning,4,109.15,0,436.6
ORD-000810,2025-01-27,North America,Apparel,Mobile app,Returning,4,46.92,0,187.68
ORD-000811,2025-01-27,Europe,Sports & Outdoors,Mobile app,New,3,90.32,0,270.96
ORD-000812,2025-01-27,North America,Home & Kitchen,Web,New,1,94.59,5,89.86
ORD-000813,2025-01-27,North America,Apparel,Web,Returning,1,38.76,20,31.01
ORD-000814,2025-01-27,North America,Home & Kitchen,Retail partner,Returning,1,61.08,5,58.03
ORD-000815,2025-01-27,Middle East & Africa,Apparel,Mobile app,Returning,1,41.25,15,35.06
ORD-000816,2025-01-27,Asia Pacific,Toys,Mobile app,Returning,1,36.08,0,36.08
ORD-000817,2025-01-27,North America,Sports & Outdoors,Mobile app,Returning,1,110.18,0,110.18
ORD-000818,2025-01-27,North America,Sports & Outdoors,Mobile app,Returning,5,47.33,10,212.99
ORD-000819,2025-01-27,North America,Electronics,Web,New,2,216.89,0,433.78
ORD-000820,2025-01-27,Europe,Electronics,Marketplace,Returning,2,354.92,5,674.35
ORD-000821,2025-01-27,Europe,Electronics,Marketplace,Returning,3,192.85,0,578.55
ORD-000822,2025-01-27,Asia Pacific,Home & Kitchen,Web,Returning,1,65.66,0,65.66
ORD-000823,2025-01-27,Europe,Electronics,Web,New,2,142.78,15,242.73
ORD-000824,2025-01-27,Europe,Home & Kitchen,Mobile app,Returning,1,150.75,0,150.75
ORD-000825,2025-01-27,North America,Home & Kitchen,Web,New,1,46.93,0,46.93
ORD-000826,2025-01-27,Europe,Home & Kitchen,Mobile app,New,1,42.38,15,36.02
ORD-000827,2025-01-27,Europe,Home & Kitchen,Mobile app,Returning,1,78.13,0,78.13
ORD-000828,2025-01-27,Middle East & Africa,Apparel,Mobile app,Returning,3,28.33,5,80.74
ORD-000829,2025-01-27,North America,Sports & Outdoors,Web,Returning,1,94.94,0,94.94
ORD-000830,2025-01-27,Asia Pacific,Apparel,Web,Returning,1,59.03,0,59.03
ORD-000831,2025-01-27,Latin America,Electronics,Web,New,1,97.95,5,93.05
ORD-000832,2025-01-27,Europe,Sports & Outdoors,Web,Returning,1,111.49,10,100.34
ORD-000833,2025-01-27,Europe,Apparel,Mobile app,Returning,2,54.17,0,108.34
ORD-000834,2025-01-27,Asia Pacific,Apparel,Marketplace,New,2,42.01,5,79.82
ORD-000835,2025-01-28,North America,Apparel,Web,New,1,37.09,5,35.24
ORD-000836,2025-01-28,Asia Pacific,Electronics,Mobile app,New,1,93.91,0,93.91
ORD-000837,2025-01-28,Europe,Apparel,Web,New,1,43,0,43
ORD-000838,2025-01-28,Asia Pacific,Beauty,Mobile app,New,1,26.32,0,26.32
ORD-000839,2025-01-28,North America,Toys,Web,Returning,1,31.42,0,31.42
ORD-000840,2025-01-28,Asia Pacific,Beauty,Marketplace,Returning,2,17.63,5,33.5
ORD-000841,2025-01-28,North America,Electronics,Web,Returning,1,167.44,0,167.44
ORD-000842,2025-01-28,Latin America,Sports & Outdoors,Mobile app,Returning,1,25.3,10,22.77
ORD-000843,2025-01-28,North America,Home & Kitchen,Mobile app,New,3,99.27,0,297.81
ORD-000844,2025-01-28,Europe,Electronics,Web,Returning,1,93.43,0,93.43
ORD-000845,2025-01-28,Latin America,Home & Kitchen,Web,Returning,1,110.49,0,110.49
ORD-000846,2025-01-28,Latin America,Home & Kitchen,Web,Returning,1,72.29,0,72.29
ORD-000847,2025-01-28,North America,Apparel,Mobile app,Returning,2,95.63,0,191.26
ORD-000848,2025-01-28,North America,Electronics,Web,Returning,3,243.48,0,730.44
ORD-000849,2025-01-28,Europe,Apparel,Web,Returning,1,30.99,0,30.99
ORD-000850,2025-01-28,Europe,Electronics,Web,Returning,1,276.57,0,276.57
ORD-000851,2025-01-28,Middle East & Africa,Home & Kitchen,Web,Returning,2,50.96,0,101.92
ORD-000852,2025-01-28,North America,Home & Kitchen,Web,Returning,1,72.28,5,68.67
ORD-000853,2025-01-28,North America,Apparel,Mobile app,New,1,80.43,10,72.39
ORD-000854,2025-01-28,Europe,Sports & Outdoors,Web,New,1,60.28,15,51.24
ORD-000855,2025-01-28,Europe,Electronics,Mobile app,New,1,126.64,0,126.64
ORD-000856,2025-01-28,Asia Pacific,Electronics,Web,Returning,1,194.15,5,184.44
ORD-000857,2025-01-28,Europe,Apparel,Marketplace,New,1,62.19,0,62.19
ORD-000858,2025-01-28,Latin America,Apparel,Web,New,4,69.32,0,277.28
ORD-000859,2025-01-28,North America,Sports & Outdoors,Mobile app,New,5,60.09,0,300.45
ORD-000860,2025-01-28,North America,Apparel,Marketplace,New,1,67.81,0,67.81
ORD-000861,2025-01-28,North America,Electronics,Marketplace,Returning,2,158.85,0,317.7
ORD-000862,2025-01-28,North America,Home & Kitchen,Mobile app,Returning,3,136.31,0,408.93
ORD-000863,2025-01-28,North America,Electronics,Mobile app,New,1,129.61,5,123.13
ORD-000864,2025-01-28,Latin America,Apparel,Retail partner,Returning,1,51.7,0,51.7
ORD-000865,2025-01-28,Asia Pacific,Home & Kitchen,Mobile app,Returning,1,46,0,46
ORD-000866,2025-01-28,Asia Pacific,Sports & Outdoors,Retail partner,Returning,3,94.11,0,282.33
ORD-000867,2025-01-28,North America,Home & Kitchen,Mobile app,Returning,1,84.25,5,80.04
ORD-000868,2025-01-28,Asia Pacific,Apparel,Web,Returning,1,77.32,0,77.32
ORD-000869,2025-01-28,Asia Pacific,Apparel,Web,New,2,83.64,5,158.92
ORD-000870,2025-01-29,North America,Beauty,Mobile app,Returning,1,43.23,0,43.23
ORD-000871,2025-01-29,Latin America,Toys,Mobile app,Returning,2,46.44,10,83.59
ORD-000872,2025-01-29,North America,Apparel,Web,Returning,1,83.96,15,71.37
ORD-000873,2025-01-29,North America,Toys,Web,New,2,32.1,0,64.2
ORD-000874,2025-01-29,North America,Apparel,Mobile app,Returning,5,38.74,0,193.7
ORD-000875,2025-01-29,Europe,Electronics,Web,New,1,171.26,0,171.26
ORD-000876,2025-01-29,North America,Apparel,Web,Returning,1,49.88,5,47.39
ORD-000877,2025-01-29,Europe,Electronics,Mobile app,Returning,3,145,0,435
ORD-000878,2025-01-29,North America,Toys,Web,Returning,2,75.05,0,150.1
ORD-000879,2025-01-29,Asia Pacific,Electronics,Web,New,2,122.47,0,244.94
ORD-000880,2025-01-29,North America,Home & Kitchen,Web,New,1,97.99,0,97.99
ORD-000881,2025-01-29,North America,Beauty,Web,New,3,22.34,0,67.02
ORD-000882,2025-01-29,Asia Pacific,Electronics,Retail partner,New,2,183.53,5,348.71
ORD-000883,2025-01-29,North America,Home & Kitchen,Mobile app,New,2,45.31,0,90.62
ORD-000884,2025-01-29,Europe,Apparel,Web,Returning,4,52.67,0,210.68
ORD-000885,2025-01-29,Middle East & Africa,Beauty,Mobile app,Returning,2,29.88,0,59.76
ORD-000886,2025-01-29,Asia Pacific,Electronics,Mobile app,Returning,4,97.39,10,350.6
ORD-000887,2025-01-29,Asia Pacific,Apparel,Web,Returning,3,52.85,5,150.62
ORD-000888,2025-01-29,Europe,Home & Kitchen,Web,Returning,2,44.88,15,76.3
ORD-000889,2025-01-29,North America,Toys,Mobile app,New,1,38.41,0,38.41
ORD-000890,2025-01-29,Asia Pacific,Sports & Outdoors,Mobile app,New,1,99.85,5,94.86
ORD-000891,2025-01-29,Latin America,Electronics,Mobile app,Returning,1,187.2,0,187.2
ORD-000892,2025-01-29,Europe,Electronics,Mobile app,New,2,129.18,10,232.52
ORD-000893,2025-01-30,Europe,Apparel,Web,Returning,1,38.78,0,38.78
ORD-000894,2025-01-30,North America,Home & Kitchen,Web,Returning,2,52.83,0,105.66
ORD-000895,2025-01-30,North America,Apparel,Mobile app,Returning,2,73.63,0,147.26
ORD-000896,2025-01-30,Europe,Home & Kitchen,Web,New,1,92.91,0,92.91
ORD-000897,2025-01-30,North America,Sports & Outdoors,Marketplace,Returning,1,51.49,0,51.49
ORD-000898,2025-01-30,North America,Beauty,Mobile app,Returning,4,30.4,10,109.44
ORD-000899,2025-01-30,North America,Apparel,Web,New,2,58.02,0,116.04
ORD-000900,2025-01-30,Asia Pacific,Electronics,Web,New,2,126.07,0,252.14
ORD-000901,2025-01-30,North America,Electronics,Web,New,1,106.8,0,106.8
ORD-000902,2025-01-30,Middle East & Africa,Home & Kitchen,Web,Returning,1,42.96,0,42.96
ORD-000903,2025-01-30,North America,Beauty,Web,New,2,25.32,0,50.64
ORD-000904,2025-01-30,Europe,Toys,Mobile app,New,1,31.9,10,28.71
ORD-000905,2025-01-30,Europe,Electronics,Mobile app,New,1,318.38,0,318.38
ORD-000906,2025-01-30,Middle East & Africa,Home & Kitchen,Mobile app,Returning,1,45.13,5,42.87
ORD-000907,2025-01-30,Asia Pacific,Apparel,Marketplace,Returning,2,44.09,0,88.18
ORD-000908,2025-01-30,North America,Home & Kitchen,Mobile app,Returning,1,60.6,0,60.6
ORD-000909,2025-01-30,Europe,Sports & Outdoors,Web,Returning,1,30.48,10,27.43
ORD-000910,2025-01-30,Europe,Electronics,Mobile app,Returning,2,156.96,0,313.92
ORD-000911,2025-01-30,Middle East & Africa,Electronics,Mobile app,Returning,1,156.34,5,148.52
ORD-000912,2025-01-30,Asia Pacific,Home & Kitchen,Web,Returning,1,69.01,10,62.11
ORD-000913,2025-01-30,Europe,Sports & Outdoors,Web,Returning,2,77.44,5,147.14
ORD-000914,2025-01-30,North America,Home & Kitchen,Web,New,1,50.16,0,50.16
ORD-000915,2025-01-30,North America,Electronics,Mobile app,New,1,239.86,10,215.87
ORD-000916,2025-01-30,Middle East & Africa,Home & Kitchen,Web,Returning,1,40.37,10,36.33
ORD-000917,2025-01-30,Asia Pacific,Sports & Outdoors,Web,Returning,1,59.56,10,53.6
ORD-000918,2025-01-30,Latin America,Toys,Mobile app,Returning,4,25.01,15,85.03
ORD-000919,2025-01-30,North America,Home & Kitchen,Mobile app,Returning,1,54.93,0,54.93
ORD-000920,2025-01-30,Latin America,Beauty,Mobile app,New,5,31.54,10,141.93
ORD-000921,2025-01-30,Asia Pacific,Beauty,Web,Returning,2,16.92,0,33.84
ORD-000922,2025-01-30,North America,Home & Kitchen,Mobile app,New,4,64.96,10,233.86
ORD-000923,2025-01-30,North America,Beauty,Mobile app,New,1,23.83,0,23.83
ORD-000924,2025-01-30,Middle East & Africa,Beauty,Web,New,3,30.77,0,92.31
ORD-000925,2025-01-30,Middle East & Africa,Home & Kitchen,Web,New,1,79.64,10,71.68
ORD-000926,2025-01-31,Europe,Apparel,Marketplace,Returning,1,57.25,10,51.53
ORD-000927,2025-01-31,Latin America,Beauty,Retail partner,Returning,2,24.56,0,49.12
ORD-000928,2025-01-31,Europe,Apparel,Web,Returning,4,22.14,0,88.56
ORD-000929,2025-01-31,North America,Apparel,Marketplace,Returning,1,33.94,0,33.94
ORD-000930,2025-01-31,Asia Pacific,Apparel,Marketplace,New,1,40.56,10,36.5
ORD-000931,2025-01-31,North America,Home & Kitchen,Web,Returning,2,50.31,5,95.59
ORD-000932,2025-01-31,North America,Beauty,Mobile app,Returning,1,36.56,0,36.56
ORD-000933,2025-01-31,North America,Home & Kitchen,Web,Returning,1,99.67,0,99.67
ORD-000934,2025-01-31,Latin America,Beauty,Mobile app,Returning,1,42.57,10,38.31
ORD-000935,2025-01-31,Latin America,Home & Kitchen,Web,Returning,1,59.63,0,59.63
ORD-000936,2025-01-31,North America,Home & Kitchen,Mobile app,New,5,44.96,0,224.8
ORD-000937,2025-01-31,Europe,Apparel,Web,New,3,64.73,0,194.19
ORD-000938,2025-01-31,Asia Pacific,Electronics,Mobile app,Returning,2,175.83,15,298.91
ORD-000939,2025-01-31,North America,Electronics,Mobile app,New,1,168,0,168
ORD-000940,2025-01-31,Asia Pacific,Beauty,Mobile app,Returning,1,27.38,0,27.38
ORD-000941,2025-01-31,Asia Pacific,Apparel,Web,Returning,1,36.36,0,36.36
ORD-000942,2025-01-31,Middle East & Africa,Electronics,Retail partner,Returning,1,117.16,0,117.16
ORD-000943,2025-01-31,Europe,Electronics,Web,Returning,1,112.54,10,101.29
ORD-000944,2025-01-31,Asia Pacific,Apparel,Marketplace,New,4,36.66,10,131.98
ORD-000945,2025-01-31,Asia Pacific,Toys,Marketplace,Returning,2,22.52,0,45.04
ORD-000946,2025-01-31,Europe,Sports & Outdoors,Marketplace,Returning,2,64.7,0,129.4
ORD-000947,2025-01-31,Asia Pacific,Electronics,Mobile app,New,2,128.22,0,256.44
ORD-000948,2025-01-31,North America,Electronics,Web,Returning,4,145.86,0,583.44
ORD-000949,2025-01-31,Asia Pacific,Beauty,Web,Returning,1,37.85,0,37.85
ORD-000950,2025-01-31,Asia Pacific,Beauty,Mobile app,Returning,4,38.74,0,154.96
ORD-000951,2025-01-31,Asia Pacific,Home & Kitchen,Web,New,1,99.62,0,99.62
ORD-000952,2025-01-31,Latin America,Apparel,Web,Returning,2,54.72,10,98.5
ORD-000953,2025-01-31,North America,Sports & Outdoors,Marketplace,New,1,52.29,0,52.29
ORD-000954,2025-01-31,Latin America,Apparel,Mobile app,New,1,72.72,5,69.08
ORD-000955,2025-01-31,North America,Sports & Outdoors,Web,New,2,184.77,0,369.54
ORD-000956,2025-02-01,Europe,Sports & Outdoors,Mobile app,Returning,1,63.99,0,63.99
ORD-000957,2025-02-01,Middle East & Africa,Electronics,Web,New,1,298.9,10,269.01
ORD-000958,2025-02-01,North America,Toys,Web,Returning,1,38.36,5,36.44
ORD-000959,2025-02-01,North America,Beauty,Web,Returning,5,20.27,0,101.35
ORD-000960,2025-02-01,Europe,Home & Kitchen,Retail partner,New,2,34.98,0,69.96
ORD-000961,2025-02-01,North America,Beauty,Web,Returning,1,32.53,10,29.28
ORD-000962,2025-02-01,Europe,Toys,Web,Returning,1,40.19,15,34.16
ORD-000963,2025-02-01,Europe,Sports & Outdoors,Web,Returning,3,80.07,5,228.2
ORD-000964,2025-02-01,North America,Electronics,Web,New,3,113.82,0,341.46
ORD-000965,2025-02-01,North America,Apparel,Mobile app,Returning,2,48.21,0,96.42
ORD-000966,2025-02-01,North America,Home & Kitchen,Mobile app,Returning,1,52.4,10,47.16
ORD-000967,2025-02-01,Europe,Apparel,Marketplace,New,2,48.12,0,96.24
ORD-000968,2025-02-01,North America,Electronics,Web,Returning,1,151.25,0,151.25
ORD-000969,2025-02-01,Asia Pacific,Apparel,Mobile app,New,1,67.29,0,67.29
ORD-000970,2025-02-01,Latin America,Home & Kitchen,Mobile app,Returning,2,66.82,5,126.96
ORD-000971,2025-02-01,North America,Sports & Outdoors,Web,Returning,1,66.46,0,66.46
ORD-000972,2025-02-01,Europe,Electronics,Mobile app,New,5,177.75,0,888.75
ORD-000973,2025-02-01,Europe,Home & Kitchen,Web,Returning,1,94.35,0,94.35
ORD-000974,2025-02-01,North America,Toys,Web,Returning,1,14.47,5,13.75
ORD-000975,2025-02-01,North America,Apparel,Mobile app,Returning,4,61.62,15,209.51
ORD-000976,2025-02-01,Europe,Home & Kitchen,Mobile app,New,1,124.54,0,124.54
ORD-000977,2025-02-01,Europe,Sports & Outdoors,Web,Returning,1,137.06,0,137.06
ORD-000978,2025-02-01,Asia Pacific,Home & Kitchen,Mobile app,New,2,48.36,0,96.72
ORD-000979,2025-02-01,Europe,Electronics,Mobile app,Returning,1,130.28,0,130.28
ORD-000980,2025-02-01,Europe,Apparel,Mobile app,Returning,1,44.08,0,44.08
ORD-000981,2025-02-01,Europe,Electronics,Web,Returning,2,283.44,10,510.19
ORD-000982,2025-02-01,Asia Pacific,Toys,Web,New,1,34.54,15,29.36
ORD-000983,2025-02-01,Europe,Sports & Outdoors,Retail partner,Returning,3,62.44,0,187.32
ORD-000984,2025-02-01,North America,Sports & Outdoors,Retail partner,Returning,1,118.5,0,118.5
ORD-000985,2025-02-01,Europe,Beauty,Web,Returning,1,33.9,0,33.9
ORD-000986,2025-02-01,Asia Pacific,Electronics,Mobile app,Returning,4,228.63,20,731.62
ORD-000987,2025-02-02,North America,Home & Kitchen,Web,Returning,1,71.07,5,67.52
ORD-000988,2025-02-02,North America,Home & Kitchen,Mobile app,Returning,3,112.05,0,336.15
ORD-000989,2025-02-02,Middle East & Africa,Electronics,Mobile app,Returning,1,307.85,0,307.85
ORD-000990,2025-02-02,Europe,Home & Kitchen,Web,New,5,113,5,536.75
ORD-000991,2025-02-02,Europe,Electronics,Mobile app,Returning,1,157.17,0,157.17
ORD-000992,2025-02-02,Europe,Beauty,Mobile app,Returning,1,46.5,5,44.18
ORD-000993,2025-02-02,Middle East & Africa,Beauty,Web,Returning,3,20.38,5,58.08
ORD-000994,2025-02-02,Europe,Electronics,Web,New,1,178.87,5,169.93
ORD-000995,2025-02-02,Asia Pacific,Sports & Outdoors,Mobile app,Returning,4,101.17,0,404.68
ORD-000996,2025-02-02,North America,Electronics,Mobile app,Returning,5,175.96,0,879.8
ORD-000997,2025-02-02,Europe,Electronics,Mobile app,Returning,1,155.75,0,155.75
ORD-000998,2025-02-02,Europe,Toys,Web,Returning,1,14.97,5,14.22
ORD-000999,2025-02-02,Europe,Electronics,Retail partner,Returning,3,121.49,0,364.47
ORD-001000,2025-02-02,Europe,Electronics,Mobile app,Returning,3,194.45,0,583.35
ORD-001001,2025-02-02,Asia Pacific,Apparel,Web,Returning,1,39.28,0,39.28
ORD-001002,2025-02-02,North America,Apparel,Marketplace,Returning,1,32.43,5,30.81
ORD-001003,2025-02-02,North America,Sports & Outdoors,Retail partner,Returning,2,56.19,5,106.76
ORD-001004,2025-02-02,North America,Home & Kitchen,Web,Returning,1,51.87,10,46.68
ORD-001005,2025-02-02,Europe,Apparel,Web,Returning,1,27.61,0,27.61
ORD-001006,2025-02-02,Asia Pacific,Electronics,Retail partner,New,5,148.56,0,742.8
ORD-001007,2025-02-02,Europe,Beauty,Web,Returning,2,40.91,0,81.82
ORD-001008,2025-02-02,North America,Home & Kitchen,Marketplace,Returning,1,49.02,0,49.02
ORD-001009,2025-02-02,Europe,Apparel,Web,New,2,41.18,5,78.24
ORD-001010,2025-02-02,Asia Pacific,Home & Kitchen,Mobile app,Returning,1,40.64,0,40.64
ORD-001011,2025-02-02,Middle East & Africa,Beauty,Mobile app,New,2,44.63,20,71.41
ORD-001012,2025-02-02,Asia Pacific,Electronics,Web,Returning,2,202.76,0,405.52
ORD-001013,2025-02-02,North America,Beauty,Web,Returning,2,35.47,0,70.94
ORD-001014,2025-02-02,North America,Electronics,Web,New,1,185.94,0,185.94
ORD-001015,2025-02-02,Europe,Home & Kitchen,Marketplace,New,2,97.97,5,186.14
ORD-001016,2025-02-02,North America,Home & Kitchen,Web,New,2,73.39,0,146.78
ORD-001017,2025-02-03,North America,Electronics,Web,Returning,2,68.79,0,137.58
ORD-001018,2025-02-03,Europe,Toys,Web,New,1,37.68,0,37.68
ORD-001019,2025-02-03,Europe,Apparel,Web,New,2,26.47,0,52.94
ORD-001020,2025-02-03,Latin America,Beauty,Mobile app,Returning,1,38.34,5,36.42
ORD-001021,2025-02-03,Europe,Apparel,Web,New,3,49.65,15,126.61
ORD-001022,2025-02-03,Asia Pacific,Apparel,Marketplace,New,1,34.63,0,34.63
ORD-001023,2025-02-03,Europe,Beauty,Web,Returning,1,30.9,0,30.9
ORD-001024,2025-02-03,North America,Home & Kitchen,Web,New,1,76.84,5,73
ORD-001025,2025-02-03,North America,Electronics,Web,Returning,2,199.08,0,398.16
ORD-001026,2025-02-03,Asia Pacific,Home & Kitchen,Retail partner,Returning,1,62.32,5,59.2
ORD-001027,2025-02-03,Middle East & Africa,Toys,Web,Returning,1,33.42,5,31.75
ORD-001028,2025-02-03,North America,Apparel,Web,New,2,30.22,0,60.44
ORD-001029,2025-02-03,North America,Apparel,Web,New,3,48.47,0,145.41
ORD-001030,2025-02-03,Europe,Sports & Outdoors,Web,Returning,2,60.62,15,103.05
ORD-001031,2025-02-03,Europe,Home & Kitchen,Web,New,1,49.58,0,49.58
ORD-001032,2025-02-03,Asia Pacific,Electronics,Retail partner,Returning,2,374.17,5,710.92
ORD-001033,2025-02-03,Latin America,Apparel,Mobile app,Returning,1,56.13,0,56.13
ORD-001034,2025-02-03,North America,Home & Kitchen,Mobile app,New,1,40.03,10,36.03
ORD-001035,2025-02-03,North America,Home & Kitchen,Web,New,1,63.51,0,63.51
ORD-001036,2025-02-03,Middle East & Africa,Electronics,Mobile app,Returning,1,309.94,0,309.94
ORD-001037,2025-02-03,Asia Pacific,Apparel,Web,New,3,44.35,0,133.05
ORD-001038,2025-02-03,Europe,Beauty,Mobile app,Returning,1,20.73,0,20.73
ORD-001039,2025-02-03,Europe,Toys,Web,Returning,1,56.58,10,50.92
ORD-001040,2025-02-03,Europe,Electronics,Web,Returning,2,97.3,0,194.6
ORD-001041,2025-02-03,Asia Pacific,Electronics,Mobile app,New,1,213.08,0,213.08
ORD-001042,2025-02-04,North America,Home & Kitchen,Web,Returning,2,104.41,0,208.82
ORD-001043,2025-02-04,North America,Apparel,Web,Returning,1,30.61,0,30.61
ORD-001044,2025-02-04,North America,Beauty,Marketplace,Returning,2,30.74,0,61.48
ORD-001045,2025-02-04,North America,Home & Kitchen,Mobile app,Returning,2,101.69,5,193.21
ORD-001046,2025-02-04,Asia Pacific,Apparel,Web,New,3,48.13,0,144.39
ORD-001047,2025-02-04,Asia Pacific,Home & Kitchen,Marketplace,Returning,1,34.43,20,27.54
ORD-001048,2025-02-04,Europe,Home & Kitchen,Web,Returning,2,36.01,0,72.02
ORD-001049,2025-02-04,North America,Electronics,Mobile app,Returning,2,192.4,0,384.8
ORD-001050,2025-02-04,North America,Toys,Web,Returning,2,45.74,20,73.18
ORD-001051,2025-02-04,North America,Beauty,Mobile app,New,3,43.44,0,130.32
ORD-001052,2025-02-04,Europe,Home & Kitchen,Mobile app,Returning,1,45.24,10,40.72
ORD-001053,2025-02-04,Europe,Apparel,Web,New,2,46.79,0,93.58
ORD-001054,2025-02-04,North America,Electronics,Marketplace,New,1,112.56,5,106.93
ORD-001055,2025-02-04,North America,Apparel,Web,Returning,2,68.1,0,136.2
ORD-001056,2025-02-04,Asia Pacific,Apparel,Web,Returning,1,35.97,0,35.97
ORD-001057,2025-02-04,North America,Toys,Web,Returning,1,70.11,0,70.11
ORD-001058,2025-02-04,Europe,Beauty,Web,New,2,15.81,5,30.04
ORD-001059,2025-02-04,North America,Home & Kitchen,Mobile app,Returning,1,76.04,15,64.63
ORD-001060,2025-02-04,North America,Beauty,Web,New,4,35.92,0,143.68
ORD-001061,2025-02-04,North America,Apparel,Marketplace,New,1,55.06,0,55.06
ORD-001062,2025-02-04,Europe,Electronics,Web,Returning,1,195.6,0,195.6
ORD-001063,2025-02-04,North America,Toys,Web,Returning,2,25.81,0,51.62
ORD-001064,2025-02-04,Asia Pacific,Electronics,Web,New,1,126.24,15,107.3
ORD-001065,2025-02-04,North America,Home & Kitchen,Web,New,1,67.45,5,64.08
ORD-001066,2025-02-04,Europe,Home & Kitchen,Marketplace,New,1,65.17,0,65.17
ORD-001067,2025-02-04,Middle East & Africa,Beauty,Web,Returning,2,28.14,0,56.28
ORD-001068,2025-02-04,Europe,Apparel,Mobile app,New,1,39.46,0,39.46
ORD-001069,2025-02-04,Asia Pacific,Sports & Outdoors,Web,Returning,1,55.53,0,55.53
ORD-001070,2025-02-04,Europe,Beauty,Web,New,1,16.98,0,16.98
ORD-001071,2025-02-05,Asia Pacific,Home & Kitchen,Web,Returning,1,36.94,0,36.94
ORD-001072,2025-02-05,North America,Home & Kitchen,Retail partner,New,1,69.85,0,69.85
ORD-001073,2025-02-05,Latin America,Apparel,Mobile app,New,4,43.59,0,174.36
ORD-001074,2025-02-05,Europe,Beauty,Web,Returning,1,42.99,0,42.99
ORD-001075,2025-02-05,Asia Pacific,Toys,Web,New,1,29.38,15,24.97
ORD-001076,2025-02-05,North America,Home & Kitchen,Web,Returning,1,55.95,0,55.95
ORD-001077,2025-02-05,North America,Apparel,Mobile app,Returning,1,53.11,5,50.45
ORD-001078,2025-02-05,North America,Apparel,Web,New,1,47.35,0,47.35
ORD-001079,2025-02-05,North America,Electronics,Marketplace,Returning,1,151,0,151
ORD-001080,2025-02-05,North America,Sports & Outdoors,Web,Returning,2,60.81,0,121.62
ORD-001081,2025-02-05,North America,Home & Kitchen,Retail partner,Returning,4,62.65,0,250.6
ORD-001082,2025-02-05,Middle East & Africa,Apparel,Web,Returning,4,64.07,5,243.47
ORD-001083,2025-02-05,North America,Electronics,Mobile app,Returning,4,174.21,0,696.84
ORD-001084,2025-02-05,North America,Home & Kitchen,Mobile app,New,1,32.8,0,32.8
ORD-001085,2025-02-05,North America,Beauty,Web,Returning,5,40.55,0,202.75
ORD-001086,2025-02-05,North America,Electronics,Web,New,1,147.57,0,147.57
ORD-001087,2025-02-05,Europe,Apparel,Web,New,1,25.22,5,23.96
ORD-001088,2025-02-05,Middle East & Africa,Apparel,Mobile app,New,2,48.03,0,96.06
ORD-001089,2025-02-05,North America,Electronics,Web,Returning,1,216.56,10,194.9
ORD-001090,2025-02-05,Latin America,Sports & Outdoors,Mobile app,Returning,2,64.6,0,129.2
ORD-001091,2025-02-05,Europe,Apparel,Web,New,1,29.31,0,29.31
ORD-001092,2025-02-06,North America,Apparel,Web,Returning,2,53.91,0,107.82
ORD-001093,2025-02-06,North America,Sports & Outdoors,Web,New,1,94.06,0,94.06
ORD-001094,2025-02-06,Europe,Apparel,Web,Returning,2,60.66,20,97.06
ORD-001095,2025-02-06,North America,Apparel,Web,New,1,52.33,0,52.33
ORD-001096,2025-02-06,Middle East & Africa,Home & Kitchen,Web,Returning,3,65.23,10,176.12
ORD-001097,2025-02-06,Europe,Home & Kitchen,Mobile app,New,2,52.48,0,104.96
ORD-001098,2025-02-06,Latin America,Sports & Outdoors,Mobile app,Returning,5,61.1,0,305.5
ORD-001099,2025-02-06,Europe,Apparel,Web,Returning,1,30.57,0,30.57
ORD-001100,2025-02-06,North America,Apparel,Marketplace,Returning,3,57.03,0,171.09
ORD-001101,2025-02-06,Asia Pacific,Beauty,Marketplace,New,1,25.36,0,25.36
ORD-001102,2025-02-06,Europe,Apparel,Marketplace,Returning,2,47.12,15,80.1
ORD-001103,2025-02-06,Latin America,Sports & Outdoors,Mobile app,New,2,95.55,5,181.55
ORD-001104,2025-02-06,North America,Sports & Outdoors,Web,Returning,1,90.41,0,90.41
ORD-001105,2025-02-06,Europe,Apparel,Web,Returning,1,48.25,5,45.84
ORD-001106,2025-02-06,Asia Pacific,Electronics,Retail partner,New,1,222.47,0,222.47
ORD-001107,2025-02-06,Middle East & Africa,Sports & Outdoors,Web,Returning,1,178.05,0,178.05
ORD-001108,2025-02-07,Europe,Sports & Outdoors,Mobile app,Returning,1,54.82,15,46.6
ORD-001109,2025-02-07,North America,Toys,Mobile app,Returning,2,27.25,0,54.5
ORD-001110,2025-02-07,Latin America,Electronics,Mobile app,Returning,2,130.46,0,260.92
ORD-001111,2025-02-07,North America,Apparel,Mobile app,Returning,3,50.18,0,150.54
ORD-001112,2025-02-07,North America,Apparel,Web,Returning,2,40.4,10,72.72
ORD-001113,2025-02-07,Europe,Apparel,Mobile app,Returning,1,58.84,0,58.84
ORD-001114,2025-02-07,Europe,Home & Kitchen,Marketplace,Returning,3,26.21,5,74.7
ORD-001115,2025-02-07,Europe,Sports & Outdoors,Web,Returning,1,150.67,0,150.67
ORD-001116,2025-02-07,North America,Beauty,Mobile app,Returning,2,29.55,10,53.19
ORD-001117,2025-02-07,Europe,Home & Kitchen,Retail partner,New,1,53.27,0,53.27
ORD-001118,2025-02-07,Asia Pacific,Electronics,Mobile app,New,3,189.02,10,510.35
ORD-001119,2025-02-07,North America,Electronics,Mobile app,New,3,211.39,0,634.17
ORD-001120,2025-02-07,North America,Toys,Marketplace,New,2,36.83,0,73.66
ORD-001121,2025-02-07,North America,Apparel,Retail partner,New,2,32.93,5,62.57
ORD-001122,2025-02-07,Asia Pacific,Sports & Outdoors,Mobile app,New,4,79.89,0,319.56
ORD-001123,2025-02-07,Asia Pacific,Apparel,Web,Returning,1,34.64,10,31.18
ORD-001124,2025-02-07,North America,Beauty,Mobile app,New,3,18.47,0,55.41
ORD-001125,2025-02-07,North America,Electronics,Web,Returning,2,104.52,5,198.59
ORD-001126,2025-02-07,Europe,Electronics,Marketplace,Returning,3,152.41,0,457.23
ORD-001127,2025-02-07,Middle East & Africa,Sports & Outdoors,Mobile app,New,1,72.38,20,57.9
ORD-001128,2025-02-07,Europe,Home & Kitchen,Mobile app,Returning,1,62.91,10,56.62
ORD-001129,2025-02-07,Middle East & Africa,Beauty,Mobile app,Returning,1,31.35,0,31.35
ORD-001130,2025-02-07,North America,Beauty,Web,Returning,1,42.52,5,40.39
ORD-001131,2025-02-08,North America,Sports & Outdoors,Mobile app,Returning,1,67.84,0,67.84
ORD-001132,2025-02-08,Latin America,Beauty,Web,Returning,2,29.62,5,56.28
ORD-001133,2025-02-08,North America,Beauty,Web,Returning,2,17.44,15,29.65
ORD-001134,2025-02-08,North America,Apparel,Web,Returning,2,40.46,5,76.87
ORD-001135,2025-02-08,North America,Beauty,Mobile app,New,2,26.62,5,50.58
ORD-001136,2025-02-08,Middle East & Africa,Beauty,Mobile app,Returning,2,23.45,0,46.9
ORD-001137,2025-02-08,Middle East & Africa,Toys,Marketplace,New,2,38.62,15,65.65
ORD-001138,2025-02-08,Asia Pacific,Sports & Outdoors,Mobile app,Returning,1,75.32,15,64.02
ORD-001139,2025-02-08,Europe,Sports & Outdoors,Marketplace,Returning,2,56.93,0,113.86
ORD-001140,2025-02-08,Europe,Apparel,Marketplace,New,1,75.2,0,75.2
ORD-001141,2025-02-08,Europe,Home & Kitchen,Web,Returning,2,51.23,10,92.21
ORD-001142,2025-02-08,North America,Toys,Mobile app,Returning,1,39.87,0,39.87
ORD-001143,2025-02-08,Europe,Toys,Web,Returning,2,30.41,0,60.82
ORD-001144,2025-02-08,Europe,Electronics,Web,New,2,153.9,0,307.8
ORD-001145,2025-02-08,North America,Apparel,Mobile app,Returning,1,49.65,10,44.69
ORD-001146,2025-02-08,Europe,Beauty,Web,New,1,25.28,5,24.02
ORD-001147,2025-02-08,Latin America,Toys,Marketplace,Returning,1,42.49,15,36.12
ORD-001148,2025-02-08,North America,Home & Kitchen,Web,New,2,40.61,0,81.22
ORD-001149,2025-02-08,Europe,Home & Kitchen,Web,New,3,58.64,0,175.92
ORD-001150,2025-02-08,Europe,Electronics,Web,Returning,1,319.86,0,319.86
ORD-001151,2025-02-08,North America,Electronics,Retail partner,Returning,2,238.17,15,404.89
ORD-001152,2025-02-08,North America,Beauty,Mobile app,Returning,2,19.02,5,36.14
ORD-001153,2025-02-08,Middle East & Africa,Electronics,Web,New,1,155.54,5,147.76
ORD-001154,2025-02-08,North America,Beauty,Web,Returning,1,31.11,10,28
ORD-001155,2025-02-08,Europe,Beauty,Web,Returning,1,29.82,0,29.82
ORD-001156,2025-02-08,Europe,Apparel,Web,Returning,1,27.97,0,27.97
ORD-001157,2025-02-08,Europe,Home & Kitchen,Web,New,1,69.02,0,69.02
ORD-001158,2025-02-08,Asia Pacific,Beauty,Mobile app,Returning,1,23.26,0,23.26
ORD-001159,2025-02-08,Middle East & Africa,Electronics,Mobile app,New,1,99.34,0,99.34
ORD-001160,2025-02-08,Latin America,Beauty,Mobile app,New,1,32.12,0,32.12
ORD-001161,2025-02-08,Europe,Apparel,Mobile app,Returning,1,45.21,0,45.21
ORD-001162,2025-02-08,North America,Apparel,Mobile app,New,1,22.96,0,22.96
ORD-001163,2025-02-08,Asia Pacific,Apparel,Web,New,2,43.15,10,77.67
ORD-001164,2025-02-08,Latin America,Beauty,Web,Returning,4,37.4,0,149.6
ORD-001165,2025-02-08,Europe,Apparel,Mobile app,New,1,38.02,0,38.02
ORD-001166,2025-02-08,Asia Pacific,Apparel,Mobile app,Returning,1,31.1,10,27.99
ORD-001167,2025-02-08,Asia Pacific,Sports & Outdoors,Mobile app,New,1,108.69,0,108.69
ORD-001168,2025-02-08,Europe,Home & Kitchen,Mobile app,Returning,1,72.28,5,68.67
ORD-001169,2025-02-08,Asia Pacific,Home & Kitchen,Mobile app,Returning,2,63.26,0,126.52
ORD-001170,2025-02-08,Middle East & Africa,Electronics,Web,Returning,1,196.91,0,196.91
ORD-001171,2025-02-09,Asia Pacific,Toys,Web,Returning,1,36.89,10,33.2
ORD-001172,2025-02-09,Europe,Electronics,Web,Returning,1,166.38,10,149.74
ORD-001173,2025-02-09,Middle East & Africa,Home & Kitchen,Web,New,1,38.75,0,38.75
ORD-001174,2025-02-09,North America,Electronics,Mobile app,Returning,2,112.74,0,225.48
ORD-001175,2025-02-09,Asia Pacific,Apparel,Web,Returning,2,46.14,0,92.28
ORD-001176,2025-02-09,Europe,Toys,Mobile app,Returning,5,56.17,0,280.85
ORD-001177,2025-02-09,Europe,Home & Kitchen,Mobile app,Returning,2,41.47,15,70.5
ORD-001178,2025-02-09,North America,Apparel,Mobile app,Returning,1,40.43,10,36.39
ORD-001179,2025-02-09,Europe,Apparel,Web,Returning,2,23.22,0,46.44
ORD-001180,2025-02-09,Asia Pacific,Electronics,Mobile app,New,2,334.71,0,669.42
ORD-001181,2025-02-09,North America,Beauty,Mobile app,Returning,2,28.21,5,53.6
ORD-001182,2025-02-09,Europe,Apparel,Web,Returning,1,51.68,5,49.1
ORD-001183,2025-02-09,Latin America,Sports & Outdoors,Web,New,1,155.09,0,155.09
ORD-001184,2025-02-09,Asia Pacific,Electronics,Retail partner,New,1,121.28,0,121.28
ORD-001185,2025-02-09,North America,Home & Kitchen,Web,New,1,80.67,10,72.6
ORD-001186,2025-02-09,North America,Apparel,Mobile app,New,1,24.79,0,24.79
ORD-001187,2025-02-09,Europe,Toys,Retail partner,Returning,2,49.92,0,99.84
ORD-001188,2025-02-09,Asia Pacific,Beauty,Web,Returning,1,20.74,0,20.74
ORD-001189,2025-02-09,Europe,Sports & Outdoors,Web,New,1,117.04,5,111.19
ORD-001190,2025-02-09,Europe,Home & Kitchen,Web,New,1,26.84,0,26.84
ORD-001191,2025-02-09,Europe,Beauty,Web,Returning,2,27.08,15,46.04
ORD-001192,2025-02-09,Europe,Home & Kitchen,Web,New,1,50.17,0,50.17
ORD-001193,2025-02-09,North America,Electronics,Web,New,1,402.79,0,402.79
ORD-001194,2025-02-09,Europe,Beauty,Web,Returning,2,31.46,0,62.92
ORD-001195,2025-02-09,Latin America,Apparel,Marketplace,New,1,42.99,0,42.99
ORD-001196,2025-02-09,Europe,Electronics,Marketplace,Returning,1,174.29,15,148.15
ORD-001197,2025-02-09,Asia Pacific,Toys,Web,Returning,1,62.97,0,62.97
ORD-001198,2025-02-09,Middle East & Africa,Sports & Outdoors,Marketplace,Returning,1,76.28,0,76.28
ORD-001199,2025-02-09,North America,Home & Kitchen,Marketplace,New,1,42.5,5,40.38
ORD-001200,2025-02-09,Europe,Electronics,Web,Returning,1,174.17,0,174.17
ORD-001201,2025-02-09,Middle East & Africa,Sports & Outdoors,Web,Returning,1,37.31,0,37.31
ORD-001202,2025-02-09,Asia Pacific,Home & Kitchen,Mobile app,Returning,1,74.5,0,74.5
ORD-001203,2025-02-09,Europe,Sports & Outdoors,Web,Returning,1,62.59,0,62.59
ORD-001204,2025-02-09,Europe,Sports & Outdoors,Web,Returning,1,66.29,0,66.29
ORD-001205,2025-02-09,North America,Home & Kitchen,Mobile app,Returning,1,81.74,0,81.74
ORD-001206,2025-02-09,Europe,Home & Kitchen,Mobile app,New,2,74.42,5,141.4
ORD-001207,2025-02-09,Asia Pacific,Apparel,Mobile app,New,1,45.3,15,38.5
ORD-001208,2025-02-10,Europe,Toys,Web,Returning,1,19.93,10,17.94
ORD-001209,2025-02-10,Europe,Beauty,Web,Returning,1,51.34,15,43.64
ORD-001210,2025-02-10,North America,Electronics,Mobile app,Returning,4,106.61,0,426.44
ORD-001211,2025-02-10,Latin America,Electronics,Web,Returning,1,158.11,15,134.39
ORD-001212,2025-02-10,Europe,Beauty,Mobile app,Returning,3,35.03,0,105.09
ORD-001213,2025-02-10,Europe,Sports & Outdoors,Web,Returning,2,71.27,0,142.54
ORD-001214,2025-02-10,Middle East & Africa,Electronics,Retail partner,Returning,1,150.61,0,150.61
ORD-001215,2025-02-10,North America,Electronics,Mobile app,Returning,1,155.82,10,140.24
ORD-001216,2025-02-10,Asia Pacific,Sports & Outdoors,Mobile app,New,4,78.59,0,314.36
ORD-001217,2025-02-10,North America,Toys,Web,New,1,19.85,20,15.88
ORD-001218,2025-02-10,North America,Home & Kitchen,Web,Returning,1,68.73,0,68.73
ORD-001219,2025-02-10,Europe,Sports & Outdoors,Web,Returning,1,89.36,10,80.42
ORD-001220,2025-02-10,Middle East & Africa,Apparel,Marketplace,Returning,5,45.46,15,193.21
ORD-001221,2025-02-10,Asia Pacific,Home & Kitchen,Web,Returning,1,49.24,0,49.24
ORD-001222,2025-02-10,Europe,Apparel,Web,Returning,2,42.76,5,81.24
ORD-001223,2025-02-10,North America,Apparel,Web,Returning,1,30.55,0,30.55
ORD-001224,2025-02-10,North America,Home & Kitchen,Web,New,2,78.86,0,157.72
ORD-001225,2025-02-10,Europe,Apparel,Web,Returning,2,64.31,0,128.62
ORD-001226,2025-02-10,Asia Pacific,Electronics,Mobile app,New,2,151.05,5,287
ORD-001227,2025-02-10,Middle East & Africa,Sports & Outdoors,Retail partner,Returning,1,44.7,10,40.23
ORD-001228,2025-02-10,North America,Electronics,Mobile app,Returning,1,211.95,0,211.95
ORD-001229,2025-02-10,Asia Pacific,Apparel,Marketplace,Returning,1,95.97,5,91.17
ORD-001230,2025-02-10,Asia Pacific,Beauty,Marketplace,Returning,1,30.45,0,30.45
ORD-001231,2025-02-11,North America,Electronics,Retail partner,Returning,4,152.39,10,548.6
ORD-001232,2025-02-11,Europe,Beauty,Web,Returning,2,44.48,15,75.62
ORD-001233,2025-02-11,Europe,Beauty,Web,New,2,16.7,0,33.4
ORD-001234,2025-02-11,Latin America,Electronics,Web,Returning,1,96.16,10,86.54
ORD-001235,2025-02-11,North America,Apparel,Web,Returning,5,58.01,0,290.05
ORD-001236,2025-02-11,Europe,Toys,Web,New,1,35.49,0,35.49
ORD-001237,2025-02-11,North America,Home & Kitchen,Web,Returning,2,35.86,5,68.13
ORD-001238,2025-02-11,Asia Pacific,Electronics,Mobile app,Returning,1,158.08,0,158.08
ORD-001239,2025-02-11,North America,Sports & Outdoors,Marketplace,New,2,60.91,0,121.82
ORD-001240,2025-02-11,Europe,Home & Kitchen,Mobile app,Returning,1,50.33,0,50.33
ORD-001241,2025-02-11,Latin America,Apparel,Marketplace,Returning,2,65.16,0,130.32
ORD-001242,2025-02-11,Asia Pacific,Sports & Outdoors,Mobile app,Returning,3,123.36,5,351.58
ORD-001243,2025-02-11,North America,Beauty,Mobile app,Returning,3,15.29,15,38.99
ORD-001244,2025-02-11,Europe,Beauty,Mobile app,New,5,48.42,5,230
ORD-001245,2025-02-11,North America,Apparel,Web,New,1,52.74,5,50.1
ORD-001246,2025-02-11,Europe,Toys,Web,New,1,20.03,0,20.03
ORD-001247,2025-02-11,Middle East & Africa,Apparel,Marketplace,Returning,1,20.77,5,19.73
ORD-001248,2025-02-11,North America,Electronics,Retail partner,Returning,2,131.52,20,210.43
ORD-001249,2025-02-11,Asia Pacific,Home & Kitchen,Mobile app,Returning,1,114.55,0,114.55
ORD-001250,2025-02-11,Asia Pacific,Apparel,Mobile app,Returning,1,91.62,15,77.88
ORD-001251,2025-02-11,North America,Toys,Web,Returning,2,51.14,5,97.17
ORD-001252,2025-02-11,Europe,Electronics,Web,Returning,2,235.35,0,470.7
ORD-001253,2025-02-11,North America,Apparel,Retail partner,Returning,1,144.8,5,137.56
ORD-001254,2025-02-11,North America,Home & Kitchen,Web,Returning,2,63.73,10,114.71
ORD-001255,2025-02-11,North America,Electronics,Mobile app,New,3,187.1,0,561.3
ORD-001256,2025-02-11,Europe,Home & Kitchen,Mobile app,New,1,82.86,0,82.86
ORD-001257,2025-02-11,Asia Pacific,Apparel,Web,New,2,39.08,0,78.16
ORD-001258,2025-02-11,Europe,Electronics,Web,Returning,1,152.45,15,129.58
ORD-001259,2025-02-11,North America,Home & Kitchen,Mobile app,Returning,3,48.32,0,144.96
ORD-001260,2025-02-11,Middle East & Africa,Electronics,Web,New,1,154.27,15,131.13
ORD-001261,2025-02-11,North America,Apparel,Web,Returning,1,33.04,0,33.04
ORD-001262,2025-02-11,Europe,Apparel,Web,Returning,1,61.24,0,61.24
ORD-001263,2025-02-12,North America,Electronics,Web,New,1,145.19,0,145.19
ORD-001264,2025-02-12,North America,Home & Kitchen,Marketplace,New,4,69.87,0,279.48
ORD-001265,2025-02-12,North America,Sports & Outdoors,Web,Returning,5,60.46,0,302.3
ORD-001266,2025-02-12,Asia Pacific,Home & Kitchen,Web,Returning,1,50.34,5,47.82
ORD-001267,2025-02-12,North America,Apparel,Mobile app,Returning,2,42.33,5,80.43
ORD-001268,2025-02-12,Asia Pacific,Sports & Outdoors,Mobile app,Returning,3,165.85,5,472.67
ORD-001269,2025-02-12,North America,Electronics,Web,Returning,1,103.59,0,103.59
ORD-001270,2025-02-12,Asia Pacific,Home & Kitchen,Web,Returning,2,100.02,0,200.04
ORD-001271,2025-02-12,Latin America,Electronics,Web,New,1,233.46,15,198.44
ORD-001272,2025-02-12,North America,Beauty,Web,Returning,4,34.51,0,138.04
ORD-001273,2025-02-12,North America,Electronics,Marketplace,Returning,1,163.92,0,163.92
ORD-001274,2025-02-12,Europe,Home & Kitchen,Mobile app,Returning,4,42.47,0,169.88
ORD-001275,2025-02-12,Europe,Apparel,Mobile app,New,3,64.68,15,164.93
ORD-001276,2025-02-12,Middle East & Africa,Electronics,Web,Returning,1,213.87,0,213.87
ORD-001277,2025-02-12,Europe,Sports & Outdoors,Mobile app,Returning,2,75.52,0,151.04
ORD-001278,2025-02-12,Asia Pacific,Beauty,Mobile app,Returning,1,37.46,0,37.46
ORD-001279,2025-02-12,Asia Pacific,Sports & Outdoors,Web,New,1,58.42,10,52.58
ORD-001280,2025-02-12,Asia Pacific,Home & Kitchen,Retail partner,New,1,46.03,10,41.43
ORD-001281,2025-02-12,Europe,Electronics,Web,New,1,234.82,5,223.08
ORD-001282,2025-02-12,Europe,Beauty,Web,New,2,17.91,0,35.82
ORD-001283,2025-02-12,North America,Electronics,Web,Returning,1,235.16,0,235.16
ORD-001284,2025-02-12,Asia Pacific,Home & Kitchen,Web,New,5,50.9,0,254.5
ORD-001285,2025-02-12,Europe,Beauty,Web,New,2,42.55,0,85.1
ORD-001286,2025-02-12,North America,Electronics,Web,New,1,110.29,15,93.75
ORD-001287,2025-02-13,Latin America,Toys,Mobile app,Returning,2,53.22,0,106.44
ORD-001288,2025-02-13,Europe,Sports & Outdoors,Mobile app,New,2,84.79,5,161.1
ORD-001289,2025-02-13,Middle East & Africa,Beauty,Mobile app,Returning,1,29.71,0,29.71
ORD-001290,2025-02-13,Middle East & Africa,Home & Kitchen,Mobile app,New,1,75.27,0,75.27
ORD-001291,2025-02-13,North America,Toys,Web,New,2,30.26,15,51.44
ORD-001292,2025-02-13,Latin America,Electronics,Web,New,1,105.32,0,105.32
ORD-001293,2025-02-13,Europe,Home & Kitchen,Mobile app,New,3,156.39,0,469.17
ORD-001294,2025-02-13,Latin America,Electronics,Web,Returning,2,227.03,5,431.36
ORD-001295,2025-02-13,Asia Pacific,Apparel,Marketplace,Returning,1,51.76,0,51.76
ORD-001296,2025-02-13,Middle East & Africa,Toys,Web,New,2,49.34,0,98.68
ORD-001297,2025-02-13,North America,Apparel,Web,Returning,1,74.46,0,74.46
ORD-001298,2025-02-13,North America,Beauty,Marketplace,New,1,41.27,0,41.27
ORD-001299,2025-02-13,North America,Home & Kitchen,Mobile app,Returning,2,57.53,5,109.31
ORD-001300,2025-02-13,Asia Pacific,Home & Kitchen,Web,Returning,1,33.47,15,28.45
ORD-001301,2025-02-13,Europe,Electronics,Web,Returning,2,186.83,0,373.66
ORD-001302,2025-02-13,Europe,Home & Kitchen,Web,Returning,2,75.18,15,127.81
ORD-001303,2025-02-13,Asia Pacific,Electronics,Mobile app,New,1,139.54,0,139.54
ORD-001304,2025-02-13,Asia Pacific,Beauty,Web,New,2,8.28,0,16.56
ORD-001305,2025-02-13,North America,Beauty,Marketplace,Returning,1,34.17,10,30.75
ORD-001306,2025-02-13,North America,Sports & Outdoors,Mobile app,Returning,1,51.77,5,49.18
ORD-001307,2025-02-13,Europe,Beauty,Web,Returning,1,27.88,0,27.88
ORD-001308,2025-02-13,North America,Apparel,Web,Returning,4,41.22,0,164.88
ORD-001309,2025-02-13,North America,Apparel,Marketplace,Returning,4,30.21,0,120.84
ORD-001310,2025-02-13,Latin America,Home & Kitchen,Web,Returning,4,155.9,0,623.6
ORD-001311,2025-02-13,Europe,Beauty,Web,Returning,1,26.58,0,26.58
ORD-001312,2025-02-13,North America,Electronics,Web,New,1,352.61,0,352.61
ORD-001313,2025-02-14,Latin America,Apparel,Mobile app,New,3,45.24,15,115.36
ORD-001314,2025-02-14,Asia Pacific,Toys,Web,Returning,1,26.67,5,25.34
ORD-001315,2025-02-14,Europe,Electronics,Web,New,2,246.58,0,493.16
ORD-001316,2025-02-14,Asia Pacific,Electronics,Web,Returning,1,241.79,0,241.79
ORD-001317,2025-02-14,North America,Apparel,Web,New,3,74.28,5,211.7
ORD-001318,2025-02-14,Asia Pacific,Home & Kitchen,Web,Returning,1,73.96,0,73.96
ORD-001319,2025-02-14,Latin America,Apparel,Web,Returning,3,41.49,0,124.47
ORD-001320,2025-02-14,North America,Sports & Outdoors,Marketplace,New,1,85.26,10,76.73
ORD-001321,2025-02-14,Asia Pacific,Electronics,Web,Returning,1,292.95,0,292.95
ORD-001322,2025-02-14,Europe,Home & Kitchen,Retail partner,Returning,2,57.91,0,115.82
ORD-001323,2025-02-14,North America,Sports & Outdoors,Mobile app,Returning,2,76.16,5,144.7
ORD-001324,2025-02-14,Europe,Electronics,Mobile app,Returning,1,223.93,5,212.73
ORD-001325,2025-02-14,Middle East & Africa,Home & Kitchen,Web,Returning,4,42.48,5,161.42
ORD-001326,2025-02-14,North America,Electronics,Mobile app,Returning,2,142.42,0,284.84
ORD-001327,2025-02-14,Latin America,Beauty,Mobile app,Returning,3,24.66,0,73.98
ORD-001328,2025-02-14,Asia Pacific,Home & Kitchen,Web,Returning,1,87.63,0,87.63
ORD-001329,2025-02-14,Europe,Electronics,Web,Returning,1,137.17,0,137.17
ORD-001330,2025-02-14,North America,Electronics,Web,Returning,2,151.84,10,273.31
ORD-001331,2025-02-14,North America,Electronics,Web,New,4,208.79,10,751.64
ORD-001332,2025-02-14,Middle East & Africa,Beauty,Mobile app,Returning,2,20.22,0,40.44
ORD-001333,2025-02-14,North America,Beauty,Mobile app,New,1,21.15,5,20.09
ORD-001334,2025-02-14,Asia Pacific,Sports & Outdoors,Web,Returning,2,143.08,20,228.93
ORD-001335,2025-02-14,Asia Pacific,Apparel,Retail partner,Returning,2,41.8,0,83.6
ORD-001336,2025-02-14,Middle East & Africa,Apparel,Marketplace,Returning,3,64.82,0,194.46
ORD-001337,2025-02-14,North America,Sports & Outdoors,Marketplace,New,3,103.22,20,247.73
ORD-001338,2025-02-14,Middle East & Africa,Home & Kitchen,Web,Returning,4,27.47,15,93.4
ORD-001339,2025-02-14,Europe,Electronics,Web,New,1,176.88,0,176.88
ORD-001340,2025-02-14,North America,Beauty,Mobile app,Returning,1,42.05,0,42.05
ORD-001341,2025-02-14,North America,Toys,Web,Returning,1,42.15,5,40.04
ORD-001342,2025-02-15,Asia Pacific,Beauty,Marketplace,Returning,3,51.2,10,138.24
ORD-001343,2025-02-15,Asia Pacific,Apparel,Retail partner,Returning,1,35.42,5,33.65
ORD-001344,2025-02-15,Asia Pacific,Electronics,Web,Returning,1,162.72,5,154.58
ORD-001345,2025-02-15,North America,Beauty,Marketplace,New,1,18,20,14.4
ORD-001346,2025-02-15,Europe,Home & Kitchen,Web,New,3,54.89,0,164.67
ORD-001347,2025-02-15,Asia Pacific,Home & Kitchen,Web,New,1,102.14,20,81.71
ORD-001348,2025-02-15,Asia Pacific,Electronics,Web,Returning,2,147.59,0,295.18
ORD-001349,2025-02-15,North America,Home & Kitchen,Web,New,1,82.21,10,73.99
ORD-001350,2025-02-15,North America,Electronics,Mobile app,Returning,1,142.51,0,142.51
ORD-001351,2025-02-15,Europe,Beauty,Mobile app,Returning,2,40.36,0,80.72
ORD-001352,2025-02-15,Europe,Toys,Web,Returning,4,57.87,10,208.33
ORD-001353,2025-02-15,Europe,Electronics,Web,Returning,2,156.25,15,265.63
ORD-001354,2025-02-15,North America,Sports & Outdoors,Web,Returning,3,60.91,0,182.73
ORD-001355,2025-02-15,Latin America,Sports & Outdoors,Mobile app,New,2,63.71,5,121.05
ORD-001356,2025-02-15,Middle East & Africa,Sports & Outdoors,Mobile app,Returning,2,51.55,5,97.95
ORD-001357,2025-02-15,Europe,Electronics,Mobile app,Returning,1,175.57,0,175.57
ORD-001358,2025-02-15,Europe,Electronics,Mobile app,Returning,1,184.66,0,184.66
ORD-001359,2025-02-15,North America,Apparel,Web,Returning,2,43.73,0,87.46
ORD-001360,2025-02-15,Middle East & Africa,Electronics,Mobile app,Returning,2,100.01,0,200.02
ORD-001361,2025-02-15,Middle East & Africa,Electronics,Marketplace,New,3,153.26,0,459.78
ORD-001362,2025-02-15,Middle East & Africa,Electronics,Web,New,2,55.97,5,106.34
ORD-001363,2025-02-15,North America,Electronics,Mobile app,Returning,1,210.78,10,189.7
ORD-001364,2025-02-15,Asia Pacific,Apparel,Mobile app,New,1,57.53,0,57.53
ORD-001365,2025-02-15,Europe,Beauty,Mobile app,Returning,3,37.76,0,113.28
ORD-001366,2025-02-15,Latin America,Toys,Web,Returning,1,30.15,10,27.14
ORD-001367,2025-02-15,Middle East & Africa,Electronics,Web,New,1,78.78,0,78.78
ORD-001368,2025-02-15,Asia Pacific,Apparel,Web,Returning,1,23.11,10,20.8
ORD-001369,2025-02-15,Europe,Electronics,Web,Returning,1,155.05,0,155.05
ORD-001370,2025-02-15,North America,Apparel,Retail partner,New,2,56.73,10,102.11
ORD-001371,2025-02-16,Asia Pacific,Toys,Retail partner,New,1,30.13,0,30.13
ORD-001372,2025-02-16,North America,Electronics,Mobile app,New,1,182,15,154.7
ORD-001373,2025-02-16,North America,Home & Kitchen,Mobile app,New,2,99.79,0,199.58
ORD-001374,2025-02-16,Europe,Toys,Web,Returning,2,50.28,0,100.56
ORD-001375,2025-02-16,Asia Pacific,Electronics,Mobile app,New,1,300.56,0,300.56
ORD-001376,2025-02-16,Asia Pacific,Apparel,Mobile app,Returning,2,41.37,0,82.74
ORD-001377,2025-02-16,Europe,Apparel,Web,New,1,37.97,5,36.07
ORD-001378,2025-02-16,Europe,Electronics,Marketplace,Returning,1,191.95,0,191.95
ORD-001379,2025-02-16,Europe,Beauty,Mobile app,New,1,20.88,15,17.75
ORD-001380,2025-02-16,North America,Home & Kitchen,Web,New,1,98.45,0,98.45
ORD-001381,2025-02-16,Latin America,Home & Kitchen,Marketplace,Returning,4,51.74,15,175.92
ORD-001382,2025-02-16,Middle East & Africa,Toys,Mobile app,Returning,3,39.71,5,113.17
ORD-001383,2025-02-16,North America,Apparel,Mobile app,New,4,78.42,0,313.68
ORD-001384,2025-02-16,Middle East & Africa,Apparel,Mobile app,New,1,59.31,0,59.31
ORD-001385,2025-02-16,North America,Home & Kitchen,Mobile app,New,2,48.98,5,93.06
ORD-001386,2025-02-16,North America,Electronics,Retail partner,Returning,1,169.06,0,169.06
ORD-001387,2025-02-16,Asia Pacific,Toys,Mobile app,New,1,31.95,20,25.56
ORD-001388,2025-02-16,Asia Pacific,Apparel,Web,Returning,2,34.73,0,69.46
ORD-001389,2025-02-16,Europe,Apparel,Web,Returning,1,33.42,0,33.42
ORD-001390,2025-02-16,North America,Home & Kitchen,Retail partner,New,2,67.93,5,129.07
ORD-001391,2025-02-16,North America,Home & Kitchen,Web,New,1,47.02,5,44.67
ORD-001392,2025-02-16,Asia Pacific,Apparel,Web,New,1,29.02,0,29.02
ORD-001393,2025-02-16,Europe,Electronics,Web,Returning,3,324.22,20,778.13
ORD-001394,2025-02-16,Asia Pacific,Electronics,Mobile app,Returning,1,200.92,0,200.92
ORD-001395,2025-02-16,North America,Toys,Marketplace,Returning,1,17.38,0,17.38
ORD-001396,2025-02-16,Europe,Beauty,Marketplace,Returning,2,47.37,0,94.74
ORD-001397,2025-02-16,Asia Pacific,Electronics,Web,Returning,1,152.62,15,129.73
ORD-001398,2025-02-16,North America,Beauty,Web,Returning,1,21.25,5,20.19
ORD-001399,2025-02-16,North America,Toys,Web,New,1,26.78,0,26.78
ORD-001400,2025-02-16,Europe,Home & Kitchen,Web,Returning,1,40.1,5,38.1
ORD-001401,2025-02-17,Europe,Toys,Web,New,3,29.32,0,87.96
ORD-001402,2025-02-17,North America,Toys,Mobile app,New,1,25.26,10,22.73
ORD-001403,2025-02-17,North America,Electronics,Web,Returning,1,160.36,0,160.36
ORD-001404,2025-02-17,North America,Sports & Outdoors,Web,New,3,71.69,0,215.07
ORD-001405,2025-02-17,Europe,Apparel,Marketplace,New,2,51.86,0,103.72
ORD-001406,2025-02-17,Europe,Beauty,Web,New,1,14.76,5,14.02
ORD-001407,2025-02-17,North America,Electronics,Mobile app,New,2,211.96,10,381.53
ORD-001408,2025-02-17,Latin America,Home & Kitchen,Web,New,1,64.57,0,64.57
ORD-001409,2025-02-17,Europe,Beauty,Mobile app,New,1,18.49,0,18.49
ORD-001410,2025-02-17,North America,Home & Kitchen,Mobile app,Returning,1,36.69,0,36.69
ORD-001411,2025-02-17,Europe,Electronics,Mobile app,New,2,202.04,10,363.67
ORD-001412,2025-02-17,Middle East & Africa,Electronics,Mobile app,Returning,5,201.55,10,906.98
ORD-001413,2025-02-17,Europe,Home & Kitchen,Web,New,1,81.07,0,81.07
ORD-001414,2025-02-17,Europe,Beauty,Marketplace,New,4,25.09,5,95.34
ORD-001415,2025-02-17,Latin America,Toys,Marketplace,New,1,39.84,20,31.87
ORD-001416,2025-02-17,North America,Electronics,Web,Returning,1,271.5,5,257.93
ORD-001417,2025-02-17,Middle East & Africa,Home & Kitchen,Web,New,1,45.45,15,38.63
ORD-001418,2025-02-17,Asia Pacific,Beauty,Marketplace,New,2,26.76,0,53.52
ORD-001419,2025-02-17,Asia Pacific,Beauty,Mobile app,New,4,72.47,5,275.39
ORD-001420,2025-02-17,Latin America,Home & Kitchen,Mobile app,New,1,29.81,0,29.81
ORD-001421,2025-02-17,Europe,Beauty,Marketplace,Returning,1,38.17,15,32.44
ORD-001422,2025-02-17,Asia Pacific,Apparel,Marketplace,New,1,86.61,15,73.62
ORD-001423,2025-02-17,Europe,Apparel,Marketplace,New,1,29.78,0,29.78
ORD-001424,2025-02-17,Asia Pacific,Home & Kitchen,Web,Returning,2,42.61,10,76.7
ORD-001425,2025-02-17,Europe,Toys,Web,Returning,5,59.31,5,281.72
ORD-001426,2025-02-18,Europe,Apparel,Mobile app,Returning,1,41.33,0,41.33
ORD-001427,2025-02-18,Asia Pacific,Electronics,Marketplace,Returning,1,123.76,0,123.76
ORD-001428,2025-02-18,Europe,Home & Kitchen,Retail partner,Returning,3,86.19,0,258.57
ORD-001429,2025-02-18,North America,Apparel,Mobile app,Returning,3,22.49,5,64.1
ORD-001430,2025-02-18,Latin America,Apparel,Mobile app,Returning,1,53.99,0,53.99
ORD-001431,2025-02-18,Europe,Home & Kitchen,Mobile app,Returning,1,73.91,15,62.82
ORD-001432,2025-02-18,Latin America,Apparel,Marketplace,New,2,45.75,15,77.77
ORD-001433,2025-02-18,Asia Pacific,Beauty,Mobile app,Returning,1,17.11,0,17.11
ORD-001434,2025-02-18,Europe,Electronics,Web,Returning,3,189.83,10,512.54
ORD-001435,2025-02-18,North America,Apparel,Web,Returning,2,40.23,0,80.46
ORD-001436,2025-02-18,North America,Home & Kitchen,Mobile app,New,5,45.34,5,215.37
ORD-001437,2025-02-18,Europe,Home & Kitchen,Retail partner,Returning,4,59.42,0,237.68
ORD-001438,2025-02-18,North America,Electronics,Marketplace,New,1,190.44,0,190.44
ORD-001439,2025-02-18,North America,Beauty,Web,New,2,17.93,15,30.48
ORD-001440,2025-02-18,Latin America,Home & Kitchen,Retail partner,New,3,82.88,0,248.64
ORD-001441,2025-02-18,North America,Beauty,Web,New,1,36.52,0,36.52
ORD-001442,2025-02-18,Asia Pacific,Apparel,Mobile app,New,1,73.25,5,69.59
ORD-001443,2025-02-18,Latin America,Electronics,Mobile app,Returning,1,192.36,0,192.36
ORD-001444,2025-02-18,Asia Pacific,Electronics,Web,New,4,220.28,0,881.12
ORD-001445,2025-02-18,Asia Pacific,Beauty,Web,Returning,5,15.64,5,74.29
ORD-001446,2025-02-18,Europe,Toys,Web,Returning,2,53.16,0,106.32
ORD-001447,2025-02-18,Middle East & Africa,Apparel,Web,New,2,53.19,10,95.74
ORD-001448,2025-02-18,North America,Apparel,Web,Returning,1,53.48,10,48.13
ORD-001449,2025-02-19,Asia Pacific,Sports & Outdoors,Web,New,2,77.59,5,147.42
ORD-001450,2025-02-19,Asia Pacific,Home & Kitchen,Web,New,5,65.9,5,313.02
ORD-001451,2025-02-19,North America,Apparel,Mobile app,New,3,24.53,10,66.23
ORD-001452,2025-02-19,Latin America,Electronics,Mobile app,Returning,1,261.32,5,248.25
ORD-001453,2025-02-19,Europe,Apparel,Web,New,3,37.47,0,112.41
ORD-001454,2025-02-19,Asia Pacific,Beauty,Web,Returning,4,30.41,0,121.64
ORD-001455,2025-02-19,North America,Electronics,Web,New,3,141.89,0,425.67
ORD-001456,2025-02-19,North America,Beauty,Web,Returning,2,33.45,0,66.9
ORD-001457,2025-02-19,North America,Beauty,Mobile app,New,2,25,0,50
ORD-001458,2025-02-19,Asia Pacific,Electronics,Marketplace,New,1,203.38,0,203.38
ORD-001459,2025-02-19,Europe,Electronics,Mobile app,Returning,1,155.45,15,132.13
ORD-001460,2025-02-19,Europe,Home & Kitchen,Marketplace,Returning,1,38.64,0,38.64
ORD-001461,2025-02-19,Europe,Apparel,Web,New,1,47.4,0,47.4
ORD-001462,2025-02-19,North America,Home & Kitchen,Web,Returning,1,89.23,0,89.23
ORD-001463,2025-02-19,Middle East & Africa,Electronics,Web,Returning,3,189.25,5,539.36
ORD-001464,2025-02-19,North America,Home & Kitchen,Marketplace,New,1,96.79,5,91.95
ORD-001465,2025-02-19,North America,Apparel,Web,Returning,1,70.69,5,67.16
ORD-001466,2025-02-19,Latin America,Sports & Outdoors,Web,Returning,1,91.99,10,82.79
ORD-001467,2025-02-19,Asia Pacific,Home & Kitchen,Web,New,3,52.85,0,158.55
ORD-001468,2025-02-20,North America,Apparel,Web,Returning,1,53.19,0,53.19
ORD-001469,2025-02-20,Europe,Apparel,Mobile app,Returning,1,67.69,0,67.69
ORD-001470,2025-02-20,North America,Toys,Web,Returning,3,28.44,0,85.32
ORD-001471,2025-02-20,North America,Apparel,Web,Returning,1,40.78,0,40.78
ORD-001472,2025-02-20,North America,Home & Kitchen,Mobile app,Returning,2,91.1,0,182.2
ORD-001473,2025-02-20,Middle East & Africa,Electronics,Mobile app,New,1,251.88,0,251.88
ORD-001474,2025-02-20,North America,Home & Kitchen,Retail partner,New,2,53.27,0,106.54
ORD-001475,2025-02-20,North America,Sports & Outdoors,Mobile app,New,3,146.8,0,440.4
ORD-001476,2025-02-20,Asia Pacific,Electronics,Mobile app,New,2,179.74,0,359.48
ORD-001477,2025-02-20,Latin America,Apparel,Web,Returning,1,38.11,0,38.11
ORD-001478,2025-02-20,Europe,Toys,Web,New,1,41.88,0,41.88
ORD-001479,2025-02-20,Europe,Toys,Mobile app,Returning,1,36.42,5,34.6
ORD-001480,2025-02-20,North America,Home & Kitchen,Web,Returning,1,40.19,0,40.19
ORD-001481,2025-02-20,North America,Apparel,Marketplace,New,2,47.85,5,90.92
ORD-001482,2025-02-20,North America,Home & Kitchen,Mobile app,Returning,1,62.68,0,62.68
ORD-001483,2025-02-20,Europe,Apparel,Mobile app,New,2,40.92,0,81.84
ORD-001484,2025-02-20,Europe,Toys,Marketplace,Returning,2,23.49,5,44.63
ORD-001485,2025-02-20,Europe,Beauty,Mobile app,Returning,1,19.87,0,19.87
ORD-001486,2025-02-20,Asia Pacific,Apparel,Mobile app,New,3,46.99,0,140.97
ORD-001487,2025-02-20,Asia Pacific,Home & Kitchen,Retail partner,Returning,1,84.26,0,84.26
ORD-001488,2025-02-20,Asia Pacific,Apparel,Retail partner,New,3,25.9,15,66.04
ORD-001489,2025-02-20,North America,Home & Kitchen,Marketplace,Returning,2,71.11,0,142.22
ORD-001490,2025-02-20,Latin America,Home & Kitchen,Mobile app,Returning,1,50.35,10,45.32
ORD-001491,2025-02-20,Latin America,Electronics,Mobile app,Returning,3,217.46,5,619.76
ORD-001492,2025-02-20,Asia Pacific,Sports & Outdoors,Mobile app,Returning,3,91.01,20,218.42
ORD-001493,2025-02-20,Europe,Electronics,Mobile app,Returning,1,204.2,15,173.57
ORD-001494,2025-02-20,Europe,Electronics,Mobile app,Returning,1,234.26,0,234.26
ORD-001495,2025-02-20,Europe,Apparel,Web,Returning,5,36.68,5,174.23
ORD-001496,2025-02-20,Latin America,Apparel,Mobile app,Returning,1,51.04,0,51.04
ORD-001497,2025-02-20,Middle East & Africa,Apparel,Mobile app,New,2,53.61,0,107.22
ORD-001498,2025-02-20,Europe,Electronics,Web,Returning,1,131.32,10,118.19
ORD-001499,2025-02-20,Europe,Apparel,Web,New,2,23.08,0,46.16
ORD-001500,2025-02-20,Europe,Home & Kitchen,Web,New,3,59.12,0,177.36
ORD-001501,2025-02-20,North America,Home & Kitchen,Web,Returning,1,120.38,0,120.38
ORD-001502,2025-02-20,Europe,Electronics,Web,Returning,4,171.4,0,685.6
ORD-001503,2025-02-20,Europe,Electronics,Mobile app,Returning,1,321.56,15,273.33
ORD-001504,2025-02-20,North America,Home & Kitchen,Web,Returning,1,42.48,0,42.48
ORD-001505,2025-02-20,Europe,Apparel,Mobile app,New,3,95.37,0,286.11
ORD-001506,2025-02-20,Asia Pacific,Electronics,Mobile app,Returning,1,189.1,10,170.19
ORD-001507,2025-02-21,Europe,Electronics,Marketplace,Returning,2,234.77,5,446.06
ORD-001508,2025-02-21,North America,Electronics,Mobile app,Returning,2,244.07,5,463.73
ORD-001509,2025-02-21,Latin America,Beauty,Mobile app,Returning,3,49.29,5,140.48
ORD-001510,2025-02-21,Latin America,Beauty,Web,New,3,33.1,0,99.3
ORD-001511,2025-02-21,North America,Sports & Outdoors,Mobile app,New,1,50.44,5,47.92
ORD-001512,2025-02-21,Middle East & Africa,Apparel,Web,Returning,2,55.95,10,100.71
ORD-001513,2025-02-21,North America,Electronics,Web,New,1,258.34,15,219.59
ORD-001514,2025-02-21,Middle East & Africa,Apparel,Web,Returning,1,28.09,5,26.69
ORD-001515,2025-02-21,North America,Electronics,Web,Returning,2,304.98,20,487.97
ORD-001516,2025-02-21,Asia Pacific,Electronics,Mobile app,Returning,2,127.43,0,254.86
ORD-001517,2025-02-21,North America,Home & Kitchen,Mobile app,New,1,52.37,0,52.37
ORD-001518,2025-02-21,Middle East & Africa,Toys,Web,New,1,33.77,5,32.08
ORD-001519,2025-02-21,Europe,Toys,Web,New,2,34.28,15,58.28
ORD-001520,2025-02-21,Asia Pacific,Electronics,Web,Returning,1,223.01,0,223.01
ORD-001521,2025-02-21,North America,Sports & Outdoors,Mobile app,New,1,49.98,0,49.98
ORD-001522,2025-02-21,Europe,Sports & Outdoors,Retail partner,Returning,1,66.51,0,66.51
ORD-001523,2025-02-21,North America,Apparel,Web,Returning,2,36.69,0,73.38
ORD-001524,2025-02-21,North America,Beauty,Web,New,1,20,10,18
ORD-001525,2025-02-21,Europe,Apparel,Mobile app,New,2,49.93,0,99.86
ORD-001526,2025-02-21,Latin America,Apparel,Web,New,3,37.81,0,113.43
ORD-001527,2025-02-21,North America,Beauty,Mobile app,New,1,27.85,0,27.85
ORD-001528,2025-02-21,Latin America,Home & Kitchen,Web,Returning,2,89.23,10,160.61
ORD-001529,2025-02-21,Asia Pacific,Sports & Outdoors,Mobile app,New,3,46.27,0,138.81
ORD-001530,2025-02-21,Europe,Apparel,Marketplace,Returning,1,61.68,0,61.68
ORD-001531,2025-02-21,North America,Home & Kitchen,Mobile app,New,2,77.37,10,139.27
ORD-001532,2025-02-21,Europe,Sports & Outdoors,Mobile app,Returning,1,91.98,0,91.98
ORD-001533,2025-02-21,Asia Pacific,Apparel,Mobile app,New,3,56.34,0,169.02
ORD-001534,2025-02-21,Middle East & Africa,Electronics,Web,New,5,168.15,20,672.6
ORD-001535,2025-02-21,North America,Beauty,Mobile app,Returning,1,17.69,15,15.04
ORD-001536,2025-02-21,Latin America,Electronics,Web,Returning,3,336.26,0,1008.78
ORD-001537,2025-02-21,North America,Electronics,Web,Returning,2,558.59,10,1005.46
ORD-001538,2025-02-22,Europe,Electronics,Web,Returning,1,291.33,0,291.33
ORD-001539,2025-02-22,North America,Sports & Outdoors,Marketplace,Returning,2,83.55,0,167.1
ORD-001540,2025-02-22,Latin America,Home & Kitchen,Marketplace,Returning,2,42.27,0,84.54
ORD-001541,2025-02-22,Latin America,Toys,Mobile app,Returning,2,31.39,5,59.64
ORD-001542,2025-02-22,North America,Home & Kitchen,Mobile app,New,1,84.33,5,80.11
ORD-001543,2025-02-22,North America,Beauty,Mobile app,Returning,1,31.49,20,25.19
ORD-001544,2025-02-22,North America,Home & Kitchen,Web,Returning,1,64.99,0,64.99
ORD-001545,2025-02-22,Europe,Sports & Outdoors,Marketplace,Returning,4,86.53,5,328.81
ORD-001546,2025-02-22,Europe,Electronics,Mobile app,Returning,1,77.76,0,77.76
ORD-001547,2025-02-22,North America,Home & Kitchen,Marketplace,Returning,1,98.86,5,93.92
ORD-001548,2025-02-22,Europe,Home & Kitchen,Web,Returning,1,56.35,0,56.35
ORD-001549,2025-02-22,North America,Electronics,Web,New,2,153.31,0,306.62
ORD-001550,2025-02-22,North America,Home & Kitchen,Web,New,1,55.5,10,49.95
ORD-001551,2025-02-22,Asia Pacific,Apparel,Marketplace,Returning,4,41.92,0,167.68
ORD-001552,2025-02-22,Europe,Electronics,Retail partner,New,1,94.78,10,85.3
ORD-001553,2025-02-22,Middle East & Africa,Toys,Retail partner,New,1,20.98,10,18.88
ORD-001554,2025-02-22,Europe,Beauty,Web,Returning,1,27.73,0,27.73
ORD-001555,2025-02-22,Europe,Electronics,Web,New,3,139.55,0,418.65
ORD-001556,2025-02-22,Europe,Electronics,Mobile app,Returning,1,297.11,5,282.25
ORD-001557,2025-02-22,Asia Pacific,Toys,Marketplace,Returning,2,40.6,0,81.2
ORD-001558,2025-02-22,Europe,Home & Kitchen,Marketplace,Returning,3,88.17,5,251.28
ORD-001559,2025-02-22,Asia Pacific,Apparel,Mobile app,Returning,1,25.7,5,24.42
ORD-001560,2025-02-22,North America,Home & Kitchen,Mobile app,Returning,1,62.08,5,58.98
ORD-001561,2025-02-22,North America,Apparel,Mobile app,Returning,2,47.5,15,80.75
ORD-001562,2025-02-22,North America,Apparel,Mobile app,Returning,1,68.43,0,68.43
ORD-001563,2025-02-22,Europe,Electronics,Web,Returning,1,171.04,0,171.04
ORD-001564,2025-02-22,North America,Home & Kitchen,Web,Returning,3,54.09,10,146.04
ORD-001565,2025-02-22,North America,Apparel,Mobile app,Returning,1,68.7,0,68.7
ORD-001566,2025-02-22,Europe,Electronics,Web,Returning,3,261.05,0,783.15
ORD-001567,2025-02-22,Europe,Sports & Outdoors,Mobile app,Returning,1,76.31,10,68.68
ORD-001568,2025-02-22,Europe,Electronics,Retail partner,New,1,191.16,10,172.04
ORD-001569,2025-02-22,Latin America,Home & Kitchen,Web,New,3,36.5,0,109.5
ORD-001570,2025-02-22,Latin America,Home & Kitchen,Mobile app,Returning,3,71.11,5,202.66
ORD-001571,2025-02-22,Asia Pacific,Sports & Outdoors,Web,New,1,37.12,10,33.41
ORD-001572,2025-02-22,Asia Pacific,Beauty,Mobile app,New,1,17.62,0,17.62
ORD-001573,2025-02-22,Europe,Home & Kitchen,Web,New,1,38.24,0,38.24
ORD-001574,2025-02-22,Asia Pacific,Apparel,Web,Returning,1,36,0,36
ORD-001575,2025-02-22,Middle East & Africa,Home & Kitchen,Web,Returning,3,81.19,0,243.57
ORD-001576,2025-02-22,Europe,Sports & Outdoors,Web,Returning,2,40.73,0,81.46
ORD-001577,2025-02-22,North America,Sports & Outdoors,Mobile app,New,2,77.62,0,155.24
ORD-001578,2025-02-22,Middle East & Africa,Home & Kitchen,Web,New,3,38.41,5,109.47
ORD-001579,2025-02-22,Europe,Electronics,Marketplace,Returning,1,230.49,15,195.92
ORD-001580,2025-02-22,Middle East & Africa,Home & Kitchen,Mobile app,Returning,5,78.7,5,373.83
ORD-001581,2025-02-22,Asia Pacific,Toys,Mobile app,Returning,2,21.52,0,43.04
ORD-001582,2025-02-22,North America,Beauty,Retail partner,Returning,1,34.44,20,27.55
ORD-001583,2025-02-22,North America,Sports & Outdoors,Mobile app,New,1,71.31,0,71.31
ORD-001584,2025-02-22,Asia Pacific,Electronics,Mobile app,Returning,2,162.58,0,325.16
ORD-001585,2025-02-22,Europe,Toys,Retail partner,Returning,1,26.93,15,22.89
ORD-001586,2025-02-22,Europe,Electronics,Mobile app,New,1,245.82,0,245.82
ORD-001587,2025-02-22,Asia Pacific,Electronics,Web,New,1,203.31,0,203.31
ORD-001588,2025-02-22,Latin America,Electronics,Mobile app,Returning,3,187.14,5,533.35
ORD-001589,2025-02-22,Asia Pacific,Electronics,Mobile app,Returning,4,282.49,5,1073.46
ORD-001590,2025-02-23,North America,Beauty,Marketplace,New,5,56.49,0,282.45
ORD-001591,2025-02-23,Asia Pacific,Beauty,Web,Returning,2,25.68,15,43.66
ORD-001592,2025-02-23,Asia Pacific,Apparel,Web,New,1,26,0,26
ORD-001593,2025-02-23,Asia Pacific,Beauty,Web,Returning,5,30.77,10,138.47
ORD-001594,2025-02-23,Europe,Toys,Web,New,1,45.76,0,45.76
ORD-001595,2025-02-23,North America,Electronics,Web,Returning,1,170.09,5,161.59
ORD-001596,2025-02-23,North America,Home & Kitchen,Web,New,2,27.88,0,55.76
ORD-001597,2025-02-23,North America,Home & Kitchen,Mobile app,New,5,54.21,0,271.05
ORD-001598,2025-02-23,Europe,Apparel,Retail partner,New,1,38.68,0,38.68
ORD-001599,2025-02-23,Middle East & Africa,Beauty,Mobile app,Returning,2,26.52,0,53.04
ORD-001600,2025-02-23,Latin America,Apparel,Web,Returning,3,39.49,5,112.55
ORD-001601,2025-02-23,North America,Apparel,Web,Returning,2,32.87,0,65.74
ORD-001602,2025-02-23,Asia Pacific,Electronics,Web,New,1,182.85,0,182.85
ORD-001603,2025-02-23,Middle East & Africa,Home & Kitchen,Mobile app,New,2,92.2,0,184.4
ORD-001604,2025-02-23,Asia Pacific,Sports & Outdoors,Mobile app,New,2,38.02,5,72.24
ORD-001605,2025-02-23,Europe,Electronics,Mobile app,New,2,117.68,0,235.36
ORD-001606,2025-02-23,Europe,Electronics,Mobile app,Returning,1,302.88,5,287.74
ORD-001607,2025-02-23,North America,Sports & Outdoors,Mobile app,Returning,4,98.16,0,392.64
ORD-001608,2025-02-23,Europe,Apparel,Web,Returning,2,39.75,5,75.52
ORD-001609,2025-02-23,Europe,Apparel,Mobile app,Returning,1,47.95,0,47.95
ORD-001610,2025-02-23,Europe,Toys,Mobile app,Returning,3,36.7,0,110.1
ORD-001611,2025-02-23,Europe,Beauty,Mobile app,Returning,1,21.04,0,21.04
ORD-001612,2025-02-23,Asia Pacific,Sports & Outdoors,Web,New,1,75.86,0,75.86
ORD-001613,2025-02-23,North America,Electronics,Web,Returning,1,107.49,0,107.49
ORD-001614,2025-02-23,Middle East & Africa,Home & Kitchen,Mobile app,Returning,1,82.06,10,73.85
ORD-001615,2025-02-23,Europe,Toys,Web,New,2,26.28,0,52.56
ORD-001616,2025-02-23,Europe,Electronics,Marketplace,New,2,115.2,5,218.88
ORD-001617,2025-02-23,Europe,Beauty,Web,Returning,1,22.56,20,18.05
ORD-001618,2025-02-23,Latin America,Electronics,Web,Returning,1,203.36,0,203.36
ORD-001619,2025-02-23,Europe,Beauty,Marketplace,Returning,1,37.03,5,35.18
ORD-001620,2025-02-23,Asia Pacific,Apparel,Mobile app,Returning,1,50.02,5,47.52
ORD-001621,2025-02-23,Europe,Apparel,Mobile app,Returning,1,29.14,10,26.23
ORD-001622,2025-02-23,Latin America,Electronics,Marketplace,New,1,120.26,0,120.26
ORD-001623,2025-02-23,Latin America,Beauty,Mobile app,New,1,32.18,0,32.18
ORD-001624,2025-02-23,Europe,Electronics,Web,New,1,193.8,15,164.73
ORD-001625,2025-02-23,Latin America,Apparel,Mobile app,New,3,45.31,10,122.34
ORD-001626,2025-02-23,Europe,Electronics,Web,New,1,143.02,0,143.02
ORD-001627,2025-02-23,Latin America,Home & Kitchen,Web,New,2,56.44,15,95.95
ORD-001628,2025-02-23,Europe,Apparel,Web,New,2,51.62,5,98.08
ORD-001629,2025-02-23,Asia Pacific,Sports & Outdoors,Marketplace,Returning,2,65.43,5,124.32
ORD-001630,2025-02-23,Latin America,Apparel,Web,Returning,3,60.29,0,180.87
ORD-001631,2025-02-24,Asia Pacific,Home & Kitchen,Retail partner,Returning,1,114.07,0,114.07
ORD-001632,2025-02-24,Europe,Apparel,Web,New,1,51.86,20,41.49
ORD-001633,2025-02-24,Asia Pacific,Home & Kitchen,Mobile app,Returning,1,77.48,15,65.86
ORD-001634,2025-02-24,North America,Apparel,Web,Returning,1,46.08,5,43.78
ORD-001635,2025-02-24,Middle East & Africa,Home & Kitchen,Web,Returning,1,58.56,0,58.56
ORD-001636,2025-02-24,Europe,Electronics,Web,Returning,2,215.76,0,431.52
ORD-001637,2025-02-24,Asia Pacific,Apparel,Mobile app,New,1,34.14,0,34.14
ORD-001638,2025-02-24,North America,Apparel,Mobile app,Returning,2,72.65,0,145.3
ORD-001639,2025-02-24,Middle East & Africa,Electronics,Retail partner,New,1,118,15,100.3
ORD-001640,2025-02-24,Europe,Electronics,Web,Returning,3,184.39,5,525.51
ORD-001641,2025-02-24,Latin America,Beauty,Mobile app,New,1,27.65,5,26.27
ORD-001642,2025-02-24,Europe,Beauty,Mobile app,Returning,5,21.35,0,106.75
ORD-001643,2025-02-24,North America,Electronics,Mobile app,Returning,2,113.65,0,227.3
ORD-001644,2025-02-24,North America,Beauty,Web,New,2,17.65,5,33.53
ORD-001645,2025-02-24,North America,Electronics,Web,New,1,166.48,0,166.48
ORD-001646,2025-02-24,North America,Apparel,Web,Returning,2,19.32,0,38.64
ORD-001647,2025-02-24,North America,Apparel,Web,Returning,1,32.34,10,29.11
ORD-001648,2025-02-24,Asia Pacific,Apparel,Mobile app,Returning,2,64.84,0,129.68
ORD-001649,2025-02-24,North America,Sports & Outdoors,Mobile app,Returning,1,74.95,0,74.95
ORD-001650,2025-02-24,Latin America,Beauty,Mobile app,Returning,1,14.26,0,14.26
ORD-001651,2025-02-24,Europe,Beauty,Retail partner,New,1,18.05,5,17.15
ORD-001652,2025-02-24,Asia Pacific,Beauty,Web,Returning,2,28.96,5,55.02
ORD-001653,2025-02-24,Europe,Home & Kitchen,Web,New,1,52.56,15,44.68
ORD-001654,2025-02-24,Middle East & Africa,Electronics,Web,Returning,1,203.64,5,193.46
ORD-001655,2025-02-24,Europe,Electronics,Mobile app,New,1,204.83,0,204.83
ORD-001656,2025-02-24,Latin America,Apparel,Mobile app,New,3,48.51,5,138.25
ORD-001657,2025-02-24,Latin America,Apparel,Web,New,5,53.2,0,266
ORD-001658,2025-02-24,North America,Electronics,Mobile app,New,2,109.95,0,219.9
ORD-001659,2025-02-24,North America,Electronics,Mobile app,New,2,172.14,0,344.28
ORD-001660,2025-02-24,Europe,Home & Kitchen,Web,New,2,59.64,0,119.28
ORD-001661,2025-02-24,North America,Beauty,Marketplace,New,2,30.49,0,60.98
ORD-001662,2025-02-24,Europe,Home & Kitchen,Mobile app,New,2,47.31,0,94.62
ORD-001663,2025-02-24,North America,Electronics,Web,New,3,203.02,0,609.06
ORD-001664,2025-02-24,North America,Electronics,Marketplace,Returning,1,164.16,0,164.16
ORD-001665,2025-02-24,North America,Home & Kitchen,Mobile app,New,5,74.6,0,373
ORD-001666,2025-02-25,Europe,Beauty,Web,Returning,1,33.48,0,33.48
ORD-001667,2025-02-25,Middle East & Africa,Electronics,Mobile app,Returning,1,181.56,0,181.56
ORD-001668,2025-02-25,Europe,Beauty,Web,New,1,23.9,10,21.51
ORD-001669,2025-02-25,Asia Pacific,Apparel,Web,Returning,1,45.4,5,43.13
ORD-001670,2025-02-25,North America,Home & Kitchen,Mobile app,Returning,1,75.76,0,75.76
ORD-001671,2025-02-25,North America,Apparel,Retail partner,New,1,84.79,0,84.79
ORD-001672,2025-02-25,Middle East & Africa,Apparel,Retail partner,Returning,1,39.07,0,39.07
ORD-001673,2025-02-25,Europe,Sports & Outdoors,Marketplace,Returning,2,52,0,104
ORD-001674,2025-02-25,Asia Pacific,Toys,Web,Returning,1,33.25,0,33.25
ORD-001675,2025-02-25,Europe,Apparel,Mobile app,Returning,4,46.73,0,186.92
ORD-001676,2025-02-25,Latin America,Apparel,Web,New,1,53.91,0,53.91
ORD-001677,2025-02-25,Latin America,Electronics,Mobile app,New,1,270.66,15,230.06
ORD-001678,2025-02-25,North America,Sports & Outdoors,Marketplace,New,2,39.37,0,78.74
ORD-001679,2025-02-25,Latin America,Apparel,Web,New,1,26.59,0,26.59
ORD-001680,2025-02-25,Europe,Apparel,Marketplace,Returning,3,67.86,15,173.04
ORD-001681,2025-02-25,North America,Home & Kitchen,Web,New,1,55.28,0,55.28
ORD-001682,2025-02-25,North America,Electronics,Mobile app,Returning,1,217.96,0,217.96
ORD-001683,2025-02-25,Europe,Apparel,Mobile app,New,1,63.51,5,60.33
ORD-001684,2025-02-25,Asia Pacific,Home & Kitchen,Web,Returning,2,68.57,0,137.14
ORD-001685,2025-02-25,Europe,Home & Kitchen,Web,New,4,80.6,0,322.4
ORD-001686,2025-02-25,Europe,Apparel,Web,Returning,1,60.21,0,60.21
ORD-001687,2025-02-25,Europe,Home & Kitchen,Web,Returning,1,46.99,0,46.99
ORD-001688,2025-02-25,Europe,Electronics,Web,Returning,1,225.21,0,225.21
ORD-001689,2025-02-25,Latin America,Sports & Outdoors,Mobile app,Returning,2,61.3,5,116.47
ORD-001690,2025-02-25,Europe,Electronics,Web,Returning,1,101.38,10,91.24
ORD-001691,2025-02-25,Latin America,Electronics,Mobile app,Returning,2,123.13,0,246.26
ORD-001692,2025-02-25,North America,Home & Kitchen,Retail partner,New,1,96.59,0,96.59
ORD-001693,2025-02-25,North America,Electronics,Mobile app,New,1,186.72,0,186.72
ORD-001694,2025-02-25,North America,Electronics,Mobile app,Returning,1,272.97,0,272.97
ORD-001695,2025-02-25,Europe,Apparel,Web,Returning,1,47.75,0,47.75
ORD-001696,2025-02-25,North America,Sports & Outdoors,Web,New,1,62.63,0,62.63
ORD-001697,2025-02-25,Latin America,Apparel,Marketplace,Returning,1,109.76,0,109.76
ORD-001698,2025-02-25,Asia Pacific,Beauty,Mobile app,New,1,21.15,0,21.15
ORD-001699,2025-02-25,North America,Apparel,Mobile app,Returning,1,140.22,0,140.22
ORD-001700,2025-02-25,North America,Apparel,Mobile app,Returning,2,25.83,15,43.91
ORD-001701,2025-02-26,Latin America,Apparel,Retail partner,New,2,27.57,0,55.14
ORD-001702,2025-02-26,North America,Sports & Outdoors,Web,New,1,42.66,10,38.39
ORD-001703,2025-02-26,Middle East & Africa,Toys,Mobile app,Returning,1,30.77,0,30.77
ORD-001704,2025-02-26,Asia Pacific,Sports & Outdoors,Mobile app,Returning,1,65.65,0,65.65
ORD-001705,2025-02-26,Asia Pacific,Beauty,Mobile app,Returning,1,26.3,0,26.3
ORD-001706,2025-02-26,Europe,Home & Kitchen,Mobile app,New,1,71.66,0,71.66
ORD-001707,2025-02-26,North America,Home & Kitchen,Web,Returning,2,95.3,10,171.54
ORD-001708,2025-02-26,Latin America,Sports & Outdoors,Web,Returning,1,92.48,0,92.48
ORD-001709,2025-02-26,Latin America,Home & Kitchen,Web,Returning,4,50.02,0,200.08
ORD-001710,2025-02-26,Europe,Apparel,Mobile app,Returning,2,58.55,0,117.1
ORD-001711,2025-02-26,North America,Apparel,Retail partner,Returning,4,32.68,5,124.18
ORD-001712,2025-02-26,North America,Electronics,Web,New,1,240.99,5,228.94
ORD-001713,2025-02-26,North America,Beauty,Web,New,1,20.84,0,20.84
ORD-001714,2025-02-26,North America,Home & Kitchen,Web,New,1,59.7,5,56.72
ORD-001715,2025-02-26,Latin America,Toys,Mobile app,Returning,3,27.93,0,83.79
ORD-001716,2025-02-26,North America,Electronics,Web,New,2,205.18,15,348.81
ORD-001717,2025-02-26,North America,Apparel,Web,New,1,66.3,0,66.3
ORD-001718,2025-02-26,North America,Sports & Outdoors,Marketplace,New,1,96.52,5,91.69
ORD-001719,2025-02-26,Europe,Sports & Outdoors,Mobile app,Returning,5,49.9,0,249.5
ORD-001720,2025-02-26,Asia Pacific,Electronics,Mobile app,New,1,155.97,0,155.97
ORD-001721,2025-02-26,North America,Sports & Outdoors,Marketplace,Returning,1,43.16,0,43.16
ORD-001722,2025-02-26,Europe,Electronics,Mobile app,New,1,186.38,10,167.74
ORD-001723,2025-02-26,Middle East & Africa,Home & Kitchen,Mobile app,Returning,1,52.51,0,52.51
ORD-001724,2025-02-26,Europe,Home & Kitchen,Web,Returning,4,43.19,20,138.21
ORD-001725,2025-02-26,Asia Pacific,Apparel,Retail partner,Returning,3,51.72,0,155.16
ORD-001726,2025-02-26,Europe,Electronics,Web,New,3,215.36,0,646.08
ORD-001727,2025-02-26,Europe,Electronics,Web,New,4,235.45,15,800.53
ORD-001728,2025-02-26,North America,Home & Kitchen,Mobile app,Returning,1,46.06,0,46.06
ORD-001729,2025-02-26,Europe,Electronics,Web,Returning,3,124.81,0,374.43
ORD-001730,2025-02-26,Europe,Apparel,Web,Returning,2,47.55,5,90.34
ORD-001731,2025-02-26,North America,Home & Kitchen,Retail partner,New,1,31.45,0,31.45
ORD-001732,2025-02-26,North America,Home & Kitchen,Mobile app,Returning,1,23.38,15,19.87
ORD-001733,2025-02-26,Latin America,Toys,Web,New,2,19.51,0,39.02
ORD-001734,2025-02-26,Europe,Electronics,Web,New,2,172.37,10,310.27
ORD-001735,2025-02-27,Middle East & Africa,Electronics,Web,Returning,2,161.27,0,322.54
ORD-001736,2025-02-27,Europe,Toys,Marketplace,Returning,4,32.73,0,130.92
ORD-001737,2025-02-27,Europe,Toys,Mobile app,New,2,29.22,15,49.67
ORD-001738,2025-02-27,Europe,Apparel,Web,New,1,37.81,0,37.81
ORD-001739,2025-02-27,Europe,Sports & Outdoors,Web,New,1,63.9,10,57.51
ORD-001740,2025-02-27,Latin America,Home & Kitchen,Marketplace,New,1,52.44,0,52.44
ORD-001741,2025-02-27,North America,Apparel,Web,Returning,2,55.88,5,106.17
ORD-001742,2025-02-27,North America,Apparel,Mobile app,Returning,2,54.14,0,108.28
ORD-001743,2025-02-27,Latin America,Beauty,Mobile app,Returning,2,28.39,0,56.78
ORD-001744,2025-02-27,Europe,Beauty,Mobile app,Returning,3,28.44,0,85.32
ORD-001745,2025-02-27,North America,Apparel,Mobile app,Returning,2,40.32,0,80.64
ORD-001746,2025-02-27,North America,Home & Kitchen,Marketplace,Returning,4,58.87,10,211.93
ORD-001747,2025-02-27,Europe,Sports & Outdoors,Mobile app,New,1,39.56,0,39.56
ORD-001748,2025-02-27,North America,Home & Kitchen,Web,Returning,1,38.74,0,38.74
ORD-001749,2025-02-27,North America,Home & Kitchen,Mobile app,Returning,1,60.77,10,54.69
ORD-001750,2025-02-27,Europe,Electronics,Mobile app,Returning,1,140.1,0,140.1
ORD-001751,2025-02-27,North America,Apparel,Retail partner,Returning,4,73.11,5,277.82
ORD-001752,2025-02-27,North America,Apparel,Web,Returning,1,53.1,0,53.1
ORD-001753,2025-02-27,Latin America,Sports & Outdoors,Retail partner,Returning,4,77.42,0,309.68
ORD-001754,2025-02-27,North America,Home & Kitchen,Web,Returning,1,49.76,0,49.76
ORD-001755,2025-02-27,Asia Pacific,Electronics,Web,Returning,2,100.45,0,200.9
ORD-001756,2025-02-27,Middle East & Africa,Home & Kitchen,Mobile app,Returning,1,64.89,10,58.4
ORD-001757,2025-02-27,North America,Beauty,Web,Returning,4,26.12,0,104.48
ORD-001758,2025-02-27,Asia Pacific,Sports & Outdoors,Web,New,1,79.86,0,79.86
ORD-001759,2025-02-27,North America,Electronics,Mobile app,Returning,3,148.33,0,444.99
ORD-001760,2025-02-27,Latin America,Electronics,Mobile app,New,5,202.18,20,808.72
ORD-001761,2025-02-27,Europe,Apparel,Mobile app,Returning,3,60.75,5,173.14
ORD-001762,2025-02-27,Europe,Apparel,Web,New,1,53.5,0,53.5
ORD-001763,2025-02-27,Europe,Electronics,Marketplace,Returning,3,188.23,0,564.69
ORD-001764,2025-02-27,Latin America,Home & Kitchen,Web,Returning,2,64.81,15,110.18
ORD-001765,2025-02-27,Middle East & Africa,Sports & Outdoors,Mobile app,Returning,2,66.61,10,119.9
ORD-001766,2025-02-27,Latin America,Electronics,Marketplace,Returning,2,89.28,10,160.7
ORD-001767,2025-02-28,Europe,Electronics,Mobile app,New,3,96.06,0,288.18
ORD-001768,2025-02-28,Europe,Toys,Mobile app,New,1,26.86,0,26.86
ORD-001769,2025-02-28,North America,Apparel,Web,New,1,40.29,0,40.29
ORD-001770,2025-02-28,Europe,Beauty,Web,New,2,38.98,0,77.96
ORD-001771,2025-02-28,North America,Apparel,Retail partner,New,2,88.61,0,177.22
ORD-001772,2025-02-28,North America,Home & Kitchen,Web,Returning,1,100.37,0,100.37
ORD-001773,2025-02-28,Europe,Apparel,Mobile app,Returning,1,54.66,0,54.66
ORD-001774,2025-02-28,North America,Sports & Outdoors,Web,Returning,2,69.42,0,138.84
ORD-001775,2025-02-28,North America,Apparel,Mobile app,Returning,1,46.87,0,46.87
ORD-001776,2025-02-28,Middle East & Africa,Electronics,Mobile app,Returning,5,198.14,0,990.7
ORD-001777,2025-02-28,Asia Pacific,Electronics,Mobile app,Returning,3,251.36,0,754.08
ORD-001778,2025-02-28,Latin America,Electronics,Web,New,3,88.3,0,264.9
ORD-001779,2025-02-28,North America,Apparel,Mobile app,New,1,37.7,0,37.7
ORD-001780,2025-02-28,Europe,Toys,Web,Returning,1,42.04,10,37.84
ORD-001781,2025-02-28,Latin America,Electronics,Mobile app,New,1,176.29,0,176.29
ORD-001782,2025-02-28,Europe,Beauty,Mobile app,New,1,22.45,5,21.33
ORD-001783,2025-02-28,North America,Home & Kitchen,Web,New,2,59.42,0,118.84
ORD-001784,2025-02-28,North America,Beauty,Retail partner,Returning,1,45.61,10,41.05
ORD-001785,2025-02-28,Europe,Home & Kitchen,Web,New,2,51.46,5,97.77
ORD-001786,2025-02-28,Europe,Beauty,Web,Returning,3,38.99,0,116.97
ORD-001787,2025-02-28,Middle East & Africa,Sports & Outdoors,Web,New,4,93.52,5,355.38
ORD-001788,2025-02-28,Europe,Electronics,Web,Returning,2,206.07,5,391.53
ORD-001789,2025-02-28,Europe,Home & Kitchen,Mobile app,New,1,46.7,0,46.7
ORD-001790,2025-02-28,North America,Toys,Web,Returning,2,33.54,0,67.08
ORD-001791,2025-02-28,Asia Pacific,Beauty,Mobile app,Returning,2,17.21,0,34.42
ORD-001792,2025-02-28,Asia Pacific,Electronics,Mobile app,Returning,2,282.3,5,536.37
ORD-001793,2025-02-28,Asia Pacific,Home & Kitchen,Mobile app,New,2,66.89,0,133.78
ORD-001794,2025-02-28,North America,Apparel,Web,Returning,1,43.01,0,43.01
ORD-001795,2025-02-28,Asia Pacific,Beauty,Web,Returning,2,24.35,0,48.7
ORD-001796,2025-02-28,Asia Pacific,Electronics,Mobile app,Returning,1,133.94,5,127.24
ORD-001797,2025-02-28,Middle East & Africa,Apparel,Web,Returning,1,33.02,5,31.37
ORD-001798,2025-02-28,Europe,Home & Kitchen,Web,Returning,1,79.52,0,79.52
ORD-001799,2025-03-01,Asia Pacific,Beauty,Web,New,1,17.6,0,17.6
ORD-001800,2025-03-01,Asia Pacific,Toys,Web,Returning,1,42.98,0,42.98
ORD-001801,2025-03-01,North America,Toys,Web,Returning,1,26.19,0,26.19
ORD-001802,2025-03-01,Asia Pacific,Home & Kitchen,Web,Returning,2,70.45,0,140.9
ORD-001803,2025-03-01,Europe,Apparel,Web,New,1,34.05,0,34.05
ORD-001804,2025-03-01,North America,Electronics,Marketplace,New,1,309.5,15,263.08
ORD-001805,2025-03-01,North America,Electronics,Mobile app,New,1,161.69,0,161.69
ORD-001806,2025-03-01,Middle East & Africa,Apparel,Mobile app,New,2,26.14,5,49.67
ORD-001807,2025-03-01,Latin America,Electronics,Web,New,1,199.16,0,199.16
ORD-001808,2025-03-01,North America,Home & Kitchen,Mobile app,Returning,1,78.39,5,74.47
ORD-001809,2025-03-01,Latin America,Home & Kitchen,Marketplace,Returning,1,60.16,0,60.16
ORD-001810,2025-03-01,North America,Electronics,Mobile app,Returning,1,173.39,0,173.39
ORD-001811,2025-03-01,Latin America,Beauty,Web,Returning,1,29.08,10,26.17
ORD-001812,2025-03-01,Asia Pacific,Sports & Outdoors,Web,New,1,91.04,10,81.94
ORD-001813,2025-03-01,North America,Electronics,Mobile app,New,1,121.42,15,103.21
ORD-001814,2025-03-01,Asia Pacific,Electronics,Web,Returning,1,110.88,5,105.34
ORD-001815,2025-03-01,Latin America,Electronics,Web,Returning,1,198.91,5,188.96
ORD-001816,2025-03-01,Europe,Electronics,Web,Returning,2,203.77,15,346.41
ORD-001817,2025-03-01,Asia Pacific,Toys,Web,Returning,4,25.46,0,101.84
ORD-001818,2025-03-01,Asia Pacific,Apparel,Web,New,2,43.37,10,78.07
ORD-001819,2025-03-01,Asia Pacific,Electronics,Web,Returning,2,208.16,0,416.32
ORD-001820,2025-03-01,North America,Electronics,Web,New,4,189.08,5,718.5
ORD-001821,2025-03-01,North America,Beauty,Mobile app,Returning,2,36.54,0,73.08
ORD-001822,2025-03-01,Middle East & Africa,Electronics,Retail partner,Returning,1,338.44,0,338.44
ORD-001823,2025-03-01,North America,Beauty,Mobile app,Returning,1,32.86,0,32.86
ORD-001824,2025-03-01,North America,Electronics,Marketplace,Returning,4,197.58,0,790.32
ORD-001825,2025-03-01,North America,Electronics,Web,Returning,3,140.06,0,420.18
ORD-001826,2025-03-01,Asia Pacific,Electronics,Web,Returning,4,201.73,0,806.92
ORD-001827,2025-03-01,North America,Sports & Outdoors,Web,New,2,95.16,5,180.8
ORD-001828,2025-03-01,North America,Toys,Web,Returning,2,39.89,5,75.79
ORD-001829,2025-03-01,North America,Home & Kitchen,Mobile app,New,2,102.4,10,184.32
ORD-001830,2025-03-02,North America,Apparel,Web,New,2,75.73,5,143.89
ORD-001831,2025-03-02,North America,Beauty,Web,Returning,3,19.45,5,55.43
ORD-001832,2025-03-02,Europe,Electronics,Mobile app,Returning,2,238.37,0,476.74
ORD-001833,2025-03-02,North America,Home & Kitchen,Mobile app,Returning,2,45.85,20,73.36
ORD-001834,2025-03-02,Asia Pacific,Electronics,Mobile app,Returning,1,343.19,15,291.71
ORD-001835,2025-03-02,Europe,Home & Kitchen,Mobile app,New,1,73.38,0,73.38
ORD-001836,2025-03-02,North America,Home & Kitchen,Marketplace,Returning,1,181.36,0,181.36
ORD-001837,2025-03-02,Latin America,Home & Kitchen,Web,Returning,2,53.68,0,107.36
ORD-001838,2025-03-02,North America,Beauty,Retail partner,Returning,2,33.83,5,64.28
ORD-001839,2025-03-02,North America,Toys,Mobile app,Returning,3,43.12,0,129.36
ORD-001840,2025-03-02,Asia Pacific,Beauty,Web,New,1,25.92,0,25.92
ORD-001841,2025-03-02,Europe,Beauty,Web,New,1,27.29,0,27.29
ORD-001842,2025-03-02,North America,Sports & Outdoors,Mobile app,New,2,49.86,5,94.73
ORD-001843,2025-03-02,Europe,Home & Kitchen,Mobile app,New,1,50.41,15,42.85
ORD-001844,2025-03-02,Latin America,Home & Kitchen,Mobile app,New,3,73.14,5,208.45
ORD-001845,2025-03-02,North America,Electronics,Web,New,2,262.07,0,524.14
ORD-001846,2025-03-02,North America,Electronics,Web,New,2,195.22,0,390.44
ORD-001847,2025-03-02,North America,Apparel,Mobile app,New,2,58.84,10,105.91
ORD-001848,2025-03-02,Europe,Home & Kitchen,Marketplace,Returning,2,41.87,5,79.55
ORD-001849,2025-03-02,North America,Sports & Outdoors,Mobile app,New,1,37.99,0,37.99
ORD-001850,2025-03-02,Europe,Sports & Outdoors,Retail partner,Returning,1,81.29,0,81.29
ORD-001851,2025-03-02,North America,Apparel,Mobile app,New,1,67.79,5,64.4
ORD-001852,2025-03-02,North America,Toys,Mobile app,New,1,37.89,15,32.21
ORD-001853,2025-03-02,Europe,Apparel,Marketplace,Returning,1,40.06,0,40.06
ORD-001854,2025-03-02,North America,Electronics,Marketplace,Returning,1,173.72,0,173.72
ORD-001855,2025-03-02,Asia Pacific,Electronics,Web,Returning,2,131.31,15,223.23
ORD-001856,2025-03-02,Asia Pacific,Home & Kitchen,Web,New,2,94.98,5,180.46
ORD-001857,2025-03-02,North America,Electronics,Web,Returning,2,207.46,0,414.92
ORD-001858,2025-03-02,Asia Pacific,Electronics,Web,Returning,1,154.92,0,154.92
ORD-001859,2025-03-02,North America,Toys,Web,Returning,4,52.54,0,210.16
ORD-001860,2025-03-02,North America,Home & Kitchen,Mobile app,Returning,1,55.72,0,55.72
ORD-001861,2025-03-02,Asia Pacific,Beauty,Web,Returning,1,55.04,10,49.54
ORD-001862,2025-03-02,Asia Pacific,Electronics,Mobile app,New,2,350.04,0,700.08
ORD-001863,2025-03-02,Europe,Electronics,Mobile app,Returning,2,214.77,0,429.54
ORD-001864,2025-03-02,Middle East & Africa,Home & Kitchen,Web,New,2,47.22,5,89.72
ORD-001865,2025-03-02,North America,Apparel,Mobile app,Returning,1,45.16,0,45.16
ORD-001866,2025-03-02,Latin America,Sports & Outdoors,Mobile app,Returning,3,56.35,0,169.05
ORD-001867,2025-03-03,Europe,Home & Kitchen,Web,New,1,92.02,0,92.02
ORD-001868,2025-03-03,Europe,Sports & Outdoors,Mobile app,New,2,59.9,0,119.8
ORD-001869,2025-03-03,North America,Electronics,Mobile app,Returning,1,340.11,0,340.11
ORD-001870,2025-03-03,Asia Pacific,Home & Kitchen,Web,New,1,90.79,5,86.25
ORD-001871,2025-03-03,Europe,Electronics,Mobile app,New,1,177.91,0,177.91
ORD-001872,2025-03-03,Europe,Beauty,Web,Returning,2,35.54,10,63.97
ORD-001873,2025-03-03,Europe,Apparel,Web,New,1,71.6,0,71.6
ORD-001874,2025-03-03,Asia Pacific,Beauty,Mobile app,Returning,1,41.56,20,33.25
ORD-001875,2025-03-03,Asia Pacific,Sports & Outdoors,Mobile app,New,1,97.01,10,87.31
ORD-001876,2025-03-03,Europe,Apparel,Mobile app,Returning,5,56.26,0,281.3
ORD-001877,2025-03-03,Latin America,Home & Kitchen,Mobile app,New,1,96.77,10,87.09
ORD-001878,2025-03-03,Asia Pacific,Apparel,Web,New,2,27.1,0,54.2
ORD-001879,2025-03-03,Asia Pacific,Apparel,Web,Returning,2,34.52,0,69.04
ORD-001880,2025-03-03,Asia Pacific,Beauty,Web,New,1,36.63,5,34.8
ORD-001881,2025-03-03,Europe,Electronics,Mobile app,New,4,132.55,0,530.2
ORD-001882,2025-03-03,Middle East & Africa,Home & Kitchen,Web,New,1,39.92,10,35.93
ORD-001883,2025-03-03,North America,Apparel,Mobile app,New,3,37.4,0,112.2
ORD-001884,2025-03-03,North America,Sports & Outdoors,Marketplace,Returning,1,63.18,15,53.7
ORD-001885,2025-03-03,Latin America,Toys,Web,Returning,1,30.72,5,29.18
ORD-001886,2025-03-03,North America,Electronics,Web,New,2,196.54,0,393.08
ORD-001887,2025-03-03,Europe,Sports & Outdoors,Web,New,1,46.88,0,46.88
ORD-001888,2025-03-03,Europe,Electronics,Web,Returning,1,187.46,10,168.71
ORD-001889,2025-03-03,North America,Apparel,Web,New,4,82.05,0,328.2
ORD-001890,2025-03-03,Asia Pacific,Sports & Outdoors,Retail partner,Returning,1,65.26,0,65.26
ORD-001891,2025-03-03,Europe,Home & Kitchen,Retail partner,Returning,1,75.72,10,68.15
ORD-001892,2025-03-03,North America,Electronics,Web,Returning,1,239.23,5,227.27
ORD-001893,2025-03-03,Europe,Apparel,Web,New,5,30.53,0,152.65
ORD-001894,2025-03-03,Asia Pacific,Apparel,Web,Returning,2,37.51,0,75.02
ORD-001895,2025-03-03,Europe,Apparel,Web,New,1,67.45,15,57.33
ORD-001896,2025-03-04,North America,Toys,Web,New,1,50.74,0,50.74
ORD-001897,2025-03-04,Europe,Electronics,Web,Returning,1,123.71,5,117.52
ORD-001898,2025-03-04,North America,Apparel,Marketplace,Returning,1,44.09,0,44.09
ORD-001899,2025-03-04,Europe,Home & Kitchen,Web,New,1,86.04,5,81.74
ORD-001900,2025-03-04,Asia Pacific,Electronics,Web,Returning,1,116.6,0,116.6
ORD-001901,2025-03-04,Asia Pacific,Apparel,Web,Returning,1,49.71,0,49.71
ORD-001902,2025-03-04,Latin America,Apparel,Web,Returning,2,28.84,5,54.8
ORD-001903,2025-03-04,North America,Home & Kitchen,Mobile app,New,2,42.71,0,85.42
ORD-001904,2025-03-04,Europe,Home & Kitchen,Web,Returning,1,110.61,5,105.08
ORD-001905,2025-03-04,North America,Toys,Mobile app,New,2,36.12,15,61.4
ORD-001906,2025-03-04,North America,Home & Kitchen,Marketplace,New,2,76.7,0,153.4
ORD-001907,2025-03-04,North America,Home & Kitchen,Mobile app,Returning,2,47.22,5,89.72
ORD-001908,2025-03-04,Europe,Home & Kitchen,Web,New,2,85.53,5,162.51
ORD-001909,2025-03-04,Europe,Sports & Outdoors,Web,New,5,66.19,5,314.4
ORD-001910,2025-03-04,North America,Home & Kitchen,Mobile app,Returning,2,45.75,5,86.93
ORD-001911,2025-03-04,Europe,Beauty,Web,Returning,1,35.31,5,33.54
ORD-001912,2025-03-04,Asia Pacific,Electronics,Web,Returning,1,186.35,15,158.4
ORD-001913,2025-03-04,Latin America,Beauty,Mobile app,Returning,4,48.48,0,193.92
ORD-001914,2025-03-04,North America,Electronics,Web,New,3,125.89,0,377.67
ORD-001915,2025-03-04,Asia Pacific,Apparel,Mobile app,Returning,1,66.89,15,56.86
ORD-001916,2025-03-04,Asia Pacific,Home & Kitchen,Web,New,2,57.55,0,115.1
ORD-001917,2025-03-04,Europe,Sports & Outdoors,Mobile app,New,2,65.25,0,130.5
ORD-001918,2025-03-04,Europe,Apparel,Mobile app,Returning,2,42.07,0,84.14
ORD-001919,2025-03-04,North America,Apparel,Web,Returning,2,28.07,0,56.14
ORD-001920,2025-03-04,North America,Apparel,Web,Returning,1,45.08,0,45.08
ORD-001921,2025-03-04,Latin America,Apparel,Mobile app,Returning,1,47.77,0,47.77
ORD-001922,2025-03-04,Europe,Home & Kitchen,Mobile app,Returning,1,78.81,5,74.87
ORD-001923,2025-03-04,Middle East & Africa,Electronics,Retail partner,Returning,3,284.27,0,852.81
ORD-001924,2025-03-04,Asia Pacific,Apparel,Retail partner,Returning,3,24.25,0,72.75
ORD-001925,2025-03-04,Europe,Apparel,Mobile app,New,5,54.54,0,272.7
ORD-001926,2025-03-04,Asia Pacific,Home & Kitchen,Web,Returning,2,82.81,5,157.34
ORD-001927,2025-03-04,Europe,Home & Kitchen,Web,Returning,2,51.42,0,102.84
ORD-001928,2025-03-04,Europe,Home & Kitchen,Mobile app,Returning,1,65.24,0,65.24
ORD-001929,2025-03-04,Middle East & Africa,Home & Kitchen,Marketplace,Returning,1,61.97,0,61.97
ORD-001930,2025-03-04,North America,Home & Kitchen,Mobile app,Returning,1,49.35,5,46.88
ORD-001931,2025-03-04,Asia Pacific,Electronics,Web,Returning,1,219.58,0,219.58
ORD-001932,2025-03-04,Asia Pacific,Home & Kitchen,Mobile app,Returning,2,99.49,0,198.98
ORD-001933,2025-03-04,North America,Electronics,Mobile app,New,2,171.82,10,309.28
ORD-001934,2025-03-04,North America,Apparel,Mobile app,Returning,1,58.92,0,58.92
ORD-001935,2025-03-04,Asia Pacific,Apparel,Mobile app,Returning,1,33.57,0,33.57
ORD-001936,2025-03-04,Asia Pacific,Home & Kitchen,Web,New,1,72.83,5,69.19
ORD-001937,2025-03-05,North America,Toys,Mobile app,New,3,45.19,0,135.57
ORD-001938,2025-03-05,North America,Apparel,Mobile app,New,2,66.72,15,113.42
ORD-001939,2025-03-05,North America,Home & Kitchen,Web,Returning,2,82.84,5,157.4
ORD-001940,2025-03-05,Europe,Electronics,Retail partner,New,1,203.61,10,183.25
ORD-001941,2025-03-05,Europe,Beauty,Retail partner,Returning,2,19.61,0,39.22
ORD-001942,2025-03-05,North America,Apparel,Web,Returning,3,48.75,0,146.25
ORD-001943,2025-03-05,Latin America,Home & Kitchen,Mobile app,New,1,59.36,10,53.42
ORD-001944,2025-03-05,Europe,Home & Kitchen,Web,New,1,76.59,0,76.59
ORD-001945,2025-03-05,Asia Pacific,Apparel,Web,Returning,4,123.32,0,493.28
ORD-001946,2025-03-05,North America,Home & Kitchen,Mobile app,Returning,5,62.74,0,313.7
ORD-001947,2025-03-05,Middle East & Africa,Apparel,Web,Returning,1,34.42,0,34.42
ORD-001948,2025-03-05,Asia Pacific,Beauty,Mobile app,New,1,20.62,0,20.62
ORD-001949,2025-03-05,Asia Pacific,Toys,Web,Returning,3,28.29,0,84.87
ORD-001950,2025-03-05,Europe,Electronics,Web,Returning,3,102.65,0,307.95
ORD-001951,2025-03-05,North America,Home & Kitchen,Web,Returning,1,64.72,0,64.72
ORD-001952,2025-03-05,Europe,Home & Kitchen,Mobile app,Returning,1,67.04,10,60.34
ORD-001953,2025-03-05,Middle East & Africa,Sports & Outdoors,Retail partner,Returning,1,85.69,5,81.41
ORD-001954,2025-03-05,North America,Beauty,Web,New,1,39.54,0,39.54
ORD-001955,2025-03-05,Asia Pacific,Apparel,Web,Returning,1,71.68,15,60.93
ORD-001956,2025-03-05,North America,Home & Kitchen,Web,Returning,4,53.77,0,215.08
ORD-001957,2025-03-05,Asia Pacific,Apparel,Marketplace,Returning,1,35.12,10,31.61
ORD-001958,2025-03-05,North America,Home & Kitchen,Marketplace,New,1,56.81,10,51.13
ORD-001959,2025-03-05,Asia Pacific,Sports & Outdoors,Web,Returning,1,69.69,0,69.69
ORD-001960,2025-03-05,Latin America,Electronics,Marketplace,Returning,1,161.96,0,161.96
ORD-001961,2025-03-05,Asia Pacific,Home & Kitchen,Web,Returning,1,73.43,0,73.43
ORD-001962,2025-03-05,North America,Beauty,Web,Returning,3,39.5,0,118.5
ORD-001963,2025-03-05,Middle East & Africa,Home & Kitchen,Retail partner,Returning,1,75.2,15,63.92
ORD-001964,2025-03-06,Europe,Sports & Outdoors,Mobile app,New,4,70.8,20,226.56
ORD-001965,2025-03-06,Latin America,Home & Kitchen,Web,Returning,1,27.03,10,24.33
ORD-001966,2025-03-06,Europe,Home & Kitchen,Marketplace,Returning,1,66.29,0,66.29
ORD-001967,2025-03-06,Middle East & Africa,Beauty,Web,Returning,1,23.35,0,23.35
ORD-001968,2025-03-06,North America,Electronics,Retail partner,Returning,4,157,0,628
ORD-001969,2025-03-06,North America,Home & Kitchen,Mobile app,Returning,1,43.52,0,43.52
ORD-001970,2025-03-06,North America,Toys,Mobile app,New,1,41.39,0,41.39
ORD-001971,2025-03-06,Asia Pacific,Electronics,Marketplace,New,2,236.34,5,449.05
ORD-001972,2025-03-06,Europe,Sports & Outdoors,Mobile app,New,3,64.54,0,193.62
ORD-001973,2025-03-06,North America,Beauty,Mobile app,Returning,1,68.07,0,68.07
ORD-001974,2025-03-06,Europe,Electronics,Marketplace,New,1,179.93,0,179.93
ORD-001975,2025-03-06,Europe,Sports & Outdoors,Web,Returning,1,108.25,0,108.25
ORD-001976,2025-03-06,Latin America,Toys,Marketplace,New,4,34.8,10,125.28
ORD-001977,2025-03-06,North America,Electronics,Mobile app,Returning,2,103.56,0,207.12
ORD-001978,2025-03-06,North America,Beauty,Web,Returning,2,29.63,0,59.26
ORD-001979,2025-03-06,Asia Pacific,Beauty,Web,New,1,22.17,15,18.84
ORD-001980,2025-03-06,North America,Toys,Web,New,4,43.06,0,172.24
ORD-001981,2025-03-06,North America,Toys,Web,Returning,1,49.4,0,49.4
ORD-001982,2025-03-06,Europe,Apparel,Web,Returning,1,26.68,5,25.35
ORD-001983,2025-03-06,Europe,Toys,Retail partner,Returning,1,34.27,5,32.56
ORD-001984,2025-03-06,Asia Pacific,Apparel,Web,New,3,60.22,0,180.66
ORD-001985,2025-03-06,Europe,Home & Kitchen,Retail partner,Returning,1,51.58,5,49
ORD-001986,2025-03-06,Asia Pacific,Apparel,Mobile app,New,1,31.7,0,31.7
ORD-001987,2025-03-06,North America,Electronics,Web,Returning,2,121.67,0,243.34
ORD-001988,2025-03-06,North America,Home & Kitchen,Mobile app,New,1,43.64,10,39.28
ORD-001989,2025-03-06,Latin America,Electronics,Web,Returning,2,227.03,0,454.06
ORD-001990,2025-03-07,Europe,Sports & Outdoors,Retail partner,Returning,1,49.91,5,47.41
ORD-001991,2025-03-07,Middle East & Africa,Home & Kitchen,Mobile app,Returning,2,31.16,0,62.32
ORD-001992,2025-03-07,Middle East & Africa,Home & Kitchen,Mobile app,New,1,73.93,10,66.54
ORD-001993,2025-03-07,Europe,Home & Kitchen,Mobile app,Returning,2,35.17,0,70.34
ORD-001994,2025-03-07,Asia Pacific,Apparel,Mobile app,Returning,2,17.88,10,32.18
ORD-001995,2025-03-07,North America,Apparel,Mobile app,Returning,2,94.74,0,189.48
ORD-001996,2025-03-07,North America,Electronics,Web,Returning,1,106.72,0,106.72
ORD-001997,2025-03-07,Europe,Home & Kitchen,Web,Returning,3,52.94,5,150.88
ORD-001998,2025-03-07,North America,Electronics,Mobile app,New,1,236.39,0,236.39
ORD-001999,2025-03-07,Europe,Home & Kitchen,Web,Returning,3,109.21,0,327.63
ORD-002000,2025-03-07,North America,Electronics,Web,New,2,146.1,10,262.98
ORD-002001,2025-03-07,North America,Sports & Outdoors,Web,Returning,1,66.77,5,63.43
ORD-002002,2025-03-07,Europe,Sports & Outdoors,Mobile app,New,2,83.99,0,167.98
ORD-002003,2025-03-07,Asia Pacific,Apparel,Mobile app,Returning,2,32.3,0,64.6
ORD-002004,2025-03-07,North America,Apparel,Web,New,2,42.21,10,75.98
ORD-002005,2025-03-07,North America,Sports & Outdoors,Web,Returning,1,80.14,0,80.14
ORD-002006,2025-03-07,Latin America,Home & Kitchen,Retail partner,New,1,60.3,0,60.3
ORD-002007,2025-03-07,North America,Apparel,Web,Returning,3,83,0,249
ORD-002008,2025-03-07,Latin America,Electronics,Mobile app,New,2,149.69,0,299.38
ORD-002009,2025-03-07,Asia Pacific,Electronics,Mobile app,Returning,3,124.3,0,372.9
ORD-002010,2025-03-07,Latin America,Apparel,Mobile app,New,1,57.15,15,48.58
ORD-002011,2025-03-07,Middle East & Africa,Electronics,Mobile app,New,1,150.3,10,135.27
ORD-002012,2025-03-07,North America,Home & Kitchen,Mobile app,Returning,3,78.43,0,235.29
ORD-002013,2025-03-07,Middle East & Africa,Electronics,Web,Returning,3,170.67,0,512.01
ORD-002014,2025-03-07,North America,Sports & Outdoors,Web,New,1,82.02,15,69.72
ORD-002015,2025-03-07,Asia Pacific,Electronics,Retail partner,Returning,2,156.97,0,313.94
ORD-002016,2025-03-07,Middle East & Africa,Beauty,Marketplace,Returning,2,16.32,0,32.64
ORD-002017,2025-03-07,Europe,Electronics,Web,Returning,3,247.75,15,631.76
ORD-002018,2025-03-07,Europe,Electronics,Web,Returning,3,132.37,5,377.25
ORD-002019,2025-03-07,North America,Apparel,Mobile app,New,1,64.44,5,61.22
ORD-002020,2025-03-07,Europe,Home & Kitchen,Marketplace,Returning,1,126.2,10,113.58
ORD-002021,2025-03-07,North America,Electronics,Web,New,1,130.88,0,130.88
ORD-002022,2025-03-07,Asia Pacific,Beauty,Mobile app,New,2,43.38,0,86.76
ORD-002023,2025-03-07,Latin America,Beauty,Marketplace,New,2,32.42,0,64.84
ORD-002024,2025-03-08,Middle East & Africa,Electronics,Mobile app,New,1,174.42,0,174.42
ORD-002025,2025-03-08,North America,Toys,Web,New,3,31.44,0,94.32
ORD-002026,2025-03-08,Europe,Home & Kitchen,Mobile app,New,1,53.32,0,53.32
ORD-002027,2025-03-08,Asia Pacific,Toys,Web,New,3,45.93,0,137.79
ORD-002028,2025-03-08,Asia Pacific,Apparel,Mobile app,Returning,2,47.92,0,95.84
ORD-002029,2025-03-08,Europe,Apparel,Marketplace,Returning,1,76.77,0,76.77
ORD-002030,2025-03-08,Asia Pacific,Home & Kitchen,Web,New,1,63.42,0,63.42
ORD-002031,2025-03-08,Europe,Electronics,Mobile app,New,1,206.09,0,206.09
ORD-002032,2025-03-08,Latin America,Electronics,Web,Returning,1,157.84,0,157.84
ORD-002033,2025-03-08,Middle East & Africa,Beauty,Mobile app,New,1,31.04,10,27.94
ORD-002034,2025-03-08,Europe,Apparel,Retail partner,New,1,20.13,0,20.13
ORD-002035,2025-03-08,North America,Apparel,Mobile app,New,1,24.61,0,24.61
ORD-002036,2025-03-08,Middle East & Africa,Electronics,Retail partner,Returning,3,124.02,0,372.06
ORD-002037,2025-03-08,Latin America,Home & Kitchen,Web,Returning,1,59.23,20,47.38
ORD-002038,2025-03-08,Asia Pacific,Electronics,Web,Returning,1,99.62,15,84.68
ORD-002039,2025-03-08,Asia Pacific,Apparel,Mobile app,Returning,1,49.85,0,49.85
ORD-002040,2025-03-08,Latin America,Beauty,Web,Returning,1,19.34,0,19.34
ORD-002041,2025-03-08,Asia Pacific,Electronics,Marketplace,Returning,1,134.22,0,134.22
ORD-002042,2025-03-08,Asia Pacific,Electronics,Mobile app,Returning,1,366.24,5,347.93
ORD-002043,2025-03-08,North America,Apparel,Web,New,1,63.58,0,63.58
ORD-002044,2025-03-08,North America,Beauty,Marketplace,New,4,36.54,0,146.16
ORD-002045,2025-03-08,Europe,Home & Kitchen,Web,Returning,1,48.97,0,48.97
ORD-002046,2025-03-08,Asia Pacific,Toys,Web,Returning,2,29.64,0,59.28
ORD-002047,2025-03-08,Europe,Sports & Outdoors,Mobile app,New,1,63.23,10,56.91
ORD-002048,2025-03-08,North America,Home & Kitchen,Web,Returning,2,75.29,5,143.05
ORD-002049,2025-03-08,Asia Pacific,Apparel,Web,Returning,2,40.72,0,81.44
ORD-002050,2025-03-08,Europe,Beauty,Mobile app,Returning,1,44.1,5,41.9
ORD-002051,2025-03-08,North America,Beauty,Web,Returning,4,47.36,0,189.44
ORD-002052,2025-03-08,North America,Sports & Outdoors,Marketplace,Returning,1,134.61,5,127.88
ORD-002053,2025-03-08,Asia Pacific,Electronics,Mobile app,Returning,1,182.91,0,182.91
ORD-002054,2025-03-08,Latin America,Electronics,Mobile app,New,3,247.35,15,630.74
ORD-002055,2025-03-08,North America,Apparel,Web,Returning,1,30.92,0,30.92
ORD-002056,2025-03-08,Europe,Sports & Outdoors,Web,New,1,50.89,0,50.89
ORD-002057,2025-03-08,North America,Home & Kitchen,Marketplace,Returning,1,45.21,15,38.43
ORD-002058,2025-03-09,Europe,Home & Kitchen,Web,New,2,75.33,5,143.13
ORD-002059,2025-03-09,Europe,Apparel,Web,Returning,4,89.76,0,359.04
ORD-002060,2025-03-09,Europe,Home & Kitchen,Mobile app,New,1,76.75,0,76.75
ORD-002061,2025-03-09,North America,Beauty,Web,New,2,23.84,0,47.68
ORD-002062,2025-03-09,Europe,Toys,Mobile app,New,2,30.57,5,58.08
ORD-002063,2025-03-09,Asia Pacific,Beauty,Web,Returning,1,23.47,0,23.47
ORD-002064,2025-03-09,Europe,Toys,Web,Returning,1,42.94,0,42.94
ORD-002065,2025-03-09,Europe,Apparel,Marketplace,Returning,3,52.1,10,140.67
ORD-002066,2025-03-09,Latin America,Beauty,Web,Returning,1,21.37,0,21.37
ORD-002067,2025-03-09,North America,Electronics,Mobile app,Returning,3,183.57,0,550.71
ORD-002068,2025-03-09,Europe,Apparel,Web,Returning,1,29.87,0,29.87
ORD-002069,2025-03-09,Asia Pacific,Sports & Outdoors,Web,New,1,93.95,0,93.95
ORD-002070,2025-03-09,Latin America,Apparel,Web,New,3,57,0,171
ORD-002071,2025-03-09,Europe,Beauty,Mobile app,Returning,1,34.9,5,33.15
ORD-002072,2025-03-09,Latin America,Apparel,Web,New,1,38.96,10,35.06
ORD-002073,2025-03-09,Europe,Home & Kitchen,Retail partner,New,1,74.14,0,74.14
ORD-002074,2025-03-09,North America,Beauty,Web,Returning,4,25.42,0,101.68
ORD-002075,2025-03-09,Europe,Apparel,Mobile app,Returning,2,32.68,20,52.29
ORD-002076,2025-03-09,North America,Electronics,Web,Returning,2,171.51,0,343.02
ORD-002077,2025-03-09,Latin America,Home & Kitchen,Marketplace,New,1,98.31,0,98.31
ORD-002078,2025-03-09,Europe,Electronics,Web,Returning,1,320.31,5,304.29
ORD-002079,2025-03-09,Asia Pacific,Apparel,Marketplace,New,1,51.96,15,44.17
ORD-002080,2025-03-09,Europe,Sports & Outdoors,Retail partner,New,1,96.88,10,87.19
ORD-002081,2025-03-09,Asia Pacific,Electronics,Mobile app,New,3,95.83,0,287.49
ORD-002082,2025-03-09,North America,Sports & Outdoors,Marketplace,Returning,1,66.99,0,66.99
ORD-002083,2025-03-09,Asia Pacific,Apparel,Web,Returning,1,58.38,0,58.38
ORD-002084,2025-03-09,Europe,Home & Kitchen,Mobile app,Returning,2,42.06,15,71.5
ORD-002085,2025-03-09,Asia Pacific,Electronics,Marketplace,New,1,79.19,10,71.27
ORD-002086,2025-03-09,North America,Home & Kitchen,Web,Returning,1,104.08,5,98.88
ORD-002087,2025-03-09,North America,Electronics,Web,Returning,4,172.67,0,690.68
ORD-002088,2025-03-09,North America,Apparel,Retail partner,Returning,1,57.24,0,57.24
ORD-002089,2025-03-09,North America,Home & Kitchen,Web,New,3,56.42,15,143.87
ORD-002090,2025-03-09,Asia Pacific,Electronics,Mobile app,Returning,3,104.54,0,313.62
ORD-002091,2025-03-09,Europe,Beauty,Mobile app,Returning,2,48.24,5,91.66
ORD-002092,2025-03-09,North America,Apparel,Web,Returning,1,56.97,10,51.27
ORD-002093,2025-03-10,Europe,Beauty,Marketplace,New,2,71.9,0,143.8
ORD-002094,2025-03-10,Asia Pacific,Home & Kitchen,Marketplace,New,4,78.81,5,299.48
ORD-002095,2025-03-10,North America,Electronics,Web,New,4,383.81,5,1458.48
ORD-002096,2025-03-10,North America,Home & Kitchen,Mobile app,Returning,5,76.58,10,344.61
ORD-002097,2025-03-10,Europe,Home & Kitchen,Web,New,2,109.82,0,219.64
ORD-002098,2025-03-10,North America,Home & Kitchen,Web,Returning,1,48.79,5,46.35
ORD-002099,2025-03-10,North America,Home & Kitchen,Mobile app,New,2,78.22,0,156.44
ORD-002100,2025-03-10,North America,Electronics,Mobile app,Returning,1,169.44,0,169.44
ORD-002101,2025-03-10,Europe,Home & Kitchen,Marketplace,Returning,5,31.61,0,158.05
ORD-002102,2025-03-10,Europe,Home & Kitchen,Web,New,2,83.11,10,149.6
ORD-002103,2025-03-10,Latin America,Electronics,Marketplace,Returning,1,168.62,0,168.62
ORD-002104,2025-03-10,Europe,Home & Kitchen,Mobile app,Returning,2,62.09,20,99.34
ORD-002105,2025-03-10,North America,Electronics,Web,Returning,1,255.28,0,255.28
ORD-002106,2025-03-10,Asia Pacific,Toys,Marketplace,Returning,2,29.39,0,58.78
ORD-002107,2025-03-10,North America,Home & Kitchen,Web,Returning,1,55.51,0,55.51
ORD-002108,2025-03-10,Europe,Home & Kitchen,Web,Returning,1,89.56,0,89.56
ORD-002109,2025-03-10,North America,Beauty,Mobile app,New,1,22.9,0,22.9
ORD-002110,2025-03-10,North America,Sports & Outdoors,Mobile app,Returning,1,49.54,0,49.54
ORD-002111,2025-03-10,Europe,Apparel,Web,Returning,1,43.21,0,43.21
ORD-002112,2025-03-10,Latin America,Toys,Marketplace,New,1,36.14,20,28.91
ORD-002113,2025-03-10,North America,Sports & Outdoors,Marketplace,New,2,65.59,0,131.18
ORD-002114,2025-03-10,Europe,Apparel,Mobile app,Returning,1,61.92,0,61.92
ORD-002115,2025-03-10,North America,Beauty,Mobile app,New,2,23.15,0,46.3
ORD-002116,2025-03-10,North America,Beauty,Web,Returning,2,35.65,0,71.3
ORD-002117,2025-03-10,Europe,Toys,Web,Returning,1,28.09,0,28.09
ORD-002118,2025-03-10,North America,Sports & Outdoors,Web,New,2,95.78,5,181.98
ORD-002119,2025-03-10,Europe,Home & Kitchen,Mobile app,Returning,4,83.07,0,332.28
ORD-002120,2025-03-10,Latin America,Home & Kitchen,Web,New,3,69.26,5,197.39
ORD-002121,2025-03-10,Middle East & Africa,Apparel,Web,Returning,1,38.68,0,38.68
ORD-002122,2025-03-11,North America,Apparel,Mobile app,Returning,3,35.17,0,105.51
ORD-002123,2025-03-11,Asia Pacific,Electronics,Mobile app,Returning,1,193.42,15,164.41
ORD-002124,2025-03-11,Europe,Electronics,Web,Returning,2,190.93,0,381.86
ORD-002125,2025-03-11,Latin America,Home & Kitchen,Mobile app,Returning,5,51.3,5,243.68
ORD-002126,2025-03-11,Asia Pacific,Apparel,Web,Returning,1,79.38,0,79.38
ORD-002127,2025-03-11,North America,Sports & Outdoors,Web,Returning,4,99.77,5,379.13
ORD-002128,2025-03-11,North America,Sports & Outdoors,Web,New,2,97.46,10,175.43
ORD-002129,2025-03-11,Latin America,Home & Kitchen,Mobile app,Returning,1,73.6,0,73.6
ORD-002130,2025-03-11,Middle East & Africa,Sports & Outdoors,Retail partner,New,1,50.11,0,50.11
ORD-002131,2025-03-11,Europe,Apparel,Marketplace,New,2,39.73,10,71.51
ORD-002132,2025-03-11,Latin America,Apparel,Web,Returning,1,44.51,5,42.28
ORD-002133,2025-03-11,North America,Electronics,Web,New,1,225.25,0,225.25
ORD-002134,2025-03-11,Latin America,Home & Kitchen,Mobile app,New,1,97.33,0,97.33
ORD-002135,2025-03-11,Asia Pacific,Apparel,Web,Returning,1,45.42,0,45.42
ORD-002136,2025-03-11,Europe,Electronics,Mobile app,Returning,2,191.31,0,382.62
ORD-002137,2025-03-11,Middle East & Africa,Apparel,Marketplace,New,1,51.96,5,49.36
ORD-002138,2025-03-11,Asia Pacific,Electronics,Mobile app,New,2,265.72,0,531.44
ORD-002139,2025-03-11,Europe,Home & Kitchen,Mobile app,Returning,1,63.8,5,60.61
ORD-002140,2025-03-11,Latin America,Home & Kitchen,Mobile app,Returning,2,73.55,0,147.1
ORD-002141,2025-03-11,Asia Pacific,Toys,Retail partner,Returning,2,28.63,0,57.26
ORD-002142,2025-03-11,Europe,Apparel,Marketplace,Returning,1,49.86,0,49.86
ORD-002143,2025-03-11,Europe,Toys,Mobile app,Returning,1,20.08,20,16.06
ORD-002144,2025-03-11,Latin America,Apparel,Mobile app,New,1,41.19,0,41.19
ORD-002145,2025-03-11,North America,Apparel,Marketplace,New,1,38.97,0,38.97
ORD-002146,2025-03-11,Asia Pacific,Beauty,Mobile app,Returning,1,40.93,5,38.88
ORD-002147,2025-03-11,Europe,Home & Kitchen,Web,Returning,1,42.26,5,40.15
ORD-002148,2025-03-11,Middle East & Africa,Apparel,Mobile app,Returning,1,64.46,0,64.46
ORD-002149,2025-03-12,Asia Pacific,Apparel,Web,Returning,1,53.43,0,53.43
ORD-002150,2025-03-12,Europe,Sports & Outdoors,Mobile app,Returning,3,39.08,0,117.24
ORD-002151,2025-03-12,Europe,Apparel,Mobile app,Returning,2,55.46,0,110.92
ORD-002152,2025-03-12,Europe,Home & Kitchen,Mobile app,Returning,1,42.01,10,37.81
ORD-002153,2025-03-12,Asia Pacific,Electronics,Marketplace,Returning,2,172.16,0,344.32
ORD-002154,2025-03-12,Europe,Electronics,Mobile app,New,2,258.06,5,490.31
ORD-002155,2025-03-12,Middle East & Africa,Apparel,Mobile app,Returning,1,40.03,5,38.03
ORD-002156,2025-03-12,Latin America,Electronics,Web,Returning,2,155.48,5,295.41
ORD-002157,2025-03-12,Asia Pacific,Electronics,Mobile app,Returning,3,215.1,0,645.3
ORD-002158,2025-03-12,North America,Apparel,Mobile app,New,3,29.25,0,87.75
ORD-002159,2025-03-12,North America,Electronics,Mobile app,New,1,85.86,0,85.86
ORD-002160,2025-03-12,Europe,Apparel,Mobile app,Returning,1,52.85,0,52.85
ORD-002161,2025-03-12,North America,Sports & Outdoors,Mobile app,Returning,1,52.57,10,47.31
ORD-002162,2025-03-12,North America,Sports & Outdoors,Web,Returning,1,56.09,5,53.29
ORD-002163,2025-03-12,North America,Electronics,Mobile app,Returning,2,139.06,0,278.12
ORD-002164,2025-03-12,North America,Electronics,Mobile app,Returning,1,117.01,5,111.16
ORD-002165,2025-03-12,North America,Home & Kitchen,Web,New,2,121.98,0,243.96
ORD-002166,2025-03-12,Asia Pacific,Sports & Outdoors,Web,Returning,3,69.59,10,187.89
ORD-002167,2025-03-12,North America,Home & Kitchen,Marketplace,New,2,81.09,0,162.18
ORD-002168,2025-03-12,Europe,Beauty,Mobile app,Returning,3,24.74,0,74.22
ORD-002169,2025-03-12,Asia Pacific,Beauty,Web,Returning,3,26.46,0,79.38
ORD-002170,2025-03-12,Middle East & Africa,Electronics,Web,New,3,266.97,5,760.86
ORD-002171,2025-03-12,North America,Sports & Outdoors,Web,Returning,2,99.01,5,188.12
ORD-002172,2025-03-12,Latin America,Electronics,Mobile app,Returning,2,135.53,0,271.06
ORD-002173,2025-03-12,Europe,Sports & Outdoors,Web,Returning,3,81.9,0,245.7
ORD-002174,2025-03-12,Latin America,Apparel,Web,New,1,72.08,0,72.08
ORD-002175,2025-03-12,Latin America,Toys,Marketplace,Returning,1,32.96,0,32.96
ORD-002176,2025-03-12,Europe,Sports & Outdoors,Mobile app,Returning,1,82.51,0,82.51
ORD-002177,2025-03-12,Europe,Home & Kitchen,Mobile app,Returning,4,29.2,10,105.12
ORD-002178,2025-03-12,Europe,Apparel,Web,Returning,1,36.09,0,36.09
ORD-002179,2025-03-12,Asia Pacific,Apparel,Mobile app,Returning,1,28.19,5,26.78
ORD-002180,2025-03-13,Europe,Apparel,Mobile app,New,1,36.66,5,34.83
ORD-002181,2025-03-13,North America,Beauty,Web,Returning,1,60.41,5,57.39
ORD-002182,2025-03-13,Europe,Apparel,Web,New,1,38.21,5,36.3
ORD-002183,2025-03-13,Europe,Toys,Web,New,1,58.1,0,58.1
ORD-002184,2025-03-13,Europe,Apparel,Retail partner,New,1,27.59,15,23.45
ORD-002185,2025-03-13,Middle East & Africa,Apparel,Mobile app,Returning,1,38.37,10,34.53
ORD-002186,2025-03-13,Europe,Toys,Web,Returning,2,41.76,10,75.17
ORD-002187,2025-03-13,Europe,Beauty,Mobile app,New,1,19.31,0,19.31
ORD-002188,2025-03-13,North America,Beauty,Web,Returning,1,36.82,5,34.98
ORD-002189,2025-03-13,Latin America,Electronics,Mobile app,New,1,189.7,0,189.7
ORD-002190,2025-03-13,Asia Pacific,Home & Kitchen,Web,Returning,1,43.56,0,43.56
ORD-002191,2025-03-13,Asia Pacific,Electronics,Web,New,2,244.02,0,488.04
ORD-002192,2025-03-13,Asia Pacific,Toys,Mobile app,Returning,2,38.83,5,73.78
ORD-002193,2025-03-13,Middle East & Africa,Apparel,Web,Returning,1,80.63,0,80.63
ORD-002194,2025-03-13,North America,Home & Kitchen,Web,New,1,57.38,0,57.38
ORD-002195,2025-03-13,Europe,Home & Kitchen,Web,Returning,1,49,0,49
ORD-002196,2025-03-13,North America,Home & Kitchen,Mobile app,Returning,1,71.6,0,71.6
ORD-002197,2025-03-13,North America,Apparel,Mobile app,Returning,2,41.68,0,83.36
ORD-002198,2025-03-13,Europe,Sports & Outdoors,Marketplace,Returning,1,47.94,0,47.94
ORD-002199,2025-03-13,North America,Electronics,Retail partner,Returning,1,193.37,0,193.37
ORD-002200,2025-03-13,North America,Electronics,Mobile app,Returning,1,209.26,0,209.26
ORD-002201,2025-03-13,North America,Apparel,Mobile app,New,2,51.36,5,97.58
ORD-002202,2025-03-13,North America,Electronics,Marketplace,Returning,1,198.54,0,198.54
ORD-002203,2025-03-13,Europe,Apparel,Marketplace,Returning,1,30.93,15,26.29
ORD-002204,2025-03-13,Europe,Home & Kitchen,Web,Returning,2,67.23,0,134.46
ORD-002205,2025-03-13,North America,Electronics,Mobile app,New,1,125.52,0,125.52
ORD-002206,2025-03-13,Asia Pacific,Sports & Outdoors,Mobile app,New,1,42.28,0,42.28
ORD-002207,2025-03-14,Latin America,Home & Kitchen,Marketplace,Returning,1,62.25,15,52.91
ORD-002208,2025-03-14,Europe,Home & Kitchen,Web,New,2,86.1,0,172.2
ORD-002209,2025-03-14,Asia Pacific,Sports & Outdoors,Web,New,1,70.54,0,70.54
ORD-002210,2025-03-14,North America,Beauty,Mobile app,Returning,1,25.41,5,24.14
ORD-002211,2025-03-14,Asia Pacific,Electronics,Retail partner,Returning,3,95.18,5,271.26
ORD-002212,2025-03-14,North America,Home & Kitchen,Retail partner,Returning,3,59.33,0,177.99
ORD-002213,2025-03-14,Middle East & Africa,Toys,Mobile app,Returning,3,26.42,0,79.26
ORD-002214,2025-03-14,Asia Pacific,Apparel,Web,Returning,2,28.99,0,57.98
ORD-002215,2025-03-14,Europe,Home & Kitchen,Mobile app,New,1,91.15,0,91.15
ORD-002216,2025-03-14,North America,Home & Kitchen,Mobile app,Returning,5,92.63,15,393.68
ORD-002217,2025-03-14,North America,Home & Kitchen,Web,Returning,3,52.36,0,157.08
ORD-002218,2025-03-14,North America,Home & Kitchen,Marketplace,Returning,2,39.2,10,70.56
ORD-002219,2025-03-14,Asia Pacific,Electronics,Web,New,4,309.47,10,1114.09
ORD-002220,2025-03-14,North America,Toys,Mobile app,Returning,1,42.51,20,34.01
ORD-002221,2025-03-14,Europe,Electronics,Mobile app,Returning,1,376.63,10,338.97
ORD-002222,2025-03-14,North America,Home & Kitchen,Mobile app,New,1,66.51,15,56.53
ORD-002223,2025-03-14,Asia Pacific,Beauty,Mobile app,Returning,1,12.16,10,10.94
ORD-002224,2025-03-14,Asia Pacific,Sports & Outdoors,Retail partner,New,2,95.87,0,191.74
ORD-002225,2025-03-14,Europe,Electronics,Retail partner,Returning,1,153.82,5,146.13
ORD-002226,2025-03-14,North America,Home & Kitchen,Mobile app,Returning,2,61.56,5,116.96
ORD-002227,2025-03-14,North America,Apparel,Web,New,1,35.64,10,32.08
ORD-002228,2025-03-14,Europe,Toys,Mobile app,Returning,1,39.64,5,37.66
ORD-002229,2025-03-14,Asia Pacific,Electronics,Marketplace,Returning,1,110.67,5,105.14
ORD-002230,2025-03-14,Latin America,Electronics,Mobile app,Returning,2,404.07,0,808.14
ORD-002231,2025-03-14,Latin America,Electronics,Marketplace,New,1,157.41,10,141.67
ORD-002232,2025-03-14,North America,Electronics,Mobile app,Returning,1,117.6,0,117.6
ORD-002233,2025-03-14,Europe,Home & Kitchen,Mobile app,New,2,105.43,0,210.86
ORD-002234,2025-03-14,North America,Sports & Outdoors,Web,Returning,1,86.02,0,86.02
ORD-002235,2025-03-15,North America,Apparel,Web,Returning,2,48.35,20,77.36
ORD-002236,2025-03-15,North America,Electronics,Mobile app,New,1,116.27,10,104.64
ORD-002237,2025-03-15,Asia Pacific,Home & Kitchen,Marketplace,New,1,44.94,0,44.94
ORD-002238,2025-03-15,North America,Apparel,Web,Returning,2,26.61,5,50.56
ORD-002239,2025-03-15,North America,Electronics,Mobile app,New,3,73.59,10,198.69
ORD-002240,2025-03-15,North America,Home & Kitchen,Mobile app,New,1,53.46,5,50.79
ORD-002241,2025-03-15,Europe,Electronics,Marketplace,Returning,3,190.65,10,514.76
ORD-002242,2025-03-15,Europe,Home & Kitchen,Mobile app,Returning,4,48.84,5,185.59
ORD-002243,2025-03-15,Latin America,Home & Kitchen,Web,Returning,4,76.93,5,292.33
ORD-002244,2025-03-15,Europe,Electronics,Web,New,3,99.08,0,297.24
ORD-002245,2025-03-15,North America,Electronics,Web,New,1,204.41,0,204.41
ORD-002246,2025-03-15,North America,Beauty,Web,New,1,26.3,5,24.99
ORD-002247,2025-03-15,Europe,Home & Kitchen,Retail partner,Returning,2,35.24,0,70.48
ORD-002248,2025-03-15,Asia Pacific,Apparel,Mobile app,Returning,3,23.45,0,70.35
ORD-002249,2025-03-15,Middle East & Africa,Apparel,Mobile app,Returning,1,47.75,0,47.75
ORD-002250,2025-03-15,Latin America,Apparel,Mobile app,New,1,75.16,0,75.16
ORD-002251,2025-03-15,North America,Toys,Mobile app,New,1,69.46,20,55.57
ORD-002252,2025-03-15,North America,Apparel,Marketplace,Returning,1,63.31,10,56.98
ORD-002253,2025-03-15,Middle East & Africa,Toys,Mobile app,Returning,1,29.45,0,29.45
ORD-002254,2025-03-15,North America,Home & Kitchen,Mobile app,Returning,1,48.07,15,40.86
ORD-002255,2025-03-15,Europe,Electronics,Web,New,1,171.37,0,171.37
ORD-002256,2025-03-15,Europe,Electronics,Retail partner,New,1,139.49,0,139.49
ORD-002257,2025-03-15,Europe,Apparel,Web,Returning,1,42.66,0,42.66
ORD-002258,2025-03-15,Europe,Home & Kitchen,Web,New,3,75.6,0,226.8
ORD-002259,2025-03-15,Middle East & Africa,Home & Kitchen,Web,Returning,1,60.07,0,60.07
ORD-002260,2025-03-15,North America,Apparel,Marketplace,New,1,48.66,0,48.66
ORD-002261,2025-03-15,Asia Pacific,Apparel,Web,New,1,37.6,0,37.6
ORD-002262,2025-03-15,North America,Home & Kitchen,Mobile app,New,4,81.89,0,327.56
ORD-002263,2025-03-15,Middle East & Africa,Home & Kitchen,Mobile app,Returning,1,65.21,0,65.21
ORD-002264,2025-03-15,Middle East & Africa,Apparel,Retail partner,Returning,2,31.9,10,57.42
ORD-002265,2025-03-15,Europe,Home & Kitchen,Mobile app,Returning,1,70.15,0,70.15
ORD-002266,2025-03-15,Latin America,Home & Kitchen,Web,New,2,112.75,0,225.5
ORD-002267,2025-03-15,Europe,Electronics,Web,Returning,5,216.7,10,975.15
ORD-002268,2025-03-15,Europe,Beauty,Mobile app,New,1,15.43,5,14.66
ORD-002269,2025-03-15,North America,Home & Kitchen,Web,Returning,3,32.87,20,78.89
ORD-002270,2025-03-15,North America,Beauty,Mobile app,Returning,5,19.47,0,97.35
ORD-002271,2025-03-15,North America,Electronics,Mobile app,Returning,1,184.36,5,175.14
ORD-002272,2025-03-15,Middle East & Africa,Beauty,Web,Returning,1,23.26,5,22.1
ORD-002273,2025-03-15,Europe,Home & Kitchen,Web,New,1,39.43,0,39.43
ORD-002274,2025-03-15,North America,Electronics,Mobile app,Returning,2,161.1,0,322.2
ORD-002275,2025-03-16,Europe,Sports & Outdoors,Web,Returning,1,105.52,0,105.52
ORD-002276,2025-03-16,Asia Pacific,Home & Kitchen,Web,New,1,90.03,0,90.03
ORD-002277,2025-03-16,Asia Pacific,Apparel,Web,Returning,1,57.23,15,48.65
ORD-002278,2025-03-16,Asia Pacific,Sports & Outdoors,Marketplace,New,2,77.35,0,154.7
ORD-002279,2025-03-16,Europe,Electronics,Mobile app,Returning,1,123.6,0,123.6
ORD-002280,2025-03-16,Middle East & Africa,Home & Kitchen,Web,Returning,1,49.43,0,49.43
ORD-002281,2025-03-16,Europe,Home & Kitchen,Marketplace,Returning,3,55.51,0,166.53
ORD-002282,2025-03-16,Latin America,Toys,Mobile app,Returning,2,24.38,0,48.76
ORD-002283,2025-03-16,North America,Home & Kitchen,Marketplace,Returning,1,66.03,0,66.03
ORD-002284,2025-03-16,North America,Apparel,Web,New,1,34.94,0,34.94
ORD-002285,2025-03-16,Europe,Electronics,Mobile app,New,3,174.48,10,471.1
ORD-002286,2025-03-16,Europe,Apparel,Web,New,1,65.91,10,59.32
ORD-002287,2025-03-16,Asia Pacific,Home & Kitchen,Web,Returning,2,55.87,0,111.74
ORD-002288,2025-03-16,North America,Electronics,Mobile app,New,1,163.9,0,163.9
ORD-002289,2025-03-16,Europe,Apparel,Web,Returning,1,63.56,0,63.56
ORD-002290,2025-03-16,Europe,Beauty,Mobile app,Returning,3,21.68,5,61.79
ORD-002291,2025-03-16,North America,Home & Kitchen,Mobile app,Returning,1,74.35,0,74.35
ORD-002292,2025-03-16,Europe,Home & Kitchen,Mobile app,New,1,82.74,0,82.74
ORD-002293,2025-03-16,North America,Apparel,Mobile app,New,1,50.4,5,47.88
ORD-002294,2025-03-16,North America,Apparel,Web,Returning,1,43.26,5,41.1
ORD-002295,2025-03-16,Europe,Home & Kitchen,Web,Returning,1,68.82,5,65.38
ORD-002296,2025-03-16,Europe,Home & Kitchen,Web,Returning,1,74.65,0,74.65
ORD-002297,2025-03-16,Europe,Toys,Mobile app,Returning,1,45.73,0,45.73
ORD-002298,2025-03-16,North America,Home & Kitchen,Web,New,2,66.52,5,126.39
ORD-002299,2025-03-16,North America,Home & Kitchen,Retail partner,New,2,88.74,15,150.86
ORD-002300,2025-03-16,Asia Pacific,Apparel,Web,Returning,1,38.71,0,38.71
ORD-002301,2025-03-16,Middle East & Africa,Toys,Mobile app,Returning,1,74.32,5,70.6
ORD-002302,2025-03-16,North America,Beauty,Web,New,1,52.23,0,52.23
ORD-002303,2025-03-16,North America,Apparel,Web,New,1,40.58,5,38.55
ORD-002304,2025-03-16,Europe,Electronics,Web,Returning,1,214.82,0,214.82
ORD-002305,2025-03-16,North America,Home & Kitchen,Retail partner,New,1,95.33,0,95.33
ORD-002306,2025-03-16,Europe,Apparel,Web,Returning,1,50.97,0,50.97
ORD-002307,2025-03-16,North America,Toys,Mobile app,Returning,1,27.67,0,27.67
ORD-002308,2025-03-16,North America,Toys,Web,Returning,2,35.55,15,60.43
ORD-002309,2025-03-16,North America,Sports & Outdoors,Mobile app,New,3,104.02,0,312.06
ORD-002310,2025-03-16,Middle East & Africa,Toys,Mobile app,Returning,1,41.52,15,35.29
ORD-002311,2025-03-16,Latin America,Apparel,Marketplace,New,1,29.46,0,29.46
ORD-002312,2025-03-16,Europe,Electronics,Web,New,1,189.04,5,179.59
ORD-002313,2025-03-16,North America,Beauty,Marketplace,New,1,21.23,0,21.23
ORD-002314,2025-03-16,North America,Home & Kitchen,Web,Returning,4,24.24,0,96.96
ORD-002315,2025-03-16,North America,Apparel,Mobile app,Returning,1,60.78,0,60.78
ORD-002316,2025-03-17,Asia Pacific,Electronics,Mobile app,New,1,189.05,10,170.15
ORD-002317,2025-03-17,Latin America,Apparel,Mobile app,New,2,55.81,0,111.62
ORD-002318,2025-03-17,Middle East & Africa,Home & Kitchen,Mobile app,Returning,1,58.53,10,52.68
ORD-002319,2025-03-17,North America,Apparel,Web,Returning,1,33.58,0,33.58
ORD-002320,2025-03-17,North America,Home & Kitchen,Web,Returning,2,105.91,0,211.82
ORD-002321,2025-03-17,Europe,Electronics,Web,New,4,125.38,0,501.52
ORD-002322,2025-03-17,Asia Pacific,Home & Kitchen,Marketplace,Returning,1,70.39,10,63.35
ORD-002323,2025-03-17,Latin America,Home & Kitchen,Mobile app,Returning,2,77.3,0,154.6
ORD-002324,2025-03-17,North America,Home & Kitchen,Web,New,1,113.11,10,101.8
ORD-002325,2025-03-17,North America,Toys,Mobile app,Returning,2,23.66,0,47.32
ORD-002326,2025-03-17,North America,Home & Kitchen,Marketplace,Returning,1,62.69,0,62.69
ORD-002327,2025-03-17,Middle East & Africa,Beauty,Mobile app,New,3,40.85,10,110.3
ORD-002328,2025-03-17,Europe,Electronics,Web,New,1,145.22,5,137.96
ORD-002329,2025-03-17,North America,Apparel,Web,New,1,38.28,5,36.37
ORD-002330,2025-03-17,North America,Sports & Outdoors,Web,Returning,3,82.4,0,247.2
ORD-002331,2025-03-17,North America,Home & Kitchen,Web,Returning,1,83.9,0,83.9
ORD-002332,2025-03-17,North America,Home & Kitchen,Web,Returning,2,43.05,0,86.1
ORD-002333,2025-03-17,North America,Apparel,Web,New,1,57.44,0,57.44
ORD-002334,2025-03-17,Latin America,Electronics,Web,Returning,1,178.87,0,178.87
ORD-002335,2025-03-17,Latin America,Electronics,Web,Returning,1,223.29,0,223.29
ORD-002336,2025-03-17,North America,Apparel,Web,New,3,48.12,0,144.36
ORD-002337,2025-03-17,Asia Pacific,Home & Kitchen,Web,New,3,48.48,10,130.9
ORD-002338,2025-03-17,Middle East & Africa,Electronics,Web,Returning,4,451.13,0,1804.52
ORD-002339,2025-03-17,Middle East & Africa,Apparel,Mobile app,Returning,1,59.7,0,59.7
ORD-002340,2025-03-17,Europe,Toys,Mobile app,Returning,3,25.05,15,63.88
ORD-002341,2025-03-17,North America,Beauty,Web,New,1,39.1,0,39.1
ORD-002342,2025-03-17,Asia Pacific,Home & Kitchen,Mobile app,New,1,78.53,5,74.6
ORD-002343,2025-03-17,Latin America,Electronics,Retail partner,New,3,193.92,10,523.58
ORD-002344,2025-03-17,Asia Pacific,Beauty,Marketplace,New,1,39.6,5,37.62
ORD-002345,2025-03-17,North America,Electronics,Mobile app,Returning,2,133.08,0,266.16
ORD-002346,2025-03-17,North America,Home & Kitchen,Web,Returning,2,40.02,0,80.04
ORD-002347,2025-03-17,North America,Apparel,Marketplace,Returning,1,58.56,0,58.56
ORD-002348,2025-03-18,North America,Apparel,Marketplace,Returning,1,20.7,0,20.7
ORD-002349,2025-03-18,Asia Pacific,Home & Kitchen,Web,New,1,115.9,5,110.11
ORD-002350,2025-03-18,Europe,Toys,Mobile app,Returning,1,58.3,5,55.39
ORD-002351,2025-03-18,North America,Home & Kitchen,Mobile app,Returning,1,67.97,0,67.97
ORD-002352,2025-03-18,Asia Pacific,Toys,Marketplace,Returning,1,32.91,0,32.91
ORD-002353,2025-03-18,Asia Pacific,Toys,Web,Returning,1,57.13,5,54.27
ORD-002354,2025-03-18,North America,Home & Kitchen,Web,New,1,81.75,5,77.66
ORD-002355,2025-03-18,North America,Home & Kitchen,Web,Returning,1,62.69,0,62.69
ORD-002356,2025-03-18,Europe,Sports & Outdoors,Web,Returning,1,118.11,0,118.11
ORD-002357,2025-03-18,Asia Pacific,Beauty,Web,New,5,20.94,5,99.47
ORD-002358,2025-03-18,Asia Pacific,Home & Kitchen,Web,Returning,1,97.63,0,97.63
ORD-002359,2025-03-18,North America,Home & Kitchen,Web,Returning,1,70.08,10,63.07
ORD-002360,2025-03-18,Latin America,Beauty,Mobile app,New,1,28.76,0,28.76
ORD-002361,2025-03-18,Latin America,Toys,Web,New,2,29.25,10,52.65
ORD-002362,2025-03-18,Asia Pacific,Home & Kitchen,Mobile app,New,3,52.7,0,158.1
ORD-002363,2025-03-18,Asia Pacific,Electronics,Web,Returning,2,129.64,0,259.28
ORD-002364,2025-03-18,North America,Beauty,Marketplace,Returning,3,28.08,0,84.24
ORD-002365,2025-03-18,Europe,Home & Kitchen,Web,New,2,70.4,0,140.8
ORD-002366,2025-03-18,North America,Beauty,Web,New,1,20.29,5,19.28
ORD-002367,2025-03-18,North America,Home & Kitchen,Web,Returning,2,100.31,0,200.62
ORD-002368,2025-03-18,Europe,Electronics,Web,New,1,157.56,0,157.56
ORD-002369,2025-03-18,Europe,Sports & Outdoors,Web,New,4,81.6,20,261.12
ORD-002370,2025-03-18,North America,Beauty,Web,Returning,1,22.23,0,22.23
ORD-002371,2025-03-18,Europe,Electronics,Marketplace,Returning,1,155.41,0,155.41
ORD-002372,2025-03-18,Europe,Electronics,Retail partner,Returning,2,159.72,0,319.44
ORD-002373,2025-03-18,North America,Home & Kitchen,Marketplace,New,1,77.76,10,69.98
ORD-002374,2025-03-18,North America,Apparel,Mobile app,Returning,2,42.33,10,76.19
ORD-002375,2025-03-18,North America,Electronics,Web,Returning,1,219.18,10,197.26
ORD-002376,2025-03-18,North America,Sports & Outdoors,Mobile app,Returning,1,67.18,0,67.18
ORD-002377,2025-03-18,North America,Electronics,Web,Returning,1,194.45,20,155.56
ORD-002378,2025-03-18,North America,Sports & Outdoors,Web,New,3,98.12,5,279.64
ORD-002379,2025-03-19,Asia Pacific,Apparel,Retail partner,Returning,2,43.58,10,78.44
ORD-002380,2025-03-19,North America,Apparel,Mobile app,New,2,42.47,0,84.94
ORD-002381,2025-03-19,Latin America,Apparel,Web,Returning,3,30.09,0,90.27
ORD-002382,2025-03-19,Europe,Home & Kitchen,Web,Returning,1,87.48,0,87.48
ORD-002383,2025-03-19,North America,Sports & Outdoors,Web,New,1,55.09,0,55.09
ORD-002384,2025-03-19,North America,Apparel,Mobile app,Returning,4,39.71,0,158.84
ORD-002385,2025-03-19,Latin America,Electronics,Web,New,2,210.18,10,378.32
ORD-002386,2025-03-19,Europe,Beauty,Mobile app,New,1,23.23,0,23.23
ORD-002387,2025-03-19,Europe,Electronics,Marketplace,Returning,1,172.65,0,172.65
ORD-002388,2025-03-19,Asia Pacific,Apparel,Mobile app,New,5,42.89,5,203.73
ORD-002389,2025-03-19,Europe,Apparel,Marketplace,New,1,48.45,15,41.18
ORD-002390,2025-03-19,North America,Beauty,Web,Returning,1,27.65,0,27.65
ORD-002391,2025-03-19,Latin America,Sports & Outdoors,Web,Returning,3,59.28,0,177.84
ORD-002392,2025-03-19,Europe,Toys,Web,Returning,2,38.98,0,77.96
ORD-002393,2025-03-19,Asia Pacific,Apparel,Marketplace,Returning,1,40.15,0,40.15
ORD-002394,2025-03-19,North America,Electronics,Web,Returning,1,177,0,177
ORD-002395,2025-03-19,North America,Apparel,Retail partner,Returning,1,39.94,0,39.94
ORD-002396,2025-03-19,Europe,Toys,Web,Returning,2,44.67,0,89.34
ORD-002397,2025-03-19,North America,Apparel,Mobile app,Returning,1,27.61,0,27.61
ORD-002398,2025-03-19,North America,Beauty,Web,Returning,1,18.07,15,15.36
ORD-002399,2025-03-19,North America,Electronics,Mobile app,New,1,215.86,15,183.48
ORD-002400,2025-03-19,Latin America,Home & Kitchen,Retail partner,Returning,2,46.2,0,92.4
ORD-002401,2025-03-19,Europe,Beauty,Web,Returning,1,25.86,0,25.86
ORD-002402,2025-03-19,Asia Pacific,Sports & Outdoors,Web,Returning,1,84.5,0,84.5
ORD-002403,2025-03-19,North America,Apparel,Web,Returning,1,54.16,0,54.16
ORD-002404,2025-03-19,Europe,Beauty,Web,New,1,30.65,5,29.12
ORD-002405,2025-03-19,Latin America,Sports & Outdoors,Mobile app,New,1,67.37,0,67.37
ORD-002406,2025-03-19,Asia Pacific,Beauty,Web,New,1,16.79,0,16.79
ORD-002407,2025-03-19,Europe,Beauty,Web,New,1,24.36,0,24.36
ORD-002408,2025-03-20,Middle East & Africa,Home & Kitchen,Web,Returning,2,56.63,0,113.26
ORD-002409,2025-03-20,Middle East & Africa,Apparel,Web,New,1,50.74,10,45.67
ORD-002410,2025-03-20,North America,Toys,Web,Returning,2,49.96,0,99.92
ORD-002411,2025-03-20,North America,Electronics,Mobile app,Returning,2,193.54,5,367.73
ORD-002412,2025-03-20,Europe,Home & Kitchen,Web,Returning,1,181.7,0,181.7
ORD-002413,2025-03-20,North America,Home & Kitchen,Web,Returning,1,94.05,0,94.05
ORD-002414,2025-03-20,North America,Electronics,Mobile app,Returning,2,196.99,0,393.98
ORD-002415,2025-03-20,Middle East & Africa,Electronics,Web,Returning,1,234.64,0,234.64
ORD-002416,2025-03-20,Asia Pacific,Electronics,Web,Returning,2,179.18,5,340.44
ORD-002417,2025-03-20,Europe,Beauty,Mobile app,Returning,4,20.08,5,76.3
ORD-002418,2025-03-20,Europe,Apparel,Web,New,3,47.48,5,135.32
ORD-002419,2025-03-20,Europe,Apparel,Web,Returning,2,44,0,88
ORD-002420,2025-03-20,Europe,Apparel,Web,Returning,1,59.31,0,59.31
ORD-002421,2025-03-20,Europe,Beauty,Mobile app,New,1,28.93,0,28.93
ORD-002422,2025-03-20,Asia Pacific,Apparel,Mobile app,Returning,1,33.98,10,30.58
ORD-002423,2025-03-20,Asia Pacific,Beauty,Mobile app,New,1,25.28,0,25.28
ORD-002424,2025-03-20,North America,Beauty,Mobile app,Returning,2,30.1,0,60.2
ORD-002425,2025-03-20,Europe,Electronics,Web,Returning,1,275.04,0,275.04
ORD-002426,2025-03-20,Asia Pacific,Electronics,Web,Returning,1,132.42,10,119.18
ORD-002427,2025-03-20,Middle East & Africa,Home & Kitchen,Mobile app,New,3,43.48,0,130.44
ORD-002428,2025-03-20,Europe,Beauty,Web,New,2,14.62,10,26.32
ORD-002429,2025-03-20,Europe,Electronics,Web,Returning,1,205.21,5,194.95
ORD-002430,2025-03-20,North America,Home & Kitchen,Mobile app,Returning,2,60.43,5,114.82
ORD-002431,2025-03-20,Europe,Home & Kitchen,Mobile app,New,1,73.4,0,73.4
ORD-002432,2025-03-21,North America,Electronics,Marketplace,Returning,1,211.36,0,211.36
ORD-002433,2025-03-21,Europe,Beauty,Marketplace,New,4,35.39,5,134.48
ORD-002434,2025-03-21,Europe,Electronics,Mobile app,Returning,2,154.15,0,308.3
ORD-002435,2025-03-21,Latin America,Apparel,Web,Returning,1,53.23,0,53.23
ORD-002436,2025-03-21,Asia Pacific,Beauty,Web,Returning,3,35.9,0,107.7
ORD-002437,2025-03-21,Europe,Toys,Web,New,2,36.71,0,73.42
ORD-002438,2025-03-21,Asia Pacific,Electronics,Web,Returning,1,192.65,10,173.39
ORD-002439,2025-03-21,Europe,Home & Kitchen,Web,Returning,1,70.43,5,66.91
ORD-002440,2025-03-21,Asia Pacific,Electronics,Mobile app,Returning,3,179.45,15,457.6
ORD-002441,2025-03-21,Latin America,Toys,Web,Returning,1,34.2,0,34.2
ORD-002442,2025-03-21,North America,Beauty,Web,New,1,65.91,0,65.91
ORD-002443,2025-03-21,Middle East & Africa,Apparel,Web,Returning,1,45.73,20,36.58
ORD-002444,2025-03-21,Asia Pacific,Home & Kitchen,Mobile app,Returning,1,52.61,0,52.61
ORD-002445,2025-03-22,Middle East & Africa,Electronics,Mobile app,Returning,4,114.78,0,459.12
ORD-002446,2025-03-22,Europe,Home & Kitchen,Mobile app,Returning,1,94.44,15,80.27
ORD-002447,2025-03-22,Latin America,Electronics,Marketplace,Returning,1,148.79,5,141.35
ORD-002448,2025-03-22,Asia Pacific,Sports & Outdoors,Mobile app,Returning,2,31.72,0,63.44
ORD-002449,2025-03-22,Asia Pacific,Sports & Outdoors,Retail partner,New,1,100.32,0,100.32
ORD-002450,2025-03-22,Europe,Electronics,Web,Returning,2,209.72,0,419.44
ORD-002451,2025-03-22,North America,Beauty,Web,Returning,2,22.49,10,40.48
ORD-002452,2025-03-22,Latin America,Apparel,Marketplace,Returning,2,32.85,0,65.7
ORD-002453,2025-03-22,Europe,Apparel,Retail partner,New,1,32.27,10,29.04
ORD-002454,2025-03-22,Asia Pacific,Electronics,Web,New,1,175.81,5,167.02
ORD-002455,2025-03-22,North America,Electronics,Mobile app,Returning,3,215.86,5,615.2
ORD-002456,2025-03-22,North America,Electronics,Mobile app,Returning,1,191.53,5,181.95
ORD-002457,2025-03-22,North America,Beauty,Web,Returning,1,31.75,15,26.99
ORD-002458,2025-03-22,Asia Pacific,Electronics,Web,New,1,383.77,10,345.39
ORD-002459,2025-03-22,Asia Pacific,Electronics,Retail partner,Returning,2,92.06,0,184.12
ORD-002460,2025-03-22,Europe,Electronics,Retail partner,Returning,1,189.19,0,189.19
ORD-002461,2025-03-22,Europe,Electronics,Web,New,3,160.56,5,457.6
ORD-002462,2025-03-22,North America,Sports & Outdoors,Mobile app,Returning,1,64.97,10,58.47
ORD-002463,2025-03-22,Europe,Electronics,Marketplace,New,2,165.57,10,298.03
ORD-002464,2025-03-22,Europe,Apparel,Web,New,3,24.91,0,74.73
ORD-002465,2025-03-22,Middle East & Africa,Electronics,Mobile app,New,1,193.4,15,164.39
ORD-002466,2025-03-22,Asia Pacific,Apparel,Web,New,4,85.19,5,323.72
ORD-002467,2025-03-22,Europe,Electronics,Web,Returning,1,276.33,5,262.51
ORD-002468,2025-03-22,Latin America,Apparel,Web,Returning,1,51.79,5,49.2
ORD-002469,2025-03-22,North America,Home & Kitchen,Marketplace,Returning,1,58.39,0,58.39
ORD-002470,2025-03-22,Asia Pacific,Apparel,Mobile app,New,4,87.18,0,348.72
ORD-002471,2025-03-22,Middle East & Africa,Apparel,Retail partner,Returning,1,57.11,0,57.11
ORD-002472,2025-03-22,North America,Electronics,Mobile app,Returning,1,389.56,0,389.56
ORD-002473,2025-03-22,Asia Pacific,Home & Kitchen,Retail partner,Returning,1,73.88,0,73.88
ORD-002474,2025-03-22,Asia Pacific,Home & Kitchen,Marketplace,Returning,4,55.21,5,209.8
ORD-002475,2025-03-22,Europe,Toys,Web,Returning,3,26,0,78
ORD-002476,2025-03-22,North America,Home & Kitchen,Mobile app,Returning,2,24.85,0,49.7
ORD-002477,2025-03-22,Asia Pacific,Sports & Outdoors,Web,New,4,83.19,10,299.48
ORD-002478,2025-03-22,North America,Electronics,Mobile app,Returning,2,182.5,0,365
ORD-002479,2025-03-23,Europe,Electronics,Mobile app,New,1,244.76,0,244.76
ORD-002480,2025-03-23,North America,Beauty,Mobile app,New,3,43.72,5,124.6
ORD-002481,2025-03-23,North America,Apparel,Web,Returning,1,27.31,0,27.31
ORD-002482,2025-03-23,North America,Toys,Web,Returning,5,41.06,5,195.04
ORD-002483,2025-03-23,North America,Toys,Mobile app,New,2,27.93,10,50.27
ORD-002484,2025-03-23,Europe,Home & Kitchen,Web,Returning,1,60.17,0,60.17
ORD-002485,2025-03-23,North America,Beauty,Web,New,2,36.22,15,61.57
ORD-002486,2025-03-23,North America,Sports & Outdoors,Mobile app,Returning,1,123.83,0,123.83
ORD-002487,2025-03-23,Asia Pacific,Sports & Outdoors,Web,Returning,1,54.76,0,54.76
ORD-002488,2025-03-23,North America,Apparel,Web,New,1,53.91,0,53.91
ORD-002489,2025-03-23,Asia Pacific,Toys,Web,Returning,1,18.29,0,18.29
ORD-002490,2025-03-23,Middle East & Africa,Sports & Outdoors,Mobile app,New,1,80.21,0,80.21
ORD-002491,2025-03-23,Europe,Apparel,Web,Returning,1,67.86,0,67.86
ORD-002492,2025-03-23,Europe,Sports & Outdoors,Mobile app,Returning,1,42.75,0,42.75
ORD-002493,2025-03-23,Europe,Home & Kitchen,Web,Returning,1,55.57,0,55.57
ORD-002494,2025-03-23,Asia Pacific,Electronics,Mobile app,New,2,169.71,0,339.42
ORD-002495,2025-03-23,Europe,Apparel,Mobile app,Returning,1,43.99,0,43.99
ORD-002496,2025-03-23,North America,Toys,Web,Returning,1,49.04,0,49.04
ORD-002497,2025-03-23,Europe,Sports & Outdoors,Mobile app,Returning,1,67.26,10,60.53
ORD-002498,2025-03-23,Latin America,Electronics,Mobile app,Returning,1,181.45,0,181.45
ORD-002499,2025-03-23,North America,Home & Kitchen,Web,Returning,1,52.47,0,52.47
ORD-002500,2025-03-23,Europe,Home & Kitchen,Mobile app,New,3,72.57,0,217.71
ORD-002501,2025-03-23,Middle East & Africa,Electronics,Web,New,2,122.58,20,196.13
ORD-002502,2025-03-23,Europe,Home & Kitchen,Web,New,1,45.03,10,40.53
ORD-002503,2025-03-23,North America,Home & Kitchen,Mobile app,New,1,40.72,15,34.61
ORD-002504,2025-03-23,North America,Beauty,Mobile app,Returning,5,26.59,20,106.36
ORD-002505,2025-03-23,Asia Pacific,Electronics,Web,Returning,2,114.36,0,228.72
ORD-002506,2025-03-23,Europe,Sports & Outdoors,Mobile app,Returning,1,68.85,0,68.85
ORD-002507,2025-03-23,North America,Sports & Outdoors,Web,New,2,83.32,10,149.98
ORD-002508,2025-03-23,Middle East & Africa,Apparel,Marketplace,New,1,77.25,0,77.25
ORD-002509,2025-03-23,Middle East & Africa,Home & Kitchen,Mobile app,Returning,1,60.42,0,60.42
ORD-002510,2025-03-23,North America,Beauty,Mobile app,New,4,37.79,0,151.16
ORD-002511,2025-03-23,Europe,Electronics,Mobile app,Returning,2,190.81,0,381.62
ORD-002512,2025-03-23,Europe,Electronics,Web,New,1,134.62,5,127.89
ORD-002513,2025-03-23,Middle East & Africa,Toys,Mobile app,Returning,1,25.96,0,25.96
ORD-002514,2025-03-24,Latin America,Electronics,Marketplace,New,3,136.32,5,388.51
ORD-002515,2025-03-24,North America,Home & Kitchen,Mobile app,New,1,84.37,5,80.15
ORD-002516,2025-03-24,North America,Home & Kitchen,Web,Returning,4,67.62,0,270.48
ORD-002517,2025-03-24,North America,Electronics,Web,New,2,189.09,0,378.18
ORD-002518,2025-03-24,North America,Sports & Outdoors,Marketplace,Returning,1,70.45,0,70.45
ORD-002519,2025-03-24,North America,Electronics,Web,New,1,121.7,5,115.62
ORD-002520,2025-03-24,Asia Pacific,Electronics,Marketplace,New,2,151.55,10,272.79
ORD-002521,2025-03-24,North America,Beauty,Web,Returning,4,23.05,10,82.98
ORD-002522,2025-03-24,Latin America,Sports & Outdoors,Web,New,1,74.67,10,67.2
ORD-002523,2025-03-24,Asia Pacific,Beauty,Marketplace,New,2,23.13,0,46.26
ORD-002524,2025-03-24,North America,Electronics,Mobile app,Returning,2,180.24,5,342.46
ORD-002525,2025-03-24,North America,Sports & Outdoors,Web,Returning,1,57.88,0,57.88
ORD-002526,2025-03-24,North America,Beauty,Mobile app,Returning,1,16.98,0,16.98
ORD-002527,2025-03-24,North America,Toys,Web,New,1,40.59,0,40.59
ORD-002528,2025-03-24,Middle East & Africa,Apparel,Mobile app,New,3,38.63,0,115.89
ORD-002529,2025-03-24,Asia Pacific,Home & Kitchen,Marketplace,Returning,1,87.73,0,87.73
ORD-002530,2025-03-24,Europe,Home & Kitchen,Web,Returning,2,44.24,15,75.21
ORD-002531,2025-03-24,Europe,Beauty,Mobile app,Returning,1,24.88,15,21.15
ORD-002532,2025-03-24,Asia Pacific,Electronics,Web,Returning,1,131.08,0,131.08
ORD-002533,2025-03-24,Latin America,Home & Kitchen,Web,New,1,56.92,5,54.07
ORD-002534,2025-03-24,Asia Pacific,Beauty,Mobile app,New,3,32,0,96
ORD-002535,2025-03-24,Europe,Apparel,Retail partner,Returning,1,31.85,5,30.26
ORD-002536,2025-03-24,Europe,Beauty,Mobile app,Returning,1,44.09,0,44.09
ORD-002537,2025-03-24,Europe,Home & Kitchen,Web,Returning,1,96.07,0,96.07
ORD-002538,2025-03-24,Europe,Electronics,Web,New,2,172.24,10,310.03
ORD-002539,2025-03-24,Latin America,Home & Kitchen,Marketplace,Returning,1,82.73,0,82.73
ORD-002540,2025-03-24,Middle East & Africa,Electronics,Mobile app,New,1,149.6,0,149.6
ORD-002541,2025-03-24,Asia Pacific,Home & Kitchen,Mobile app,Returning,4,87.86,0,351.44
ORD-002542,2025-03-24,Europe,Electronics,Web,Returning,1,211.7,10,190.53
ORD-002543,2025-03-24,Europe,Home & Kitchen,Mobile app,Returning,3,83.65,5,238.4
ORD-002544,2025-03-25,North America,Beauty,Mobile app,Returning,1,24.49,0,24.49
ORD-002545,2025-03-25,Asia Pacific,Beauty,Web,New,2,24.54,0,49.08
ORD-002546,2025-03-25,Latin America,Beauty,Mobile app,Returning,1,83.58,10,75.22
ORD-002547,2025-03-25,Europe,Apparel,Marketplace,Returning,1,48.3,0,48.3
ORD-002548,2025-03-25,Asia Pacific,Home & Kitchen,Mobile app,Returning,1,92.41,5,87.79
ORD-002549,2025-03-25,North America,Apparel,Mobile app,Returning,2,49.23,0,98.46
ORD-002550,2025-03-25,Asia Pacific,Apparel,Marketplace,Returning,1,107.21,0,107.21
ORD-002551,2025-03-25,North America,Home & Kitchen,Web,Returning,2,51.12,0,102.24
ORD-002552,2025-03-25,Latin America,Electronics,Mobile app,Returning,4,131.59,5,500.04
ORD-002553,2025-03-25,North America,Sports & Outdoors,Mobile app,Returning,1,49.54,5,47.06
ORD-002554,2025-03-25,Europe,Sports & Outdoors,Web,Returning,1,91.6,0,91.6
ORD-002555,2025-03-25,Latin America,Electronics,Mobile app,Returning,4,242.29,0,969.16
ORD-002556,2025-03-25,Europe,Apparel,Web,New,3,89.98,5,256.44
ORD-002557,2025-03-25,Asia Pacific,Electronics,Retail partner,New,1,139.2,0,139.2
ORD-002558,2025-03-25,North America,Home & Kitchen,Marketplace,Returning,2,56.62,0,113.24
ORD-002559,2025-03-25,North America,Electronics,Web,Returning,4,163.29,0,653.16
ORD-002560,2025-03-25,Latin America,Electronics,Web,New,5,136.37,0,681.85
ORD-002561,2025-03-25,Middle East & Africa,Electronics,Mobile app,New,1,146.86,0,146.86
ORD-002562,2025-03-25,Europe,Electronics,Web,Returning,2,138.2,0,276.4
ORD-002563,2025-03-25,Asia Pacific,Toys,Web,New,2,99.54,10,179.17
ORD-002564,2025-03-25,North America,Beauty,Web,Returning,2,35.47,0,70.94
ORD-002565,2025-03-25,Europe,Home & Kitchen,Retail partner,Returning,2,134.11,15,227.99
ORD-002566,2025-03-25,Middle East & Africa,Toys,Mobile app,New,3,39.49,5,112.55
ORD-002567,2025-03-25,Europe,Beauty,Mobile app,Returning,1,33.11,5,31.45
ORD-002568,2025-03-25,Asia Pacific,Beauty,Mobile app,Returning,1,25.95,0,25.95
ORD-002569,2025-03-25,Latin America,Apparel,Marketplace,Returning,1,41.83,0,41.83
ORD-002570,2025-03-25,Europe,Apparel,Marketplace,Returning,3,42.56,10,114.91
ORD-002571,2025-03-26,Europe,Home & Kitchen,Mobile app,Returning,2,56.53,0,113.06
ORD-002572,2025-03-26,Europe,Beauty,Web,Returning,3,23.48,0,70.44
ORD-002573,2025-03-26,Europe,Apparel,Retail partner,Returning,2,34.49,5,65.53
ORD-002574,2025-03-26,North America,Sports & Outdoors,Web,Returning,1,86.26,10,77.63
ORD-002575,2025-03-26,Asia Pacific,Home & Kitchen,Web,Returning,2,89.86,0,179.72
ORD-002576,2025-03-26,Latin America,Toys,Mobile app,Returning,2,35.91,5,68.23
ORD-002577,2025-03-26,Europe,Home & Kitchen,Mobile app,Returning,3,53.93,0,161.79
ORD-002578,2025-03-26,North America,Sports & Outdoors,Mobile app,New,2,53.25,0,106.5
ORD-002579,2025-03-26,Asia Pacific,Home & Kitchen,Web,Returning,1,57.54,5,54.66
ORD-002580,2025-03-26,Europe,Electronics,Web,Returning,3,163.67,0,491.01
ORD-002581,2025-03-26,North America,Home & Kitchen,Mobile app,New,1,74.53,5,70.8
ORD-002582,2025-03-26,Europe,Home & Kitchen,Web,New,2,78.58,0,157.16
ORD-002583,2025-03-26,North America,Toys,Web,Returning,3,23.58,5,67.2
ORD-002584,2025-03-26,Europe,Home & Kitchen,Retail partner,Returning,1,85.55,5,81.27
ORD-002585,2025-03-26,North America,Home & Kitchen,Web,Returning,1,35.11,5,33.35
ORD-002586,2025-03-26,Europe,Home & Kitchen,Marketplace,Returning,1,32.53,0,32.53
ORD-002587,2025-03-26,North America,Electronics,Mobile app,New,2,391.92,0,783.84
ORD-002588,2025-03-26,Europe,Apparel,Web,Returning,1,41.13,0,41.13
ORD-002589,2025-03-26,North America,Electronics,Web,Returning,1,201.56,10,181.4
ORD-002590,2025-03-26,Europe,Toys,Mobile app,New,1,30.96,0,30.96
ORD-002591,2025-03-26,Asia Pacific,Beauty,Mobile app,New,1,31.31,0,31.31
ORD-002592,2025-03-26,Europe,Beauty,Web,Returning,3,34.39,10,92.85
ORD-002593,2025-03-26,Europe,Electronics,Web,Returning,1,277.15,0,277.15
ORD-002594,2025-03-26,North America,Home & Kitchen,Mobile app,New,2,49.18,10,88.52
ORD-002595,2025-03-27,North America,Electronics,Web,Returning,1,133.51,0,133.51
ORD-002596,2025-03-27,Latin America,Toys,Mobile app,New,1,12.34,0,12.34
ORD-002597,2025-03-27,North America,Apparel,Web,Returning,2,48.33,0,96.66
ORD-002598,2025-03-27,North America,Electronics,Mobile app,Returning,1,200.56,0,200.56
ORD-002599,2025-03-27,North America,Toys,Web,New,1,44.15,0,44.15
ORD-002600,2025-03-27,Europe,Toys,Web,New,1,28.07,5,26.67
ORD-002601,2025-03-27,Europe,Home & Kitchen,Mobile app,Returning,2,62.48,0,124.96
ORD-002602,2025-03-27,North America,Electronics,Marketplace,Returning,1,123.27,5,117.11
ORD-002603,2025-03-27,Europe,Apparel,Web,Returning,1,34.61,0,34.61
ORD-002604,2025-03-27,North America,Electronics,Retail partner,Returning,5,205.33,0,1026.65
ORD-002605,2025-03-27,North America,Apparel,Mobile app,Returning,1,37.55,0,37.55
ORD-002606,2025-03-27,North America,Electronics,Web,Returning,2,100.35,10,180.63
ORD-002607,2025-03-27,Europe,Apparel,Marketplace,New,3,47.36,5,134.98
ORD-002608,2025-03-27,Europe,Home & Kitchen,Web,Returning,1,86.13,0,86.13
ORD-002609,2025-03-27,Europe,Toys,Web,Returning,1,23.06,0,23.06
ORD-002610,2025-03-27,Asia Pacific,Beauty,Web,Returning,1,26.35,15,22.4
ORD-002611,2025-03-27,North America,Electronics,Marketplace,Returning,1,131.23,10,118.11
ORD-002612,2025-03-27,Europe,Toys,Web,Returning,1,44.15,0,44.15
ORD-002613,2025-03-27,Europe,Toys,Web,New,4,48.34,10,174.02
ORD-002614,2025-03-27,Latin America,Beauty,Mobile app,Returning,3,42.37,0,127.11
ORD-002615,2025-03-27,North America,Beauty,Retail partner,New,1,48.34,0,48.34
ORD-002616,2025-03-27,North America,Home & Kitchen,Web,Returning,1,57.95,5,55.05
ORD-002617,2025-03-27,Europe,Toys,Web,Returning,2,52.22,0,104.44
ORD-002618,2025-03-27,North America,Electronics,Mobile app,New,1,200.41,0,200.41
ORD-002619,2025-03-27,Europe,Toys,Retail partner,Returning,2,45.61,5,86.66
ORD-002620,2025-03-27,North America,Electronics,Web,Returning,1,191.84,0,191.84
ORD-002621,2025-03-27,Europe,Home & Kitchen,Web,New,1,55.72,0,55.72
ORD-002622,2025-03-27,North America,Apparel,Retail partner,New,2,63.61,0,127.22
ORD-002623,2025-03-27,North America,Beauty,Mobile app,New,1,36.93,0,36.93
ORD-002624,2025-03-27,Europe,Electronics,Mobile app,Returning,1,215.99,5,205.19
ORD-002625,2025-03-28,North America,Beauty,Mobile app,Returning,2,32.4,10,58.32
ORD-002626,2025-03-28,North America,Toys,Web,New,1,19.44,0,19.44
ORD-002627,2025-03-28,Europe,Electronics,Marketplace,New,3,246.53,15,628.65
ORD-002628,2025-03-28,North America,Beauty,Web,Returning,5,25.29,5,120.13
ORD-002629,2025-03-28,North America,Toys,Web,Returning,1,30.56,5,29.03
ORD-002630,2025-03-28,Europe,Sports & Outdoors,Web,New,3,64.29,0,192.87
ORD-002631,2025-03-28,Europe,Home & Kitchen,Mobile app,Returning,1,64.01,10,57.61
ORD-002632,2025-03-28,North America,Toys,Marketplace,Returning,3,42.8,0,128.4
ORD-002633,2025-03-28,Europe,Electronics,Mobile app,Returning,1,241.45,10,217.31
ORD-002634,2025-03-28,Europe,Beauty,Mobile app,Returning,1,32.89,0,32.89
ORD-002635,2025-03-28,Europe,Home & Kitchen,Mobile app,New,2,61.17,0,122.34
ORD-002636,2025-03-28,Middle East & Africa,Electronics,Web,New,1,137.11,0,137.11
ORD-002637,2025-03-28,North America,Apparel,Mobile app,New,2,25.57,10,46.03
ORD-002638,2025-03-28,Europe,Home & Kitchen,Web,New,2,79.61,5,151.26
ORD-002639,2025-03-28,North America,Home & Kitchen,Web,Returning,2,61.14,10,110.05
ORD-002640,2025-03-28,North America,Apparel,Mobile app,Returning,1,79.88,0,79.88
ORD-002641,2025-03-28,Asia Pacific,Beauty,Web,New,3,21.35,0,64.05
ORD-002642,2025-03-28,Asia Pacific,Toys,Web,Returning,2,24.98,0,49.96
ORD-002643,2025-03-28,Asia Pacific,Toys,Mobile app,Returning,4,31.4,5,119.32
ORD-002644,2025-03-28,Asia Pacific,Home & Kitchen,Mobile app,New,1,54.98,0,54.98
ORD-002645,2025-03-28,Europe,Toys,Web,Returning,1,37.88,0,37.88
ORD-002646,2025-03-28,Europe,Electronics,Web,New,2,253.93,0,507.86
ORD-002647,2025-03-28,Asia Pacific,Beauty,Web,Returning,1,18.02,0,18.02
ORD-002648,2025-03-28,North America,Electronics,Mobile app,Returning,1,182.01,0,182.01
ORD-002649,2025-03-28,North America,Apparel,Web,New,1,38.3,0,38.3
ORD-002650,2025-03-28,Middle East & Africa,Sports & Outdoors,Web,Returning,1,113.88,0,113.88
ORD-002651,2025-03-28,Asia Pacific,Apparel,Web,Returning,2,44.96,10,80.93
ORD-002652,2025-03-28,Middle East & Africa,Sports & Outdoors,Mobile app,Returning,1,76.01,0,76.01
ORD-002653,2025-03-29,North America,Home & Kitchen,Mobile app,Returning,1,48.39,0,48.39
ORD-002654,2025-03-29,Asia Pacific,Electronics,Retail partner,New,3,345.5,10,932.85
ORD-002655,2025-03-29,North America,Beauty,Marketplace,Returning,1,41.43,0,41.43
ORD-002656,2025-03-29,Europe,Home & Kitchen,Mobile app,New,2,75.77,0,151.54
ORD-002657,2025-03-29,North America,Electronics,Mobile app,Returning,1,206.84,0,206.84
ORD-002658,2025-03-29,Asia Pacific,Electronics,Mobile app,New,2,141.34,0,282.68
ORD-002659,2025-03-29,Europe,Toys,Marketplace,New,1,29.73,0,29.73
ORD-002660,2025-03-29,Latin America,Electronics,Web,Returning,2,123.68,0,247.36
ORD-002661,2025-03-29,North America,Electronics,Web,New,1,135.44,10,121.9
ORD-002662,2025-03-29,Asia Pacific,Electronics,Web,New,4,198.6,0,794.4
ORD-002663,2025-03-29,Europe,Apparel,Web,Returning,2,24.05,0,48.1
ORD-002664,2025-03-29,Europe,Sports & Outdoors,Mobile app,New,4,51.09,0,204.36
ORD-002665,2025-03-29,Europe,Electronics,Web,New,1,82.74,5,78.6
ORD-002666,2025-03-29,Europe,Apparel,Mobile app,New,2,26.2,0,52.4
ORD-002667,2025-03-29,North America,Home & Kitchen,Marketplace,Returning,1,89.49,0,89.49
ORD-002668,2025-03-29,Europe,Electronics,Mobile app,New,2,86.72,0,173.44
ORD-002669,2025-03-29,Europe,Home & Kitchen,Web,Returning,1,53.99,0,53.99
ORD-002670,2025-03-29,Europe,Electronics,Marketplace,New,1,150.13,0,150.13
ORD-002671,2025-03-29,North America,Apparel,Mobile app,Returning,3,58.17,10,157.06
ORD-002672,2025-03-29,Europe,Beauty,Marketplace,New,1,32.52,0,32.52
ORD-002673,2025-03-29,North America,Home & Kitchen,Web,New,1,62.74,0,62.74
ORD-002674,2025-03-29,North America,Apparel,Mobile app,New,4,48.62,20,155.58
ORD-002675,2025-03-29,North America,Toys,Mobile app,New,1,51.52,0,51.52
ORD-002676,2025-03-29,Europe,Toys,Mobile app,New,2,63.3,15,107.61
ORD-002677,2025-03-29,Latin America,Electronics,Marketplace,Returning,1,192.85,20,154.28
ORD-002678,2025-03-29,Europe,Apparel,Mobile app,Returning,3,24.35,15,62.09
ORD-002679,2025-03-30,Asia Pacific,Electronics,Mobile app,Returning,1,219.34,0,219.34
ORD-002680,2025-03-30,Europe,Apparel,Retail partner,New,2,36.86,0,73.72
ORD-002681,2025-03-30,North America,Electronics,Web,Returning,1,273.97,0,273.97
ORD-002682,2025-03-30,Asia Pacific,Apparel,Mobile app,Returning,2,35.37,5,67.2
ORD-002683,2025-03-30,North America,Home & Kitchen,Web,Returning,1,31.45,10,28.31
ORD-002684,2025-03-30,Europe,Electronics,Marketplace,Returning,2,150.54,0,301.08
ORD-002685,2025-03-30,North America,Apparel,Web,Returning,2,67.19,10,120.94
ORD-002686,2025-03-30,North America,Sports & Outdoors,Web,New,2,76.32,0,152.64
ORD-002687,2025-03-30,Asia Pacific,Sports & Outdoors,Web,Returning,3,117.58,5,335.1
ORD-002688,2025-03-30,North America,Sports & Outdoors,Mobile app,Returning,2,192.57,0,385.14
ORD-002689,2025-03-30,Asia Pacific,Apparel,Mobile app,New,1,59.06,5,56.11
ORD-002690,2025-03-30,Europe,Home & Kitchen,Mobile app,Returning,1,29.72,0,29.72
ORD-002691,2025-03-30,North America,Sports & Outdoors,Marketplace,Returning,1,79.58,10,71.62
ORD-002692,2025-03-30,Latin America,Apparel,Retail partner,New,2,25.53,5,48.51
ORD-002693,2025-03-30,Asia Pacific,Home & Kitchen,Mobile app,New,1,43.97,0,43.97
ORD-002694,2025-03-30,North America,Sports & Outdoors,Mobile app,New,1,70.01,0,70.01
ORD-002695,2025-03-30,Asia Pacific,Home & Kitchen,Marketplace,Returning,1,62.6,10,56.34
ORD-002696,2025-03-30,Asia Pacific,Home & Kitchen,Web,Returning,1,58.1,0,58.1
ORD-002697,2025-03-30,North America,Electronics,Web,Returning,2,245.5,0,491
ORD-002698,2025-03-30,Latin America,Apparel,Mobile app,Returning,1,73.11,15,62.14
ORD-002699,2025-03-30,Europe,Sports & Outdoors,Web,Returning,1,69.47,0,69.47
ORD-002700,2025-03-30,Europe,Apparel,Retail partner,Returning,3,45.1,0,135.3
ORD-002701,2025-03-30,Middle East & Africa,Electronics,Web,Returning,1,158.53,0,158.53
ORD-002702,2025-03-30,Europe,Apparel,Marketplace,Returning,1,46.63,0,46.63
ORD-002703,2025-03-30,Europe,Electronics,Web,New,4,134.12,5,509.66
ORD-002704,2025-03-30,Europe,Home & Kitchen,Mobile app,New,2,70.27,0,140.54
ORD-002705,2025-03-30,Europe,Sports & Outdoors,Marketplace,New,1,64.75,0,64.75
ORD-002706,2025-03-30,Asia Pacific,Home & Kitchen,Marketplace,Returning,2,29.19,5,55.46
ORD-002707,2025-03-30,Asia Pacific,Home & Kitchen,Mobile app,Returning,2,84.5,0,169
ORD-002708,2025-03-31,Latin America,Sports & Outdoors,Mobile app,New,1,62.06,5,58.96
ORD-002709,2025-03-31,North America,Beauty,Web,Returning,1,38.58,0,38.58
ORD-002710,2025-03-31,Europe,Home & Kitchen,Web,New,4,96.5,0,386
ORD-002711,2025-03-31,Asia Pacific,Apparel,Web,Returning,3,61.86,0,185.58
ORD-002712,2025-03-31,Europe,Electronics,Web,New,2,219.71,0,439.42
ORD-002713,2025-03-31,North America,Electronics,Web,New,1,208.47,20,166.78
ORD-002714,2025-03-31,Middle East & Africa,Home & Kitchen,Web,Returning,1,59.08,0,59.08
ORD-002715,2025-03-31,Europe,Electronics,Mobile app,New,3,280.55,0,841.65
ORD-002716,2025-03-31,North America,Beauty,Mobile app,Returning,1,26.34,15,22.39
ORD-002717,2025-03-31,Asia Pacific,Beauty,Web,Returning,4,39.33,15,133.72
ORD-002718,2025-03-31,Asia Pacific,Apparel,Web,New,1,17.53,5,16.65
ORD-002719,2025-03-31,Europe,Sports & Outdoors,Web,Returning,1,114.53,0,114.53
ORD-002720,2025-03-31,North America,Apparel,Web,New,1,49.13,0,49.13
ORD-002721,2025-03-31,Asia Pacific,Electronics,Marketplace,New,2,138.96,0,277.92
ORD-002722,2025-03-31,North America,Sports & Outdoors,Web,Returning,2,35.72,0,71.44
ORD-002723,2025-03-31,North America,Home & Kitchen,Mobile app,New,1,65.05,0,65.05
ORD-002724,2025-03-31,Middle East & Africa,Toys,Web,New,2,47.88,10,86.18
ORD-002725,2025-03-31,Asia Pacific,Beauty,Web,Returning,3,21.71,10,58.62
ORD-002726,2025-03-31,Middle East & Africa,Electronics,Retail partner,Returning,1,121.2,0,121.2
ORD-002727,2025-03-31,Asia Pacific,Apparel,Retail partner,Returning,4,42.05,15,142.97
ORD-002728,2025-03-31,North America,Apparel,Web,Returning,1,44.33,5,42.11
ORD-002729,2025-03-31,Asia Pacific,Home & Kitchen,Web,Returning,4,61.39,0,245.56
ORD-002730,2025-03-31,Latin America,Apparel,Mobile app,New,2,49.59,15,84.3
ORD-002731,2025-03-31,Asia Pacific,Electronics,Web,Returning,1,191.06,0,191.06
ORD-002732,2025-03-31,Latin America,Sports & Outdoors,Web,New,2,64.05,0,128.1
ORD-002733,2025-03-31,North America,Apparel,Mobile app,Returning,2,39.66,0,79.32
ORD-002734,2025-03-31,North America,Electronics,Mobile app,New,2,203.12,0,406.24
ORD-002735,2025-03-31,North America,Home & Kitchen,Web,Returning,2,89.09,0,178.18
ORD-002736,2025-03-31,Europe,Beauty,Mobile app,Returning,2,27.74,10,49.93
ORD-002737,2025-03-31,North America,Electronics,Mobile app,Returning,1,147.07,5,139.72
ORD-002738,2025-03-31,North America,Toys,Mobile app,New,1,20.47,0,20.47
ORD-002739,2025-03-31,Asia Pacific,Apparel,Mobile app,New,1,70.78,20,56.62
ORD-002740,2025-03-31,Latin America,Beauty,Web,Returning,3,30.22,0,90.66
ORD-002741,2025-03-31,North America,Apparel,Web,New,2,31.33,0,62.66
ORD-002742,2025-03-31,North America,Beauty,Marketplace,New,2,42.13,5,80.05
ORD-002743,2025-03-31,Latin America,Beauty,Mobile app,New,1,55.69,0,55.69
ORD-002744,2025-03-31,North America,Apparel,Mobile app,New,2,53.32,0,106.64
ORD-002745,2025-03-31,Middle East & Africa,Home & Kitchen,Mobile app,Returning,2,60.77,0,121.54
ORD-002746,2025-03-31,Europe,Electronics,Web,Returning,1,213.31,15,181.31
ORD-002747,2025-03-31,Asia Pacific,Electronics,Web,New,1,166.69,0,166.69
ORD-002748,2025-04-01,North America,Toys,Mobile app,New,1,22.96,15,19.52
ORD-002749,2025-04-01,North America,Toys,Mobile app,New,5,48.12,15,204.51
ORD-002750,2025-04-01,Europe,Apparel,Web,New,1,44.69,0,44.69
ORD-002751,2025-04-01,Europe,Toys,Mobile app,New,1,25.87,15,21.99
ORD-002752,2025-04-01,Asia Pacific,Home & Kitchen,Mobile app,New,1,84.43,15,71.77
ORD-002753,2025-04-01,North America,Apparel,Mobile app,Returning,1,24.96,0,24.96
ORD-002754,2025-04-01,Asia Pacific,Apparel,Web,Returning,3,25.4,0,76.2
ORD-002755,2025-04-01,North America,Electronics,Web,New,1,126.21,0,126.21
ORD-002756,2025-04-01,Asia Pacific,Toys,Mobile app,Returning,2,22.25,15,37.82
ORD-002757,2025-04-01,North America,Apparel,Mobile app,New,2,45.87,10,82.57
ORD-002758,2025-04-01,Europe,Apparel,Web,Returning,1,37.54,10,33.79
ORD-002759,2025-04-01,Europe,Sports & Outdoors,Mobile app,New,1,118.27,10,106.44
ORD-002760,2025-04-01,Asia Pacific,Home & Kitchen,Web,New,3,103.14,0,309.42
ORD-002761,2025-04-01,Asia Pacific,Apparel,Mobile app,Returning,2,19.77,15,33.61
ORD-002762,2025-04-01,North America,Sports & Outdoors,Web,Returning,3,99.05,0,297.15
ORD-002763,2025-04-01,Asia Pacific,Beauty,Mobile app,Returning,1,26.59,0,26.59
ORD-002764,2025-04-01,Europe,Electronics,Marketplace,Returning,1,156.14,0,156.14
ORD-002765,2025-04-01,North America,Apparel,Marketplace,Returning,4,37.5,0,150
ORD-002766,2025-04-01,Europe,Apparel,Marketplace,New,1,64.71,0,64.71
ORD-002767,2025-04-01,Europe,Home & Kitchen,Mobile app,New,1,71.4,10,64.26
ORD-002768,2025-04-01,Asia Pacific,Sports & Outdoors,Web,New,1,66.28,10,59.65
ORD-002769,2025-04-02,North America,Apparel,Mobile app,New,1,60.83,10,54.75
ORD-002770,2025-04-02,Europe,Electronics,Marketplace,Returning,1,94.71,0,94.71
ORD-002771,2025-04-02,Europe,Beauty,Mobile app,Returning,2,24.64,5,46.82
ORD-002772,2025-04-02,Europe,Toys,Web,New,3,33.3,10,89.91
ORD-002773,2025-04-02,Latin America,Apparel,Web,Returning,1,66.69,0,66.69
ORD-002774,2025-04-02,Asia Pacific,Apparel,Marketplace,New,2,74.42,0,148.84
ORD-002775,2025-04-02,Europe,Electronics,Web,New,1,141.8,15,120.53
ORD-002776,2025-04-02,North America,Electronics,Mobile app,Returning,5,91.19,10,410.36
ORD-002777,2025-04-02,North America,Electronics,Web,Returning,1,111.29,5,105.73
ORD-002778,2025-04-02,Asia Pacific,Beauty,Retail partner,Returning,1,38,5,36.1
ORD-002779,2025-04-02,Latin America,Beauty,Mobile app,New,1,23.28,10,20.95
ORD-002780,2025-04-02,Europe,Electronics,Mobile app,New,1,138.28,0,138.28
ORD-002781,2025-04-02,Asia Pacific,Electronics,Web,New,4,144.35,5,548.53
ORD-002782,2025-04-02,Europe,Electronics,Web,New,1,91.23,0,91.23
ORD-002783,2025-04-02,Asia Pacific,Home & Kitchen,Mobile app,New,1,60.37,10,54.33
ORD-002784,2025-04-02,North America,Home & Kitchen,Web,Returning,2,67.88,5,128.97
ORD-002785,2025-04-02,Asia Pacific,Beauty,Web,New,3,33.6,0,100.8
ORD-002786,2025-04-02,Asia Pacific,Beauty,Web,Returning,5,42.27,0,211.35
ORD-002787,2025-04-02,Asia Pacific,Apparel,Mobile app,Returning,1,28.7,5,27.26
ORD-002788,2025-04-02,North America,Apparel,Mobile app,Returning,3,53.65,5,152.9
ORD-002789,2025-04-02,Asia Pacific,Toys,Web,Returning,2,21.37,0,42.74
ORD-002790,2025-04-02,North America,Home & Kitchen,Web,Returning,3,179.36,0,538.08
ORD-002791,2025-04-02,Europe,Sports & Outdoors,Mobile app,Returning,1,69.32,15,58.92
ORD-002792,2025-04-03,Latin America,Sports & Outdoors,Mobile app,Returning,1,94.27,15,80.13
ORD-002793,2025-04-03,Middle East & Africa,Toys,Web,New,3,35.3,0,105.9
ORD-002794,2025-04-03,North America,Apparel,Web,Returning,1,52.69,0,52.69
ORD-002795,2025-04-03,Europe,Electronics,Mobile app,Returning,2,162.05,10,291.69
ORD-002796,2025-04-03,North America,Electronics,Web,Returning,1,60.31,0,60.31
ORD-002797,2025-04-03,Europe,Electronics,Mobile app,Returning,1,58.21,0,58.21
ORD-002798,2025-04-03,Europe,Home & Kitchen,Mobile app,New,1,44.1,0,44.1
ORD-002799,2025-04-03,North America,Apparel,Mobile app,Returning,2,35.14,10,63.25
ORD-002800,2025-04-03,North America,Apparel,Mobile app,New,1,64.51,5,61.28
ORD-002801,2025-04-03,Asia Pacific,Home & Kitchen,Marketplace,New,4,42.48,0,169.92
ORD-002802,2025-04-03,Middle East & Africa,Electronics,Web,New,3,99.54,0,298.62
ORD-002803,2025-04-03,Europe,Sports & Outdoors,Retail partner,New,2,74.93,10,134.87
ORD-002804,2025-04-03,North America,Apparel,Retail partner,New,1,65.21,0,65.21
ORD-002805,2025-04-03,Europe,Home & Kitchen,Marketplace,New,1,75.64,0,75.64
ORD-002806,2025-04-03,North America,Electronics,Mobile app,New,1,40.38,0,40.38
ORD-002807,2025-04-03,North America,Sports & Outdoors,Retail partner,New,2,92.36,0,184.72
ORD-002808,2025-04-03,North America,Home & Kitchen,Web,Returning,3,62,0,186
ORD-002809,2025-04-03,North America,Toys,Marketplace,Returning,1,35.05,10,31.55
ORD-002810,2025-04-03,Europe,Apparel,Retail partner,Returning,5,36.22,0,181.1
ORD-002811,2025-04-03,Europe,Electronics,Web,New,1,213.7,0,213.7
ORD-002812,2025-04-03,Asia Pacific,Electronics,Web,Returning,1,106.42,0,106.42
ORD-002813,2025-04-03,Asia Pacific,Home & Kitchen,Web,Returning,3,76.16,0,228.48
ORD-002814,2025-04-03,Latin America,Toys,Mobile app,New,1,26.12,0,26.12
ORD-002815,2025-04-03,North America,Home & Kitchen,Retail partner,Returning,2,40.73,10,73.31
ORD-002816,2025-04-03,Asia Pacific,Toys,Mobile app,New,1,38.79,0,38.79
ORD-002817,2025-04-03,North America,Home & Kitchen,Web,Returning,4,75.99,5,288.76
ORD-002818,2025-04-03,Asia Pacific,Beauty,Web,New,2,37.79,0,75.58
ORD-002819,2025-04-04,Asia Pacific,Toys,Web,New,2,27.09,0,54.18
ORD-002820,2025-04-04,North America,Apparel,Web,New,2,84.95,10,152.91
ORD-002821,2025-04-04,Asia Pacific,Electronics,Mobile app,New,3,95.03,10,256.58
ORD-002822,2025-04-04,North America,Electronics,Marketplace,Returning,1,91.68,5,87.1
ORD-002823,2025-04-04,Asia Pacific,Home & Kitchen,Web,Returning,1,29.36,10,26.42
ORD-002824,2025-04-04,Middle East & Africa,Apparel,Marketplace,New,2,29.2,15,49.64
ORD-002825,2025-04-04,Europe,Beauty,Web,Returning,1,31.65,0,31.65
ORD-002826,2025-04-04,Europe,Apparel,Mobile app,Returning,3,38.7,10,104.49
ORD-002827,2025-04-04,Latin America,Electronics,Mobile app,Returning,1,85.71,0,85.71
ORD-002828,2025-04-04,North America,Sports & Outdoors,Marketplace,Returning,2,56.79,0,113.58
ORD-002829,2025-04-04,North America,Home & Kitchen,Web,Returning,2,73.02,0,146.04
ORD-002830,2025-04-04,Latin America,Apparel,Web,Returning,2,70.54,0,141.08
ORD-002831,2025-04-04,Europe,Electronics,Mobile app,Returning,1,73.67,0,73.67
ORD-002832,2025-04-04,North America,Electronics,Web,Returning,1,75.17,0,75.17
ORD-002833,2025-04-04,Europe,Apparel,Web,New,1,35.48,5,33.71
ORD-002834,2025-04-04,North America,Electronics,Mobile app,New,3,91.21,5,259.95
ORD-002835,2025-04-04,Middle East & Africa,Sports & Outdoors,Mobile app,Returning,2,83.11,10,149.6
ORD-002836,2025-04-04,Asia Pacific,Sports & Outdoors,Web,New,1,97.17,0,97.17
ORD-002837,2025-04-04,Europe,Electronics,Web,New,2,197.34,15,335.48
ORD-002838,2025-04-04,Latin America,Apparel,Mobile app,Returning,1,33.52,0,33.52
ORD-002839,2025-04-04,Europe,Electronics,Web,Returning,1,102.86,5,97.72
ORD-002840,2025-04-04,North America,Home & Kitchen,Web,Returning,2,90.09,0,180.18
ORD-002841,2025-04-04,Europe,Electronics,Web,Returning,1,170.49,15,144.92
ORD-002842,2025-04-04,Asia Pacific,Electronics,Marketplace,Returning,3,117.89,15,300.62
ORD-002843,2025-04-04,Europe,Apparel,Retail partner,Returning,2,40.59,0,81.18
ORD-002844,2025-04-04,North America,Electronics,Mobile app,New,2,113.3,5,215.27
ORD-002845,2025-04-04,Asia Pacific,Toys,Mobile app,New,1,38.02,0,38.02
ORD-002846,2025-04-04,Latin America,Apparel,Mobile app,New,1,45.06,5,42.81
ORD-002847,2025-04-04,Asia Pacific,Electronics,Mobile app,Returning,2,110.4,10,198.72
ORD-002848,2025-04-04,Middle East & Africa,Beauty,Mobile app,New,1,34.35,0,34.35
ORD-002849,2025-04-04,North America,Home & Kitchen,Mobile app,Returning,1,80.43,0,80.43
ORD-002850,2025-04-04,North America,Beauty,Mobile app,New,1,26.19,0,26.19
ORD-002851,2025-04-04,Europe,Electronics,Web,New,2,145.71,0,291.42
ORD-002852,2025-04-04,North America,Apparel,Mobile app,Returning,1,33.13,10,29.82
ORD-002853,2025-04-04,North America,Electronics,Web,Returning,5,50.36,0,251.8
ORD-002854,2025-04-04,Asia Pacific,Beauty,Web,Returning,3,21.96,10,59.29
ORD-002855,2025-04-04,Europe,Toys,Web,Returning,3,14.49,0,43.47
ORD-002856,2025-04-04,Asia Pacific,Home & Kitchen,Web,Returning,2,90.59,10,163.06
ORD-002857,2025-04-04,North America,Beauty,Web,Returning,1,23.66,10,21.29
ORD-002858,2025-04-05,North America,Toys,Mobile app,New,2,37.78,15,64.23
ORD-002859,2025-04-05,Asia Pacific,Electronics,Web,Returning,1,147.25,5,139.89
ORD-002860,2025-04-05,Asia Pacific,Beauty,Mobile app,Returning,3,31.4,0,94.2
ORD-002861,2025-04-05,North America,Sports & Outdoors,Retail partner,Returning,1,71.06,0,71.06
ORD-002862,2025-04-05,North America,Beauty,Mobile app,New,1,36,0,36
ORD-002863,2025-04-05,Middle East & Africa,Toys,Marketplace,Returning,5,12.84,15,54.57
ORD-002864,2025-04-05,North America,Electronics,Retail partner,New,2,108.37,0,216.74
ORD-002865,2025-04-05,North America,Beauty,Mobile app,New,1,19.46,0,19.46
ORD-002866,2025-04-05,Asia Pacific,Beauty,Web,Returning,3,21.1,0,63.3
ORD-002867,2025-04-05,North America,Sports & Outdoors,Web,New,2,99.83,10,179.69
ORD-002868,2025-04-05,Asia Pacific,Electronics,Mobile app,New,1,138.79,0,138.79
ORD-002869,2025-04-05,Asia Pacific,Home & Kitchen,Mobile app,Returning,1,66.25,0,66.25
ORD-002870,2025-04-05,Europe,Electronics,Web,Returning,3,91.25,0,273.75
ORD-002871,2025-04-05,Asia Pacific,Toys,Mobile app,New,5,49.04,0,245.2
ORD-002872,2025-04-05,Europe,Home & Kitchen,Mobile app,Returning,2,58.49,5,111.13
ORD-002873,2025-04-05,North America,Home & Kitchen,Mobile app,New,1,60.24,0,60.24
ORD-002874,2025-04-05,Europe,Electronics,Mobile app,Returning,1,108.73,5,103.29
ORD-002875,2025-04-05,Europe,Apparel,Web,New,1,43.84,0,43.84
ORD-002876,2025-04-05,Asia Pacific,Home & Kitchen,Web,New,3,53.65,0,160.95
ORD-002877,2025-04-05,Asia Pacific,Electronics,Web,New,1,75.3,5,71.54
ORD-002878,2025-04-05,North America,Electronics,Web,New,3,66.04,0,198.12
ORD-002879,2025-04-05,North America,Apparel,Mobile app,New,1,47.51,0,47.51
ORD-002880,2025-04-05,Europe,Apparel,Mobile app,Returning,2,28.29,10,50.92
ORD-002881,2025-04-05,North America,Home & Kitchen,Mobile app,New,1,40.79,0,40.79
ORD-002882,2025-04-05,Asia Pacific,Sports & Outdoors,Web,Returning,1,61.13,10,55.02
ORD-002883,2025-04-05,Latin America,Home & Kitchen,Web,Returning,1,54.39,0,54.39
ORD-002884,2025-04-05,North America,Apparel,Web,New,1,52.55,0,52.55
ORD-002885,2025-04-05,North America,Sports & Outdoors,Mobile app,Returning,1,53.64,15,45.59
ORD-002886,2025-04-05,Middle East & Africa,Electronics,Mobile app,New,2,56.96,0,113.92
ORD-002887,2025-04-05,North America,Apparel,Web,Returning,1,49.85,5,47.36
ORD-002888,2025-04-05,North America,Home & Kitchen,Retail partner,Returning,1,64.58,0,64.58
ORD-002889,2025-04-05,Europe,Electronics,Web,Returning,1,73.87,5,70.18
ORD-002890,2025-04-05,Asia Pacific,Beauty,Mobile app,Returning,1,26.2,20,20.96
ORD-002891,2025-04-05,North America,Apparel,Web,New,1,92.91,0,92.91
ORD-002892,2025-04-05,Europe,Sports & Outdoors,Web,Returning,3,79.32,5,226.06
ORD-002893,2025-04-05,Latin America,Apparel,Web,Returning,1,28.21,5,26.8
ORD-002894,2025-04-05,Middle East & Africa,Toys,Web,Returning,2,37.27,0,74.54
ORD-002895,2025-04-05,Asia Pacific,Toys,Web,New,1,23.53,10,21.18
ORD-002896,2025-04-06,North America,Electronics,Marketplace,Returning,1,114.82,0,114.82
ORD-002897,2025-04-06,North America,Apparel,Retail partner,Returning,1,68.25,0,68.25
ORD-002898,2025-04-06,Europe,Home & Kitchen,Web,New,1,82.26,5,78.15
ORD-002899,2025-04-06,North America,Apparel,Mobile app,New,1,66.12,0,66.12
ORD-002900,2025-04-06,North America,Apparel,Web,Returning,2,60.33,5,114.63
ORD-002901,2025-04-06,North America,Home & Kitchen,Web,Returning,2,79.04,0,158.08
ORD-002902,2025-04-06,Middle East & Africa,Sports & Outdoors,Web,Returning,1,75.07,0,75.07
ORD-002903,2025-04-06,Europe,Home & Kitchen,Mobile app,Returning,1,122.06,0,122.06
ORD-002904,2025-04-06,Middle East & Africa,Sports & Outdoors,Mobile app,New,2,133.7,0,267.4
ORD-002905,2025-04-06,North America,Beauty,Web,Returning,1,28.74,5,27.3
ORD-002906,2025-04-06,Asia Pacific,Apparel,Marketplace,Returning,2,86.92,0,173.84
ORD-002907,2025-04-06,Asia Pacific,Electronics,Web,Returning,1,107.09,0,107.09
ORD-002908,2025-04-06,Latin America,Sports & Outdoors,Web,Returning,1,59.51,0,59.51
ORD-002909,2025-04-06,Asia Pacific,Beauty,Web,New,2,21.64,10,38.95
ORD-002910,2025-04-06,Europe,Beauty,Mobile app,Returning,1,30.18,10,27.16
ORD-002911,2025-04-06,North America,Beauty,Mobile app,Returning,1,34.1,0,34.1
ORD-002912,2025-04-06,North America,Home & Kitchen,Web,New,1,54.52,5,51.79
ORD-002913,2025-04-06,Asia Pacific,Home & Kitchen,Web,Returning,3,72,0,216
ORD-002914,2025-04-06,Europe,Sports & Outdoors,Mobile app,Returning,1,65.16,10,58.64
ORD-002915,2025-04-06,Middle East & Africa,Home & Kitchen,Mobile app,Returning,2,48.68,10,87.62
ORD-002916,2025-04-06,Europe,Electronics,Web,Returning,1,115.77,10,104.19
ORD-002917,2025-04-06,Europe,Beauty,Mobile app,Returning,1,23.18,0,23.18
ORD-002918,2025-04-06,Europe,Sports & Outdoors,Marketplace,New,5,76.59,0,382.95
ORD-002919,2025-04-06,Asia Pacific,Electronics,Web,Returning,4,72.34,0,289.36
ORD-002920,2025-04-06,Middle East & Africa,Home & Kitchen,Mobile app,New,2,43.7,10,78.66
ORD-002921,2025-04-06,North America,Toys,Web,New,1,22.22,0,22.22
ORD-002922,2025-04-06,Europe,Toys,Retail partner,Returning,5,40.79,0,203.95
ORD-002923,2025-04-06,North America,Electronics,Web,New,1,82.83,5,78.69
ORD-002924,2025-04-06,Asia Pacific,Toys,Mobile app,New,2,27.48,0,54.96
ORD-002925,2025-04-06,North America,Home & Kitchen,Mobile app,Returning,4,38.17,10,137.41
ORD-002926,2025-04-06,North America,Electronics,Retail partner,New,1,112.81,15,95.89
ORD-002927,2025-04-06,North America,Apparel,Web,Returning,2,42.15,0,84.3
ORD-002928,2025-04-07,Asia Pacific,Home & Kitchen,Web,Returning,2,34.92,0,69.84
ORD-002929,2025-04-07,North America,Electronics,Mobile app,New,1,100.6,0,100.6
ORD-002930,2025-04-07,Asia Pacific,Apparel,Mobile app,Returning,1,55.29,5,52.53
ORD-002931,2025-04-07,Latin America,Electronics,Web,New,2,199.57,10,359.23
ORD-002932,2025-04-07,Europe,Beauty,Mobile app,New,3,56.07,0,168.21
ORD-002933,2025-04-07,North America,Apparel,Web,Returning,5,26.25,0,131.25
ORD-002934,2025-04-07,Asia Pacific,Home & Kitchen,Mobile app,Returning,1,52.71,0,52.71
ORD-002935,2025-04-07,Europe,Toys,Web,Returning,4,33.8,0,135.2
ORD-002936,2025-04-07,Latin America,Apparel,Web,Returning,1,35.39,10,31.85
ORD-002937,2025-04-07,North America,Electronics,Mobile app,New,1,163.07,0,163.07
ORD-002938,2025-04-07,Europe,Home & Kitchen,Web,Returning,2,133.08,15,226.24
ORD-002939,2025-04-07,Europe,Home & Kitchen,Web,Returning,5,40.58,0,202.9
ORD-002940,2025-04-07,North America,Toys,Web,Returning,3,53.62,0,160.86
ORD-002941,2025-04-07,North America,Sports & Outdoors,Web,New,1,101.43,10,91.29
ORD-002942,2025-04-07,Europe,Electronics,Web,Returning,4,60.07,0,240.28
ORD-002943,2025-04-07,North America,Sports & Outdoors,Web,Returning,2,42.74,0,85.48
ORD-002944,2025-04-07,Europe,Apparel,Mobile app,Returning,2,60.9,0,121.8
ORD-002945,2025-04-07,North America,Electronics,Web,New,2,88.01,15,149.62
ORD-002946,2025-04-07,Latin America,Sports & Outdoors,Web,Returning,3,111.06,10,299.86
ORD-002947,2025-04-07,Europe,Home & Kitchen,Web,Returning,2,61.91,0,123.82
ORD-002948,2025-04-07,North America,Beauty,Retail partner,New,1,52.76,10,47.48
ORD-002949,2025-04-07,Asia Pacific,Toys,Web,Returning,1,31.76,0,31.76
ORD-002950,2025-04-07,North America,Apparel,Web,New,1,37.73,5,35.84
ORD-002951,2025-04-07,Latin America,Home & Kitchen,Marketplace,Returning,2,47.86,0,95.72
ORD-002952,2025-04-07,Europe,Apparel,Web,New,2,81.85,5,155.51
ORD-002953,2025-04-07,North America,Apparel,Web,Returning,1,76.34,5,72.52
ORD-002954,2025-04-07,Asia Pacific,Apparel,Mobile app,Returning,1,64.71,0,64.71
ORD-002955,2025-04-07,Asia Pacific,Apparel,Web,New,2,63.25,0,126.5
ORD-002956,2025-04-07,Europe,Home & Kitchen,Mobile app,New,3,46.7,0,140.1
ORD-002957,2025-04-07,Latin America,Toys,Web,Returning,1,66.58,0,66.58
ORD-002958,2025-04-07,Europe,Toys,Mobile app,New,1,37.3,15,31.71
ORD-002959,2025-04-07,North America,Apparel,Web,New,1,35.6,0,35.6
ORD-002960,2025-04-07,Latin America,Sports & Outdoors,Retail partner,Returning,2,75.73,0,151.46
ORD-002961,2025-04-07,North America,Electronics,Retail partner,New,1,158.17,15,134.44
ORD-002962,2025-04-07,North America,Home & Kitchen,Web,New,1,57.27,5,54.41
ORD-002963,2025-04-08,Asia Pacific,Electronics,Mobile app,Returning,1,111.2,0,111.2
ORD-002964,2025-04-08,Asia Pacific,Home & Kitchen,Web,Returning,1,58.68,0,58.68
ORD-002965,2025-04-08,Asia Pacific,Apparel,Mobile app,Returning,1,36.61,0,36.61
ORD-002966,2025-04-08,North America,Sports & Outdoors,Web,Returning,1,55.42,0,55.42
ORD-002967,2025-04-08,North America,Beauty,Web,Returning,2,25.34,0,50.68
ORD-002968,2025-04-08,Europe,Home & Kitchen,Web,Returning,1,70.76,0,70.76
ORD-002969,2025-04-08,North America,Apparel,Web,Returning,1,32.92,0,32.92
ORD-002970,2025-04-08,North America,Electronics,Marketplace,Returning,1,169.94,0,169.94
ORD-002971,2025-04-08,Middle East & Africa,Electronics,Marketplace,New,1,139.07,5,132.12
ORD-002972,2025-04-08,Europe,Apparel,Web,New,2,41.2,0,82.4
ORD-002973,2025-04-08,Latin America,Apparel,Mobile app,New,1,58.49,0,58.49
ORD-002974,2025-04-08,North America,Electronics,Mobile app,New,2,182.89,10,329.2
ORD-002975,2025-04-08,North America,Beauty,Web,New,1,30.38,0,30.38
ORD-002976,2025-04-08,Europe,Electronics,Web,Returning,2,100.4,0,200.8
ORD-002977,2025-04-08,North America,Apparel,Web,Returning,3,43.04,5,122.66
ORD-002978,2025-04-08,Latin America,Electronics,Web,New,1,77.67,0,77.67
ORD-002979,2025-04-08,North America,Sports & Outdoors,Marketplace,Returning,2,62.47,10,112.45
ORD-002980,2025-04-08,Latin America,Toys,Marketplace,New,3,48.26,10,130.3
ORD-002981,2025-04-08,Asia Pacific,Electronics,Web,Returning,2,106.67,0,213.34
ORD-002982,2025-04-08,Asia Pacific,Electronics,Mobile app,Returning,1,186.36,0,186.36
ORD-002983,2025-04-08,Latin America,Home & Kitchen,Web,Returning,2,84.02,5,159.64
ORD-002984,2025-04-08,North America,Electronics,Mobile app,Returning,2,120.92,0,241.84
ORD-002985,2025-04-08,Middle East & Africa,Electronics,Web,Returning,3,338.01,0,1014.03
ORD-002986,2025-04-08,Europe,Electronics,Marketplace,Returning,1,82.03,15,69.73
ORD-002987,2025-04-08,North America,Electronics,Mobile app,New,1,101.29,0,101.29
ORD-002988,2025-04-08,North America,Electronics,Mobile app,Returning,1,187.54,0,187.54
ORD-002989,2025-04-08,Europe,Electronics,Marketplace,Returning,1,273.04,10,245.74
ORD-002990,2025-04-08,North America,Sports & Outdoors,Mobile app,New,1,63.38,5,60.21
ORD-002991,2025-04-08,North America,Home & Kitchen,Web,New,2,47.95,10,86.31
ORD-002992,2025-04-08,Latin America,Toys,Mobile app,Returning,3,37.37,0,112.11
ORD-002993,2025-04-08,Latin America,Home & Kitchen,Mobile app,Returning,1,71.45,0,71.45
ORD-002994,2025-04-08,Latin America,Electronics,Web,Returning,2,70.27,5,133.51
ORD-002995,2025-04-09,Latin America,Electronics,Web,Returning,1,80.35,5,76.33
ORD-002996,2025-04-09,Asia Pacific,Sports & Outdoors,Web,New,3,48.53,0,145.59
ORD-002997,2025-04-09,Europe,Electronics,Web,New,2,126,0,252
ORD-002998,2025-04-09,Europe,Electronics,Retail partner,Returning,2,119.13,10,214.43
ORD-002999,2025-04-09,North America,Electronics,Web,Returning,2,76.41,0,152.82
ORD-003000,2025-04-09,North America,Electronics,Marketplace,Returning,1,92.01,0,92.01
ORD-003001,2025-04-09,Middle East & Africa,Home & Kitchen,Web,Returning,2,78.79,0,157.58
ORD-003002,2025-04-09,Europe,Electronics,Web,Returning,1,76.81,5,72.97
ORD-003003,2025-04-09,Asia Pacific,Apparel,Web,Returning,2,56.88,0,113.76
ORD-003004,2025-04-09,North America,Home & Kitchen,Mobile app,Returning,1,28.13,5,26.72
ORD-003005,2025-04-09,Middle East & Africa,Beauty,Marketplace,New,3,36.03,0,108.09
ORD-003006,2025-04-09,Asia Pacific,Electronics,Marketplace,New,1,113.06,0,113.06
ORD-003007,2025-04-09,Middle East & Africa,Beauty,Web,New,4,35.45,10,127.62
ORD-003008,2025-04-09,North America,Toys,Mobile app,New,1,38.2,0,38.2
ORD-003009,2025-04-09,Latin America,Sports & Outdoors,Mobile app,Returning,2,90,15,153
ORD-003010,2025-04-09,Europe,Sports & Outdoors,Mobile app,New,1,56.06,0,56.06
ORD-003011,2025-04-09,Europe,Home & Kitchen,Mobile app,Returning,1,99.81,0,99.81
ORD-003012,2025-04-09,Asia Pacific,Apparel,Mobile app,Returning,2,24.63,10,44.33
ORD-003013,2025-04-09,North America,Toys,Web,New,1,31.23,0,31.23
ORD-003014,2025-04-09,Europe,Apparel,Web,Returning,1,38.43,0,38.43
ORD-003015,2025-04-09,North America,Electronics,Mobile app,Returning,1,69.91,5,66.41
ORD-003016,2025-04-09,Middle East & Africa,Home & Kitchen,Web,Returning,1,39.37,0,39.37
ORD-003017,2025-04-09,North America,Electronics,Web,Returning,1,91.48,10,82.33
ORD-003018,2025-04-09,Latin America,Apparel,Retail partner,New,1,42.1,20,33.68
ORD-003019,2025-04-09,Europe,Apparel,Mobile app,Returning,2,56.07,0,112.14
ORD-003020,2025-04-09,Asia Pacific,Apparel,Web,New,2,29.87,0,59.74
ORD-003021,2025-04-09,North America,Electronics,Web,New,1,87.57,15,74.43
ORD-003022,2025-04-09,Middle East & Africa,Beauty,Marketplace,Returning,2,32.85,5,62.42
ORD-003023,2025-04-10,Latin America,Electronics,Mobile app,Returning,1,121.6,5,115.52
ORD-003024,2025-04-10,Europe,Apparel,Marketplace,Returning,2,28.45,15,48.36
ORD-003025,2025-04-10,Middle East & Africa,Toys,Web,Returning,1,32.88,0,32.88
ORD-003026,2025-04-10,North America,Electronics,Web,Returning,1,95.79,0,95.79
ORD-003027,2025-04-10,Latin America,Electronics,Retail partner,Returning,1,89.79,20,71.83
ORD-003028,2025-04-10,Middle East & Africa,Home & Kitchen,Web,New,2,69.78,0,139.56
ORD-003029,2025-04-10,Europe,Electronics,Marketplace,Returning,2,77.14,0,154.28
ORD-003030,2025-04-10,North America,Toys,Web,Returning,4,54.18,0,216.72
ORD-003031,2025-04-10,Asia Pacific,Beauty,Web,Returning,2,24.52,0,49.04
ORD-003032,2025-04-10,Middle East & Africa,Toys,Mobile app,Returning,1,47.74,20,38.19
ORD-003033,2025-04-10,North America,Electronics,Marketplace,New,2,122.3,0,244.6
ORD-003034,2025-04-10,Europe,Sports & Outdoors,Web,Returning,2,93.09,0,186.18
ORD-003035,2025-04-10,Europe,Toys,Web,Returning,1,27.36,0,27.36
ORD-003036,2025-04-10,Latin America,Home & Kitchen,Web,New,1,70.41,10,63.37
ORD-003037,2025-04-10,North America,Sports & Outdoors,Marketplace,New,3,65.73,20,157.75
ORD-003038,2025-04-10,Asia Pacific,Home & Kitchen,Web,New,2,63.12,0,126.24
ORD-003039,2025-04-10,Latin America,Electronics,Web,Returning,2,113.78,5,216.18
ORD-003040,2025-04-10,Europe,Electronics,Web,New,1,111.23,5,105.67
ORD-003041,2025-04-10,Latin America,Apparel,Retail partner,Returning,2,46.47,0,92.94
ORD-003042,2025-04-10,Europe,Apparel,Web,New,1,60.34,5,57.32
ORD-003043,2025-04-10,North America,Sports & Outdoors,Mobile app,Returning,3,52.15,15,132.98
ORD-003044,2025-04-10,North America,Electronics,Web,New,4,144.95,5,550.81
ORD-003045,2025-04-10,North America,Apparel,Web,Returning,1,27.42,0,27.42
ORD-003046,2025-04-10,North America,Home & Kitchen,Web,Returning,1,40.24,0,40.24
ORD-003047,2025-04-10,Asia Pacific,Sports & Outdoors,Web,Returning,1,70.24,0,70.24
ORD-003048,2025-04-10,Europe,Sports & Outdoors,Web,Returning,3,127.98,10,345.55
ORD-003049,2025-04-10,Europe,Home & Kitchen,Web,Returning,1,52.9,0,52.9
ORD-003050,2025-04-10,Latin America,Home & Kitchen,Mobile app,Returning,1,61.19,5,58.13
ORD-003051,2025-04-10,North America,Beauty,Web,New,1,20.15,0,20.15
ORD-003052,2025-04-11,Europe,Apparel,Web,Returning,2,30.81,10,55.46
ORD-003053,2025-04-11,Europe,Apparel,Mobile app,New,1,27,0,27
ORD-003054,2025-04-11,Europe,Beauty,Web,Returning,5,18.27,0,91.35
ORD-003055,2025-04-11,Europe,Home & Kitchen,Mobile app,Returning,2,45.05,5,85.59
ORD-003056,2025-04-11,North America,Beauty,Web,New,2,28.4,5,53.96
ORD-003057,2025-04-11,Asia Pacific,Electronics,Web,New,1,183.35,0,183.35
ORD-003058,2025-04-11,Europe,Sports & Outdoors,Web,Returning,2,81.15,0,162.3
ORD-003059,2025-04-11,Latin America,Beauty,Retail partner,New,4,24.25,20,77.6
ORD-003060,2025-04-11,Asia Pacific,Apparel,Web,New,3,37.56,15,95.78
ORD-003061,2025-04-11,Europe,Electronics,Web,New,1,91.49,15,77.77
ORD-003062,2025-04-11,Europe,Beauty,Mobile app,New,1,27.77,0,27.77
ORD-003063,2025-04-11,North America,Home & Kitchen,Marketplace,Returning,1,48.76,10,43.88
ORD-003064,2025-04-11,Europe,Home & Kitchen,Web,Returning,1,79.54,0,79.54
ORD-003065,2025-04-11,Asia Pacific,Electronics,Mobile app,Returning,1,110.92,5,105.37
ORD-003066,2025-04-11,North America,Sports & Outdoors,Mobile app,Returning,1,84.7,0,84.7
ORD-003067,2025-04-11,North America,Toys,Retail partner,Returning,1,40.53,10,36.48
ORD-003068,2025-04-11,Europe,Beauty,Retail partner,Returning,5,36.18,0,180.9
ORD-003069,2025-04-11,Asia Pacific,Home & Kitchen,Web,New,1,77.4,0,77.4
ORD-003070,2025-04-11,Asia Pacific,Electronics,Marketplace,New,1,124.38,0,124.38
ORD-003071,2025-04-11,Asia Pacific,Home & Kitchen,Mobile app,Returning,1,37.13,0,37.13
ORD-003072,2025-04-11,Middle East & Africa,Toys,Web,Returning,1,45.29,5,43.03
ORD-003073,2025-04-11,Asia Pacific,Sports & Outdoors,Mobile app,Returning,1,54.46,10,49.01
ORD-003074,2025-04-11,Europe,Sports & Outdoors,Web,Returning,1,73.65,5,69.97
ORD-003075,2025-04-11,Asia Pacific,Home & Kitchen,Retail partner,Returning,2,41.83,5,79.48
ORD-003076,2025-04-12,Latin America,Electronics,Marketplace,Returning,1,76.04,0,76.04
ORD-003077,2025-04-12,North America,Home & Kitchen,Mobile app,New,5,55.44,0,277.2
ORD-003078,2025-04-12,North America,Electronics,Web,Returning,1,120.51,0,120.51
ORD-003079,2025-04-12,North America,Sports & Outdoors,Mobile app,Returning,1,54.82,0,54.82
ORD-003080,2025-04-12,Europe,Electronics,Web,Returning,4,129.71,0,518.84
ORD-003081,2025-04-12,North America,Beauty,Mobile app,Returning,2,46.6,0,93.2
ORD-003082,2025-04-12,North America,Sports & Outdoors,Mobile app,Returning,4,79.64,15,270.78
ORD-003083,2025-04-12,Asia Pacific,Electronics,Mobile app,New,2,77.77,0,155.54
ORD-003084,2025-04-12,Latin America,Apparel,Mobile app,New,1,27.07,0,27.07
ORD-003085,2025-04-12,North America,Electronics,Marketplace,New,1,254.04,0,254.04
ORD-003086,2025-04-12,Europe,Home & Kitchen,Web,New,1,83.05,0,83.05
ORD-003087,2025-04-12,North America,Home & Kitchen,Web,New,2,54.82,0,109.64
ORD-003088,2025-04-12,Europe,Apparel,Marketplace,New,3,58.15,0,174.45
ORD-003089,2025-04-12,North America,Home & Kitchen,Web,Returning,1,64.82,5,61.58
ORD-003090,2025-04-12,North America,Electronics,Web,Returning,1,107.32,0,107.32
ORD-003091,2025-04-12,Asia Pacific,Electronics,Web,New,4,224.11,0,896.44
ORD-003092,2025-04-12,Europe,Beauty,Web,Returning,1,23.57,0,23.57
ORD-003093,2025-04-12,Europe,Electronics,Web,New,1,133.91,5,127.21
ORD-003094,2025-04-12,North America,Electronics,Mobile app,Returning,1,186.17,0,186.17
ORD-003095,2025-04-12,North America,Beauty,Mobile app,Returning,1,29.04,5,27.59
ORD-003096,2025-04-12,Latin America,Beauty,Mobile app,New,1,34.94,0,34.94
ORD-003097,2025-04-12,Europe,Home & Kitchen,Mobile app,Returning,4,56.32,0,225.28
ORD-003098,2025-04-12,North America,Sports & Outdoors,Web,Returning,2,87.41,0,174.82
ORD-003099,2025-04-12,North America,Sports & Outdoors,Web,New,1,88.4,5,83.98
ORD-003100,2025-04-12,Asia Pacific,Sports & Outdoors,Mobile app,New,1,95.94,10,86.35
ORD-003101,2025-04-12,Europe,Electronics,Mobile app,Returning,1,76.39,15,64.93
ORD-003102,2025-04-12,North America,Sports & Outdoors,Mobile app,New,2,77.84,10,140.11
ORD-003103,2025-04-12,Asia Pacific,Home & Kitchen,Retail partner,New,1,88.3,15,75.05
ORD-003104,2025-04-12,Europe,Home & Kitchen,Web,Returning,3,65.03,0,195.09
ORD-003105,2025-04-12,Europe,Beauty,Marketplace,Returning,1,23.86,0,23.86
ORD-003106,2025-04-12,Middle East & Africa,Apparel,Web,Returning,1,68.79,0,68.79
ORD-003107,2025-04-12,North America,Sports & Outdoors,Mobile app,New,5,103.29,0,516.45
ORD-003108,2025-04-12,North America,Sports & Outdoors,Web,Returning,1,65.01,5,61.76
ORD-003109,2025-04-12,Europe,Electronics,Web,Returning,2,103.17,20,165.07
ORD-003110,2025-04-12,Europe,Home & Kitchen,Web,New,2,94.81,0,189.62
ORD-003111,2025-04-12,Asia Pacific,Electronics,Web,Returning,3,160.16,0,480.48
ORD-003112,2025-04-12,Europe,Apparel,Mobile app,Returning,4,55.39,0,221.56
ORD-003113,2025-04-12,Asia Pacific,Toys,Web,New,5,20.15,10,90.68
ORD-003114,2025-04-13,North America,Home & Kitchen,Web,New,2,38.61,0,77.22
ORD-003115,2025-04-13,North America,Apparel,Web,New,3,49.11,0,147.33
ORD-003116,2025-04-13,Latin America,Sports & Outdoors,Retail partner,Returning,1,53.04,0,53.04
ORD-003117,2025-04-13,North America,Apparel,Mobile app,Returning,1,28.08,0,28.08
ORD-003118,2025-04-13,Asia Pacific,Beauty,Web,New,2,23.22,5,44.12
ORD-003119,2025-04-13,Europe,Home & Kitchen,Web,New,1,40.08,0,40.08
ORD-003120,2025-04-13,Europe,Home & Kitchen,Web,New,1,73.68,0,73.68
ORD-003121,2025-04-13,North America,Electronics,Web,Returning,5,66.42,0,332.1
ORD-003122,2025-04-13,North America,Toys,Web,Returning,1,42.24,15,35.9
ORD-003123,2025-04-13,North America,Apparel,Web,Returning,2,45.14,5,85.77
ORD-003124,2025-04-13,Asia Pacific,Apparel,Mobile app,Returning,2,20.14,0,40.28
ORD-003125,2025-04-13,Europe,Toys,Mobile app,New,1,41.79,0,41.79
ORD-003126,2025-04-13,Asia Pacific,Beauty,Mobile app,Returning,1,53.24,5,50.58
ORD-003127,2025-04-13,Europe,Apparel,Mobile app,New,1,29.21,5,27.75
ORD-003128,2025-04-13,Asia Pacific,Electronics,Marketplace,Returning,1,95.59,0,95.59
ORD-003129,2025-04-13,North America,Electronics,Web,Returning,3,90.81,5,258.81
ORD-003130,2025-04-13,Middle East & Africa,Home & Kitchen,Mobile app,Returning,1,17.64,5,16.76
ORD-003131,2025-04-13,North America,Home & Kitchen,Web,New,3,39.36,0,118.08
ORD-003132,2025-04-13,North America,Apparel,Web,Returning,5,41.46,0,207.3
ORD-003133,2025-04-13,Middle East & Africa,Electronics,Web,New,2,90.89,5,172.69
ORD-003134,2025-04-13,North America,Apparel,Web,Returning,2,62.74,15,106.66
ORD-003135,2025-04-13,North America,Electronics,Web,Returning,1,65.17,0,65.17
ORD-003136,2025-04-13,North America,Apparel,Marketplace,Returning,5,35.77,0,178.85
ORD-003137,2025-04-13,Latin America,Home & Kitchen,Web,Returning,1,29.42,0,29.42
ORD-003138,2025-04-13,Europe,Beauty,Mobile app,Returning,4,17.33,15,58.92
ORD-003139,2025-04-13,Middle East & Africa,Beauty,Web,Returning,1,24.81,15,21.09
ORD-003140,2025-04-13,Latin America,Electronics,Marketplace,New,2,131,0,262
ORD-003141,2025-04-13,North America,Beauty,Mobile app,Returning,3,28.74,10,77.6
ORD-003142,2025-04-13,Latin America,Home & Kitchen,Mobile app,New,2,66.81,0,133.62
ORD-003143,2025-04-13,North America,Apparel,Web,Returning,1,68.42,0,68.42
ORD-003144,2025-04-13,Latin America,Home & Kitchen,Web,Returning,1,40.37,0,40.37
ORD-003145,2025-04-13,Europe,Home & Kitchen,Mobile app,Returning,1,50.82,15,43.2
ORD-003146,2025-04-13,Europe,Electronics,Mobile app,Returning,2,72.86,0,145.72
ORD-003147,2025-04-13,North America,Home & Kitchen,Web,Returning,1,45.74,5,43.45
ORD-003148,2025-04-13,Asia Pacific,Electronics,Mobile app,New,1,99.6,10,89.64
ORD-003149,2025-04-13,Middle East & Africa,Sports & Outdoors,Web,Returning,1,84.5,0,84.5
ORD-003150,2025-04-13,North America,Home & Kitchen,Web,Returning,2,61.89,0,123.78
ORD-003151,2025-04-13,Middle East & Africa,Apparel,Web,Returning,2,40.24,5,76.46
ORD-003152,2025-04-13,Middle East & Africa,Apparel,Mobile app,New,1,56.74,0,56.74
ORD-003153,2025-04-13,Asia Pacific,Apparel,Mobile app,Returning,3,28.72,0,86.16
ORD-003154,2025-04-13,North America,Apparel,Mobile app,New,1,60.13,5,57.12
ORD-003155,2025-04-13,Asia Pacific,Electronics,Web,Returning,2,92.09,20,147.34
ORD-003156,2025-04-13,North America,Electronics,Marketplace,New,5,90.79,5,431.25
ORD-003157,2025-04-13,Asia Pacific,Home & Kitchen,Marketplace,New,1,30.53,0,30.53
ORD-003158,2025-04-13,Middle East & Africa,Home & Kitchen,Mobile app,New,3,63.99,0,191.97
ORD-003159,2025-04-13,Europe,Apparel,Mobile app,Returning,1,70.96,5,67.41
ORD-003160,2025-04-14,Middle East & Africa,Electronics,Mobile app,Returning,1,69.27,0,69.27
ORD-003161,2025-04-14,North America,Beauty,Web,Returning,1,32.22,0,32.22
ORD-003162,2025-04-14,Latin America,Home & Kitchen,Mobile app,New,1,51.28,0,51.28
ORD-003163,2025-04-14,Europe,Sports & Outdoors,Marketplace,New,2,67.52,0,135.04
ORD-003164,2025-04-14,North America,Beauty,Marketplace,Returning,1,18.99,0,18.99
ORD-003165,2025-04-14,Latin America,Beauty,Mobile app,New,1,22.36,10,20.12
ORD-003166,2025-04-14,Europe,Toys,Web,Returning,1,35.12,0,35.12
ORD-003167,2025-04-14,North America,Home & Kitchen,Retail partner,New,2,54.84,0,109.68
ORD-003168,2025-04-14,Asia Pacific,Sports & Outdoors,Mobile app,New,2,103.19,15,175.42
ORD-003169,2025-04-14,Asia Pacific,Home & Kitchen,Web,Returning,1,65.22,5,61.96
ORD-003170,2025-04-14,North America,Electronics,Web,Returning,1,130.02,0,130.02
ORD-003171,2025-04-14,North America,Home & Kitchen,Web,New,1,77.88,5,73.99
ORD-003172,2025-04-14,Latin America,Electronics,Web,New,1,130.2,10,117.18
ORD-003173,2025-04-14,Asia Pacific,Apparel,Web,Returning,1,66.56,0,66.56
ORD-003174,2025-04-14,Europe,Sports & Outdoors,Mobile app,Returning,2,156.22,0,312.44
ORD-003175,2025-04-14,North America,Sports & Outdoors,Web,New,1,53.52,5,50.84
ORD-003176,2025-04-14,Middle East & Africa,Electronics,Mobile app,Returning,2,159.09,0,318.18
ORD-003177,2025-04-14,Middle East & Africa,Beauty,Web,Returning,2,14.87,15,25.28
ORD-003178,2025-04-14,Middle East & Africa,Apparel,Web,Returning,1,72.36,0,72.36
ORD-003179,2025-04-14,Middle East & Africa,Beauty,Web,Returning,2,18.35,10,33.03
ORD-003180,2025-04-14,Europe,Sports & Outdoors,Web,New,1,127.6,0,127.6
ORD-003181,2025-04-14,Europe,Sports & Outdoors,Mobile app,New,1,59.45,0,59.45
ORD-003182,2025-04-14,Europe,Apparel,Marketplace,Returning,3,79.39,10,214.35
ORD-003183,2025-04-14,North America,Electronics,Web,Returning,1,57.64,5,54.76
ORD-003184,2025-04-14,North America,Home & Kitchen,Web,Returning,3,62.07,0,186.21
ORD-003185,2025-04-14,North America,Beauty,Mobile app,New,3,29.51,10,79.68
ORD-003186,2025-04-14,Europe,Apparel,Mobile app,Returning,1,110.93,10,99.84
ORD-003187,2025-04-14,North America,Beauty,Mobile app,New,1,49.53,5,47.05
ORD-003188,2025-04-14,Europe,Toys,Web,Returning,2,33.28,0,66.56
ORD-003189,2025-04-14,North America,Electronics,Mobile app,New,3,117.92,10,318.38
ORD-003190,2025-04-14,Asia Pacific,Sports & Outdoors,Mobile app,New,2,80.24,0,160.48
ORD-003191,2025-04-14,Latin America,Sports & Outdoors,Marketplace,Returning,2,41.71,0,83.42
ORD-003192,2025-04-14,Europe,Home & Kitchen,Web,Returning,1,31.91,0,31.91
ORD-003193,2025-04-14,North America,Electronics,Mobile app,New,1,94.82,20,75.86
ORD-003194,2025-04-14,Europe,Toys,Mobile app,New,2,18.98,5,36.06
ORD-003195,2025-04-14,Asia Pacific,Electronics,Mobile app,New,2,69.15,0,138.3
ORD-003196,2025-04-15,North America,Apparel,Mobile app,Returning,2,20.56,10,37.01
ORD-003197,2025-04-15,Asia Pacific,Electronics,Web,Returning,1,106.4,0,106.4
ORD-003198,2025-04-15,Asia Pacific,Electronics,Web,Returning,1,84.78,0,84.78
ORD-003199,2025-04-15,Middle East & Africa,Electronics,Web,Returning,1,84.38,0,84.38
ORD-003200,2025-04-15,Asia Pacific,Home & Kitchen,Mobile app,Returning,1,76.95,0,76.95
ORD-003201,2025-04-15,Asia Pacific,Apparel,Web,Returning,1,55.34,5,52.57
ORD-003202,2025-04-15,Latin America,Electronics,Marketplace,New,2,69.91,5,132.83
ORD-003203,2025-04-15,Europe,Home & Kitchen,Web,Returning,1,69.72,0,69.72
ORD-003204,2025-04-15,Europe,Beauty,Retail partner,Returning,2,40.61,0,81.22
ORD-003205,2025-04-15,Europe,Apparel,Web,New,1,29.53,0,29.53
ORD-003206,2025-04-15,North America,Apparel,Mobile app,Returning,1,27.58,10,24.82
ORD-003207,2025-04-15,North America,Electronics,Web,New,2,87.16,0,174.32
ORD-003208,2025-04-15,Europe,Apparel,Mobile app,Returning,1,34.1,5,32.4
ORD-003209,2025-04-15,North America,Beauty,Mobile app,Returning,1,43.44,0,43.44
ORD-003210,2025-04-15,Asia Pacific,Home & Kitchen,Web,New,1,103.02,0,103.02
ORD-003211,2025-04-15,North America,Apparel,Retail partner,Returning,4,50.14,15,170.48
ORD-003212,2025-04-15,North America,Apparel,Web,Returning,2,62.54,0,125.08
ORD-003213,2025-04-15,North America,Home & Kitchen,Mobile app,Returning,4,48.27,0,193.08
ORD-003214,2025-04-15,North America,Apparel,Web,Returning,1,27.82,15,23.65
ORD-003215,2025-04-15,North America,Electronics,Web,New,1,97.27,5,92.41
ORD-003216,2025-04-15,Asia Pacific,Home & Kitchen,Mobile app,New,4,55.49,0,221.96
ORD-003217,2025-04-15,Europe,Electronics,Web,Returning,1,112.82,10,101.54
ORD-003218,2025-04-15,Middle East & Africa,Apparel,Web,Returning,1,35.69,0,35.69
ORD-003219,2025-04-15,Middle East & Africa,Electronics,Web,Returning,2,69.33,20,110.93
ORD-003220,2025-04-15,North America,Toys,Mobile app,Returning,1,33.02,10,29.72
ORD-003221,2025-04-15,Europe,Toys,Web,Returning,2,22.02,0,44.04
ORD-003222,2025-04-15,North America,Beauty,Mobile app,Returning,4,53.7,15,182.58
ORD-003223,2025-04-15,North America,Electronics,Retail partner,Returning,1,103.62,10,93.26
ORD-003224,2025-04-15,Latin America,Apparel,Web,Returning,3,45.19,0,135.57
ORD-003225,2025-04-15,Middle East & Africa,Home & Kitchen,Web,New,2,56.8,0,113.6
ORD-003226,2025-04-15,North America,Electronics,Mobile app,Returning,2,103.3,0,206.6
ORD-003227,2025-04-15,Europe,Apparel,Retail partner,Returning,2,55.08,0,110.16
ORD-003228,2025-04-15,North America,Beauty,Mobile app,Returning,2,20.66,5,39.25
ORD-003229,2025-04-16,Latin America,Beauty,Web,New,1,19.36,0,19.36
ORD-003230,2025-04-16,North America,Electronics,Web,Returning,1,140.13,10,126.12
ORD-003231,2025-04-16,Europe,Apparel,Mobile app,New,1,67.62,10,60.86
ORD-003232,2025-04-16,Asia Pacific,Home & Kitchen,Web,Returning,1,76.38,0,76.38
ORD-003233,2025-04-16,Europe,Beauty,Marketplace,Returning,2,46.42,15,78.91
ORD-003234,2025-04-16,Latin America,Apparel,Marketplace,Returning,1,108.64,5,103.21
ORD-003235,2025-04-16,North America,Home & Kitchen,Web,Returning,1,37.47,0,37.47
ORD-003236,2025-04-16,North America,Home & Kitchen,Web,Returning,1,38.46,5,36.54
ORD-003237,2025-04-16,Asia Pacific,Apparel,Web,Returning,1,36.9,5,35.06
ORD-003238,2025-04-16,North America,Electronics,Marketplace,Returning,1,112.9,5,107.26
ORD-003239,2025-04-16,North America,Home & Kitchen,Mobile app,Returning,1,47.6,0,47.6
ORD-003240,2025-04-16,Latin America,Electronics,Marketplace,Returning,1,75.75,10,68.18
ORD-003241,2025-04-16,Latin America,Electronics,Web,Returning,1,118.04,5,112.14
ORD-003242,2025-04-16,North America,Sports & Outdoors,Mobile app,New,4,77.21,0,308.84
ORD-003243,2025-04-16,Europe,Home & Kitchen,Mobile app,Returning,1,68.3,20,54.64
ORD-003244,2025-04-16,Europe,Apparel,Mobile app,Returning,2,61.53,0,123.06
ORD-003245,2025-04-16,Asia Pacific,Home & Kitchen,Web,Returning,1,62.2,0,62.2
ORD-003246,2025-04-16,Europe,Home & Kitchen,Mobile app,Returning,2,49.62,0,99.24
ORD-003247,2025-04-16,North America,Electronics,Web,Returning,3,97.94,0,293.82
ORD-003248,2025-04-16,North America,Sports & Outdoors,Web,Returning,1,55.08,20,44.06
ORD-003249,2025-04-16,Europe,Apparel,Mobile app,New,5,21.43,0,107.15
ORD-003250,2025-04-16,North America,Home & Kitchen,Mobile app,Returning,1,54.65,0,54.65
ORD-003251,2025-04-16,North America,Home & Kitchen,Web,New,1,84.05,0,84.05
ORD-003252,2025-04-16,North America,Apparel,Marketplace,Returning,2,72.29,5,137.35
ORD-003253,2025-04-16,North America,Toys,Web,Returning,2,36.41,10,65.54
ORD-003254,2025-04-16,North America,Home & Kitchen,Web,Returning,4,59.23,5,225.07
ORD-003255,2025-04-16,North America,Apparel,Web,New,2,93.91,0,187.82
ORD-003256,2025-04-16,Europe,Apparel,Mobile app,Returning,1,69.69,15,59.24
ORD-003257,2025-04-16,Middle East & Africa,Electronics,Mobile app,Returning,1,84.13,0,84.13
ORD-003258,2025-04-16,Latin America,Electronics,Web,New,4,42.81,0,171.24
ORD-003259,2025-04-16,North America,Home & Kitchen,Mobile app,Returning,2,79.88,10,143.78
ORD-003260,2025-04-16,Asia Pacific,Sports & Outdoors,Web,Returning,1,51.72,5,49.13
ORD-003261,2025-04-17,North America,Home & Kitchen,Web,Returning,1,46.56,10,41.9
ORD-003262,2025-04-17,Middle East & Africa,Apparel,Mobile app,Returning,1,41.93,5,39.83
ORD-003263,2025-04-17,Asia Pacific,Electronics,Mobile app,New,1,73.98,0,73.98
ORD-003264,2025-04-17,North America,Sports & Outdoors,Web,Returning,1,106.83,0,106.83
ORD-003265,2025-04-17,North America,Sports & Outdoors,Web,Returning,1,79.54,10,71.59
ORD-003266,2025-04-17,Asia Pacific,Beauty,Mobile app,Returning,1,26.22,0,26.22
ORD-003267,2025-04-17,North America,Home & Kitchen,Web,Returning,3,58.23,20,139.75
ORD-003268,2025-04-17,Latin America,Toys,Mobile app,Returning,1,43.62,10,39.26
ORD-003269,2025-04-17,North America,Home & Kitchen,Marketplace,New,2,58.25,10,104.85
ORD-003270,2025-04-17,North America,Apparel,Marketplace,New,2,79.33,0,158.66
ORD-003271,2025-04-17,Asia Pacific,Electronics,Web,New,1,147.53,0,147.53
ORD-003272,2025-04-17,Asia Pacific,Beauty,Web,Returning,2,23.69,15,40.27
ORD-003273,2025-04-17,Middle East & Africa,Home & Kitchen,Web,Returning,2,73.69,5,140.01
ORD-003274,2025-04-17,North America,Home & Kitchen,Web,Returning,1,71.24,0,71.24
ORD-003275,2025-04-17,Europe,Apparel,Mobile app,Returning,1,55.3,5,52.54
ORD-003276,2025-04-17,Middle East & Africa,Sports & Outdoors,Marketplace,Returning,1,64.9,0,64.9
ORD-003277,2025-04-17,Middle East & Africa,Sports & Outdoors,Mobile app,New,1,80.64,10,72.58
ORD-003278,2025-04-17,Europe,Home & Kitchen,Mobile app,Returning,1,98.06,0,98.06
ORD-003279,2025-04-17,Europe,Apparel,Web,Returning,2,36.32,10,65.38
ORD-003280,2025-04-17,North America,Apparel,Web,Returning,1,33.95,0,33.95
ORD-003281,2025-04-17,North America,Electronics,Web,New,1,96.75,5,91.91
ORD-003282,2025-04-17,Latin America,Home & Kitchen,Marketplace,Returning,1,27.33,0,27.33
ORD-003283,2025-04-17,North America,Electronics,Mobile app,Returning,2,239.65,0,479.3
ORD-003284,2025-04-17,Europe,Apparel,Web,New,1,46.94,0,46.94
ORD-003285,2025-04-17,Europe,Electronics,Marketplace,New,1,68.47,0,68.47
ORD-003286,2025-04-17,North America,Home & Kitchen,Mobile app,Returning,5,108.07,10,486.31
ORD-003287,2025-04-17,North America,Sports & Outdoors,Mobile app,New,2,91.17,0,182.34
ORD-003288,2025-04-17,North America,Toys,Web,Returning,1,27.63,0,27.63
ORD-003289,2025-04-17,Europe,Beauty,Marketplace,Returning,1,39.18,5,37.22
ORD-003290,2025-04-17,Middle East & Africa,Beauty,Web,Returning,3,35.34,0,106.02
ORD-003291,2025-04-17,North America,Apparel,Marketplace,Returning,1,45.53,0,45.53
ORD-003292,2025-04-18,Asia Pacific,Electronics,Web,New,2,125.76,0,251.52
ORD-003293,2025-04-18,Asia Pacific,Toys,Web,New,2,25.58,10,46.04
ORD-003294,2025-04-18,Asia Pacific,Beauty,Marketplace,New,1,37.03,0,37.03
ORD-003295,2025-04-18,Europe,Apparel,Marketplace,New,2,58.32,0,116.64
ORD-003296,2025-04-18,Latin America,Electronics,Mobile app,New,1,99.05,5,94.1
ORD-003297,2025-04-18,Asia Pacific,Toys,Web,Returning,1,27.56,15,23.43
ORD-003298,2025-04-18,North America,Home & Kitchen,Mobile app,Returning,3,48.59,0,145.77
ORD-003299,2025-04-18,Latin America,Apparel,Mobile app,New,1,28.89,0,28.89
ORD-003300,2025-04-18,Europe,Electronics,Web,Returning,4,71.98,20,230.34
ORD-003301,2025-04-18,Latin America,Apparel,Mobile app,Returning,2,26.68,5,50.69
ORD-003302,2025-04-18,Asia Pacific,Electronics,Web,Returning,1,129.34,20,103.47
ORD-003303,2025-04-18,Asia Pacific,Apparel,Mobile app,Returning,2,37.55,0,75.1
ORD-003304,2025-04-18,Europe,Electronics,Web,Returning,1,85.87,5,81.58
ORD-003305,2025-04-18,Latin America,Beauty,Mobile app,Returning,2,29.53,5,56.11
ORD-003306,2025-04-18,Latin America,Toys,Mobile app,New,1,32.88,0,32.88
ORD-003307,2025-04-18,Asia Pacific,Home & Kitchen,Retail partner,New,3,78.31,5,223.18
ORD-003308,2025-04-18,Asia Pacific,Beauty,Web,Returning,5,16.64,0,83.2
ORD-003309,2025-04-18,Asia Pacific,Electronics,Mobile app,Returning,2,75.17,0,150.34
ORD-003310,2025-04-18,North America,Apparel,Web,New,4,53.43,0,213.72
ORD-003311,2025-04-18,North America,Apparel,Web,Returning,1,45.65,10,41.09
ORD-003312,2025-04-18,Asia Pacific,Electronics,Web,Returning,4,135.5,5,514.9
ORD-003313,2025-04-18,Europe,Beauty,Marketplace,Returning,1,24.33,0,24.33
ORD-003314,2025-04-18,North America,Beauty,Web,Returning,1,17.26,5,16.4
ORD-003315,2025-04-18,Europe,Electronics,Web,Returning,1,76.25,0,76.25
ORD-003316,2025-04-18,North America,Home & Kitchen,Mobile app,Returning,3,62.86,0,188.58
ORD-003317,2025-04-18,Asia Pacific,Apparel,Web,Returning,1,37.14,15,31.57
ORD-003318,2025-04-18,North America,Home & Kitchen,Web,Returning,1,65.94,10,59.35
ORD-003319,2025-04-19,North America,Apparel,Mobile app,Returning,1,38.64,10,34.78
ORD-003320,2025-04-19,Europe,Home & Kitchen,Web,New,1,109.42,5,103.95
ORD-003321,2025-04-19,Asia Pacific,Apparel,Mobile app,Returning,1,45.24,0,45.24
ORD-003322,2025-04-19,Europe,Electronics,Mobile app,Returning,3,75.22,0,225.66
ORD-003323,2025-04-19,North America,Apparel,Mobile app,New,1,39.63,15,33.69
ORD-003324,2025-04-19,North America,Apparel,Mobile app,New,1,42.26,5,40.15
ORD-003325,2025-04-19,Asia Pacific,Beauty,Web,Returning,1,36.63,0,36.63
ORD-003326,2025-04-19,Europe,Electronics,Mobile app,New,3,145.58,0,436.74
ORD-003327,2025-04-19,Asia Pacific,Beauty,Mobile app,Returning,1,20.8,15,17.68
ORD-003328,2025-04-19,Asia Pacific,Electronics,Marketplace,New,2,136.98,0,273.96
ORD-003329,2025-04-19,Europe,Electronics,Web,New,1,118.89,0,118.89
ORD-003330,2025-04-19,Asia Pacific,Electronics,Retail partner,New,2,97.18,5,184.64
ORD-003331,2025-04-19,Latin America,Apparel,Retail partner,Returning,1,72.92,0,72.92
ORD-003332,2025-04-19,Europe,Apparel,Web,Returning,3,35.53,0,106.59
ORD-003333,2025-04-19,Europe,Toys,Web,New,3,20.18,0,60.54
ORD-003334,2025-04-19,North America,Toys,Web,New,2,37.89,0,75.78
ORD-003335,2025-04-19,Middle East & Africa,Home & Kitchen,Mobile app,New,4,35.16,0,140.64
ORD-003336,2025-04-19,North America,Apparel,Mobile app,New,1,38.6,5,36.67
ORD-003337,2025-04-19,Latin America,Electronics,Mobile app,Returning,1,123.14,0,123.14
ORD-003338,2025-04-19,North America,Electronics,Mobile app,Returning,1,89.75,10,80.78
ORD-003339,2025-04-19,North America,Electronics,Mobile app,New,1,115.34,10,103.81
ORD-003340,2025-04-19,Middle East & Africa,Beauty,Web,Returning,2,16.47,0,32.94
ORD-003341,2025-04-19,North America,Home & Kitchen,Web,New,2,94.89,15,161.31
ORD-003342,2025-04-19,North America,Home & Kitchen,Web,Returning,1,72.9,0,72.9
ORD-003343,2025-04-19,Europe,Electronics,Mobile app,Returning,1,120.37,0,120.37
ORD-003344,2025-04-19,Europe,Electronics,Mobile app,Returning,1,144.02,0,144.02
ORD-003345,2025-04-19,Asia Pacific,Home & Kitchen,Marketplace,New,2,76.05,0,152.1
ORD-003346,2025-04-19,Europe,Beauty,Web,New,1,38.18,10,34.36
ORD-003347,2025-04-19,Middle East & Africa,Electronics,Web,New,2,118.26,10,212.87
ORD-003348,2025-04-19,Asia Pacific,Home & Kitchen,Web,New,2,57.06,0,114.12
ORD-003349,2025-04-19,North America,Apparel,Mobile app,Returning,1,73.4,0,73.4
ORD-003350,2025-04-19,Middle East & Africa,Electronics,Mobile app,Returning,2,62.07,10,111.73
ORD-003351,2025-04-19,Latin America,Sports & Outdoors,Marketplace,Returning,2,78.52,0,157.04
ORD-003352,2025-04-19,Latin America,Electronics,Web,New,1,66.65,0,66.65
ORD-003353,2025-04-19,North America,Apparel,Web,Returning,1,37.92,0,37.92
ORD-003354,2025-04-19,Europe,Electronics,Web,Returning,1,143.13,10,128.82
ORD-003355,2025-04-19,Asia Pacific,Home & Kitchen,Web,Returning,1,68.88,0,68.88
ORD-003356,2025-04-19,Europe,Electronics,Mobile app,Returning,2,63.13,10,113.63
ORD-003357,2025-04-19,Europe,Sports & Outdoors,Marketplace,Returning,2,129.34,0,258.68
ORD-003358,2025-04-19,Asia Pacific,Beauty,Mobile app,Returning,2,21.86,5,41.53
ORD-003359,2025-04-20,Europe,Beauty,Mobile app,New,1,15.97,15,13.57
ORD-003360,2025-04-20,North America,Electronics,Mobile app,New,1,131.43,0,131.43
ORD-003361,2025-04-20,Asia Pacific,Apparel,Retail partner,New,3,32.55,0,97.65
ORD-003362,2025-04-20,Asia Pacific,Apparel,Mobile app,Returning,1,73.12,10,65.81
ORD-003363,2025-04-20,Europe,Apparel,Web,Returning,1,42.57,0,42.57
ORD-003364,2025-04-20,North America,Sports & Outdoors,Web,Returning,1,64.17,0,64.17
ORD-003365,2025-04-20,Asia Pacific,Electronics,Retail partner,New,1,62.68,0,62.68
ORD-003366,2025-04-20,Latin America,Toys,Marketplace,New,5,46.99,0,234.95
ORD-003367,2025-04-20,North America,Home & Kitchen,Marketplace,Returning,1,68.55,5,65.12
ORD-003368,2025-04-20,Asia Pacific,Beauty,Web,Returning,1,21.31,0,21.31
ORD-003369,2025-04-20,North America,Sports & Outdoors,Mobile app,Returning,1,88.57,10,79.71
ORD-003370,2025-04-20,Europe,Home & Kitchen,Mobile app,Returning,2,82,0,164
ORD-003371,2025-04-20,Europe,Electronics,Marketplace,New,1,65.88,0,65.88
ORD-003372,2025-04-20,North America,Toys,Marketplace,Returning,1,48.83,0,48.83
ORD-003373,2025-04-20,Asia Pacific,Apparel,Mobile app,Returning,1,58.34,0,58.34
ORD-003374,2025-04-20,Europe,Home & Kitchen,Mobile app,Returning,2,101.17,0,202.34
ORD-003375,2025-04-20,Asia Pacific,Electronics,Web,Returning,2,101.54,0,203.08
ORD-003376,2025-04-20,Latin America,Beauty,Mobile app,New,1,41.76,0,41.76
ORD-003377,2025-04-20,North America,Home & Kitchen,Mobile app,New,2,53.41,5,101.48
ORD-003378,2025-04-20,North America,Beauty,Web,Returning,3,58.57,5,166.92
ORD-003379,2025-04-20,Europe,Electronics,Web,Returning,1,118.15,0,118.15
ORD-003380,2025-04-20,Latin America,Electronics,Mobile app,Returning,3,95.55,15,243.65
ORD-003381,2025-04-20,Latin America,Beauty,Retail partner,New,5,35.87,10,161.42
ORD-003382,2025-04-20,North America,Sports & Outdoors,Mobile app,New,2,95.7,0,191.4
ORD-003383,2025-04-20,North America,Beauty,Mobile app,New,2,32.83,0,65.66
ORD-003384,2025-04-20,North America,Beauty,Web,Returning,2,35.84,0,71.68
ORD-003385,2025-04-20,North America,Toys,Web,Returning,2,54.8,10,98.64
ORD-003386,2025-04-20,Europe,Electronics,Retail partner,New,1,180.35,15,153.3
ORD-003387,2025-04-20,Asia Pacific,Apparel,Web,Returning,1,58.98,5,56.03
ORD-003388,2025-04-20,Asia Pacific,Electronics,Web,Returning,2,64.85,5,123.21
ORD-003389,2025-04-21,Europe,Beauty,Mobile app,Returning,3,19.8,0,59.4
ORD-003390,2025-04-21,Asia Pacific,Apparel,Web,Returning,2,71.13,5,135.15
ORD-003391,2025-04-21,Latin America,Apparel,Retail partner,Returning,1,33.08,10,29.77
ORD-003392,2025-04-21,Asia Pacific,Sports & Outdoors,Mobile app,Returning,4,103.24,0,412.96
ORD-003393,2025-04-21,Asia Pacific,Home & Kitchen,Mobile app,New,1,64.61,10,58.15
ORD-003394,2025-04-21,Middle East & Africa,Beauty,Web,New,2,20.02,10,36.04
ORD-003395,2025-04-21,North America,Home & Kitchen,Web,New,1,80.55,0,80.55
ORD-003396,2025-04-21,Europe,Home & Kitchen,Web,Returning,1,105.13,0,105.13
ORD-003397,2025-04-21,North America,Beauty,Web,New,2,23.61,10,42.5
ORD-003398,2025-04-21,Europe,Electronics,Mobile app,Returning,1,157.37,0,157.37
ORD-003399,2025-04-21,Asia Pacific,Toys,Mobile app,New,1,42.13,20,33.7
ORD-003400,2025-04-21,Asia Pacific,Beauty,Mobile app,Returning,1,23.45,0,23.45
ORD-003401,2025-04-21,North America,Home & Kitchen,Web,Returning,2,66.09,0,132.18
ORD-003402,2025-04-21,North America,Toys,Mobile app,New,1,33.75,0,33.75
ORD-003403,2025-04-21,Europe,Electronics,Mobile app,Returning,4,70.57,10,254.05
ORD-003404,2025-04-21,Asia Pacific,Apparel,Mobile app,Returning,5,28.88,0,144.4
ORD-003405,2025-04-21,North America,Home & Kitchen,Marketplace,Returning,3,57.62,5,164.22
ORD-003406,2025-04-21,North America,Sports & Outdoors,Web,New,3,160.4,0,481.2
ORD-003407,2025-04-21,Middle East & Africa,Electronics,Mobile app,Returning,1,83.8,10,75.42
ORD-003408,2025-04-21,Europe,Home & Kitchen,Mobile app,New,1,74.42,10,66.98
ORD-003409,2025-04-21,Europe,Apparel,Retail partner,Returning,3,59.2,0,177.6
ORD-003410,2025-04-21,Latin America,Sports & Outdoors,Web,New,2,70.18,0,140.36
ORD-003411,2025-04-21,Europe,Electronics,Web,Returning,3,96.03,0,288.09
ORD-003412,2025-04-21,North America,Home & Kitchen,Mobile app,Returning,4,91.64,0,366.56
ORD-003413,2025-04-21,Europe,Toys,Web,Returning,2,53.61,0,107.22
ORD-003414,2025-04-21,Asia Pacific,Toys,Mobile app,New,1,23.56,0,23.56
ORD-003415,2025-04-21,Latin America,Home & Kitchen,Mobile app,Returning,1,71.25,0,71.25
ORD-003416,2025-04-21,North America,Sports & Outdoors,Mobile app,New,1,66.06,0,66.06
ORD-003417,2025-04-21,Europe,Apparel,Retail partner,Returning,3,49.53,5,141.16
ORD-003418,2025-04-21,Asia Pacific,Electronics,Mobile app,Returning,1,103.69,5,98.51
ORD-003419,2025-04-21,North America,Electronics,Web,New,1,109.27,0,109.27
ORD-003420,2025-04-21,Europe,Toys,Marketplace,Returning,2,22.36,0,44.72
ORD-003421,2025-04-21,Europe,Apparel,Retail partner,New,2,45.45,10,81.81
ORD-003422,2025-04-21,North America,Electronics,Mobile app,Returning,3,122.22,0,366.66
ORD-003423,2025-04-21,Latin America,Toys,Web,Returning,1,26.15,15,22.23
ORD-003424,2025-04-21,North America,Apparel,Retail partner,Returning,1,25.01,0,25.01
ORD-003425,2025-04-21,Europe,Electronics,Marketplace,Returning,1,85.7,0,85.7
ORD-003426,2025-04-21,North America,Home & Kitchen,Web,Returning,2,97.38,15,165.55
ORD-003427,2025-04-22,Asia Pacific,Home & Kitchen,Mobile app,Returning,1,69.47,5,66
ORD-003428,2025-04-22,North America,Toys,Web,New,3,37.01,0,111.03
ORD-003429,2025-04-22,North America,Electronics,Web,Returning,1,123.63,0,123.63
ORD-003430,2025-04-22,North America,Apparel,Web,Returning,1,43.81,5,41.62
ORD-003431,2025-04-22,Asia Pacific,Sports & Outdoors,Web,New,1,70.9,0,70.9
ORD-003432,2025-04-22,Asia Pacific,Sports & Outdoors,Mobile app,Returning,1,53.07,0,53.07
ORD-003433,2025-04-22,North America,Sports & Outdoors,Marketplace,Returning,1,80.25,0,80.25
ORD-003434,2025-04-22,Europe,Beauty,Web,Returning,2,11.94,0,23.88
ORD-003435,2025-04-22,Asia Pacific,Electronics,Web,New,2,165.18,15,280.81
ORD-003436,2025-04-22,Europe,Home & Kitchen,Mobile app,Returning,1,72.92,0,72.92
ORD-003437,2025-04-22,Asia Pacific,Apparel,Web,Returning,2,57.47,0,114.94
ORD-003438,2025-04-22,North America,Apparel,Mobile app,New,3,68.4,0,205.2
ORD-003439,2025-04-22,Latin America,Beauty,Mobile app,New,2,24.76,0,49.52
ORD-003440,2025-04-22,Latin America,Beauty,Mobile app,New,1,36.09,20,28.87
ORD-003441,2025-04-22,Asia Pacific,Electronics,Mobile app,Returning,1,48.58,0,48.58
ORD-003442,2025-04-22,North America,Toys,Retail partner,Returning,1,34.61,0,34.61
ORD-003443,2025-04-22,Europe,Beauty,Retail partner,New,2,28.24,10,50.83
ORD-003444,2025-04-22,Asia Pacific,Apparel,Mobile app,Returning,1,33.71,20,26.97
ORD-003445,2025-04-22,Latin America,Electronics,Mobile app,Returning,2,113.62,0,227.24
ORD-003446,2025-04-22,North America,Sports & Outdoors,Mobile app,Returning,1,52.84,0,52.84
ORD-003447,2025-04-22,North America,Apparel,Retail partner,Returning,1,70.39,0,70.39
ORD-003448,2025-04-22,North America,Electronics,Web,Returning,1,78.33,0,78.33
ORD-003449,2025-04-22,North America,Electronics,Web,Returning,1,189.17,0,189.17
ORD-003450,2025-04-22,North America,Beauty,Mobile app,Returning,2,26.55,0,53.1
ORD-003451,2025-04-22,Europe,Apparel,Web,New,2,52.9,0,105.8
ORD-003452,2025-04-22,Asia Pacific,Home & Kitchen,Mobile app,New,3,23.72,10,64.04
ORD-003453,2025-04-22,North America,Sports & Outdoors,Web,New,1,44.43,0,44.43
ORD-003454,2025-04-23,Europe,Sports & Outdoors,Web,Returning,5,91.92,0,459.6
ORD-003455,2025-04-23,Middle East & Africa,Electronics,Web,Returning,1,56.01,0,56.01
ORD-003456,2025-04-23,Europe,Sports & Outdoors,Mobile app,Returning,1,56.28,0,56.28
ORD-003457,2025-04-23,Europe,Apparel,Mobile app,New,2,47.97,0,95.94
ORD-003458,2025-04-23,Europe,Sports & Outdoors,Mobile app,New,1,52.87,10,47.58
ORD-003459,2025-04-23,Asia Pacific,Beauty,Web,Returning,2,25.09,0,50.18
ORD-003460,2025-04-23,North America,Beauty,Web,Returning,1,18.96,0,18.96
ORD-003461,2025-04-23,North America,Beauty,Web,Returning,1,30.82,0,30.82
ORD-003462,2025-04-23,North America,Apparel,Mobile app,Returning,1,40.72,5,38.68
ORD-003463,2025-04-23,Europe,Home & Kitchen,Mobile app,New,2,62.58,0,125.16
ORD-003464,2025-04-23,Asia Pacific,Toys,Mobile app,New,1,34.44,10,31
ORD-003465,2025-04-23,Europe,Electronics,Web,Returning,2,113.13,0,226.26
ORD-003466,2025-04-23,Europe,Home & Kitchen,Mobile app,Returning,2,86.22,10,155.2
ORD-003467,2025-04-23,Europe,Electronics,Web,New,1,113.77,15,96.7
ORD-003468,2025-04-23,North America,Home & Kitchen,Mobile app,Returning,1,56.01,0,56.01
ORD-003469,2025-04-23,Asia Pacific,Apparel,Mobile app,Returning,5,38.08,10,171.36
ORD-003470,2025-04-23,North America,Beauty,Web,Returning,2,14.21,0,28.42
ORD-003471,2025-04-23,North America,Electronics,Mobile app,Returning,2,144.19,0,288.38
ORD-003472,2025-04-23,Europe,Apparel,Web,Returning,3,110.57,20,265.37
ORD-003473,2025-04-23,Asia Pacific,Sports & Outdoors,Web,New,3,66.86,0,200.58
ORD-003474,2025-04-23,Europe,Home & Kitchen,Marketplace,Returning,2,53.17,5,101.02
ORD-003475,2025-04-23,Asia Pacific,Apparel,Web,Returning,2,61.66,15,104.82
ORD-003476,2025-04-23,North America,Electronics,Mobile app,Returning,2,87.27,0,174.54
ORD-003477,2025-04-23,North America,Apparel,Web,Returning,3,22.82,0,68.46
ORD-003478,2025-04-23,Asia Pacific,Electronics,Marketplace,Returning,1,126.24,10,113.62
ORD-003479,2025-04-23,Europe,Electronics,Marketplace,Returning,2,71.61,0,143.22
ORD-003480,2025-04-23,Europe,Home & Kitchen,Web,New,1,48.33,0,48.33
ORD-003481,2025-04-24,Europe,Beauty,Mobile app,Returning,1,27.16,5,25.8
ORD-003482,2025-04-24,North America,Home & Kitchen,Mobile app,Returning,3,86.99,10,234.87
ORD-003483,2025-04-24,Asia Pacific,Home & Kitchen,Web,Returning,1,55.67,0,55.67
ORD-003484,2025-04-24,Asia Pacific,Sports & Outdoors,Mobile app,New,3,65.63,15,167.36
ORD-003485,2025-04-24,North America,Toys,Mobile app,New,4,23.74,0,94.96
ORD-003486,2025-04-24,North America,Apparel,Mobile app,Returning,1,48.69,10,43.82
ORD-003487,2025-04-24,Europe,Electronics,Marketplace,Returning,1,119.47,0,119.47
ORD-003488,2025-04-24,North America,Beauty,Web,Returning,1,32.22,0,32.22
ORD-003489,2025-04-24,Middle East & Africa,Sports & Outdoors,Mobile app,Returning,1,61.77,5,58.68
ORD-003490,2025-04-24,North America,Apparel,Marketplace,New,2,32.02,15,54.43
ORD-003491,2025-04-24,Asia Pacific,Electronics,Mobile app,Returning,1,109.86,15,93.38
ORD-003492,2025-04-24,Middle East & Africa,Sports & Outdoors,Retail partner,Returning,3,113.27,0,339.81
ORD-003493,2025-04-24,Latin America,Home & Kitchen,Web,New,5,62.71,15,266.52
ORD-003494,2025-04-24,Europe,Electronics,Web,Returning,2,76,0,152
ORD-003495,2025-04-24,Europe,Beauty,Mobile app,Returning,2,47.52,5,90.29
ORD-003496,2025-04-24,North America,Home & Kitchen,Marketplace,New,2,63.01,0,126.02
ORD-003497,2025-04-24,North America,Beauty,Mobile app,New,2,28.71,0,57.42
ORD-003498,2025-04-24,North America,Apparel,Mobile app,Returning,3,60.83,0,182.49
ORD-003499,2025-04-24,North America,Electronics,Mobile app,Returning,2,162.42,15,276.11
ORD-003500,2025-04-24,Asia Pacific,Electronics,Mobile app,Returning,2,107.72,0,215.44
ORD-003501,2025-04-24,North America,Apparel,Web,Returning,3,43.25,0,129.75
ORD-003502,2025-04-24,North America,Electronics,Web,New,4,77.3,5,293.74
ORD-003503,2025-04-24,Asia Pacific,Toys,Mobile app,New,1,62.54,5,59.41
ORD-003504,2025-04-24,Europe,Home & Kitchen,Web,Returning,1,136.27,0,136.27
ORD-003505,2025-04-24,Asia Pacific,Electronics,Mobile app,Returning,5,57.48,0,287.4
ORD-003506,2025-04-24,Asia Pacific,Home & Kitchen,Web,Returning,1,98.71,15,83.9
ORD-003507,2025-04-24,Latin America,Home & Kitchen,Web,New,1,64.91,0,64.91
ORD-003508,2025-04-24,Latin America,Apparel,Mobile app,Returning,1,34.28,0,34.28
ORD-003509,2025-04-24,Middle East & Africa,Beauty,Mobile app,Returning,1,21.52,15,18.29
ORD-003510,2025-04-24,North America,Electronics,Mobile app,Returning,2,64.35,15,109.39
ORD-003511,2025-04-24,North America,Apparel,Web,Returning,2,39.42,5,74.9
ORD-003512,2025-04-24,North America,Sports & Outdoors,Retail partner,New,2,75.62,0,151.24
ORD-003513,2025-04-24,North America,Home & Kitchen,Web,New,1,38.94,0,38.94
ORD-003514,2025-04-24,Europe,Beauty,Mobile app,Returning,3,22.44,0,67.32
ORD-003515,2025-04-24,North America,Sports & Outdoors,Web,Returning,4,84.95,0,339.8
ORD-003516,2025-04-25,Europe,Home & Kitchen,Retail partner,New,3,37.02,20,88.85
ORD-003517,2025-04-25,North America,Home & Kitchen,Web,Returning,1,46.81,0,46.81
ORD-003518,2025-04-25,North America,Apparel,Mobile app,Returning,3,51.17,0,153.51
ORD-003519,2025-04-25,Middle East & Africa,Beauty,Web,Returning,2,28.38,0,56.76
ORD-003520,2025-04-25,North America,Beauty,Web,New,4,46.02,0,184.08
ORD-003521,2025-04-25,Asia Pacific,Electronics,Web,Returning,5,97.78,0,488.9
ORD-003522,2025-04-25,North America,Home & Kitchen,Web,Returning,1,48.52,0,48.52
ORD-003523,2025-04-25,North America,Beauty,Web,Returning,3,16.63,5,47.4
ORD-003524,2025-04-25,Latin America,Beauty,Mobile app,Returning,5,29.32,0,146.6
ORD-003525,2025-04-25,Europe,Apparel,Mobile app,Returning,2,30.39,5,57.74
ORD-003526,2025-04-25,Europe,Beauty,Mobile app,New,4,29.09,15,98.91
ORD-003527,2025-04-25,Europe,Electronics,Web,New,2,170.93,5,324.77
ORD-003528,2025-04-25,North America,Home & Kitchen,Mobile app,Returning,1,59.67,5,56.69
ORD-003529,2025-04-25,Europe,Toys,Mobile app,Returning,1,14.6,0,14.6
ORD-003530,2025-04-25,Latin America,Electronics,Web,Returning,1,106.82,5,101.48
ORD-003531,2025-04-25,North America,Beauty,Web,New,2,33.9,0,67.8
ORD-003532,2025-04-25,Europe,Electronics,Web,Returning,1,173.53,10,156.18
ORD-003533,2025-04-25,Europe,Electronics,Web,Returning,2,139.97,0,279.94
ORD-003534,2025-04-25,North America,Toys,Web,Returning,1,37.8,0,37.8
ORD-003535,2025-04-26,Europe,Electronics,Web,Returning,1,106.77,0,106.77
ORD-003536,2025-04-26,Europe,Sports & Outdoors,Web,New,1,123.93,10,111.54
ORD-003537,2025-04-26,Asia Pacific,Apparel,Mobile app,New,3,68.95,5,196.51
ORD-003538,2025-04-26,Asia Pacific,Toys,Web,New,1,33.13,15,28.16
ORD-003539,2025-04-26,Middle East & Africa,Apparel,Web,Returning,2,53.2,0,106.4
ORD-003540,2025-04-26,North America,Toys,Web,New,2,38.67,0,77.34
ORD-003541,2025-04-26,North America,Beauty,Mobile app,Returning,1,20.83,0,20.83
ORD-003542,2025-04-26,Asia Pacific,Apparel,Web,Returning,1,64.89,10,58.4
ORD-003543,2025-04-26,Europe,Beauty,Web,Returning,1,19.93,5,18.93
ORD-003544,2025-04-26,North America,Apparel,Retail partner,Returning,1,46.17,0,46.17
ORD-003545,2025-04-26,Latin America,Beauty,Mobile app,Returning,1,28.03,0,28.03
ORD-003546,2025-04-26,North America,Apparel,Web,Returning,1,34.91,0,34.91
ORD-003547,2025-04-26,Europe,Toys,Web,New,1,34.62,0,34.62
ORD-003548,2025-04-26,North America,Sports & Outdoors,Web,Returning,3,56.26,5,160.34
ORD-003549,2025-04-26,North America,Beauty,Web,New,1,24.6,0,24.6
ORD-003550,2025-04-26,Europe,Home & Kitchen,Web,Returning,3,55.37,0,166.11
ORD-003551,2025-04-26,Europe,Sports & Outdoors,Mobile app,Returning,3,71.39,0,214.17
ORD-003552,2025-04-26,North America,Home & Kitchen,Web,New,1,73.54,20,58.83
ORD-003553,2025-04-26,Asia Pacific,Home & Kitchen,Retail partner,Returning,1,70.58,15,59.99
ORD-003554,2025-04-26,Middle East & Africa,Home & Kitchen,Retail partner,New,2,78.65,0,157.3
ORD-003555,2025-04-26,North America,Electronics,Web,Returning,1,76.7,0,76.7
ORD-003556,2025-04-26,Europe,Beauty,Mobile app,Returning,2,34.66,0,69.32
ORD-003557,2025-04-26,North America,Electronics,Web,Returning,3,125.67,0,377.01
ORD-003558,2025-04-26,Asia Pacific,Electronics,Web,New,1,65.3,10,58.77
ORD-003559,2025-04-26,North America,Beauty,Web,New,1,26.43,0,26.43
ORD-003560,2025-04-26,Europe,Home & Kitchen,Mobile app,Returning,1,55.48,0,55.48
ORD-003561,2025-04-26,Asia Pacific,Home & Kitchen,Web,Returning,1,63.27,0,63.27
ORD-003562,2025-04-26,North America,Apparel,Web,New,2,36.92,0,73.84
ORD-003563,2025-04-26,North America,Electronics,Web,Returning,1,84.33,0,84.33
ORD-003564,2025-04-26,Asia Pacific,Beauty,Mobile app,New,1,36.66,20,29.33
ORD-003565,2025-04-26,North America,Electronics,Web,Returning,1,65.87,0,65.87
ORD-003566,2025-04-26,Asia Pacific,Apparel,Marketplace,Returning,1,52.96,0,52.96
ORD-003567,2025-04-26,North America,Toys,Web,Returning,1,42.56,0,42.56
ORD-003568,2025-04-27,North America,Toys,Web,Returning,1,23.13,10,20.82
ORD-003569,2025-04-27,North America,Home & Kitchen,Web,Returning,1,48.1,0,48.1
ORD-003570,2025-04-27,Europe,Electronics,Web,New,1,146.72,0,146.72
ORD-003571,2025-04-27,North America,Beauty,Marketplace,Returning,1,51.63,0,51.63
ORD-003572,2025-04-27,Asia Pacific,Sports & Outdoors,Mobile app,Returning,1,154.97,0,154.97
ORD-003573,2025-04-27,Middle East & Africa,Electronics,Web,Returning,2,124.34,0,248.68
ORD-003574,2025-04-27,Latin America,Electronics,Web,New,3,121.53,10,328.13
ORD-003575,2025-04-27,Europe,Home & Kitchen,Web,New,2,48.22,5,91.62
ORD-003576,2025-04-27,Europe,Home & Kitchen,Web,New,1,91.66,0,91.66
ORD-003577,2025-04-27,Europe,Electronics,Web,Returning,3,116.63,0,349.89
ORD-003578,2025-04-27,North America,Home & Kitchen,Mobile app,Returning,3,87.99,0,263.97
ORD-003579,2025-04-27,Europe,Home & Kitchen,Web,Returning,1,47.87,0,47.87
ORD-003580,2025-04-27,North America,Electronics,Mobile app,Returning,2,92.85,0,185.7
ORD-003581,2025-04-27,Europe,Electronics,Mobile app,Returning,2,310.61,0,621.22
ORD-003582,2025-04-27,North America,Home & Kitchen,Mobile app,New,1,34.75,0,34.75
ORD-003583,2025-04-27,Middle East & Africa,Electronics,Mobile app,New,1,111.91,0,111.91
ORD-003584,2025-04-27,Middle East & Africa,Beauty,Web,Returning,1,28.91,0,28.91
ORD-003585,2025-04-27,Europe,Electronics,Marketplace,New,1,148.95,0,148.95
ORD-003586,2025-04-27,Latin America,Beauty,Web,Returning,1,21.49,0,21.49
ORD-003587,2025-04-27,Europe,Sports & Outdoors,Marketplace,Returning,1,41.17,15,34.99
ORD-003588,2025-04-27,North America,Home & Kitchen,Web,Returning,1,52.48,0,52.48
ORD-003589,2025-04-27,Europe,Beauty,Web,Returning,1,19.5,0,19.5
ORD-003590,2025-04-27,North America,Home & Kitchen,Mobile app,Returning,1,57.95,0,57.95
ORD-003591,2025-04-27,Asia Pacific,Electronics,Web,Returning,3,93.62,20,224.69
ORD-003592,2025-04-27,Asia Pacific,Beauty,Mobile app,New,2,31.81,5,60.44
ORD-003593,2025-04-27,Europe,Beauty,Marketplace,Returning,1,23.5,0,23.5
ORD-003594,2025-04-27,Middle East & Africa,Home & Kitchen,Web,Returning,2,49.66,0,99.32
ORD-003595,2025-04-27,Asia Pacific,Beauty,Web,Returning,1,35.3,15,30
ORD-003596,2025-04-27,Asia Pacific,Electronics,Web,New,1,88.33,5,83.91
ORD-003597,2025-04-27,Europe,Toys,Web,New,1,26.14,0,26.14
ORD-003598,2025-04-27,North America,Electronics,Mobile app,New,2,113.48,0,226.96
ORD-003599,2025-04-27,Europe,Home & Kitchen,Web,Returning,2,91.76,0,183.52
ORD-003600,2025-04-27,Asia Pacific,Home & Kitchen,Web,Returning,1,42.74,0,42.74
ORD-003601,2025-04-28,Europe,Electronics,Mobile app,New,1,105.97,0,105.97
ORD-003602,2025-04-28,Europe,Beauty,Marketplace,Returning,1,26.58,10,23.92
ORD-003603,2025-04-28,North America,Home & Kitchen,Web,Returning,2,97.7,0,195.4
ORD-003604,2025-04-28,North America,Beauty,Marketplace,New,4,16.92,0,67.68
ORD-003605,2025-04-28,North America,Apparel,Mobile app,New,4,49.38,0,197.52
ORD-003606,2025-04-28,Asia Pacific,Toys,Web,Returning,2,22.15,5,42.08
ORD-003607,2025-04-28,Europe,Home & Kitchen,Mobile app,Returning,2,79.16,10,142.49
ORD-003608,2025-04-28,North America,Apparel,Web,Returning,1,39.54,0,39.54
ORD-003609,2025-04-28,Europe,Home & Kitchen,Web,New,2,84.43,10,151.97
ORD-003610,2025-04-28,North America,Electronics,Mobile app,New,2,193.22,0,386.44
ORD-003611,2025-04-28,North America,Electronics,Web,New,1,120.13,0,120.13
ORD-003612,2025-04-28,Europe,Apparel,Mobile app,Returning,1,37.01,5,35.16
ORD-003613,2025-04-28,Latin America,Electronics,Web,New,2,126.44,20,202.3
ORD-003614,2025-04-28,Europe,Home & Kitchen,Marketplace,Returning,2,106.19,10,191.14
ORD-003615,2025-04-28,Latin America,Home & Kitchen,Mobile app,New,2,51.95,5,98.71
ORD-003616,2025-04-28,North America,Apparel,Web,New,2,82.41,0,164.82
ORD-003617,2025-04-28,Asia Pacific,Electronics,Web,New,1,57.07,0,57.07
ORD-003618,2025-04-28,Asia Pacific,Electronics,Web,New,2,100.74,0,201.48
ORD-003619,2025-04-28,North America,Electronics,Web,New,1,96.67,5,91.84
ORD-003620,2025-04-28,Europe,Electronics,Web,New,2,101.3,5,192.47
ORD-003621,2025-04-28,Asia Pacific,Home & Kitchen,Marketplace,New,1,60.53,10,54.48
ORD-003622,2025-04-28,Europe,Sports & Outdoors,Web,Returning,2,80.35,5,152.67
ORD-003623,2025-04-28,Asia Pacific,Home & Kitchen,Mobile app,Returning,2,90.83,0,181.66
ORD-003624,2025-04-28,North America,Home & Kitchen,Mobile app,Returning,3,76.6,0,229.8
ORD-003625,2025-04-28,Latin America,Home & Kitchen,Marketplace,Returning,1,67.81,5,64.42
ORD-003626,2025-04-29,Europe,Apparel,Web,Returning,1,29.61,0,29.61
ORD-003627,2025-04-29,North America,Sports & Outdoors,Web,Returning,3,74.38,0,223.14
ORD-003628,2025-04-29,North America,Electronics,Mobile app,Returning,2,107.98,10,194.36
ORD-003629,2025-04-29,North America,Electronics,Web,New,2,162.52,10,292.54
ORD-003630,2025-04-29,North America,Electronics,Marketplace,Returning,1,79.09,0,79.09
ORD-003631,2025-04-29,Europe,Apparel,Web,Returning,3,23.36,5,66.58
ORD-003632,2025-04-29,North America,Beauty,Web,New,2,28.41,10,51.14
ORD-003633,2025-04-29,Europe,Toys,Mobile app,New,1,46.81,10,42.13
ORD-003634,2025-04-29,Europe,Toys,Web,Returning,3,60.88,0,182.64
ORD-003635,2025-04-29,Asia Pacific,Toys,Mobile app,New,4,27.91,0,111.64
ORD-003636,2025-04-29,Europe,Home & Kitchen,Marketplace,Returning,2,75.57,0,151.14
ORD-003637,2025-04-29,North America,Toys,Retail partner,New,2,39.33,5,74.73
ORD-003638,2025-04-29,Asia Pacific,Home & Kitchen,Mobile app,Returning,1,46.91,15,39.87
ORD-003639,2025-04-29,Europe,Apparel,Mobile app,Returning,3,62.99,10,170.07
ORD-003640,2025-04-29,Europe,Sports & Outdoors,Mobile app,Returning,3,59.02,0,177.06
ORD-003641,2025-04-29,North America,Home & Kitchen,Mobile app,New,2,68.01,0,136.02
ORD-003642,2025-04-29,Middle East & Africa,Apparel,Web,New,1,54.55,15,46.37
ORD-003643,2025-04-29,North America,Home & Kitchen,Mobile app,New,1,89.31,0,89.31
ORD-003644,2025-04-29,Europe,Electronics,Retail partner,New,1,113.12,0,113.12
ORD-003645,2025-04-29,North America,Apparel,Web,Returning,2,45.78,10,82.4
ORD-003646,2025-04-29,Europe,Toys,Mobile app,New,2,21.78,0,43.56
ORD-003647,2025-04-29,Europe,Beauty,Web,New,5,24.08,10,108.36
ORD-003648,2025-04-29,North America,Sports & Outdoors,Web,New,1,73,0,73
ORD-003649,2025-04-29,Europe,Electronics,Web,Returning,1,82.13,0,82.13
ORD-003650,2025-04-29,North America,Electronics,Marketplace,Returning,1,58.79,15,49.97
ORD-003651,2025-04-29,Europe,Electronics,Mobile app,Returning,1,54.09,0,54.09
ORD-003652,2025-04-29,Asia Pacific,Home & Kitchen,Retail partner,New,4,69.33,5,263.45
ORD-003653,2025-04-29,North America,Apparel,Retail partner,New,2,26.89,10,48.4
ORD-003654,2025-04-29,North America,Beauty,Mobile app,Returning,4,25.01,10,90.04
ORD-003655,2025-04-29,North America,Apparel,Web,New,1,36.22,10,32.6
ORD-003656,2025-04-29,Asia Pacific,Home & Kitchen,Mobile app,New,1,62.98,15,53.53
ORD-003657,2025-04-29,Europe,Apparel,Mobile app,Returning,5,38.28,10,172.26
ORD-003658,2025-04-30,North America,Toys,Marketplace,Returning,3,38.81,10,104.79
ORD-003659,2025-04-30,Middle East & Africa,Apparel,Mobile app,New,5,30.68,0,153.4
ORD-003660,2025-04-30,Asia Pacific,Home & Kitchen,Web,New,2,89.18,0,178.36
ORD-003661,2025-04-30,Asia Pacific,Electronics,Mobile app,Returning,3,115.38,0,346.14
ORD-003662,2025-04-30,Latin America,Sports & Outdoors,Web,Returning,2,76,0,152
ORD-003663,2025-04-30,Latin America,Home & Kitchen,Retail partner,Returning,3,68.23,0,204.69
ORD-003664,2025-04-30,North America,Home & Kitchen,Mobile app,New,4,63.5,0,254
ORD-003665,2025-04-30,Asia Pacific,Sports & Outdoors,Retail partner,Returning,2,57.67,5,109.57
ORD-003666,2025-04-30,Europe,Electronics,Web,Returning,2,110.62,5,210.18
ORD-003667,2025-04-30,North America,Sports & Outdoors,Web,Returning,5,94.02,20,376.08
ORD-003668,2025-04-30,Asia Pacific,Home & Kitchen,Web,Returning,1,50.29,0,50.29
ORD-003669,2025-04-30,Asia Pacific,Sports & Outdoors,Web,Returning,4,61.34,10,220.82
ORD-003670,2025-04-30,North America,Toys,Web,New,1,32.71,20,26.17
ORD-003671,2025-04-30,Europe,Home & Kitchen,Web,Returning,4,67.62,10,243.43
ORD-003672,2025-04-30,North America,Beauty,Mobile app,New,4,21.41,0,85.64
ORD-003673,2025-04-30,North America,Home & Kitchen,Web,New,1,43.71,0,43.71
ORD-003674,2025-04-30,Latin America,Apparel,Web,New,1,38.29,0,38.29
ORD-003675,2025-04-30,North America,Electronics,Marketplace,Returning,1,122.56,5,116.43
ORD-003676,2025-04-30,North America,Apparel,Marketplace,Returning,2,45.83,5,87.08
ORD-003677,2025-04-30,Europe,Electronics,Mobile app,Returning,1,89.51,10,80.56
ORD-003678,2025-04-30,Europe,Home & Kitchen,Mobile app,Returning,2,70.16,0,140.32
ORD-003679,2025-04-30,North America,Electronics,Mobile app,New,4,81.73,0,326.92
ORD-003680,2025-04-30,Europe,Home & Kitchen,Web,Returning,1,58.71,0,58.71
ORD-003681,2025-04-30,North America,Apparel,Web,Returning,1,26.22,10,23.6
ORD-003682,2025-04-30,North America,Beauty,Mobile app,Returning,1,36.24,5,34.43
ORD-003683,2025-04-30,North America,Home & Kitchen,Web,Returning,1,99.21,5,94.25
ORD-003684,2025-04-30,Europe,Home & Kitchen,Mobile app,New,1,49.44,0,49.44
ORD-003685,2025-05-01,Latin America,Electronics,Mobile app,New,1,159.22,5,151.26
ORD-003686,2025-05-01,North America,Toys,Retail partner,Returning,1,27.46,0,27.46
ORD-003687,2025-05-01,Europe,Apparel,Web,New,1,50.36,15,42.81
ORD-003688,2025-05-01,Europe,Home & Kitchen,Web,Returning,1,79.72,5,75.73
ORD-003689,2025-05-01,Europe,Electronics,Web,Returning,1,214.64,0,214.64
ORD-003690,2025-05-01,Asia Pacific,Toys,Web,New,2,33.4,5,63.46
ORD-003691,2025-05-01,North America,Apparel,Marketplace,Returning,2,56.58,0,113.16
ORD-003692,2025-05-01,Asia Pacific,Apparel,Web,New,2,44.37,0,88.74
ORD-003693,2025-05-01,Asia Pacific,Sports & Outdoors,Web,Returning,2,83.16,0,166.32
ORD-003694,2025-05-01,Asia Pacific,Home & Kitchen,Web,New,1,79.78,0,79.78
ORD-003695,2025-05-01,Asia Pacific,Beauty,Mobile app,New,2,18.47,0,36.94
ORD-003696,2025-05-01,North America,Apparel,Marketplace,Returning,1,92.5,0,92.5
ORD-003697,2025-05-01,Europe,Apparel,Web,Returning,1,68.43,0,68.43
ORD-003698,2025-05-01,North America,Home & Kitchen,Web,New,3,49.77,0,149.31
ORD-003699,2025-05-01,Middle East & Africa,Home & Kitchen,Mobile app,Returning,1,110.71,0,110.71
ORD-003700,2025-05-01,North America,Sports & Outdoors,Web,Returning,2,61.4,20,98.24
ORD-003701,2025-05-01,North America,Sports & Outdoors,Web,New,3,67.39,0,202.17
ORD-003702,2025-05-01,Asia Pacific,Beauty,Mobile app,New,2,11.69,0,23.38
ORD-003703,2025-05-01,North America,Apparel,Web,New,3,34.93,0,104.79
ORD-003704,2025-05-01,Latin America,Electronics,Web,Returning,1,198.23,5,188.32
ORD-003705,2025-05-01,North America,Apparel,Web,Returning,2,59.3,0,118.6
ORD-003706,2025-05-01,Asia Pacific,Electronics,Web,New,1,194.89,0,194.89
ORD-003707,2025-05-02,North America,Electronics,Mobile app,Returning,1,208.98,0,208.98
ORD-003708,2025-05-02,Europe,Home & Kitchen,Mobile app,Returning,2,42.21,0,84.42
ORD-003709,2025-05-02,North America,Apparel,Mobile app,Returning,2,60.19,0,120.38
ORD-003710,2025-05-02,Europe,Home & Kitchen,Web,Returning,4,65.59,0,262.36
ORD-003711,2025-05-02,North America,Electronics,Web,Returning,1,137.19,0,137.19
ORD-003712,2025-05-02,Latin America,Apparel,Marketplace,Returning,2,24.16,0,48.32
ORD-003713,2025-05-02,North America,Home & Kitchen,Mobile app,New,3,65.68,5,187.19
ORD-003714,2025-05-02,North America,Home & Kitchen,Web,Returning,3,50,10,135
ORD-003715,2025-05-02,North America,Electronics,Retail partner,New,1,262.3,5,249.19
ORD-003716,2025-05-02,North America,Home & Kitchen,Mobile app,Returning,1,55.92,0,55.92
ORD-003717,2025-05-02,North America,Home & Kitchen,Web,New,1,44.13,0,44.13
ORD-003718,2025-05-02,North America,Home & Kitchen,Web,New,2,50.36,0,100.72
ORD-003719,2025-05-02,North America,Beauty,Mobile app,Returning,1,30.31,15,25.76
ORD-003720,2025-05-02,Middle East & Africa,Sports & Outdoors,Mobile app,Returning,2,46.33,10,83.39
ORD-003721,2025-05-02,Europe,Electronics,Mobile app,Returning,1,285.19,0,285.19
ORD-003722,2025-05-02,North America,Apparel,Web,Returning,2,76.86,5,146.03
ORD-003723,2025-05-02,North America,Electronics,Mobile app,New,1,135.12,10,121.61
ORD-003724,2025-05-02,Europe,Toys,Web,Returning,1,31.49,0,31.49
ORD-003725,2025-05-02,Middle East & Africa,Sports & Outdoors,Mobile app,New,2,108.5,5,206.15
ORD-003726,2025-05-02,Europe,Apparel,Web,New,1,41.35,5,39.28
ORD-003727,2025-05-02,Europe,Electronics,Web,Returning,2,202.78,0,405.56
ORD-003728,2025-05-02,North America,Electronics,Retail partner,Returning,5,183.1,5,869.72
ORD-003729,2025-05-02,Europe,Beauty,Web,Returning,2,29.72,5,56.47
ORD-003730,2025-05-02,Latin America,Home & Kitchen,Web,Returning,1,70.57,0,70.57
ORD-003731,2025-05-02,Europe,Beauty,Web,New,4,28.73,0,114.92
ORD-003732,2025-05-02,Europe,Electronics,Web,Returning,2,266.95,0,533.9
ORD-003733,2025-05-02,Middle East & Africa,Home & Kitchen,Web,Returning,1,43.46,0,43.46
ORD-003734,2025-05-02,Europe,Electronics,Mobile app,Returning,1,277.18,0,277.18
ORD-003735,2025-05-02,North America,Toys,Mobile app,New,2,34.34,0,68.68
ORD-003736,2025-05-02,North America,Beauty,Web,New,1,38.38,0,38.38
ORD-003737,2025-05-02,Europe,Home & Kitchen,Web,Returning,5,111.25,10,500.63
ORD-003738,2025-05-02,Asia Pacific,Electronics,Marketplace,Returning,2,220.49,5,418.93
ORD-003739,2025-05-02,Asia Pacific,Apparel,Web,New,2,44.92,0,89.84
ORD-003740,2025-05-02,North America,Toys,Mobile app,Returning,4,40.89,0,163.56
ORD-003741,2025-05-02,North America,Sports & Outdoors,Web,New,1,51.28,0,51.28
ORD-003742,2025-05-02,Europe,Sports & Outdoors,Marketplace,Returning,1,32.45,10,29.21
ORD-003743,2025-05-03,Europe,Apparel,Mobile app,Returning,1,50.92,15,43.28
ORD-003744,2025-05-03,Europe,Apparel,Mobile app,Returning,3,59.15,0,177.45
ORD-003745,2025-05-03,North America,Beauty,Web,New,1,31.15,5,29.59
ORD-003746,2025-05-03,Asia Pacific,Sports & Outdoors,Web,Returning,5,68.82,0,344.1
ORD-003747,2025-05-03,Europe,Electronics,Marketplace,Returning,1,227.75,10,204.98
ORD-003748,2025-05-03,Europe,Sports & Outdoors,Mobile app,New,3,94.77,0,284.31
ORD-003749,2025-05-03,Asia Pacific,Apparel,Mobile app,Returning,1,48.63,20,38.9
ORD-003750,2025-05-03,North America,Sports & Outdoors,Web,New,1,77.94,0,77.94
ORD-003751,2025-05-03,Latin America,Beauty,Retail partner,New,2,23.93,0,47.86
ORD-003752,2025-05-03,Europe,Electronics,Web,Returning,1,246.71,5,234.37
ORD-003753,2025-05-03,North America,Electronics,Web,Returning,3,202.89,5,578.24
ORD-003754,2025-05-03,Europe,Electronics,Web,New,2,248.23,0,496.46
ORD-003755,2025-05-03,Latin America,Apparel,Web,Returning,2,67.03,0,134.06
ORD-003756,2025-05-03,Europe,Toys,Mobile app,Returning,1,36.36,0,36.36
ORD-003757,2025-05-03,Europe,Apparel,Mobile app,Returning,2,53.23,15,90.49
ORD-003758,2025-05-03,North America,Apparel,Mobile app,Returning,2,60.1,0,120.2
ORD-003759,2025-05-03,North America,Electronics,Mobile app,Returning,2,166.23,15,282.59
ORD-003760,2025-05-03,Asia Pacific,Sports & Outdoors,Mobile app,Returning,4,82.61,15,280.87
ORD-003761,2025-05-03,Asia Pacific,Electronics,Mobile app,Returning,1,134.89,15,114.66
ORD-003762,2025-05-03,North America,Home & Kitchen,Mobile app,New,1,42.75,5,40.61
ORD-003763,2025-05-03,North America,Apparel,Web,Returning,1,52.1,10,46.89
ORD-003764,2025-05-03,Asia Pacific,Beauty,Retail partner,New,3,23.12,0,69.36
ORD-003765,2025-05-03,Asia Pacific,Beauty,Web,New,3,53.3,0,159.9
ORD-003766,2025-05-03,Europe,Electronics,Web,Returning,1,272.56,5,258.93
ORD-003767,2025-05-03,Europe,Apparel,Web,Returning,1,48.67,20,38.94
ORD-003768,2025-05-03,Asia Pacific,Apparel,Mobile app,New,3,38.91,0,116.73
ORD-003769,2025-05-03,Europe,Electronics,Web,New,1,149.3,0,149.3
ORD-003770,2025-05-03,North America,Home & Kitchen,Web,Returning,2,84.01,0,168.02
ORD-003771,2025-05-03,Europe,Toys,Mobile app,Returning,1,33.21,5,31.55
ORD-003772,2025-05-03,Europe,Sports & Outdoors,Web,New,3,77.94,5,222.13
ORD-003773,2025-05-03,North America,Apparel,Marketplace,Returning,1,48.05,5,45.65
ORD-003774,2025-05-03,Latin America,Electronics,Web,New,2,125.96,10,226.73
ORD-003775,2025-05-03,Asia Pacific,Apparel,Retail partner,New,4,77.61,10,279.4
ORD-003776,2025-05-03,North America,Beauty,Mobile app,New,4,17.38,15,59.09
ORD-003777,2025-05-03,Latin America,Sports & Outdoors,Mobile app,New,1,83.23,0,83.23
ORD-003778,2025-05-04,North America,Home & Kitchen,Web,New,2,75.4,0,150.8
ORD-003779,2025-05-04,Middle East & Africa,Home & Kitchen,Mobile app,Returning,1,62.53,0,62.53
ORD-003780,2025-05-04,Middle East & Africa,Home & Kitchen,Web,Returning,1,68.1,0,68.1
ORD-003781,2025-05-04,North America,Apparel,Web,New,1,55.57,0,55.57
ORD-003782,2025-05-04,North America,Apparel,Web,New,2,67.25,0,134.5
ORD-003783,2025-05-04,Europe,Apparel,Web,Returning,2,61.82,0,123.64
ORD-003784,2025-05-04,North America,Electronics,Web,Returning,3,357.64,0,1072.92
ORD-003785,2025-05-04,Middle East & Africa,Home & Kitchen,Mobile app,Returning,2,95.33,0,190.66
ORD-003786,2025-05-04,Asia Pacific,Beauty,Marketplace,New,2,22.21,20,35.54
ORD-003787,2025-05-04,Asia Pacific,Apparel,Web,Returning,1,38.41,0,38.41
ORD-003788,2025-05-04,Latin America,Home & Kitchen,Mobile app,New,1,115.89,0,115.89
ORD-003789,2025-05-04,Asia Pacific,Sports & Outdoors,Web,Returning,2,66.87,5,127.05
ORD-003790,2025-05-04,Asia Pacific,Home & Kitchen,Mobile app,New,1,43.98,0,43.98
ORD-003791,2025-05-04,Europe,Electronics,Mobile app,Returning,2,371.6,0,743.2
ORD-003792,2025-05-04,North America,Home & Kitchen,Retail partner,New,1,75.41,0,75.41
ORD-003793,2025-05-04,North America,Electronics,Web,Returning,1,123.09,5,116.94
ORD-003794,2025-05-04,Asia Pacific,Beauty,Web,Returning,1,18.84,5,17.9
ORD-003795,2025-05-04,North America,Beauty,Marketplace,Returning,1,24.69,10,22.22
ORD-003796,2025-05-04,North America,Home & Kitchen,Mobile app,New,1,56.8,0,56.8
ORD-003797,2025-05-04,Asia Pacific,Beauty,Mobile app,New,1,19.82,10,17.84
ORD-003798,2025-05-04,Asia Pacific,Home & Kitchen,Mobile app,New,1,35.65,15,30.3
ORD-003799,2025-05-04,Europe,Home & Kitchen,Mobile app,Returning,2,54.71,0,109.42
ORD-003800,2025-05-04,North America,Apparel,Web,Returning,1,25.52,0,25.52
ORD-003801,2025-05-04,North America,Home & Kitchen,Web,New,1,33.79,0,33.79
ORD-003802,2025-05-04,Europe,Beauty,Mobile app,Returning,1,17.29,0,17.29
ORD-003803,2025-05-04,North America,Beauty,Marketplace,New,2,41.35,5,78.57
ORD-003804,2025-05-04,Middle East & Africa,Apparel,Web,Returning,1,42.67,0,42.67
ORD-003805,2025-05-04,Asia Pacific,Apparel,Marketplace,Returning,1,28.6,0,28.6
ORD-003806,2025-05-04,Asia Pacific,Home & Kitchen,Retail partner,New,1,37.27,5,35.41
ORD-003807,2025-05-04,North America,Toys,Mobile app,New,1,39.04,0,39.04
ORD-003808,2025-05-04,North America,Apparel,Mobile app,Returning,1,44.62,10,40.16
ORD-003809,2025-05-04,North America,Electronics,Web,Returning,1,150.77,0,150.77
ORD-003810,2025-05-04,Latin America,Apparel,Mobile app,New,1,56.44,0,56.44
ORD-003811,2025-05-04,Asia Pacific,Apparel,Web,New,1,53.21,0,53.21
ORD-003812,2025-05-04,Latin America,Home & Kitchen,Web,New,1,71.33,0,71.33
ORD-003813,2025-05-04,Middle East & Africa,Apparel,Mobile app,Returning,1,60.86,0,60.86
ORD-003814,2025-05-04,Europe,Beauty,Web,Returning,2,26.96,0,53.92
ORD-003815,2025-05-04,North America,Electronics,Mobile app,New,1,257.97,10,232.17
ORD-003816,2025-05-04,Europe,Sports & Outdoors,Web,New,2,53.39,0,106.78
ORD-003817,2025-05-04,North America,Sports & Outdoors,Web,New,1,66.68,15,56.68
ORD-003818,2025-05-04,Asia Pacific,Electronics,Marketplace,Returning,1,215.74,0,215.74
ORD-003819,2025-05-04,Latin America,Electronics,Web,Returning,5,150.71,0,753.55
ORD-003820,2025-05-04,Europe,Home & Kitchen,Mobile app,Returning,1,54.9,0,54.9
ORD-003821,2025-05-04,Europe,Toys,Mobile app,Returning,1,39.21,5,37.25
ORD-003822,2025-05-04,Latin America,Electronics,Mobile app,New,1,176.77,0,176.77
ORD-003823,2025-05-04,Europe,Electronics,Mobile app,New,1,194.93,0,194.93
ORD-003824,2025-05-04,Europe,Home & Kitchen,Web,Returning,2,71.61,10,128.9
ORD-003825,2025-05-04,North America,Home & Kitchen,Mobile app,New,2,141.69,0,283.38
ORD-003826,2025-05-05,Europe,Home & Kitchen,Mobile app,New,3,44.19,5,125.94
ORD-003827,2025-05-05,Asia Pacific,Apparel,Web,New,3,48.31,5,137.68
ORD-003828,2025-05-05,Asia Pacific,Electronics,Web,New,1,155.3,0,155.3
ORD-003829,2025-05-05,Middle East & Africa,Sports & Outdoors,Mobile app,New,1,84.7,0,84.7
ORD-003830,2025-05-05,Europe,Apparel,Web,Returning,1,48.6,0,48.6
ORD-003831,2025-05-05,Middle East & Africa,Electronics,Mobile app,Returning,2,229.93,0,459.86
ORD-003832,2025-05-05,Middle East & Africa,Apparel,Mobile app,Returning,1,55.16,0,55.16
ORD-003833,2025-05-05,Latin America,Electronics,Mobile app,Returning,3,163.41,0,490.23
ORD-003834,2025-05-05,Europe,Home & Kitchen,Web,New,2,52.16,10,93.89
ORD-003835,2025-05-05,Asia Pacific,Electronics,Mobile app,Returning,5,183.16,5,870.01
ORD-003836,2025-05-05,North America,Home & Kitchen,Web,Returning,1,37.3,0,37.3
ORD-003837,2025-05-05,Europe,Toys,Mobile app,Returning,1,77.38,0,77.38
ORD-003838,2025-05-05,Europe,Electronics,Web,Returning,1,182.71,5,173.57
ORD-003839,2025-05-05,Middle East & Africa,Beauty,Marketplace,Returning,1,30.35,0,30.35
ORD-003840,2025-05-05,Asia Pacific,Electronics,Web,New,1,238.42,0,238.42
ORD-003841,2025-05-05,North America,Toys,Web,Returning,1,25.7,0,25.7
ORD-003842,2025-05-05,Europe,Toys,Marketplace,Returning,1,38.99,5,37.04
ORD-003843,2025-05-05,North America,Home & Kitchen,Mobile app,Returning,1,99.98,5,94.98
ORD-003844,2025-05-05,Europe,Sports & Outdoors,Mobile app,Returning,1,243.46,0,243.46
ORD-003845,2025-05-05,North America,Electronics,Web,New,1,184.74,0,184.74
ORD-003846,2025-05-05,Latin America,Sports & Outdoors,Web,Returning,2,156.04,0,312.08
ORD-003847,2025-05-05,Asia Pacific,Electronics,Web,Returning,1,95.93,0,95.93
ORD-003848,2025-05-05,Latin America,Toys,Web,Returning,1,37.62,5,35.74
ORD-003849,2025-05-05,North America,Electronics,Web,Returning,1,85.1,10,76.59
ORD-003850,2025-05-05,North America,Toys,Mobile app,New,1,26.52,0,26.52
ORD-003851,2025-05-05,Middle East & Africa,Electronics,Web,Returning,2,411.57,0,823.14
ORD-003852,2025-05-05,North America,Apparel,Retail partner,Returning,3,34.75,0,104.25
ORD-003853,2025-05-05,North America,Apparel,Mobile app,Returning,1,46.64,0,46.64
ORD-003854,2025-05-05,Europe,Electronics,Mobile app,New,1,83.54,0,83.54
ORD-003855,2025-05-05,Europe,Toys,Web,New,2,27.86,0,55.72
ORD-003856,2025-05-05,Europe,Beauty,Mobile app,New,3,36.28,10,97.96
ORD-003857,2025-05-05,Europe,Electronics,Web,New,1,235.59,0,235.59
ORD-003858,2025-05-05,Latin America,Home & Kitchen,Web,Returning,1,49.78,10,44.8
ORD-003859,2025-05-05,North America,Sports & Outdoors,Web,New,2,89.99,10,161.98
ORD-003860,2025-05-05,Europe,Beauty,Mobile app,Returning,1,16.25,5,15.44
ORD-003861,2025-05-05,Europe,Apparel,Mobile app,Returning,2,42.04,0,84.08
ORD-003862,2025-05-05,Europe,Beauty,Web,Returning,2,24.01,5,45.62
ORD-003863,2025-05-06,North America,Beauty,Mobile app,New,1,42.67,10,38.4
ORD-003864,2025-05-06,North America,Beauty,Marketplace,New,1,21.37,0,21.37
ORD-003865,2025-05-06,Asia Pacific,Home & Kitchen,Retail partner,Returning,5,77.06,0,385.3
ORD-003866,2025-05-06,North America,Beauty,Mobile app,Returning,3,23.1,15,58.91
ORD-003867,2025-05-06,Middle East & Africa,Home & Kitchen,Mobile app,New,3,60.63,5,172.8
ORD-003868,2025-05-06,North America,Toys,Web,Returning,1,38.59,0,38.59
ORD-003869,2025-05-06,Europe,Electronics,Mobile app,New,1,227.28,0,227.28
ORD-003870,2025-05-06,Asia Pacific,Apparel,Marketplace,New,1,39.17,10,35.25
ORD-003871,2025-05-06,Middle East & Africa,Apparel,Mobile app,Returning,3,28.38,10,76.63
ORD-003872,2025-05-06,North America,Electronics,Marketplace,Returning,1,228.51,0,228.51
ORD-003873,2025-05-06,Asia Pacific,Home & Kitchen,Mobile app,Returning,1,107.76,0,107.76
ORD-003874,2025-05-06,North America,Apparel,Web,Returning,1,74.47,0,74.47
ORD-003875,2025-05-06,Europe,Beauty,Marketplace,New,2,23.56,0,47.12
ORD-003876,2025-05-06,North America,Apparel,Web,Returning,2,40.47,20,64.75
ORD-003877,2025-05-06,North America,Toys,Marketplace,Returning,1,38.82,0,38.82
ORD-003878,2025-05-06,Asia Pacific,Sports & Outdoors,Web,Returning,1,82.73,0,82.73
ORD-003879,2025-05-06,North America,Apparel,Web,Returning,3,49.23,5,140.31
ORD-003880,2025-05-06,North America,Sports & Outdoors,Web,Returning,4,74.84,0,299.36
ORD-003881,2025-05-06,Middle East & Africa,Electronics,Mobile app,Returning,1,203.72,0,203.72
ORD-003882,2025-05-06,Asia Pacific,Apparel,Mobile app,Returning,1,19.43,15,16.52
ORD-003883,2025-05-06,Latin America,Apparel,Retail partner,Returning,3,54.95,0,164.85
ORD-003884,2025-05-06,Asia Pacific,Apparel,Mobile app,Returning,3,42.42,0,127.26
ORD-003885,2025-05-06,Middle East & Africa,Toys,Mobile app,New,1,44.44,5,42.22
ORD-003886,2025-05-06,North America,Home & Kitchen,Web,Returning,1,69.08,5,65.63
ORD-003887,2025-05-06,North America,Electronics,Web,Returning,1,291.55,20,233.24
ORD-003888,2025-05-06,Asia Pacific,Electronics,Mobile app,New,1,205.34,0,205.34
ORD-003889,2025-05-06,North America,Apparel,Marketplace,New,1,54.12,0,54.12
ORD-003890,2025-05-06,Europe,Apparel,Marketplace,Returning,1,88.23,5,83.82
ORD-003891,2025-05-06,Europe,Apparel,Marketplace,New,1,44.34,10,39.91
ORD-003892,2025-05-07,North America,Beauty,Web,Returning,2,13.45,0,26.9
ORD-003893,2025-05-07,North America,Apparel,Web,New,4,47.72,0,190.88
ORD-003894,2025-05-07,Latin America,Sports & Outdoors,Retail partner,Returning,1,102.16,0,102.16
ORD-003895,2025-05-07,Latin America,Beauty,Retail partner,Returning,1,32.14,5,30.53
ORD-003896,2025-05-07,North America,Home & Kitchen,Marketplace,New,1,96.96,0,96.96
ORD-003897,2025-05-07,Asia Pacific,Toys,Web,Returning,1,52.48,0,52.48
ORD-003898,2025-05-07,Middle East & Africa,Apparel,Mobile app,New,1,47.08,0,47.08
ORD-003899,2025-05-07,North America,Sports & Outdoors,Retail partner,Returning,1,70.25,10,63.23
ORD-003900,2025-05-07,Latin America,Apparel,Mobile app,New,1,52.26,0,52.26
ORD-003901,2025-05-07,North America,Apparel,Mobile app,Returning,1,33.06,5,31.41
ORD-003902,2025-05-07,North America,Electronics,Mobile app,Returning,1,142.19,5,135.08
ORD-003903,2025-05-07,Asia Pacific,Home & Kitchen,Mobile app,New,2,117.88,0,235.76
ORD-003904,2025-05-07,North America,Electronics,Mobile app,Returning,1,129.34,0,129.34
ORD-003905,2025-05-07,North America,Home & Kitchen,Web,New,1,37.85,0,37.85
ORD-003906,2025-05-07,North America,Home & Kitchen,Web,New,3,67.75,10,182.93
ORD-003907,2025-05-07,Europe,Beauty,Mobile app,Returning,3,13.92,0,41.76
ORD-003908,2025-05-07,Asia Pacific,Apparel,Web,Returning,1,30.05,0,30.05
ORD-003909,2025-05-07,Middle East & Africa,Electronics,Web,New,2,149.03,0,298.06
ORD-003910,2025-05-07,Europe,Home & Kitchen,Mobile app,Returning,2,86.91,5,165.13
ORD-003911,2025-05-07,Europe,Home & Kitchen,Retail partner,New,4,123.99,0,495.96
ORD-003912,2025-05-07,Asia Pacific,Electronics,Web,New,1,155.16,5,147.4
ORD-003913,2025-05-07,Europe,Beauty,Mobile app,Returning,2,33.7,5,64.03
ORD-003914,2025-05-07,North America,Apparel,Marketplace,Returning,1,59.73,0,59.73
ORD-003915,2025-05-07,Asia Pacific,Sports & Outdoors,Marketplace,Returning,1,73.15,0,73.15
ORD-003916,2025-05-07,North America,Electronics,Web,Returning,2,121.06,0,242.12
ORD-003917,2025-05-07,Latin America,Apparel,Mobile app,Returning,2,66.2,5,125.78
ORD-003918,2025-05-07,Europe,Toys,Web,Returning,5,22.26,10,100.17
ORD-003919,2025-05-08,North America,Sports & Outdoors,Mobile app,New,4,70.53,5,268.01
ORD-003920,2025-05-08,Latin America,Apparel,Mobile app,Returning,2,63.13,10,113.63
ORD-003921,2025-05-08,Middle East & Africa,Sports & Outdoors,Marketplace,New,1,53.09,0,53.09
ORD-003922,2025-05-08,North America,Electronics,Mobile app,New,1,202.41,0,202.41
ORD-003923,2025-05-08,Europe,Electronics,Mobile app,New,1,174.53,15,148.35
ORD-003924,2025-05-08,Middle East & Africa,Sports & Outdoors,Web,Returning,2,95.52,0,191.04
ORD-003925,2025-05-08,North America,Toys,Web,Returning,1,21.92,20,17.54
ORD-003926,2025-05-08,North America,Home & Kitchen,Mobile app,New,2,72.72,10,130.9
ORD-003927,2025-05-08,North America,Sports & Outdoors,Mobile app,Returning,2,40.19,0,80.38
ORD-003928,2025-05-08,North America,Apparel,Mobile app,Returning,1,42.94,0,42.94
ORD-003929,2025-05-08,North America,Apparel,Web,Returning,2,22.55,5,42.85
ORD-003930,2025-05-08,Asia Pacific,Electronics,Mobile app,Returning,2,471.07,0,942.14
ORD-003931,2025-05-08,Europe,Apparel,Marketplace,New,1,49.25,5,46.79
ORD-003932,2025-05-08,Middle East & Africa,Home & Kitchen,Mobile app,Returning,1,50.29,20,40.23
ORD-003933,2025-05-08,Europe,Sports & Outdoors,Web,Returning,2,39.7,10,71.46
ORD-003934,2025-05-08,Europe,Apparel,Mobile app,New,1,34.08,0,34.08
ORD-003935,2025-05-08,Middle East & Africa,Toys,Mobile app,New,1,61.69,0,61.69
ORD-003936,2025-05-08,Asia Pacific,Home & Kitchen,Web,Returning,2,64.55,0,129.1
ORD-003937,2025-05-08,Asia Pacific,Electronics,Mobile app,Returning,1,222.93,5,211.78
ORD-003938,2025-05-08,North America,Electronics,Mobile app,New,1,212.28,0,212.28
ORD-003939,2025-05-08,North America,Electronics,Mobile app,Returning,1,187.98,0,187.98
ORD-003940,2025-05-08,Asia Pacific,Home & Kitchen,Marketplace,Returning,1,61.37,10,55.23
ORD-003941,2025-05-08,North America,Electronics,Web,Returning,1,138.85,5,131.91
ORD-003942,2025-05-08,Middle East & Africa,Sports & Outdoors,Mobile app,New,1,94.96,0,94.96
ORD-003943,2025-05-08,North America,Apparel,Mobile app,New,2,62.39,0,124.78
ORD-003944,2025-05-09,North America,Beauty,Mobile app,Returning,2,19.49,5,37.03
ORD-003945,2025-05-09,North America,Beauty,Mobile app,Returning,1,24.14,0,24.14
ORD-003946,2025-05-09,Europe,Electronics,Web,Returning,1,152.92,5,145.27
ORD-003947,2025-05-09,North America,Beauty,Mobile app,Returning,2,43.94,0,87.88
ORD-003948,2025-05-09,Asia Pacific,Apparel,Mobile app,New,2,73.75,5,140.13
ORD-003949,2025-05-09,North America,Apparel,Mobile app,New,1,29.61,0,29.61
ORD-003950,2025-05-09,Middle East & Africa,Electronics,Mobile app,New,1,162.12,0,162.12
ORD-003951,2025-05-09,North America,Electronics,Mobile app,Returning,1,112.28,0,112.28
ORD-003952,2025-05-09,Latin America,Home & Kitchen,Web,Returning,2,94.87,10,170.77
ORD-003953,2025-05-09,Asia Pacific,Electronics,Marketplace,New,1,181.49,5,172.42
ORD-003954,2025-05-09,Middle East & Africa,Electronics,Mobile app,Returning,2,122.26,0,244.52
ORD-003955,2025-05-09,North America,Electronics,Retail partner,Returning,2,374.71,5,711.95
ORD-003956,2025-05-09,Europe,Beauty,Web,Returning,2,21.77,0,43.54
ORD-003957,2025-05-09,Europe,Home & Kitchen,Mobile app,Returning,2,125.14,0,250.28
ORD-003958,2025-05-09,North America,Beauty,Web,Returning,1,36.67,5,34.84
ORD-003959,2025-05-09,Europe,Apparel,Mobile app,New,1,44.25,0,44.25
ORD-003960,2025-05-09,Middle East & Africa,Apparel,Marketplace,Returning,1,97.72,0,97.72
ORD-003961,2025-05-09,Europe,Apparel,Web,Returning,3,46.54,5,132.64
ORD-003962,2025-05-09,North America,Electronics,Mobile app,Returning,1,141.89,0,141.89
ORD-003963,2025-05-09,Asia Pacific,Home & Kitchen,Mobile app,New,2,89.39,0,178.78
ORD-003964,2025-05-09,Europe,Beauty,Marketplace,New,2,25.04,0,50.08
ORD-003965,2025-05-09,Middle East & Africa,Apparel,Mobile app,Returning,1,57.16,5,54.3
ORD-003966,2025-05-09,Asia Pacific,Home & Kitchen,Mobile app,Returning,1,70.07,10,63.06
ORD-003967,2025-05-09,Asia Pacific,Home & Kitchen,Web,New,1,40.96,10,36.86
ORD-003968,2025-05-09,Asia Pacific,Beauty,Mobile app,New,1,15.75,5,14.96
ORD-003969,2025-05-09,Europe,Sports & Outdoors,Web,Returning,1,119.63,0,119.63
ORD-003970,2025-05-09,Asia Pacific,Electronics,Mobile app,New,1,231.3,0,231.3
ORD-003971,2025-05-10,North America,Home & Kitchen,Web,Returning,1,39.31,10,35.38
ORD-003972,2025-05-10,North America,Electronics,Web,New,1,190.39,15,161.83
ORD-003973,2025-05-10,Asia Pacific,Apparel,Web,Returning,2,51.37,0,102.74
ORD-003974,2025-05-10,North America,Home & Kitchen,Mobile app,Returning,3,52.67,0,158.01
ORD-003975,2025-05-10,Asia Pacific,Home & Kitchen,Web,New,2,71.28,10,128.3
ORD-003976,2025-05-10,North America,Apparel,Web,New,1,49.04,5,46.59
ORD-003977,2025-05-10,Europe,Toys,Web,Returning,1,37.33,10,33.6
ORD-003978,2025-05-10,Asia Pacific,Home & Kitchen,Marketplace,Returning,2,64.77,5,123.06
ORD-003979,2025-05-10,Middle East & Africa,Electronics,Web,Returning,1,111.23,0,111.23
ORD-003980,2025-05-10,North America,Electronics,Web,Returning,3,120.94,5,344.68
ORD-003981,2025-05-10,Europe,Beauty,Marketplace,New,2,31.96,0,63.92
ORD-003982,2025-05-10,Asia Pacific,Electronics,Mobile app,Returning,5,290.78,0,1453.9
ORD-003983,2025-05-10,Latin America,Sports & Outdoors,Web,Returning,2,108.12,0,216.24
ORD-003984,2025-05-10,North America,Apparel,Mobile app,Returning,1,113.76,0,113.76
ORD-003985,2025-05-10,Europe,Electronics,Marketplace,Returning,3,233.59,0,700.77
ORD-003986,2025-05-10,North America,Home & Kitchen,Mobile app,Returning,2,31.88,5,60.57
ORD-003987,2025-05-10,Middle East & Africa,Sports & Outdoors,Web,Returning,1,70.6,10,63.54
ORD-003988,2025-05-10,Europe,Apparel,Web,Returning,1,56.84,5,54
ORD-003989,2025-05-10,Middle East & Africa,Electronics,Mobile app,Returning,1,305.27,0,305.27
ORD-003990,2025-05-10,Latin America,Beauty,Mobile app,Returning,4,26.59,5,101.04
ORD-003991,2025-05-10,Latin America,Electronics,Web,Returning,1,212.39,0,212.39
ORD-003992,2025-05-10,North America,Home & Kitchen,Web,Returning,1,45.85,20,36.68
ORD-003993,2025-05-10,North America,Home & Kitchen,Web,Returning,1,49.49,0,49.49
ORD-003994,2025-05-10,Asia Pacific,Apparel,Web,Returning,1,49.98,0,49.98
ORD-003995,2025-05-10,North America,Apparel,Retail partner,New,1,43.37,5,41.2
ORD-003996,2025-05-10,Europe,Beauty,Web,Returning,2,34.15,0,68.3
ORD-003997,2025-05-10,North America,Electronics,Marketplace,Returning,2,175.01,10,315.02
ORD-003998,2025-05-10,North America,Toys,Mobile app,Returning,1,24.88,5,23.64
ORD-003999,2025-05-10,Europe,Beauty,Marketplace,New,4,23.22,0,92.88
ORD-004000,2025-05-10,Europe,Beauty,Mobile app,Returning,1,20.69,0,20.69
ORD-004001,2025-05-10,Latin America,Electronics,Web,New,2,138.53,10,249.35
ORD-004002,2025-05-10,North America,Apparel,Web,New,1,40.61,0,40.61
ORD-004003,2025-05-10,North America,Beauty,Web,Returning,2,16.26,5,30.89
ORD-004004,2025-05-11,North America,Electronics,Web,Returning,1,272.8,0,272.8
ORD-004005,2025-05-11,Asia Pacific,Electronics,Web,Returning,3,186.75,0,560.25
ORD-004006,2025-05-11,Latin America,Home & Kitchen,Mobile app,Returning,1,56.12,0,56.12
ORD-004007,2025-05-11,North America,Sports & Outdoors,Mobile app,Returning,2,147.05,0,294.1
ORD-004008,2025-05-11,Middle East & Africa,Home & Kitchen,Web,Returning,1,107.75,5,102.36
ORD-004009,2025-05-11,Europe,Apparel,Mobile app,Returning,3,78.97,0,236.91
ORD-004010,2025-05-11,North America,Sports & Outdoors,Marketplace,Returning,1,56.59,0,56.59
ORD-004011,2025-05-11,Europe,Home & Kitchen,Marketplace,New,1,79.46,5,75.49
ORD-004012,2025-05-11,North America,Electronics,Web,Returning,1,142.12,0,142.12
ORD-004013,2025-05-11,North America,Electronics,Web,Returning,2,158.32,0,316.64
ORD-004014,2025-05-11,Middle East & Africa,Apparel,Mobile app,Returning,3,53.28,0,159.84
ORD-004015,2025-05-11,Europe,Electronics,Web,Returning,1,299.84,5,284.85
ORD-004016,2025-05-11,North America,Sports & Outdoors,Web,New,1,53.37,0,53.37
ORD-004017,2025-05-11,Latin America,Apparel,Web,New,1,66.44,0,66.44
ORD-004018,2025-05-11,Europe,Home & Kitchen,Mobile app,Returning,2,120.82,0,241.64
ORD-004019,2025-05-11,Asia Pacific,Electronics,Mobile app,New,1,148.92,15,126.58
ORD-004020,2025-05-11,North America,Sports & Outdoors,Mobile app,New,5,57.89,0,289.45
ORD-004021,2025-05-11,Europe,Electronics,Mobile app,Returning,1,222.92,15,189.48
ORD-004022,2025-05-11,North America,Sports & Outdoors,Retail partner,Returning,1,72.16,5,68.55
ORD-004023,2025-05-11,North America,Beauty,Web,Returning,1,14.43,0,14.43
ORD-004024,2025-05-11,North America,Sports & Outdoors,Mobile app,Returning,2,128,5,243.2
ORD-004025,2025-05-11,Asia Pacific,Apparel,Web,Returning,2,109.61,0,219.22
ORD-004026,2025-05-11,Asia Pacific,Electronics,Marketplace,New,2,197.11,10,354.8
ORD-004027,2025-05-11,Middle East & Africa,Home & Kitchen,Marketplace,New,2,84.4,5,160.36
ORD-004028,2025-05-11,North America,Home & Kitchen,Web,Returning,5,74.62,0,373.1
ORD-004029,2025-05-11,Europe,Home & Kitchen,Mobile app,New,2,42.29,0,84.58
ORD-004030,2025-05-11,Asia Pacific,Electronics,Marketplace,Returning,1,173.21,5,164.55
ORD-004031,2025-05-11,Asia Pacific,Apparel,Mobile app,New,1,72.9,5,69.26
ORD-004032,2025-05-11,Asia Pacific,Home & Kitchen,Mobile app,New,1,62,0,62
ORD-004033,2025-05-11,Middle East & Africa,Electronics,Mobile app,Returning,1,256.93,0,256.93
ORD-004034,2025-05-11,Europe,Apparel,Web,New,1,58.85,0,58.85
ORD-004035,2025-05-11,Asia Pacific,Apparel,Marketplace,New,5,56.61,5,268.9
ORD-004036,2025-05-11,Asia Pacific,Electronics,Web,Returning,1,227.61,0,227.61
ORD-004037,2025-05-11,Asia Pacific,Sports & Outdoors,Marketplace,Returning,3,153.22,0,459.66
ORD-004038,2025-05-11,North America,Electronics,Web,Returning,1,235.04,0,235.04
ORD-004039,2025-05-11,Europe,Home & Kitchen,Mobile app,Returning,1,64.72,10,58.25
ORD-004040,2025-05-11,North America,Sports & Outdoors,Mobile app,New,1,49.44,10,44.5
ORD-004041,2025-05-12,North America,Electronics,Web,New,1,254.09,5,241.39
ORD-004042,2025-05-12,Europe,Home & Kitchen,Mobile app,Returning,1,67.49,15,57.37
ORD-004043,2025-05-12,North America,Electronics,Mobile app,New,1,110.48,0,110.48
ORD-004044,2025-05-12,Middle East & Africa,Toys,Web,New,1,35.93,10,32.34
ORD-004045,2025-05-12,North America,Sports & Outdoors,Web,Returning,1,85.91,0,85.91
ORD-004046,2025-05-12,Europe,Sports & Outdoors,Web,Returning,2,123.22,0,246.44
ORD-004047,2025-05-12,North America,Electronics,Mobile app,Returning,2,187.19,20,299.5
ORD-004048,2025-05-12,North America,Toys,Web,Returning,1,23.44,5,22.27
ORD-004049,2025-05-12,North America,Toys,Web,Returning,1,24.43,0,24.43
ORD-004050,2025-05-12,North America,Home & Kitchen,Mobile app,Returning,3,36.21,0,108.63
ORD-004051,2025-05-12,Europe,Electronics,Mobile app,Returning,1,265.27,15,225.48
ORD-004052,2025-05-12,North America,Home & Kitchen,Mobile app,Returning,1,52.09,5,49.49
ORD-004053,2025-05-12,Europe,Apparel,Web,New,1,46.69,5,44.36
ORD-004054,2025-05-12,Europe,Home & Kitchen,Web,New,2,71.57,0,143.14
ORD-004055,2025-05-12,Asia Pacific,Sports & Outdoors,Web,Returning,1,107.32,0,107.32
ORD-004056,2025-05-12,North America,Home & Kitchen,Mobile app,New,4,63.32,0,253.28
ORD-004057,2025-05-12,Europe,Home & Kitchen,Web,Returning,2,38.5,5,73.15
ORD-004058,2025-05-12,North America,Electronics,Web,Returning,1,142.46,0,142.46
ORD-004059,2025-05-12,Europe,Home & Kitchen,Mobile app,New,1,61.44,0,61.44
ORD-004060,2025-05-12,North America,Beauty,Mobile app,New,1,15.35,5,14.58
ORD-004061,2025-05-12,Asia Pacific,Home & Kitchen,Mobile app,Returning,2,71.34,15,121.28
ORD-004062,2025-05-12,North America,Apparel,Web,Returning,2,32.24,5,61.26
ORD-004063,2025-05-12,North America,Home & Kitchen,Mobile app,New,1,90.11,10,81.1
ORD-004064,2025-05-12,Europe,Beauty,Marketplace,Returning,1,17.76,5,16.87
ORD-004065,2025-05-12,Europe,Sports & Outdoors,Marketplace,Returning,2,125.72,10,226.3
ORD-004066,2025-05-12,Latin America,Electronics,Web,New,2,164.03,0,328.06
ORD-004067,2025-05-12,North America,Beauty,Mobile app,Returning,1,32.27,0,32.27
ORD-004068,2025-05-12,North America,Home & Kitchen,Web,New,3,60.3,0,180.9
ORD-004069,2025-05-12,Asia Pacific,Apparel,Web,Returning,2,50.16,0,100.32
ORD-004070,2025-05-12,Europe,Electronics,Marketplace,Returning,4,182.29,5,692.7
ORD-004071,2025-05-12,North America,Toys,Web,Returning,2,21.01,0,42.02
ORD-004072,2025-05-12,North America,Electronics,Marketplace,Returning,1,246.56,5,234.23
ORD-004073,2025-05-12,North America,Electronics,Web,New,2,161.67,0,323.34
ORD-004074,2025-05-13,Asia Pacific,Electronics,Retail partner,Returning,1,155.31,0,155.31
ORD-004075,2025-05-13,Europe,Electronics,Mobile app,Returning,1,96.02,0,96.02
ORD-004076,2025-05-13,Middle East & Africa,Home & Kitchen,Mobile app,Returning,2,90.27,5,171.51
ORD-004077,2025-05-13,Asia Pacific,Beauty,Marketplace,Returning,1,44.94,5,42.69
ORD-004078,2025-05-13,Asia Pacific,Sports & Outdoors,Web,New,2,97.15,5,184.59
ORD-004079,2025-05-13,Asia Pacific,Home & Kitchen,Web,Returning,2,68.29,5,129.75
ORD-004080,2025-05-13,Europe,Beauty,Web,New,5,22.41,10,100.85
ORD-004081,2025-05-13,Asia Pacific,Electronics,Web,Returning,2,207.11,0,414.22
ORD-004082,2025-05-13,North America,Electronics,Web,New,1,259.88,10,233.89
ORD-004083,2025-05-13,North America,Home & Kitchen,Web,New,2,48.15,5,91.49
ORD-004084,2025-05-13,Asia Pacific,Electronics,Marketplace,New,2,162.89,15,276.91
ORD-004085,2025-05-13,North America,Electronics,Mobile app,Returning,4,146.47,0,585.88
ORD-004086,2025-05-13,North America,Apparel,Mobile app,Returning,1,31.85,0,31.85
ORD-004087,2025-05-13,Europe,Toys,Mobile app,Returning,1,41.54,15,35.31
ORD-004088,2025-05-13,Asia Pacific,Electronics,Web,New,2,181.7,0,363.4
ORD-004089,2025-05-13,Asia Pacific,Beauty,Retail partner,Returning,1,20.17,0,20.17
ORD-004090,2025-05-13,Middle East & Africa,Home & Kitchen,Marketplace,Returning,1,73.8,0,73.8
ORD-004091,2025-05-13,Europe,Beauty,Mobile app,New,1,37.71,0,37.71
ORD-004092,2025-05-13,Middle East & Africa,Home & Kitchen,Retail partner,New,1,67.68,0,67.68
ORD-004093,2025-05-13,Middle East & Africa,Apparel,Mobile app,New,4,27.89,0,111.56
ORD-004094,2025-05-13,Asia Pacific,Apparel,Mobile app,New,1,58.29,0,58.29
ORD-004095,2025-05-13,Europe,Beauty,Web,New,2,32.82,5,62.36
ORD-004096,2025-05-13,Middle East & Africa,Apparel,Web,New,2,75.42,0,150.84
ORD-004097,2025-05-13,Europe,Home & Kitchen,Mobile app,Returning,4,40.09,10,144.32
ORD-004098,2025-05-14,North America,Electronics,Mobile app,Returning,3,234.79,5,669.15
ORD-004099,2025-05-14,Middle East & Africa,Apparel,Mobile app,Returning,1,38.44,10,34.6
ORD-004100,2025-05-14,North America,Beauty,Retail partner,New,2,19.92,0,39.84
ORD-004101,2025-05-14,North America,Electronics,Marketplace,Returning,1,168.59,0,168.59
ORD-004102,2025-05-14,North America,Home & Kitchen,Mobile app,Returning,3,51.22,15,130.61
ORD-004103,2025-05-14,Middle East & Africa,Electronics,Web,Returning,1,169.95,0,169.95
ORD-004104,2025-05-14,North America,Home & Kitchen,Mobile app,New,2,39.9,0,79.8
ORD-004105,2025-05-14,North America,Electronics,Web,Returning,1,206.83,0,206.83
ORD-004106,2025-05-14,Europe,Sports & Outdoors,Web,New,1,86.87,0,86.87
ORD-004107,2025-05-14,Europe,Toys,Mobile app,Returning,2,19.06,0,38.12
ORD-004108,2025-05-14,Middle East & Africa,Beauty,Web,New,2,33.99,0,67.98
ORD-004109,2025-05-14,North America,Home & Kitchen,Web,Returning,4,52.6,5,199.88
ORD-004110,2025-05-14,North America,Home & Kitchen,Mobile app,New,2,47.8,10,86.04
ORD-004111,2025-05-14,Asia Pacific,Electronics,Mobile app,Returning,1,120.63,0,120.63
ORD-004112,2025-05-14,Asia Pacific,Electronics,Mobile app,Returning,1,166.13,0,166.13
ORD-004113,2025-05-14,Asia Pacific,Electronics,Mobile app,Returning,2,120.31,10,216.56
ORD-004114,2025-05-14,Europe,Electronics,Web,New,1,227.14,0,227.14
ORD-004115,2025-05-14,Asia Pacific,Toys,Web,New,2,34.36,0,68.72
ORD-004116,2025-05-14,North America,Home & Kitchen,Web,Returning,1,92.68,5,88.05
ORD-004117,2025-05-14,Europe,Electronics,Web,Returning,2,209.64,10,377.35
ORD-004118,2025-05-14,North America,Beauty,Mobile app,New,1,30.98,0,30.98
ORD-004119,2025-05-14,Europe,Electronics,Marketplace,New,1,164.11,0,164.11
ORD-004120,2025-05-14,North America,Home & Kitchen,Web,New,3,37.55,10,101.39
ORD-004121,2025-05-14,Asia Pacific,Electronics,Web,Returning,2,172.88,0,345.76
ORD-004122,2025-05-14,Asia Pacific,Apparel,Retail partner,Returning,2,64.12,0,128.24
ORD-004123,2025-05-14,Europe,Home & Kitchen,Mobile app,Returning,1,59.76,10,53.78
ORD-004124,2025-05-14,Europe,Apparel,Mobile app,New,1,58.51,5,55.58
ORD-004125,2025-05-14,Asia Pacific,Apparel,Mobile app,Returning,2,41.2,20,65.92
ORD-004126,2025-05-14,North America,Electronics,Web,Returning,1,212.3,0,212.3
ORD-004127,2025-05-14,Europe,Apparel,Mobile app,New,1,57.35,0,57.35
ORD-004128,2025-05-15,Europe,Apparel,Web,New,2,36.83,15,62.61
ORD-004129,2025-05-15,Europe,Electronics,Web,New,1,200.55,5,190.52
ORD-004130,2025-05-15,North America,Electronics,Mobile app,Returning,2,354.64,5,673.82
ORD-004131,2025-05-15,North America,Home & Kitchen,Mobile app,Returning,3,39.46,0,118.38
ORD-004132,2025-05-15,Latin America,Apparel,Web,Returning,1,31.6,0,31.6
ORD-004133,2025-05-15,Middle East & Africa,Home & Kitchen,Web,New,1,107.81,0,107.81
ORD-004134,2025-05-15,Europe,Electronics,Marketplace,Returning,2,102.97,5,195.64
ORD-004135,2025-05-15,Middle East & Africa,Apparel,Retail partner,New,1,64.7,0,64.7
ORD-004136,2025-05-15,Asia Pacific,Sports & Outdoors,Mobile app,Returning,4,60.56,10,218.02
ORD-004137,2025-05-15,North America,Apparel,Web,Returning,2,67.23,20,107.57
ORD-004138,2025-05-15,North America,Home & Kitchen,Mobile app,Returning,2,83.45,5,158.56
ORD-004139,2025-05-15,North America,Beauty,Web,Returning,1,53.74,0,53.74
ORD-004140,2025-05-15,North America,Electronics,Mobile app,New,2,128.06,5,243.31
ORD-004141,2025-05-15,Europe,Home & Kitchen,Mobile app,Returning,1,70.02,5,66.52
ORD-004142,2025-05-15,Europe,Electronics,Mobile app,Returning,1,254.58,20,203.66
ORD-004143,2025-05-15,Latin America,Home & Kitchen,Marketplace,Returning,1,37.44,15,31.82
ORD-004144,2025-05-15,North America,Beauty,Mobile app,Returning,1,38.11,0,38.11
ORD-004145,2025-05-15,Asia Pacific,Apparel,Web,Returning,1,51.96,10,46.76
ORD-004146,2025-05-15,North America,Apparel,Mobile app,Returning,1,39.05,0,39.05
ORD-004147,2025-05-15,Asia Pacific,Sports & Outdoors,Web,New,3,87.79,0,263.37
ORD-004148,2025-05-15,Asia Pacific,Apparel,Web,Returning,2,83.56,0,167.12
ORD-004149,2025-05-15,Middle East & Africa,Electronics,Mobile app,Returning,3,174.82,0,524.46
ORD-004150,2025-05-15,Europe,Home & Kitchen,Web,Returning,1,30.84,0,30.84
ORD-004151,2025-05-15,Latin America,Beauty,Web,New,1,46.31,0,46.31
ORD-004152,2025-05-15,North America,Electronics,Marketplace,Returning,1,137.12,0,137.12
ORD-004153,2025-05-15,North America,Home & Kitchen,Mobile app,Returning,3,59.98,0,179.94
ORD-004154,2025-05-15,Asia Pacific,Electronics,Web,New,4,148.38,0,593.52
ORD-004155,2025-05-15,North America,Apparel,Web,Returning,1,57.44,5,54.57
ORD-004156,2025-05-15,Europe,Home & Kitchen,Mobile app,New,2,80.03,0,160.06
ORD-004157,2025-05-15,North America,Toys,Retail partner,Returning,1,30.61,0,30.61
ORD-004158,2025-05-15,Latin America,Beauty,Web,Returning,1,22.78,0,22.78
ORD-004159,2025-05-15,North America,Beauty,Web,Returning,1,16.76,0,16.76
ORD-004160,2025-05-15,North America,Home & Kitchen,Web,Returning,3,49.59,10,133.89
ORD-004161,2025-05-15,North America,Sports & Outdoors,Mobile app,Returning,5,78.17,0,390.85
ORD-004162,2025-05-15,Asia Pacific,Apparel,Mobile app,New,1,46.33,10,41.7
ORD-004163,2025-05-15,Asia Pacific,Home & Kitchen,Marketplace,New,1,38.86,15,33.03
ORD-004164,2025-05-15,Europe,Apparel,Web,Returning,1,34.26,0,34.26
ORD-004165,2025-05-16,North America,Home & Kitchen,Mobile app,New,2,74.9,15,127.33
ORD-004166,2025-05-16,North America,Electronics,Mobile app,Returning,1,131.96,10,118.76
ORD-004167,2025-05-16,Asia Pacific,Electronics,Marketplace,Returning,1,147.05,0,147.05
ORD-004168,2025-05-16,North America,Toys,Retail partner,Returning,1,71.9,5,68.31
ORD-004169,2025-05-16,Asia Pacific,Toys,Marketplace,New,1,48.09,0,48.09
ORD-004170,2025-05-16,North America,Beauty,Marketplace,Returning,1,20.23,0,20.23
ORD-004171,2025-05-16,Asia Pacific,Home & Kitchen,Retail partner,New,1,100.59,10,90.53
ORD-004172,2025-05-16,North America,Electronics,Web,New,5,119.25,0,596.25
ORD-004173,2025-05-16,North America,Toys,Mobile app,Returning,2,50.67,10,91.21
ORD-004174,2025-05-16,Latin America,Beauty,Web,Returning,3,25.88,0,77.64
ORD-004175,2025-05-16,Asia Pacific,Electronics,Marketplace,New,4,145.81,10,524.92
ORD-004176,2025-05-16,North America,Electronics,Web,New,2,102.22,5,194.22
ORD-004177,2025-05-16,North America,Home & Kitchen,Mobile app,Returning,1,71.76,0,71.76
ORD-004178,2025-05-16,Europe,Home & Kitchen,Web,New,2,50.9,0,101.8
ORD-004179,2025-05-16,North America,Toys,Mobile app,Returning,1,29.06,10,26.15
ORD-004180,2025-05-16,Latin America,Electronics,Marketplace,New,1,99.25,10,89.33
ORD-004181,2025-05-16,Europe,Home & Kitchen,Web,Returning,1,59.57,0,59.57
ORD-004182,2025-05-16,Asia Pacific,Beauty,Mobile app,Returning,2,22.86,0,45.72
ORD-004183,2025-05-16,North America,Sports & Outdoors,Marketplace,Returning,4,67.83,0,271.32
ORD-004184,2025-05-16,Europe,Beauty,Web,Returning,2,22.91,0,45.82
ORD-004185,2025-05-16,Middle East & Africa,Home & Kitchen,Mobile app,New,5,68.85,0,344.25
ORD-004186,2025-05-16,Middle East & Africa,Apparel,Web,Returning,2,34.35,0,68.7
ORD-004187,2025-05-16,Middle East & Africa,Electronics,Web,New,1,249.84,0,249.84
ORD-004188,2025-05-16,Europe,Sports & Outdoors,Web,New,1,47.57,0,47.57
ORD-004189,2025-05-17,North America,Electronics,Marketplace,New,1,126,10,113.4
ORD-004190,2025-05-17,Latin America,Toys,Marketplace,Returning,3,42.15,0,126.45
ORD-004191,2025-05-17,Europe,Toys,Mobile app,Returning,5,24.18,0,120.9
ORD-004192,2025-05-17,Asia Pacific,Sports & Outdoors,Web,Returning,3,47.88,0,143.64
ORD-004193,2025-05-17,Latin America,Home & Kitchen,Web,New,3,54.13,0,162.39
ORD-004194,2025-05-17,North America,Apparel,Web,Returning,3,39.78,0,119.34
ORD-004195,2025-05-17,North America,Apparel,Mobile app,New,1,24.29,0,24.29
ORD-004196,2025-05-17,North America,Apparel,Marketplace,Returning,1,58.78,15,49.96
ORD-004197,2025-05-17,North America,Apparel,Web,New,1,58.4,5,55.48
ORD-004198,2025-05-17,Asia Pacific,Electronics,Web,New,1,128.52,0,128.52
ORD-004199,2025-05-17,Asia Pacific,Home & Kitchen,Web,Returning,3,57.02,0,171.06
ORD-004200,2025-05-17,Middle East & Africa,Home & Kitchen,Web,New,2,130.86,0,261.72
ORD-004201,2025-05-17,North America,Electronics,Retail partner,Returning,2,227.36,5,431.98
ORD-004202,2025-05-17,Europe,Electronics,Mobile app,New,1,180.41,0,180.41
ORD-004203,2025-05-17,North America,Home & Kitchen,Web,New,2,47.12,0,94.24
ORD-004204,2025-05-17,Middle East & Africa,Apparel,Web,New,2,70.58,0,141.16
ORD-004205,2025-05-17,Latin America,Home & Kitchen,Web,New,1,60.47,5,57.45
ORD-004206,2025-05-17,Europe,Sports & Outdoors,Retail partner,Returning,1,177.62,15,150.98
ORD-004207,2025-05-17,North America,Home & Kitchen,Web,Returning,1,61.67,5,58.59
ORD-004208,2025-05-17,North America,Beauty,Web,New,1,39.89,0,39.89
ORD-004209,2025-05-17,Asia Pacific,Electronics,Web,New,2,268.37,5,509.9
ORD-004210,2025-05-17,North America,Beauty,Retail partner,Returning,1,44.76,0,44.76
ORD-004211,2025-05-17,Asia Pacific,Apparel,Web,Returning,2,55,15,93.5
ORD-004212,2025-05-17,North America,Beauty,Mobile app,Returning,2,52.55,0,105.1
ORD-004213,2025-05-17,Europe,Electronics,Web,Returning,2,74.46,5,141.47
ORD-004214,2025-05-17,Europe,Sports & Outdoors,Web,Returning,5,38.54,0,192.7
ORD-004215,2025-05-17,Europe,Apparel,Marketplace,Returning,1,47.81,0,47.81
ORD-004216,2025-05-17,Asia Pacific,Home & Kitchen,Marketplace,Returning,4,57.88,0,231.52
ORD-004217,2025-05-17,Europe,Apparel,Marketplace,Returning,2,35.59,0,71.18
ORD-004218,2025-05-17,Europe,Apparel,Web,Returning,1,38.79,5,36.85
ORD-004219,2025-05-17,Asia Pacific,Home & Kitchen,Web,New,1,48.7,0,48.7
ORD-004220,2025-05-17,Asia Pacific,Apparel,Web,Returning,3,60.76,0,182.28
ORD-004221,2025-05-17,Europe,Home & Kitchen,Web,Returning,4,26.73,20,85.54
ORD-004222,2025-05-17,Middle East & Africa,Electronics,Web,Returning,1,132.71,10,119.44
ORD-004223,2025-05-17,Asia Pacific,Home & Kitchen,Mobile app,Returning,2,73.09,5,138.87
ORD-004224,2025-05-17,Europe,Home & Kitchen,Marketplace,Returning,1,80.9,10,72.81
ORD-004225,2025-05-17,North America,Home & Kitchen,Mobile app,New,2,102.34,0,204.68
ORD-004226,2025-05-18,Asia Pacific,Apparel,Web,Returning,1,74.67,0,74.67
ORD-004227,2025-05-18,North America,Home & Kitchen,Mobile app,New,1,40.79,0,40.79
ORD-004228,2025-05-18,Latin America,Sports & Outdoors,Web,Returning,5,70.67,0,353.35
ORD-004229,2025-05-18,Europe,Sports & Outdoors,Web,Returning,1,64.42,0,64.42
ORD-004230,2025-05-18,North America,Sports & Outdoors,Mobile app,Returning,1,55.12,10,49.61
ORD-004231,2025-05-18,Asia Pacific,Electronics,Mobile app,Returning,2,149.1,5,283.29
ORD-004232,2025-05-18,North America,Electronics,Web,Returning,1,247.17,5,234.81
ORD-004233,2025-05-18,North America,Apparel,Web,Returning,1,51.06,15,43.4
ORD-004234,2025-05-18,Latin America,Electronics,Web,Returning,1,150.68,10,135.61
ORD-004235,2025-05-18,North America,Toys,Marketplace,Returning,1,16.3,10,14.67
ORD-004236,2025-05-18,Europe,Electronics,Web,Returning,1,106.25,15,90.31
ORD-004237,2025-05-18,North America,Toys,Web,New,3,34.11,10,92.1
ORD-004238,2025-05-18,North America,Apparel,Marketplace,Returning,3,28.48,5,81.17
ORD-004239,2025-05-18,Middle East & Africa,Sports & Outdoors,Web,Returning,1,55.98,5,53.18
ORD-004240,2025-05-18,Asia Pacific,Home & Kitchen,Web,Returning,2,83.01,0,166.02
ORD-004241,2025-05-18,Europe,Beauty,Mobile app,New,1,22.26,0,22.26
ORD-004242,2025-05-18,Latin America,Sports & Outdoors,Web,Returning,1,56.57,0,56.57
ORD-004243,2025-05-18,Middle East & Africa,Sports & Outdoors,Retail partner,New,1,57.09,0,57.09
ORD-004244,2025-05-18,Asia Pacific,Apparel,Web,New,1,38.41,0,38.41
ORD-004245,2025-05-18,Asia Pacific,Electronics,Mobile app,Returning,1,315.79,0,315.79
ORD-004246,2025-05-18,Latin America,Toys,Mobile app,New,1,25.03,5,23.78
ORD-004247,2025-05-18,North America,Home & Kitchen,Web,New,2,100.29,10,180.52
ORD-004248,2025-05-18,Latin America,Sports & Outdoors,Mobile app,New,2,39.19,5,74.46
ORD-004249,2025-05-18,Middle East & Africa,Toys,Retail partner,Returning,4,58.29,0,233.16
ORD-004250,2025-05-18,Europe,Beauty,Retail partner,Returning,1,20.73,0,20.73
ORD-004251,2025-05-18,North America,Sports & Outdoors,Web,Returning,2,97.85,5,185.92
ORD-004252,2025-05-18,Europe,Electronics,Web,New,1,251.66,5,239.08
ORD-004253,2025-05-18,Europe,Electronics,Marketplace,New,5,156.97,0,784.85
ORD-004254,2025-05-18,North America,Home & Kitchen,Mobile app,Returning,4,62.17,0,248.68
ORD-004255,2025-05-18,Latin America,Toys,Web,New,2,25.6,0,51.2
ORD-004256,2025-05-18,Europe,Apparel,Mobile app,Returning,2,50.52,0,101.04
ORD-004257,2025-05-18,North America,Sports & Outdoors,Mobile app,New,2,62.06,0,124.12
ORD-004258,2025-05-18,North America,Apparel,Web,Returning,1,29.84,0,29.84
ORD-004259,2025-05-18,Latin America,Sports & Outdoors,Web,New,1,49.2,0,49.2
ORD-004260,2025-05-18,North America,Home & Kitchen,Web,New,2,106.13,0,212.26
ORD-004261,2025-05-18,Europe,Electronics,Web,New,1,242.95,0,242.95
ORD-004262,2025-05-18,Asia Pacific,Electronics,Web,New,2,130.27,0,260.54
ORD-004263,2025-05-18,Middle East & Africa,Sports & Outdoors,Web,New,1,56.66,5,53.83
ORD-004264,2025-05-18,North America,Electronics,Web,Returning,5,155.23,5,737.34
ORD-004265,2025-05-18,Latin America,Home & Kitchen,Web,Returning,1,60.78,5,57.74
ORD-004266,2025-05-18,North America,Sports & Outdoors,Mobile app,New,1,103.15,15,87.68
ORD-004267,2025-05-18,North America,Apparel,Web,Returning,2,32.78,5,62.28
ORD-004268,2025-05-18,Latin America,Beauty,Mobile app,New,2,19.14,0,38.28
ORD-004269,2025-05-19,North America,Sports & Outdoors,Web,New,3,60.5,0,181.5
ORD-004270,2025-05-19,Middle East & Africa,Toys,Web,New,1,19.67,0,19.67
ORD-004271,2025-05-19,Latin America,Sports & Outdoors,Marketplace,New,1,72.84,0,72.84
ORD-004272,2025-05-19,North America,Apparel,Web,Returning,2,82.6,0,165.2
ORD-004273,2025-05-19,Middle East & Africa,Electronics,Web,Returning,2,170.18,0,340.36
ORD-004274,2025-05-19,North America,Toys,Web,Returning,2,23.76,10,42.77
ORD-004275,2025-05-19,Europe,Apparel,Web,Returning,1,95.21,10,85.69
ORD-004276,2025-05-19,Middle East & Africa,Electronics,Web,Returning,1,160.35,5,152.33
ORD-004277,2025-05-19,Europe,Electronics,Retail partner,Returning,4,179.75,0,719
ORD-004278,2025-05-19,North America,Home & Kitchen,Marketplace,Returning,1,28.21,0,28.21
ORD-004279,2025-05-19,North America,Apparel,Web,Returning,1,29.3,10,26.37
ORD-004280,2025-05-19,North America,Electronics,Web,New,2,169.44,5,321.94
ORD-004281,2025-05-19,Europe,Toys,Mobile app,New,2,29.85,0,59.7
ORD-004282,2025-05-19,Europe,Home & Kitchen,Retail partner,New,1,42.46,5,40.34
ORD-004283,2025-05-19,North America,Home & Kitchen,Web,New,1,31.13,5,29.57
ORD-004284,2025-05-19,Asia Pacific,Toys,Web,New,2,36.92,0,73.84
ORD-004285,2025-05-19,North America,Sports & Outdoors,Retail partner,New,2,99.46,0,198.92
ORD-004286,2025-05-19,North America,Toys,Retail partner,Returning,2,43.31,5,82.29
ORD-004287,2025-05-19,Middle East & Africa,Apparel,Web,Returning,3,38.3,0,114.9
ORD-004288,2025-05-19,North America,Apparel,Retail partner,Returning,1,91.01,10,81.91
ORD-004289,2025-05-19,Middle East & Africa,Home & Kitchen,Marketplace,New,1,57.01,10,51.31
ORD-004290,2025-05-19,North America,Beauty,Web,Returning,2,14.03,0,28.06
ORD-004291,2025-05-19,Latin America,Home & Kitchen,Web,Returning,1,52.31,0,52.31
ORD-004292,2025-05-19,Asia Pacific,Sports & Outdoors,Web,New,4,78.84,5,299.59
ORD-004293,2025-05-19,Middle East & Africa,Home & Kitchen,Retail partner,New,2,56.31,10,101.36
ORD-004294,2025-05-19,Asia Pacific,Home & Kitchen,Web,New,4,71.46,5,271.55
ORD-004295,2025-05-19,Asia Pacific,Home & Kitchen,Web,New,2,53.47,0,106.94
ORD-004296,2025-05-19,Asia Pacific,Electronics,Mobile app,Returning,2,119.32,10,214.78
ORD-004297,2025-05-19,Latin America,Beauty,Web,Returning,1,21.82,5,20.73
ORD-004298,2025-05-19,North America,Beauty,Web,Returning,4,34.13,5,129.69
ORD-004299,2025-05-19,Asia Pacific,Apparel,Mobile app,New,2,61.68,0,123.36
ORD-004300,2025-05-19,Latin America,Home & Kitchen,Marketplace,New,4,99.3,5,377.34
ORD-004301,2025-05-19,Europe,Beauty,Web,Returning,1,25.76,5,24.47
ORD-004302,2025-05-19,Asia Pacific,Apparel,Mobile app,Returning,1,34.39,5,32.67
ORD-004303,2025-05-19,Asia Pacific,Electronics,Mobile app,Returning,2,174.32,0,348.64
ORD-004304,2025-05-20,Europe,Electronics,Web,Returning,2,177.65,5,337.54
ORD-004305,2025-05-20,North America,Apparel,Web,Returning,3,44.69,10,120.66
ORD-004306,2025-05-20,Latin America,Home & Kitchen,Mobile app,New,2,53.99,10,97.18
ORD-004307,2025-05-20,Europe,Beauty,Web,Returning,1,20.12,0,20.12
ORD-004308,2025-05-20,North America,Beauty,Web,Returning,1,33.51,0,33.51
ORD-004309,2025-05-20,Latin America,Electronics,Web,Returning,1,94.5,10,85.05
ORD-004310,2025-05-20,North America,Home & Kitchen,Mobile app,New,4,47.04,10,169.34
ORD-004311,2025-05-20,Europe,Home & Kitchen,Marketplace,New,1,60.66,0,60.66
ORD-004312,2025-05-20,Europe,Electronics,Web,Returning,1,149.25,0,149.25
ORD-004313,2025-05-20,Latin America,Home & Kitchen,Web,Returning,2,49.23,15,83.69
ORD-004314,2025-05-20,North America,Beauty,Web,Returning,1,23.76,0,23.76
ORD-004315,2025-05-20,Middle East & Africa,Beauty,Marketplace,Returning,1,20.93,0,20.93
ORD-004316,2025-05-20,Middle East & Africa,Toys,Web,New,1,23.26,0,23.26
ORD-004317,2025-05-20,Asia Pacific,Home & Kitchen,Mobile app,New,1,51.05,0,51.05
ORD-004318,2025-05-20,Europe,Beauty,Web,Returning,2,17.79,0,35.58
ORD-004319,2025-05-20,Latin America,Electronics,Web,Returning,1,172.9,5,164.26
ORD-004320,2025-05-20,Asia Pacific,Electronics,Marketplace,Returning,3,129.65,0,388.95
ORD-004321,2025-05-20,Europe,Electronics,Mobile app,New,1,88.65,0,88.65
ORD-004322,2025-05-20,Europe,Home & Kitchen,Mobile app,Returning,2,77.25,20,123.6
ORD-004323,2025-05-20,Europe,Sports & Outdoors,Web,New,2,60.9,10,109.62
ORD-004324,2025-05-20,North America,Electronics,Web,Returning,1,171.05,0,171.05
ORD-004325,2025-05-20,Latin America,Apparel,Marketplace,New,1,40.86,5,38.82
ORD-004326,2025-05-20,North America,Electronics,Web,Returning,3,146.24,10,394.85
ORD-004327,2025-05-20,North America,Home & Kitchen,Mobile app,New,1,40.89,20,32.71
ORD-004328,2025-05-20,Asia Pacific,Home & Kitchen,Mobile app,Returning,1,59.09,0,59.09
ORD-004329,2025-05-20,North America,Beauty,Web,New,1,33.08,0,33.08
ORD-004330,2025-05-20,North America,Electronics,Web,New,3,256.26,0,768.78
ORD-004331,2025-05-20,Asia Pacific,Apparel,Web,Returning,1,31.98,0,31.98
ORD-004332,2025-05-20,North America,Beauty,Mobile app,New,1,26.44,0,26.44
ORD-004333,2025-05-20,Middle East & Africa,Home & Kitchen,Web,Returning,2,88.29,15,150.09
ORD-004334,2025-05-20,Europe,Sports & Outdoors,Mobile app,New,4,42.97,10,154.69
ORD-004335,2025-05-20,Europe,Beauty,Marketplace,Returning,1,41.93,0,41.93
ORD-004336,2025-05-20,Europe,Home & Kitchen,Mobile app,New,1,59.62,10,53.66
ORD-004337,2025-05-20,North America,Apparel,Marketplace,Returning,1,16.4,0,16.4
ORD-004338,2025-05-20,Europe,Beauty,Retail partner,Returning,3,40.55,0,121.65
ORD-004339,2025-05-20,Latin America,Beauty,Web,Returning,2,14.44,0,28.88
ORD-004340,2025-05-20,Europe,Home & Kitchen,Mobile app,New,1,46.65,0,46.65
ORD-004341,2025-05-20,Europe,Electronics,Mobile app,New,1,167.42,0,167.42
ORD-004342,2025-05-20,Latin America,Apparel,Mobile app,New,1,33.42,5,31.75
ORD-004343,2025-05-21,Asia Pacific,Sports & Outdoors,Web,New,3,60.9,0,182.7
ORD-004344,2025-05-21,Latin America,Electronics,Retail partner,Returning,1,601,0,601
ORD-004345,2025-05-21,Asia Pacific,Electronics,Mobile app,Returning,1,234.18,0,234.18
ORD-004346,2025-05-21,Europe,Apparel,Web,Returning,2,46.29,10,83.32
ORD-004347,2025-05-21,Europe,Home & Kitchen,Web,Returning,1,32.12,10,28.91
ORD-004348,2025-05-21,North America,Toys,Web,Returning,3,33.5,0,100.5
ORD-004349,2025-05-21,Europe,Sports & Outdoors,Marketplace,Returning,1,41.9,10,37.71
ORD-004350,2025-05-21,Latin America,Sports & Outdoors,Mobile app,New,1,97.76,5,92.87
ORD-004351,2025-05-21,Asia Pacific,Electronics,Mobile app,Returning,1,123.44,0,123.44
ORD-004352,2025-05-21,Europe,Home & Kitchen,Mobile app,New,1,46.96,15,39.92
ORD-004353,2025-05-21,Europe,Beauty,Web,Returning,2,23.19,0,46.38
ORD-004354,2025-05-21,Europe,Toys,Mobile app,New,1,48.42,0,48.42
ORD-004355,2025-05-21,Europe,Electronics,Mobile app,Returning,2,163.87,5,311.35
ORD-004356,2025-05-21,Europe,Sports & Outdoors,Web,New,3,158.93,0,476.79
ORD-004357,2025-05-21,North America,Beauty,Web,Returning,2,18.2,0,36.4
ORD-004358,2025-05-21,North America,Sports & Outdoors,Mobile app,Returning,2,56.32,0,112.64
ORD-004359,2025-05-21,Latin America,Apparel,Mobile app,New,1,30.15,10,27.14
ORD-004360,2025-05-21,Europe,Home & Kitchen,Web,Returning,1,82.02,0,82.02
ORD-004361,2025-05-21,Europe,Toys,Web,New,2,19.7,0,39.4
ORD-004362,2025-05-21,North America,Apparel,Web,Returning,2,31.96,0,63.92
ORD-004363,2025-05-21,North America,Apparel,Marketplace,New,2,40.66,15,69.12
ORD-004364,2025-05-21,North America,Home & Kitchen,Mobile app,Returning,3,60.35,10,162.95
ORD-004365,2025-05-21,North America,Apparel,Web,Returning,1,61.25,5,58.19
ORD-004366,2025-05-22,North America,Home & Kitchen,Web,Returning,2,34.03,5,64.66
ORD-004367,2025-05-22,Asia Pacific,Home & Kitchen,Marketplace,Returning,1,56.71,0,56.71
ORD-004368,2025-05-22,Latin America,Toys,Web,Returning,2,15.87,5,30.15
ORD-004369,2025-05-22,North America,Home & Kitchen,Mobile app,New,3,89.29,20,214.3
ORD-004370,2025-05-22,Asia Pacific,Electronics,Mobile app,Returning,1,128.94,0,128.94
ORD-004371,2025-05-22,Middle East & Africa,Toys,Web,New,2,33.82,0,67.64
ORD-004372,2025-05-22,Asia Pacific,Beauty,Retail partner,Returning,1,35.73,0,35.73
ORD-004373,2025-05-22,North America,Sports & Outdoors,Web,Returning,2,72.55,0,145.1
ORD-004374,2025-05-22,Asia Pacific,Electronics,Web,New,1,195.77,0,195.77
ORD-004375,2025-05-22,North America,Home & Kitchen,Web,New,2,69.4,0,138.8
ORD-004376,2025-05-22,Asia Pacific,Apparel,Marketplace,New,3,38.85,0,116.55
ORD-004377,2025-05-22,Europe,Sports & Outdoors,Web,Returning,1,51.4,10,46.26
ORD-004378,2025-05-22,North America,Toys,Marketplace,Returning,1,27.36,5,25.99
ORD-004379,2025-05-22,Asia Pacific,Home & Kitchen,Web,New,2,29.08,0,58.16
ORD-004380,2025-05-22,Asia Pacific,Beauty,Marketplace,New,2,24.52,0,49.04
ORD-004381,2025-05-22,Asia Pacific,Toys,Mobile app,Returning,1,31.04,0,31.04
ORD-004382,2025-05-22,Latin America,Home & Kitchen,Web,Returning,2,99.12,10,178.42
ORD-004383,2025-05-22,North America,Toys,Web,New,1,33.74,0,33.74
ORD-004384,2025-05-22,Europe,Home & Kitchen,Marketplace,New,2,95.71,5,181.85
ORD-004385,2025-05-22,North America,Electronics,Web,Returning,3,321.73,5,916.93
ORD-004386,2025-05-22,Asia Pacific,Home & Kitchen,Web,New,1,45.98,15,39.08
ORD-004387,2025-05-22,Europe,Electronics,Mobile app,Returning,1,196.31,0,196.31
ORD-004388,2025-05-22,North America,Home & Kitchen,Retail partner,Returning,2,143.33,10,257.99
ORD-004389,2025-05-22,Latin America,Electronics,Mobile app,Returning,1,81.92,10,73.73
ORD-004390,2025-05-22,Asia Pacific,Electronics,Web,New,1,238.84,0,238.84
ORD-004391,2025-05-22,Latin America,Beauty,Web,Returning,1,28.23,0,28.23
ORD-004392,2025-05-22,North America,Home & Kitchen,Web,Returning,1,83.48,15,70.96
ORD-004393,2025-05-22,Asia Pacific,Beauty,Web,Returning,1,37.08,0,37.08
ORD-004394,2025-05-22,Asia Pacific,Apparel,Mobile app,Returning,1,29.71,0,29.71
ORD-004395,2025-05-23,Asia Pacific,Toys,Web,New,1,38,10,34.2
ORD-004396,2025-05-23,Europe,Toys,Retail partner,Returning,1,36.27,0,36.27
ORD-004397,2025-05-23,Asia Pacific,Beauty,Web,New,2,35.63,10,64.13
ORD-004398,2025-05-23,Latin America,Beauty,Mobile app,Returning,2,19.85,0,39.7
ORD-004399,2025-05-23,Latin America,Apparel,Mobile app,New,3,34.95,0,104.85
ORD-004400,2025-05-23,Europe,Home & Kitchen,Web,New,2,75.57,5,143.58
ORD-004401,2025-05-23,Asia Pacific,Electronics,Retail partner,Returning,1,172.29,0,172.29
ORD-004402,2025-05-23,Asia Pacific,Electronics,Web,New,2,103.32,10,185.98
ORD-004403,2025-05-23,North America,Toys,Web,Returning,1,47.09,0,47.09
ORD-004404,2025-05-23,North America,Beauty,Marketplace,Returning,2,43.54,10,78.37
ORD-004405,2025-05-23,North America,Sports & Outdoors,Mobile app,New,4,57.1,0,228.4
ORD-004406,2025-05-23,Europe,Electronics,Web,New,1,161.15,0,161.15
ORD-004407,2025-05-23,North America,Electronics,Marketplace,Returning,4,139.6,15,474.64
ORD-004408,2025-05-23,Asia Pacific,Apparel,Mobile app,Returning,3,68.98,5,196.59
ORD-004409,2025-05-23,North America,Sports & Outdoors,Web,New,3,67.32,0,201.96
ORD-004410,2025-05-23,North America,Home & Kitchen,Web,Returning,2,76.42,0,152.84
ORD-004411,2025-05-23,Europe,Apparel,Retail partner,Returning,1,32.56,10,29.3
ORD-004412,2025-05-23,Asia Pacific,Home & Kitchen,Mobile app,New,1,99.64,10,89.68
ORD-004413,2025-05-23,Middle East & Africa,Beauty,Web,New,1,29.2,10,26.28
ORD-004414,2025-05-23,Latin America,Sports & Outdoors,Marketplace,New,2,86.95,10,156.51
ORD-004415,2025-05-23,Europe,Apparel,Marketplace,New,2,42.87,5,81.45
ORD-004416,2025-05-23,North America,Sports & Outdoors,Marketplace,Returning,1,77.79,0,77.79
ORD-004417,2025-05-23,North America,Apparel,Mobile app,Returning,2,34.92,0,69.84
ORD-004418,2025-05-23,North America,Apparel,Marketplace,New,1,49.87,5,47.38
ORD-004419,2025-05-23,Europe,Sports & Outdoors,Mobile app,Returning,1,86.37,5,82.05
ORD-004420,2025-05-23,Europe,Apparel,Mobile app,Returning,1,59.08,0,59.08
ORD-004421,2025-05-23,Middle East & Africa,Electronics,Mobile app,New,1,221.54,0,221.54
ORD-004422,2025-05-24,Europe,Apparel,Web,New,1,36.02,0,36.02
ORD-004423,2025-05-24,Asia Pacific,Apparel,Web,New,2,60.62,5,115.18
ORD-004424,2025-05-24,Latin America,Beauty,Mobile app,New,1,17.8,5,16.91
ORD-004425,2025-05-24,North America,Beauty,Mobile app,New,2,28.42,0,56.84
ORD-004426,2025-05-24,Europe,Apparel,Web,New,2,50.45,15,85.77
ORD-004427,2025-05-24,Latin America,Toys,Web,New,1,51.88,0,51.88
ORD-004428,2025-05-24,North America,Apparel,Web,Returning,2,38.66,0,77.32
ORD-004429,2025-05-24,Europe,Electronics,Web,Returning,1,155.9,0,155.9
ORD-004430,2025-05-24,Europe,Home & Kitchen,Web,Returning,1,81.8,0,81.8
ORD-004431,2025-05-24,North America,Sports & Outdoors,Marketplace,Returning,1,70.84,0,70.84
ORD-004432,2025-05-24,Asia Pacific,Electronics,Mobile app,Returning,1,232.27,15,197.43
ORD-004433,2025-05-24,Asia Pacific,Electronics,Mobile app,Returning,3,356.5,0,1069.5
ORD-004434,2025-05-24,Asia Pacific,Sports & Outdoors,Mobile app,Returning,1,170.4,10,153.36
ORD-004435,2025-05-24,North America,Beauty,Web,New,1,33.2,0,33.2
ORD-004436,2025-05-24,Middle East & Africa,Apparel,Marketplace,Returning,4,68.6,5,260.68
ORD-004437,2025-05-24,North America,Home & Kitchen,Marketplace,New,1,66.54,0,66.54
ORD-004438,2025-05-24,North America,Sports & Outdoors,Web,New,3,95.52,0,286.56
ORD-004439,2025-05-24,North America,Home & Kitchen,Mobile app,New,2,53.4,0,106.8
ORD-004440,2025-05-24,North America,Beauty,Mobile app,New,1,23.2,10,20.88
ORD-004441,2025-05-24,North America,Toys,Web,Returning,3,46.6,10,125.82
ORD-004442,2025-05-24,North America,Electronics,Web,Returning,1,234.62,0,234.62
ORD-004443,2025-05-24,Europe,Apparel,Web,New,2,33.75,0,67.5
ORD-004444,2025-05-24,North America,Electronics,Marketplace,Returning,1,145.51,0,145.51
ORD-004445,2025-05-24,Middle East & Africa,Electronics,Mobile app,Returning,1,118.63,0,118.63
ORD-004446,2025-05-24,Asia Pacific,Toys,Mobile app,Returning,1,64.55,0,64.55
ORD-004447,2025-05-24,Latin America,Home & Kitchen,Mobile app,Returning,2,44.33,5,84.23
ORD-004448,2025-05-24,North America,Electronics,Web,Returning,1,257.07,10,231.36
ORD-004449,2025-05-24,Europe,Apparel,Web,Returning,2,49.09,5,93.27
ORD-004450,2025-05-24,Asia Pacific,Apparel,Web,Returning,1,31.77,15,27
ORD-004451,2025-05-24,North America,Apparel,Web,Returning,1,35.41,0,35.41
ORD-004452,2025-05-24,Middle East & Africa,Apparel,Mobile app,Returning,1,48.6,10,43.74
ORD-004453,2025-05-24,North America,Electronics,Mobile app,New,1,184.36,10,165.92
ORD-004454,2025-05-24,North America,Toys,Mobile app,Returning,5,63.81,5,303.1
ORD-004455,2025-05-24,Europe,Beauty,Retail partner,New,1,23.48,10,21.13
ORD-004456,2025-05-24,North America,Electronics,Retail partner,Returning,1,184.97,0,184.97
ORD-004457,2025-05-24,Middle East & Africa,Electronics,Mobile app,Returning,1,122.14,20,97.71
ORD-004458,2025-05-24,North America,Toys,Mobile app,New,3,46.43,5,132.33
ORD-004459,2025-05-24,Europe,Electronics,Web,Returning,1,175.75,0,175.75
ORD-004460,2025-05-24,Asia Pacific,Sports & Outdoors,Mobile app,Returning,2,68.1,0,136.2
ORD-004461,2025-05-24,Europe,Apparel,Web,Returning,1,49.17,15,41.79
ORD-004462,2025-05-24,North America,Apparel,Web,Returning,2,68.05,5,129.29
ORD-004463,2025-05-25,Europe,Electronics,Mobile app,New,3,143.22,5,408.18
ORD-004464,2025-05-25,North America,Home & Kitchen,Web,New,1,55.6,0,55.6
ORD-004465,2025-05-25,Europe,Sports & Outdoors,Mobile app,New,1,73.25,10,65.93
ORD-004466,2025-05-25,Asia Pacific,Apparel,Web,Returning,1,49.3,0,49.3
ORD-004467,2025-05-25,North America,Apparel,Web,Returning,1,26.55,0,26.55
ORD-004468,2025-05-25,North America,Home & Kitchen,Marketplace,Returning,4,54.45,5,206.91
ORD-004469,2025-05-25,Europe,Beauty,Mobile app,Returning,1,40.15,5,38.14
ORD-004470,2025-05-25,Europe,Home & Kitchen,Mobile app,New,1,73.23,0,73.23
ORD-004471,2025-05-25,Asia Pacific,Electronics,Web,Returning,3,58.71,5,167.32
ORD-004472,2025-05-25,Latin America,Beauty,Web,New,1,22.96,0,22.96
ORD-004473,2025-05-25,Europe,Home & Kitchen,Web,Returning,1,110.18,5,104.67
ORD-004474,2025-05-25,North America,Home & Kitchen,Retail partner,Returning,2,78.2,0,156.4
ORD-004475,2025-05-25,North America,Beauty,Mobile app,Returning,1,22.95,0,22.95
ORD-004476,2025-05-25,Asia Pacific,Electronics,Web,Returning,2,179.45,0,358.9
ORD-004477,2025-05-25,North America,Toys,Web,Returning,1,27.91,0,27.91
ORD-004478,2025-05-25,Middle East & Africa,Home & Kitchen,Mobile app,Returning,2,40.77,0,81.54
ORD-004479,2025-05-25,Middle East & Africa,Home & Kitchen,Mobile app,New,1,69.79,5,66.3
ORD-004480,2025-05-25,Europe,Beauty,Mobile app,Returning,1,39.33,0,39.33
ORD-004481,2025-05-25,North America,Electronics,Web,New,1,93.79,0,93.79
ORD-004482,2025-05-25,Asia Pacific,Beauty,Marketplace,Returning,2,22.11,5,42.01
ORD-004483,2025-05-25,Asia Pacific,Apparel,Web,Returning,2,82.68,0,165.36
ORD-004484,2025-05-25,Latin America,Home & Kitchen,Web,New,1,70.74,10,63.67
ORD-004485,2025-05-25,North America,Electronics,Mobile app,Returning,1,145.41,10,130.87
ORD-004486,2025-05-25,North America,Home & Kitchen,Web,Returning,1,78.96,0,78.96
ORD-004487,2025-05-25,Asia Pacific,Home & Kitchen,Web,Returning,1,177.55,0,177.55
ORD-004488,2025-05-25,North America,Apparel,Mobile app,Returning,3,37.16,5,105.91
ORD-004489,2025-05-25,Asia Pacific,Apparel,Mobile app,Returning,1,45.46,0,45.46
ORD-004490,2025-05-25,North America,Apparel,Mobile app,Returning,2,47.21,0,94.42
ORD-004491,2025-05-25,Europe,Beauty,Web,New,2,37.35,0,74.7
ORD-004492,2025-05-25,North America,Apparel,Web,Returning,1,47.53,10,42.78
ORD-004493,2025-05-25,North America,Beauty,Mobile app,Returning,3,27.96,0,83.88
ORD-004494,2025-05-25,Asia Pacific,Beauty,Web,Returning,3,42.42,0,127.26
ORD-004495,2025-05-25,North America,Apparel,Mobile app,Returning,3,53.83,5,153.42
ORD-004496,2025-05-25,Middle East & Africa,Apparel,Web,New,3,31.64,0,94.92
ORD-004497,2025-05-25,Latin America,Sports & Outdoors,Mobile app,Returning,1,41.03,0,41.03
ORD-004498,2025-05-25,North America,Apparel,Web,Returning,2,41.33,0,82.66
ORD-004499,2025-05-25,Middle East & Africa,Electronics,Web,Returning,1,156.84,0,156.84
ORD-004500,2025-05-25,North America,Electronics,Web,Returning,3,413.1,0,1239.3
ORD-004501,2025-05-26,Latin America,Apparel,Mobile app,Returning,1,26,10,23.4
ORD-004502,2025-05-26,Asia Pacific,Toys,Marketplace,Returning,2,40.31,0,80.62
ORD-004503,2025-05-26,North America,Home & Kitchen,Web,Returning,2,64.5,0,129
ORD-004504,2025-05-26,Europe,Electronics,Web,New,2,182.42,0,364.84
ORD-004505,2025-05-26,Europe,Toys,Mobile app,New,1,41.88,0,41.88
ORD-004506,2025-05-26,Asia Pacific,Apparel,Web,New,1,21.52,5,20.44
ORD-004507,2025-05-26,North America,Home & Kitchen,Marketplace,Returning,2,58.06,0,116.12
ORD-004508,2025-05-26,Europe,Electronics,Marketplace,Returning,1,132.72,5,126.08
ORD-004509,2025-05-26,Asia Pacific,Apparel,Web,Returning,1,76.34,15,64.89
ORD-004510,2025-05-26,Asia Pacific,Home & Kitchen,Mobile app,Returning,1,41.06,0,41.06
ORD-004511,2025-05-26,Europe,Home & Kitchen,Mobile app,Returning,1,44.61,5,42.38
ORD-004512,2025-05-26,North America,Sports & Outdoors,Mobile app,New,2,203.74,10,366.73
ORD-004513,2025-05-26,North America,Electronics,Web,Returning,1,132.74,0,132.74
ORD-004514,2025-05-26,Latin America,Toys,Mobile app,Returning,4,30.68,0,122.72
ORD-004515,2025-05-26,North America,Sports & Outdoors,Marketplace,Returning,2,90,5,171
ORD-004516,2025-05-26,Europe,Electronics,Web,Returning,2,182.07,5,345.93
ORD-004517,2025-05-26,North America,Home & Kitchen,Marketplace,Returning,2,55.73,0,111.46
ORD-004518,2025-05-26,North America,Beauty,Retail partner,New,1,18.98,0,18.98
ORD-004519,2025-05-26,Asia Pacific,Electronics,Marketplace,New,4,206.56,0,826.24
ORD-004520,2025-05-26,Asia Pacific,Toys,Web,Returning,1,68.9,0,68.9
ORD-004521,2025-05-26,Middle East & Africa,Electronics,Mobile app,Returning,2,176.88,0,353.76
ORD-004522,2025-05-27,North America,Electronics,Web,New,4,231.48,0,925.92
ORD-004523,2025-05-27,Latin America,Beauty,Mobile app,New,1,40.06,0,40.06
ORD-004524,2025-05-27,Middle East & Africa,Apparel,Web,New,4,39.87,0,159.48
ORD-004525,2025-05-27,North America,Sports & Outdoors,Retail partner,New,1,107.21,5,101.85
ORD-004526,2025-05-27,Asia Pacific,Sports & Outdoors,Web,New,4,58.46,15,198.76
ORD-004527,2025-05-27,Latin America,Home & Kitchen,Mobile app,New,1,40.16,0,40.16
ORD-004528,2025-05-27,Europe,Beauty,Marketplace,New,3,22.28,0,66.84
ORD-004529,2025-05-27,Europe,Home & Kitchen,Mobile app,New,4,89.41,0,357.64
ORD-004530,2025-05-27,Latin America,Apparel,Web,New,2,23.93,0,47.86
ORD-004531,2025-05-27,North America,Home & Kitchen,Mobile app,New,1,60.3,0,60.3
ORD-004532,2025-05-27,North America,Home & Kitchen,Retail partner,Returning,3,47.85,5,136.37
ORD-004533,2025-05-27,Latin America,Sports & Outdoors,Mobile app,Returning,1,68.73,0,68.73
ORD-004534,2025-05-27,Europe,Apparel,Web,New,1,31.28,0,31.28
ORD-004535,2025-05-27,Europe,Beauty,Web,Returning,1,23.87,0,23.87
ORD-004536,2025-05-27,Asia Pacific,Apparel,Web,New,2,37.53,10,67.55
ORD-004537,2025-05-27,Asia Pacific,Electronics,Mobile app,New,1,333.11,0,333.11
ORD-004538,2025-05-27,Latin America,Apparel,Mobile app,Returning,1,50.21,0,50.21
ORD-004539,2025-05-27,Europe,Home & Kitchen,Web,New,2,89.54,0,179.08
ORD-004540,2025-05-27,Europe,Apparel,Mobile app,New,1,52.16,10,46.94
ORD-004541,2025-05-27,North America,Electronics,Mobile app,New,1,150.06,0,150.06
ORD-004542,2025-05-27,North America,Apparel,Mobile app,Returning,1,61.86,10,55.67
ORD-004543,2025-05-28,Asia Pacific,Home & Kitchen,Mobile app,Returning,1,52.21,5,49.6
ORD-004544,2025-05-28,Europe,Electronics,Web,Returning,1,126.93,0,126.93
ORD-004545,2025-05-28,Middle East & Africa,Apparel,Mobile app,New,3,41.68,0,125.04
ORD-004546,2025-05-28,Asia Pacific,Electronics,Marketplace,New,2,223.9,0,447.8
ORD-004547,2025-05-28,Europe,Sports & Outdoors,Retail partner,Returning,1,89.49,0,89.49
ORD-004548,2025-05-28,North America,Electronics,Mobile app,Returning,1,162.17,5,154.06
ORD-004549,2025-05-28,Latin America,Sports & Outdoors,Web,Returning,1,39.97,10,35.97
ORD-004550,2025-05-28,North America,Beauty,Web,Returning,1,18.89,0,18.89
ORD-004551,2025-05-28,Asia Pacific,Beauty,Web,Returning,1,27.86,5,26.47
ORD-004552,2025-05-28,Europe,Apparel,Web,Returning,2,36.68,0,73.36
ORD-004553,2025-05-28,Europe,Home & Kitchen,Web,Returning,2,93.19,0,186.38
ORD-004554,2025-05-28,Europe,Toys,Marketplace,Returning,1,26.29,0,26.29
ORD-004555,2025-05-28,Asia Pacific,Home & Kitchen,Web,Returning,2,33.44,0,66.88
ORD-004556,2025-05-28,North America,Sports & Outdoors,Web,New,1,143,0,143
ORD-004557,2025-05-28,Europe,Electronics,Mobile app,Returning,1,346.57,0,346.57
ORD-004558,2025-05-28,North America,Home & Kitchen,Web,Returning,1,51.43,0,51.43
ORD-004559,2025-05-28,Europe,Home & Kitchen,Mobile app,New,1,47.11,0,47.11
ORD-004560,2025-05-28,North America,Apparel,Marketplace,Returning,2,56.15,0,112.3
ORD-004561,2025-05-28,North America,Beauty,Marketplace,New,1,26.75,0,26.75
ORD-004562,2025-05-28,Europe,Sports & Outdoors,Web,New,1,106.4,5,101.08
ORD-004563,2025-05-28,Asia Pacific,Home & Kitchen,Web,New,1,80.51,0,80.51
ORD-004564,2025-05-28,Europe,Beauty,Marketplace,Returning,5,44.36,0,221.8
ORD-004565,2025-05-28,Asia Pacific,Electronics,Mobile app,Returning,4,82.07,0,328.28
ORD-004566,2025-05-28,Europe,Electronics,Mobile app,Returning,1,190.59,0,190.59
ORD-004567,2025-05-28,Middle East & Africa,Home & Kitchen,Web,New,1,77.85,0,77.85
ORD-004568,2025-05-28,Asia Pacific,Toys,Web,New,1,32.29,5,30.68
ORD-004569,2025-05-28,North America,Home & Kitchen,Mobile app,Returning,2,50.67,0,101.34
ORD-004570,2025-05-28,North America,Apparel,Web,Returning,1,28.71,15,24.4
ORD-004571,2025-05-28,North America,Sports & Outdoors,Web,Returning,2,134.47,0,268.94
ORD-004572,2025-05-28,North America,Home & Kitchen,Web,Returning,1,90.83,0,90.83
ORD-004573,2025-05-28,Europe,Sports & Outdoors,Retail partner,Returning,1,66,10,59.4
ORD-004574,2025-05-28,Latin America,Beauty,Retail partner,New,1,18.69,0,18.69
ORD-004575,2025-05-28,Europe,Toys,Retail partner,Returning,2,26.52,0,53.04
ORD-004576,2025-05-28,Europe,Toys,Mobile app,Returning,3,34.11,0,102.33
ORD-004577,2025-05-28,Europe,Home & Kitchen,Mobile app,New,1,59.87,0,59.87
ORD-004578,2025-05-28,North America,Beauty,Marketplace,New,1,47.67,5,45.29
ORD-004579,2025-05-28,Middle East & Africa,Electronics,Marketplace,New,2,277.6,10,499.68
ORD-004580,2025-05-28,North America,Apparel,Retail partner,Returning,1,45.06,10,40.55
ORD-004581,2025-05-28,North America,Sports & Outdoors,Web,Returning,3,85.33,0,255.99
ORD-004582,2025-05-28,Asia Pacific,Home & Kitchen,Web,Returning,1,42.47,0,42.47
ORD-004583,2025-05-28,Asia Pacific,Apparel,Web,New,1,63.84,0,63.84
ORD-004584,2025-05-28,Middle East & Africa,Electronics,Mobile app,Returning,4,192.54,0,770.16
ORD-004585,2025-05-28,North America,Electronics,Web,Returning,2,205.03,10,369.05
ORD-004586,2025-05-29,Europe,Apparel,Web,Returning,1,30.2,0,30.2
ORD-004587,2025-05-29,Europe,Apparel,Web,New,1,52.34,0,52.34
ORD-004588,2025-05-29,Europe,Home & Kitchen,Web,Returning,3,74.95,10,202.37
ORD-004589,2025-05-29,Middle East & Africa,Beauty,Retail partner,Returning,1,31.81,0,31.81
ORD-004590,2025-05-29,North America,Electronics,Web,New,1,197.37,15,167.76
ORD-004591,2025-05-29,Middle East & Africa,Electronics,Mobile app,New,5,154.26,5,732.73
ORD-004592,2025-05-29,Europe,Home & Kitchen,Web,New,1,88.52,10,79.67
ORD-004593,2025-05-29,North America,Electronics,Retail partner,Returning,1,198.64,5,188.71
ORD-004594,2025-05-29,Latin America,Beauty,Mobile app,Returning,3,25.55,5,72.82
ORD-004595,2025-05-29,Middle East & Africa,Electronics,Web,Returning,1,238.89,10,215
ORD-004596,2025-05-29,Asia Pacific,Electronics,Mobile app,Returning,2,156.54,0,313.08
ORD-004597,2025-05-29,Asia Pacific,Electronics,Web,Returning,1,152.73,0,152.73
ORD-004598,2025-05-29,North America,Electronics,Mobile app,Returning,1,236.61,5,224.78
ORD-004599,2025-05-29,Europe,Electronics,Mobile app,New,4,103.7,5,394.06
ORD-004600,2025-05-29,Europe,Apparel,Marketplace,Returning,1,40.36,0,40.36
ORD-004601,2025-05-29,Europe,Home & Kitchen,Mobile app,Returning,3,98.87,10,266.95
ORD-004602,2025-05-29,North America,Electronics,Mobile app,New,2,141.05,5,268
ORD-004603,2025-05-29,Asia Pacific,Sports & Outdoors,Mobile app,Returning,1,73.57,15,62.53
ORD-004604,2025-05-29,Middle East & Africa,Toys,Mobile app,New,1,71.47,15,60.75
ORD-004605,2025-05-30,Europe,Home & Kitchen,Marketplace,New,1,80.07,0,80.07
ORD-004606,2025-05-30,Asia Pacific,Electronics,Mobile app,New,2,276.23,0,552.46
ORD-004607,2025-05-30,Asia Pacific,Electronics,Marketplace,New,2,147.07,0,294.14
ORD-004608,2025-05-30,North America,Apparel,Mobile app,Returning,1,33.32,5,31.65
ORD-004609,2025-05-30,Europe,Electronics,Marketplace,New,2,161.51,0,323.02
ORD-004610,2025-05-30,Asia Pacific,Electronics,Retail partner,Returning,4,301.65,5,1146.27
ORD-004611,2025-05-30,Europe,Home & Kitchen,Mobile app,New,3,71.35,0,214.05
ORD-004612,2025-05-30,North America,Apparel,Mobile app,New,2,46.89,20,75.02
ORD-004613,2025-05-30,North America,Electronics,Web,New,1,179.29,5,170.33
ORD-004614,2025-05-30,Asia Pacific,Home & Kitchen,Mobile app,Returning,1,97.59,10,87.83
ORD-004615,2025-05-30,Asia Pacific,Home & Kitchen,Web,New,1,82.15,0,82.15
ORD-004616,2025-05-30,Europe,Apparel,Web,New,4,75.27,5,286.03
ORD-004617,2025-05-30,Europe,Electronics,Mobile app,Returning,1,144.73,0,144.73
ORD-004618,2025-05-30,North America,Home & Kitchen,Web,Returning,1,45.28,20,36.22
ORD-004619,2025-05-30,Europe,Beauty,Marketplace,Returning,2,44.98,10,80.96
ORD-004620,2025-05-30,Asia Pacific,Beauty,Mobile app,New,1,18,0,18
ORD-004621,2025-05-30,North America,Home & Kitchen,Mobile app,New,2,197.46,10,355.43
ORD-004622,2025-05-30,North America,Beauty,Web,New,1,50.67,10,45.6
ORD-004623,2025-05-30,Asia Pacific,Sports & Outdoors,Mobile app,New,1,55.59,0,55.59
ORD-004624,2025-05-30,Asia Pacific,Electronics,Web,Returning,1,379.97,0,379.97
ORD-004625,2025-05-30,Europe,Apparel,Marketplace,Returning,1,60.23,0,60.23
ORD-004626,2025-05-30,North America,Sports & Outdoors,Mobile app,New,3,57.84,0,173.52
ORD-004627,2025-05-30,Asia Pacific,Sports & Outdoors,Web,New,3,94.66,0,283.98
ORD-004628,2025-05-30,Asia Pacific,Beauty,Web,Returning,2,24.79,20,39.66
ORD-004629,2025-05-30,Latin America,Beauty,Mobile app,Returning,1,17.12,0,17.12
ORD-004630,2025-05-30,Europe,Apparel,Web,Returning,1,47.02,0,47.02
ORD-004631,2025-05-31,Asia Pacific,Home & Kitchen,Retail partner,Returning,1,41.96,0,41.96
ORD-004632,2025-05-31,Middle East & Africa,Home & Kitchen,Retail partner,Returning,1,40.44,15,34.37
ORD-004633,2025-05-31,North America,Beauty,Web,Returning,3,29.79,0,89.37
ORD-004634,2025-05-31,Latin America,Apparel,Web,New,1,32.03,0,32.03
ORD-004635,2025-05-31,North America,Sports & Outdoors,Marketplace,Returning,3,80.87,0,242.61
ORD-004636,2025-05-31,Middle East & Africa,Home & Kitchen,Mobile app,Returning,2,58.45,0,116.9
ORD-004637,2025-05-31,Europe,Home & Kitchen,Web,New,3,58.51,0,175.53
ORD-004638,2025-05-31,Asia Pacific,Toys,Web,New,3,40.47,10,109.27
ORD-004639,2025-05-31,Asia Pacific,Apparel,Mobile app,New,4,61.56,0,246.24
ORD-004640,2025-05-31,North America,Toys,Mobile app,New,1,85.17,0,85.17
ORD-004641,2025-05-31,Europe,Electronics,Web,Returning,1,132.78,0,132.78
ORD-004642,2025-05-31,North America,Apparel,Web,Returning,1,41.26,0,41.26
ORD-004643,2025-05-31,Latin America,Apparel,Mobile app,Returning,1,36.47,0,36.47
ORD-004644,2025-05-31,Asia Pacific,Electronics,Mobile app,Returning,1,209.04,0,209.04
ORD-004645,2025-05-31,Europe,Apparel,Mobile app,Returning,1,84.34,5,80.12
ORD-004646,2025-05-31,North America,Apparel,Web,New,2,55.18,0,110.36
ORD-004647,2025-05-31,North America,Beauty,Mobile app,Returning,1,30.36,5,28.84
ORD-004648,2025-05-31,North America,Electronics,Marketplace,New,1,379.34,0,379.34
ORD-004649,2025-05-31,Asia Pacific,Toys,Web,New,2,34.32,5,65.21
ORD-004650,2025-05-31,Asia Pacific,Toys,Mobile app,Returning,2,64.81,10,116.66
ORD-004651,2025-05-31,North America,Apparel,Web,New,1,26.79,10,24.11
ORD-004652,2025-05-31,Europe,Apparel,Mobile app,Returning,1,50.62,5,48.09
ORD-004653,2025-05-31,Asia Pacific,Home & Kitchen,Web,New,1,61.48,5,58.41
ORD-004654,2025-05-31,Europe,Apparel,Mobile app,New,1,31.35,0,31.35
ORD-004655,2025-05-31,Europe,Apparel,Mobile app,New,1,52.68,0,52.68
ORD-004656,2025-05-31,Latin America,Apparel,Web,New,1,54.27,5,51.56
ORD-004657,2025-05-31,Asia Pacific,Sports & Outdoors,Marketplace,New,1,49.03,0,49.03
ORD-004658,2025-05-31,Latin America,Home & Kitchen,Web,Returning,2,44.22,5,84.02
ORD-004659,2025-05-31,Latin America,Home & Kitchen,Retail partner,Returning,1,38.05,5,36.15
ORD-004660,2025-05-31,Asia Pacific,Apparel,Web,New,5,74.55,0,372.75
ORD-004661,2025-05-31,Europe,Sports & Outdoors,Mobile app,New,1,187.94,0,187.94
ORD-004662,2025-05-31,North America,Apparel,Mobile app,New,1,43.85,0,43.85
ORD-004663,2025-05-31,Asia Pacific,Sports & Outdoors,Retail partner,Returning,1,80.33,10,72.3
ORD-004664,2025-05-31,Europe,Electronics,Web,Returning,3,171.39,0,514.17
ORD-004665,2025-05-31,Latin America,Toys,Marketplace,Returning,1,51.79,5,49.2
ORD-004666,2025-05-31,Europe,Beauty,Web,Returning,1,38.01,0,38.01
ORD-004667,2025-05-31,North America,Beauty,Web,Returning,2,22.64,5,43.02
ORD-004668,2025-06-01,Europe,Toys,Web,Returning,3,51.16,0,153.48
ORD-004669,2025-06-01,Europe,Home & Kitchen,Marketplace,New,1,79.5,5,75.52
ORD-004670,2025-06-01,Europe,Beauty,Web,New,3,27.24,5,77.63
ORD-004671,2025-06-01,North America,Sports & Outdoors,Web,Returning,3,152.7,0,458.1
ORD-004672,2025-06-01,North America,Apparel,Web,Returning,2,40.13,0,80.26
ORD-004673,2025-06-01,North America,Electronics,Mobile app,New,1,136.26,20,109.01
ORD-004674,2025-06-01,North America,Home & Kitchen,Web,New,3,118.34,0,355.02
ORD-004675,2025-06-01,Europe,Beauty,Web,New,2,27,0,54
ORD-004676,2025-06-01,Europe,Apparel,Mobile app,New,3,62.65,5,178.55
ORD-004677,2025-06-01,North America,Electronics,Mobile app,Returning,4,194.47,0,777.88
ORD-004678,2025-06-01,North America,Beauty,Mobile app,Returning,3,26.78,10,72.31
ORD-004679,2025-06-01,Europe,Sports & Outdoors,Web,Returning,1,87.16,0,87.16
ORD-004680,2025-06-01,Europe,Apparel,Web,New,1,30.96,0,30.96
ORD-004681,2025-06-01,Middle East & Africa,Apparel,Web,Returning,2,51.29,0,102.58
ORD-004682,2025-06-01,Europe,Toys,Web,Returning,1,36.23,0,36.23
ORD-004683,2025-06-01,Europe,Sports & Outdoors,Web,Returning,1,67.64,0,67.64
ORD-004684,2025-06-01,North America,Home & Kitchen,Mobile app,Returning,5,70.14,0,350.7
ORD-004685,2025-06-01,Europe,Beauty,Marketplace,Returning,2,25.43,0,50.86
ORD-004686,2025-06-01,Europe,Beauty,Web,Returning,5,25.41,0,127.05
ORD-004687,2025-06-01,North America,Apparel,Web,Returning,1,38.82,5,36.88
ORD-004688,2025-06-01,North America,Beauty,Web,Returning,2,28.22,0,56.44
ORD-004689,2025-06-02,Latin America,Apparel,Web,Returning,1,37.84,0,37.84
ORD-004690,2025-06-02,Europe,Home & Kitchen,Web,New,1,43.49,0,43.49
ORD-004691,2025-06-02,Asia Pacific,Electronics,Retail partner,New,5,111.89,0,559.45
ORD-004692,2025-06-02,Europe,Toys,Web,Returning,1,45.97,10,41.37
ORD-004693,2025-06-02,North America,Beauty,Marketplace,Returning,1,31.1,5,29.55
ORD-004694,2025-06-02,Asia Pacific,Sports & Outdoors,Mobile app,Returning,4,96.49,0,385.96
ORD-004695,2025-06-02,Latin America,Beauty,Web,Returning,1,26.18,10,23.56
ORD-004696,2025-06-02,Latin America,Electronics,Web,Returning,1,223.92,5,212.72
ORD-004697,2025-06-02,Europe,Beauty,Web,Returning,4,14.97,0,59.88
ORD-004698,2025-06-02,North America,Home & Kitchen,Mobile app,New,2,78.06,0,156.12
ORD-004699,2025-06-02,Europe,Home & Kitchen,Mobile app,New,2,44.5,10,80.1
ORD-004700,2025-06-02,North America,Toys,Web,New,1,31.43,0,31.43
ORD-004701,2025-06-02,Asia Pacific,Toys,Web,Returning,1,28.31,0,28.31
ORD-004702,2025-06-02,Asia Pacific,Electronics,Web,Returning,2,217.38,0,434.76
ORD-004703,2025-06-02,Europe,Home & Kitchen,Web,New,1,78.16,0,78.16
ORD-004704,2025-06-02,North America,Electronics,Mobile app,Returning,1,109.52,10,98.57
ORD-004705,2025-06-02,Latin America,Sports & Outdoors,Mobile app,New,1,115.08,0,115.08
ORD-004706,2025-06-02,Asia Pacific,Electronics,Web,Returning,3,144.58,0,433.74
ORD-004707,2025-06-02,North America,Home & Kitchen,Web,New,1,57.23,5,54.37
ORD-004708,2025-06-02,North America,Home & Kitchen,Retail partner,Returning,1,67.71,10,60.94
ORD-004709,2025-06-02,Europe,Home & Kitchen,Mobile app,Returning,3,61.36,5,174.88
ORD-004710,2025-06-02,North America,Electronics,Web,New,4,140.73,0,562.92
ORD-004711,2025-06-02,North America,Home & Kitchen,Mobile app,New,2,81.13,0,162.26
ORD-004712,2025-06-02,North America,Apparel,Web,New,2,31.08,0,62.16
ORD-004713,2025-06-03,North America,Electronics,Web,New,1,356.26,0,356.26
ORD-004714,2025-06-03,Middle East & Africa,Electronics,Mobile app,New,1,215.54,0,215.54
ORD-004715,2025-06-03,Europe,Electronics,Web,Returning,2,254.83,10,458.69
ORD-004716,2025-06-03,Europe,Electronics,Web,New,1,338.13,0,338.13
ORD-004717,2025-06-03,Europe,Sports & Outdoors,Mobile app,New,2,113.28,0,226.56
ORD-004718,2025-06-03,North America,Apparel,Mobile app,New,1,27.96,0,27.96
ORD-004719,2025-06-03,Europe,Home & Kitchen,Web,Returning,3,56.02,0,168.06
ORD-004720,2025-06-03,North America,Home & Kitchen,Marketplace,Returning,4,40.91,0,163.64
ORD-004721,2025-06-03,Asia Pacific,Apparel,Mobile app,Returning,1,46.99,0,46.99
ORD-004722,2025-06-03,Europe,Beauty,Web,Returning,2,27.71,20,44.34
ORD-004723,2025-06-03,North America,Home & Kitchen,Mobile app,Returning,1,29.18,0,29.18
ORD-004724,2025-06-03,Europe,Sports & Outdoors,Mobile app,New,2,98.26,0,196.52
ORD-004725,2025-06-03,North America,Home & Kitchen,Mobile app,Returning,1,61.7,10,55.53
ORD-004726,2025-06-03,Europe,Home & Kitchen,Mobile app,Returning,2,52.65,20,84.24
ORD-004727,2025-06-03,Asia Pacific,Apparel,Mobile app,Returning,1,29.69,5,28.21
ORD-004728,2025-06-03,North America,Electronics,Mobile app,New,1,139.39,0,139.39
ORD-004729,2025-06-03,Asia Pacific,Beauty,Marketplace,New,3,39.53,0,118.59
ORD-004730,2025-06-03,North America,Home & Kitchen,Mobile app,New,1,58.68,0,58.68
ORD-004731,2025-06-03,Europe,Apparel,Web,New,2,36.61,0,73.22
ORD-004732,2025-06-03,North America,Home & Kitchen,Mobile app,New,5,104.42,0,522.1
ORD-004733,2025-06-03,North America,Beauty,Web,New,4,23.71,0,94.84
ORD-004734,2025-06-03,North America,Sports & Outdoors,Web,Returning,1,45.17,20,36.14
ORD-004735,2025-06-03,Middle East & Africa,Apparel,Mobile app,New,1,38.45,0,38.45
ORD-004736,2025-06-03,North America,Home & Kitchen,Web,New,1,69.62,0,69.62
ORD-004737,2025-06-03,Latin America,Home & Kitchen,Mobile app,New,2,90.19,5,171.36
ORD-004738,2025-06-03,North America,Home & Kitchen,Web,New,1,29.42,0,29.42
ORD-004739,2025-06-03,North America,Apparel,Web,New,2,39.8,10,71.64
ORD-004740,2025-06-03,Europe,Apparel,Mobile app,Returning,2,39.03,5,74.16
ORD-004741,2025-06-03,North America,Electronics,Mobile app,New,1,240.08,10,216.07
ORD-004742,2025-06-03,North America,Beauty,Mobile app,New,2,24.83,0,49.66
ORD-004743,2025-06-03,Europe,Home & Kitchen,Mobile app,New,1,137.54,20,110.03
ORD-004744,2025-06-03,North America,Sports & Outdoors,Mobile app,New,2,58.2,15,98.94
ORD-004745,2025-06-03,Latin America,Sports & Outdoors,Retail partner,Returning,3,65.87,10,177.85
ORD-004746,2025-06-03,Latin America,Apparel,Mobile app,Returning,2,47.04,0,94.08
ORD-004747,2025-06-04,Asia Pacific,Beauty,Mobile app,Returning,1,25.73,0,25.73
ORD-004748,2025-06-04,Asia Pacific,Beauty,Web,New,1,13.86,10,12.47
ORD-004749,2025-06-04,North America,Beauty,Web,Returning,2,14.72,0,29.44
ORD-004750,2025-06-04,North America,Electronics,Web,Returning,2,258.03,0,516.06
ORD-004751,2025-06-04,North America,Electronics,Mobile app,Returning,2,164.87,0,329.74
ORD-004752,2025-06-04,Asia Pacific,Home & Kitchen,Web,Returning,2,49.69,0,99.38
ORD-004753,2025-06-04,Middle East & Africa,Electronics,Web,New,3,108.58,20,260.59
ORD-004754,2025-06-04,Latin America,Home & Kitchen,Web,Returning,1,50.22,10,45.2
ORD-004755,2025-06-04,Asia Pacific,Electronics,Marketplace,New,4,164.25,10,591.3
ORD-004756,2025-06-04,Europe,Home & Kitchen,Web,Returning,2,58.06,15,98.7
ORD-004757,2025-06-04,Asia Pacific,Apparel,Web,New,3,36.32,0,108.96
ORD-004758,2025-06-04,North America,Electronics,Web,Returning,1,150.13,5,142.62
ORD-004759,2025-06-04,North America,Apparel,Mobile app,Returning,1,88.79,5,84.35
ORD-004760,2025-06-04,Asia Pacific,Electronics,Mobile app,Returning,1,190.64,0,190.64
ORD-004761,2025-06-04,Latin America,Home & Kitchen,Marketplace,Returning,1,43.63,15,37.09
ORD-004762,2025-06-04,Latin America,Electronics,Web,New,2,193.45,15,328.86
ORD-004763,2025-06-04,Europe,Electronics,Web,Returning,2,122.89,0,245.78
ORD-004764,2025-06-04,North America,Beauty,Mobile app,Returning,2,39.94,5,75.89
ORD-004765,2025-06-04,North America,Apparel,Web,Returning,1,27.98,0,27.98
ORD-004766,2025-06-04,Asia Pacific,Toys,Web,New,1,49.2,0,49.2
ORD-004767,2025-06-04,North America,Toys,Marketplace,Returning,2,30.82,10,55.48
ORD-004768,2025-06-04,Asia Pacific,Apparel,Marketplace,Returning,1,34.39,0,34.39
ORD-004769,2025-06-04,Europe,Home & Kitchen,Web,New,1,35.31,0,35.31
ORD-004770,2025-06-04,North America,Home & Kitchen,Web,Returning,2,109.18,0,218.36
ORD-004771,2025-06-04,Latin America,Home & Kitchen,Mobile app,Returning,3,74.58,15,190.18
ORD-004772,2025-06-04,North America,Electronics,Mobile app,New,1,200.26,5,190.25
ORD-004773,2025-06-04,Europe,Home & Kitchen,Mobile app,New,4,58.32,5,221.62
ORD-004774,2025-06-04,Asia Pacific,Apparel,Mobile app,New,1,35.82,5,34.03
ORD-004775,2025-06-04,Europe,Toys,Web,New,1,32.67,0,32.67
ORD-004776,2025-06-05,Europe,Apparel,Retail partner,Returning,2,31.3,10,56.34
ORD-004777,2025-06-05,Asia Pacific,Apparel,Web,New,1,24.53,0,24.53
ORD-004778,2025-06-05,Latin America,Apparel,Mobile app,Returning,3,48.39,0,145.17
ORD-004779,2025-06-05,Latin America,Apparel,Mobile app,Returning,4,57.97,0,231.88
ORD-004780,2025-06-05,Europe,Electronics,Mobile app,Returning,1,226.46,5,215.14
ORD-004781,2025-06-05,North America,Toys,Mobile app,Returning,2,22.98,0,45.96
ORD-004782,2025-06-05,North America,Home & Kitchen,Marketplace,Returning,1,76.05,0,76.05
ORD-004783,2025-06-05,North America,Home & Kitchen,Web,New,3,126.08,0,378.24
ORD-004784,2025-06-05,North America,Electronics,Web,New,1,184.92,0,184.92
ORD-004785,2025-06-05,Europe,Beauty,Mobile app,Returning,1,32.66,5,31.03
ORD-004786,2025-06-05,North America,Sports & Outdoors,Mobile app,Returning,2,106.52,0,213.04
ORD-004787,2025-06-05,North America,Electronics,Web,Returning,2,205.56,0,411.12
ORD-004788,2025-06-05,North America,Beauty,Web,Returning,4,22.4,0,89.6
ORD-004789,2025-06-05,North America,Beauty,Web,Returning,2,27.82,0,55.64
ORD-004790,2025-06-05,Asia Pacific,Beauty,Mobile app,New,2,36.14,20,57.82
ORD-004791,2025-06-05,Europe,Electronics,Mobile app,Returning,1,176.86,0,176.86
ORD-004792,2025-06-05,Europe,Electronics,Web,Returning,2,134.17,20,214.67
ORD-004793,2025-06-05,North America,Apparel,Web,Returning,3,47.16,0,141.48
ORD-004794,2025-06-05,Asia Pacific,Electronics,Web,Returning,1,163.07,0,163.07
ORD-004795,2025-06-05,Latin America,Apparel,Marketplace,New,1,40.25,0,40.25
ORD-004796,2025-06-05,Europe,Home & Kitchen,Mobile app,New,5,82.18,5,390.36
ORD-004797,2025-06-05,Europe,Apparel,Web,New,2,25.66,0,51.32
ORD-004798,2025-06-05,Europe,Toys,Marketplace,Returning,1,16.2,0,16.2
ORD-004799,2025-06-05,Europe,Beauty,Retail partner,Returning,2,31.12,0,62.24
ORD-004800,2025-06-05,Asia Pacific,Home & Kitchen,Web,New,4,77.53,15,263.6
ORD-004801,2025-06-05,Asia Pacific,Beauty,Mobile app,Returning,1,24.5,0,24.5
ORD-004802,2025-06-05,Europe,Sports & Outdoors,Mobile app,Returning,2,40.84,0,81.68
ORD-004803,2025-06-05,Europe,Home & Kitchen,Mobile app,Returning,1,54.71,0,54.71
ORD-004804,2025-06-05,Asia Pacific,Sports & Outdoors,Web,Returning,5,72.45,0,362.25
ORD-004805,2025-06-05,Asia Pacific,Sports & Outdoors,Mobile app,Returning,2,57.74,0,115.48
ORD-004806,2025-06-05,Asia Pacific,Apparel,Web,Returning,4,52.2,0,208.8
ORD-004807,2025-06-06,Europe,Electronics,Web,Returning,2,149.6,0,299.2
ORD-004808,2025-06-06,Asia Pacific,Beauty,Web,Returning,1,22.45,0,22.45
ORD-004809,2025-06-06,Middle East & Africa,Apparel,Marketplace,Returning,2,42.22,0,84.44
ORD-004810,2025-06-06,Europe,Home & Kitchen,Web,Returning,1,41.88,10,37.69
ORD-004811,2025-06-06,Middle East & Africa,Home & Kitchen,Marketplace,New,3,48.25,0,144.75
ORD-004812,2025-06-06,Europe,Electronics,Web,New,1,127.21,0,127.21
ORD-004813,2025-06-06,Europe,Home & Kitchen,Web,New,3,119.67,0,359.01
ORD-004814,2025-06-06,Asia Pacific,Home & Kitchen,Web,Returning,2,40.49,5,76.93
ORD-004815,2025-06-06,North America,Home & Kitchen,Mobile app,New,1,89.05,0,89.05
ORD-004816,2025-06-06,North America,Electronics,Web,Returning,1,302.28,0,302.28
ORD-004817,2025-06-06,Latin America,Toys,Web,Returning,1,26.44,0,26.44
ORD-004818,2025-06-06,Middle East & Africa,Home & Kitchen,Web,New,1,71.06,0,71.06
ORD-004819,2025-06-06,Asia Pacific,Home & Kitchen,Marketplace,New,2,142.29,20,227.66
ORD-004820,2025-06-06,Europe,Electronics,Web,Returning,1,175.61,10,158.05
ORD-004821,2025-06-06,North America,Sports & Outdoors,Mobile app,Returning,1,57.39,0,57.39
ORD-004822,2025-06-06,Latin America,Apparel,Web,Returning,1,30.48,0,30.48
ORD-004823,2025-06-06,Middle East & Africa,Apparel,Mobile app,New,1,35.88,0,35.88
ORD-004824,2025-06-06,North America,Beauty,Web,Returning,2,31.39,0,62.78
ORD-004825,2025-06-06,Asia Pacific,Home & Kitchen,Web,Returning,2,80.46,0,160.92
ORD-004826,2025-06-06,Europe,Sports & Outdoors,Web,Returning,2,68.53,0,137.06
ORD-004827,2025-06-06,North America,Toys,Retail partner,Returning,3,24.63,0,73.89
ORD-004828,2025-06-06,Europe,Sports & Outdoors,Web,Returning,3,75.49,10,203.82
ORD-004829,2025-06-06,Asia Pacific,Beauty,Web,New,3,20.26,10,54.7
ORD-004830,2025-06-06,North America,Apparel,Mobile app,Returning,3,46.22,0,138.66
ORD-004831,2025-06-06,Europe,Electronics,Web,Returning,1,152.58,5,144.95
ORD-004832,2025-06-06,Europe,Home & Kitchen,Web,Returning,1,65.13,0,65.13
ORD-004833,2025-06-06,Middle East & Africa,Sports & Outdoors,Marketplace,New,1,104.22,10,93.8
ORD-004834,2025-06-06,Europe,Home & Kitchen,Web,New,1,71.25,0,71.25
ORD-004835,2025-06-06,Europe,Toys,Web,New,3,36.25,0,108.75
ORD-004836,2025-06-06,Middle East & Africa,Sports & Outdoors,Marketplace,Returning,2,105.64,5,200.72
ORD-004837,2025-06-06,North America,Toys,Retail partner,Returning,1,38.44,0,38.44
ORD-004838,2025-06-06,North America,Apparel,Web,New,1,56.94,5,54.09
ORD-004839,2025-06-06,Europe,Beauty,Web,Returning,1,31.95,5,30.35
ORD-004840,2025-06-07,North America,Toys,Mobile app,Returning,2,51.72,5,98.27
ORD-004841,2025-06-07,Europe,Apparel,Web,Returning,1,43.3,5,41.14
ORD-004842,2025-06-07,Europe,Sports & Outdoors,Web,Returning,1,61.18,10,55.06
ORD-004843,2025-06-07,Latin America,Home & Kitchen,Web,Returning,2,92.83,5,176.38
ORD-004844,2025-06-07,Middle East & Africa,Beauty,Web,Returning,5,51.88,10,233.46
ORD-004845,2025-06-07,Asia Pacific,Electronics,Web,New,1,169.99,0,169.99
ORD-004846,2025-06-07,North America,Home & Kitchen,Mobile app,New,1,46.09,5,43.79
ORD-004847,2025-06-07,Europe,Sports & Outdoors,Web,New,2,61.12,15,103.9
ORD-004848,2025-06-07,Middle East & Africa,Sports & Outdoors,Web,Returning,2,51.56,5,97.96
ORD-004849,2025-06-07,North America,Sports & Outdoors,Mobile app,Returning,1,76,0,76
ORD-004850,2025-06-07,Europe,Electronics,Mobile app,Returning,2,129.6,0,259.2
ORD-004851,2025-06-07,Europe,Apparel,Web,New,2,42.93,0,85.86
ORD-004852,2025-06-07,North America,Sports & Outdoors,Web,Returning,2,125.04,10,225.07
ORD-004853,2025-06-07,Asia Pacific,Beauty,Web,Returning,1,33,0,33
ORD-004854,2025-06-07,Latin America,Electronics,Mobile app,Returning,1,253.6,10,228.24
ORD-004855,2025-06-07,North America,Sports & Outdoors,Mobile app,Returning,1,123.63,0,123.63
ORD-004856,2025-06-07,Europe,Beauty,Web,New,2,19.99,0,39.98
ORD-004857,2025-06-07,North America,Electronics,Mobile app,Returning,2,177.81,0,355.62
ORD-004858,2025-06-07,North America,Electronics,Marketplace,Returning,1,316.92,0,316.92
ORD-004859,2025-06-07,North America,Electronics,Web,Returning,3,132.16,0,396.48
ORD-004860,2025-06-07,Europe,Toys,Web,Returning,3,31.73,0,95.19
ORD-004861,2025-06-07,Middle East & Africa,Electronics,Mobile app,New,1,374.62,15,318.43
ORD-004862,2025-06-07,Latin America,Electronics,Marketplace,Returning,1,246.26,5,233.95
ORD-004863,2025-06-07,North America,Beauty,Web,Returning,1,24.67,0,24.67
ORD-004864,2025-06-07,North America,Home & Kitchen,Marketplace,New,1,155.01,10,139.51
ORD-004865,2025-06-07,Europe,Beauty,Mobile app,Returning,4,26.93,15,91.56
ORD-004866,2025-06-07,Middle East & Africa,Electronics,Web,Returning,1,204.07,5,193.87
ORD-004867,2025-06-07,Latin America,Home & Kitchen,Web,New,2,88.56,5,168.26
ORD-004868,2025-06-07,North America,Sports & Outdoors,Mobile app,Returning,1,42.62,0,42.62
ORD-004869,2025-06-07,North America,Home & Kitchen,Marketplace,Returning,1,46.41,0,46.41
ORD-004870,2025-06-07,Asia Pacific,Electronics,Mobile app,New,3,227.21,0,681.63
ORD-004871,2025-06-07,Asia Pacific,Electronics,Mobile app,New,2,146.26,10,263.27
ORD-004872,2025-06-07,North America,Sports & Outdoors,Web,Returning,2,42.31,10,76.16
ORD-004873,2025-06-07,Asia Pacific,Electronics,Web,Returning,1,185.58,0,185.58
ORD-004874,2025-06-07,North America,Electronics,Web,Returning,1,189.85,0,189.85
ORD-004875,2025-06-07,North America,Electronics,Web,New,1,307.84,10,277.06
ORD-004876,2025-06-07,North America,Apparel,Retail partner,New,3,28.91,15,73.72
ORD-004877,2025-06-08,Asia Pacific,Electronics,Mobile app,Returning,3,146.48,0,439.44
ORD-004878,2025-06-08,North America,Apparel,Marketplace,New,1,59.99,10,53.99
ORD-004879,2025-06-08,North America,Beauty,Marketplace,New,2,38.68,5,73.49
ORD-004880,2025-06-08,Europe,Electronics,Marketplace,New,1,81.59,0,81.59
ORD-004881,2025-06-08,Asia Pacific,Electronics,Web,Returning,1,259.67,5,246.69
ORD-004882,2025-06-08,Europe,Electronics,Web,Returning,3,155.81,10,420.69
ORD-004883,2025-06-08,Europe,Home & Kitchen,Web,New,1,46.28,0,46.28
ORD-004884,2025-06-08,North America,Sports & Outdoors,Web,Returning,1,131.32,0,131.32
ORD-004885,2025-06-08,North America,Beauty,Mobile app,New,1,17.79,0,17.79
ORD-004886,2025-06-08,Asia Pacific,Sports & Outdoors,Mobile app,New,2,77.95,0,155.9
ORD-004887,2025-06-08,North America,Electronics,Marketplace,Returning,2,172.53,0,345.06
ORD-004888,2025-06-08,Europe,Electronics,Retail partner,Returning,1,153.5,0,153.5
ORD-004889,2025-06-08,North America,Home & Kitchen,Mobile app,Returning,4,37.54,0,150.16
ORD-004890,2025-06-08,Asia Pacific,Beauty,Mobile app,Returning,2,20.18,15,34.31
ORD-004891,2025-06-08,Europe,Sports & Outdoors,Marketplace,New,2,66.77,0,133.54
ORD-004892,2025-06-08,Asia Pacific,Toys,Mobile app,Returning,1,57,15,48.45
ORD-004893,2025-06-08,North America,Electronics,Mobile app,Returning,2,328.83,5,624.78
ORD-004894,2025-06-08,North America,Toys,Mobile app,Returning,1,50.32,5,47.8
ORD-004895,2025-06-08,Europe,Apparel,Marketplace,Returning,2,30.76,10,55.37
ORD-004896,2025-06-08,Latin America,Apparel,Web,Returning,1,49.07,0,49.07
ORD-004897,2025-06-08,North America,Toys,Mobile app,Returning,1,24.5,20,19.6
ORD-004898,2025-06-08,North America,Apparel,Mobile app,New,4,30.07,10,108.25
ORD-004899,2025-06-08,Asia Pacific,Electronics,Web,Returning,2,267.03,0,534.06
ORD-004900,2025-06-08,North America,Home & Kitchen,Mobile app,Returning,1,95,10,85.5
ORD-004901,2025-06-08,Europe,Apparel,Web,Returning,1,41.92,5,39.82
ORD-004902,2025-06-08,Asia Pacific,Sports & Outdoors,Mobile app,Returning,1,48.9,0,48.9
ORD-004903,2025-06-08,North America,Electronics,Web,Returning,3,111.46,10,300.94
ORD-004904,2025-06-08,North America,Electronics,Mobile app,Returning,2,209.91,0,419.82
ORD-004905,2025-06-09,North America,Electronics,Mobile app,Returning,3,146.88,5,418.61
ORD-004906,2025-06-09,Asia Pacific,Beauty,Web,New,2,18.33,0,36.66
ORD-004907,2025-06-09,Europe,Electronics,Web,New,1,130.5,0,130.5
ORD-004908,2025-06-09,North America,Electronics,Mobile app,Returning,4,259.22,0,1036.88
ORD-004909,2025-06-09,Latin America,Beauty,Web,Returning,1,38.26,5,36.35
ORD-004910,2025-06-09,North America,Home & Kitchen,Web,Returning,2,77.04,10,138.67
ORD-004911,2025-06-09,North America,Sports & Outdoors,Marketplace,Returning,1,49.89,10,44.9
ORD-004912,2025-06-09,Europe,Electronics,Mobile app,Returning,1,129.24,0,129.24
ORD-004913,2025-06-09,Middle East & Africa,Sports & Outdoors,Retail partner,New,1,142.77,5,135.63
ORD-004914,2025-06-09,Latin America,Electronics,Mobile app,Returning,2,275.6,0,551.2
ORD-004915,2025-06-09,Latin America,Apparel,Marketplace,New,1,42.07,5,39.97
ORD-004916,2025-06-09,Europe,Toys,Web,Returning,2,30.32,0,60.64
ORD-004917,2025-06-09,Europe,Electronics,Mobile app,Returning,1,126.26,5,119.95
ORD-004918,2025-06-09,North America,Home & Kitchen,Web,Returning,1,62.16,10,55.94
ORD-004919,2025-06-09,Europe,Home & Kitchen,Web,New,2,78.75,0,157.5
ORD-004920,2025-06-09,North America,Electronics,Mobile app,New,1,223.01,0,223.01
ORD-004921,2025-06-09,Latin America,Toys,Web,New,1,39.52,0,39.52
ORD-004922,2025-06-09,Asia Pacific,Beauty,Web,Returning,2,23.13,0,46.26
ORD-004923,2025-06-09,Europe,Sports & Outdoors,Web,New,2,91.21,0,182.42
ORD-004924,2025-06-09,Asia Pacific,Home & Kitchen,Mobile app,Returning,2,59.88,0,119.76
ORD-004925,2025-06-09,North America,Home & Kitchen,Mobile app,Returning,1,46.64,0,46.64
ORD-004926,2025-06-09,Middle East & Africa,Beauty,Marketplace,Returning,1,21.69,10,19.52
ORD-004927,2025-06-09,Europe,Apparel,Mobile app,Returning,1,22.01,10,19.81
ORD-004928,2025-06-09,Europe,Electronics,Web,Returning,1,256.2,10,230.58
ORD-004929,2025-06-09,Europe,Beauty,Mobile app,New,4,47.78,0,191.12
ORD-004930,2025-06-09,Europe,Apparel,Web,New,1,49.04,0,49.04
ORD-004931,2025-06-09,North America,Beauty,Web,New,1,29.54,0,29.54
ORD-004932,2025-06-09,Latin America,Toys,Marketplace,New,2,42.44,0,84.88
ORD-004933,2025-06-09,North America,Beauty,Mobile app,Returning,2,23.29,0,46.58
ORD-004934,2025-06-09,North America,Apparel,Retail partner,Returning,1,44.18,0,44.18
ORD-004935,2025-06-09,Latin America,Sports & Outdoors,Web,Returning,2,50.45,0,100.9
ORD-004936,2025-06-10,North America,Beauty,Web,Returning,5,39.33,0,196.65
ORD-004937,2025-06-10,Asia Pacific,Sports & Outdoors,Web,New,1,61.37,0,61.37
ORD-004938,2025-06-10,North America,Home & Kitchen,Web,Returning,1,42.85,0,42.85
ORD-004939,2025-06-10,Asia Pacific,Toys,Retail partner,New,4,22.15,0,88.6
ORD-004940,2025-06-10,Asia Pacific,Home & Kitchen,Mobile app,Returning,1,50.05,0,50.05
ORD-004941,2025-06-10,North America,Electronics,Web,Returning,1,217.36,10,195.62
ORD-004942,2025-06-10,Europe,Apparel,Marketplace,New,2,38.82,0,77.64
ORD-004943,2025-06-10,Europe,Apparel,Web,Returning,1,34.5,0,34.5
ORD-004944,2025-06-10,Asia Pacific,Electronics,Web,New,2,166.31,0,332.62
ORD-004945,2025-06-10,Europe,Electronics,Marketplace,Returning,1,210.85,0,210.85
ORD-004946,2025-06-10,Latin America,Sports & Outdoors,Mobile app,New,2,119.05,0,238.1
ORD-004947,2025-06-10,Middle East & Africa,Home & Kitchen,Web,Returning,1,28.01,0,28.01
ORD-004948,2025-06-10,Europe,Sports & Outdoors,Web,New,5,45.8,0,229
ORD-004949,2025-06-10,Asia Pacific,Home & Kitchen,Mobile app,New,2,47.27,0,94.54
ORD-004950,2025-06-10,Asia Pacific,Beauty,Web,New,1,10.23,0,10.23
ORD-004951,2025-06-10,Asia Pacific,Home & Kitchen,Mobile app,Returning,2,51.93,5,98.67
ORD-004952,2025-06-10,Asia Pacific,Toys,Web,Returning,2,29.94,15,50.9
ORD-004953,2025-06-10,Europe,Apparel,Web,Returning,4,54.02,0,216.08
ORD-004954,2025-06-10,North America,Apparel,Marketplace,Returning,2,32.77,15,55.71
ORD-004955,2025-06-10,Asia Pacific,Toys,Web,New,1,28.15,5,26.74
ORD-004956,2025-06-10,North America,Home & Kitchen,Web,New,2,75.78,0,151.56
ORD-004957,2025-06-10,Asia Pacific,Beauty,Mobile app,Returning,5,32.41,5,153.95
ORD-004958,2025-06-10,Europe,Electronics,Web,New,1,192.17,0,192.17
ORD-004959,2025-06-10,Europe,Home & Kitchen,Web,Returning,2,61.93,0,123.86
ORD-004960,2025-06-10,Asia Pacific,Beauty,Mobile app,Returning,1,43.86,0,43.86
ORD-004961,2025-06-11,Middle East & Africa,Home & Kitchen,Mobile app,Returning,1,74.03,0,74.03
ORD-004962,2025-06-11,Europe,Sports & Outdoors,Marketplace,Returning,1,80.73,5,76.69
ORD-004963,2025-06-11,Asia Pacific,Electronics,Web,New,2,184.97,5,351.44
ORD-004964,2025-06-11,Middle East & Africa,Home & Kitchen,Mobile app,Returning,2,74.35,0,148.7
ORD-004965,2025-06-11,North America,Sports & Outdoors,Marketplace,Returning,1,86.46,0,86.46
ORD-004966,2025-06-11,Europe,Home & Kitchen,Web,New,2,124.38,0,248.76
ORD-004967,2025-06-11,Europe,Sports & Outdoors,Marketplace,New,1,100.75,0,100.75
ORD-004968,2025-06-11,Europe,Toys,Marketplace,Returning,1,36.3,0,36.3
ORD-004969,2025-06-11,Asia Pacific,Home & Kitchen,Mobile app,New,4,30.82,0,123.28
ORD-004970,2025-06-11,Latin America,Beauty,Web,New,3,17.94,0,53.82
ORD-004971,2025-06-11,Latin America,Home & Kitchen,Web,New,4,57.25,10,206.1
ORD-004972,2025-06-11,Europe,Toys,Mobile app,Returning,2,51.02,5,96.94
ORD-004973,2025-06-11,North America,Home & Kitchen,Web,Returning,2,52.38,5,99.52
ORD-004974,2025-06-11,Europe,Apparel,Web,Returning,1,69.69,20,55.75
ORD-004975,2025-06-11,Europe,Apparel,Mobile app,New,3,74.5,5,212.33
ORD-004976,2025-06-11,Asia Pacific,Home & Kitchen,Web,Returning,1,82.13,5,78.02
ORD-004977,2025-06-11,Europe,Home & Kitchen,Marketplace,Returning,3,77.77,0,233.31
ORD-004978,2025-06-11,North America,Electronics,Mobile app,Returning,1,126.59,0,126.59
ORD-004979,2025-06-11,North America,Beauty,Web,Returning,4,16.89,0,67.56
ORD-004980,2025-06-11,Asia Pacific,Sports & Outdoors,Web,Returning,1,67.33,0,67.33
ORD-004981,2025-06-11,North America,Apparel,Mobile app,Returning,2,73.44,0,146.88
ORD-004982,2025-06-11,North America,Electronics,Mobile app,New,1,177.13,0,177.13
ORD-004983,2025-06-11,Latin America,Electronics,Retail partner,Returning,2,175.6,0,351.2
ORD-004984,2025-06-11,Asia Pacific,Electronics,Mobile app,Returning,2,313.25,0,626.5
ORD-004985,2025-06-11,Europe,Home & Kitchen,Mobile app,Returning,3,46.95,0,140.85
ORD-004986,2025-06-11,Europe,Electronics,Marketplace,Returning,5,156.29,0,781.45
ORD-004987,2025-06-11,Asia Pacific,Apparel,Marketplace,Returning,1,45.23,0,45.23
ORD-004988,2025-06-11,Europe,Electronics,Web,New,2,132.77,0,265.54
ORD-004989,2025-06-11,Asia Pacific,Sports & Outdoors,Mobile app,Returning,1,73.96,5,70.26
ORD-004990,2025-06-11,Middle East & Africa,Sports & Outdoors,Marketplace,Returning,1,95.36,5,90.59
ORD-004991,2025-06-11,Latin America,Home & Kitchen,Marketplace,Returning,1,107.27,0,107.27
ORD-004992,2025-06-11,North America,Home & Kitchen,Mobile app,Returning,2,165.14,10,297.25
ORD-004993,2025-06-11,Middle East & Africa,Electronics,Retail partner,Returning,1,232.14,0,232.14
ORD-004994,2025-06-11,Middle East & Africa,Beauty,Mobile app,Returning,2,26.99,0,53.98
ORD-004995,2025-06-11,Asia Pacific,Apparel,Web,New,1,29.2,0,29.2
ORD-004996,2025-06-11,Latin America,Electronics,Web,New,2,172.16,0,344.32
ORD-004997,2025-06-11,Middle East & Africa,Toys,Web,New,1,30.65,0,30.65
ORD-004998,2025-06-11,Middle East & Africa,Apparel,Web,Returning,1,43.13,0,43.13
ORD-004999,2025-06-12,North America,Apparel,Mobile app,New,2,43.16,0,86.32
ORD-005000,2025-06-12,North America,Beauty,Mobile app,Returning,2,25.4,0,50.8
ORD-005001,2025-06-12,North America,Sports & Outdoors,Mobile app,Returning,4,85.68,0,342.72
ORD-005002,2025-06-12,North America,Home & Kitchen,Marketplace,New,1,44.78,0,44.78
ORD-005003,2025-06-12,Middle East & Africa,Apparel,Web,New,3,62.99,5,179.52
ORD-005004,2025-06-12,North America,Sports & Outdoors,Mobile app,Returning,5,169.48,5,805.03
ORD-005005,2025-06-12,Asia Pacific,Home & Kitchen,Web,Returning,3,52.47,0,157.41
ORD-005006,2025-06-12,North America,Beauty,Web,New,1,24.47,15,20.8
ORD-005007,2025-06-12,Latin America,Home & Kitchen,Marketplace,Returning,2,62.58,5,118.9
ORD-005008,2025-06-12,Europe,Home & Kitchen,Retail partner,New,2,82.75,5,157.23
ORD-005009,2025-06-12,North America,Apparel,Web,Returning,5,43.01,0,215.05
ORD-005010,2025-06-12,Asia Pacific,Home & Kitchen,Mobile app,Returning,3,32.76,5,93.37
ORD-005011,2025-06-12,North America,Toys,Mobile app,Returning,1,27.91,5,26.51
ORD-005012,2025-06-12,Europe,Apparel,Web,New,1,22.65,0,22.65
ORD-005013,2025-06-12,Latin America,Apparel,Web,Returning,3,30.98,10,83.65
ORD-005014,2025-06-12,Europe,Electronics,Web,Returning,1,133.05,10,119.75
ORD-005015,2025-06-12,Latin America,Electronics,Mobile app,New,2,142.11,0,284.22
ORD-005016,2025-06-12,Asia Pacific,Beauty,Mobile app,New,3,30.42,0,91.26
ORD-005017,2025-06-12,Latin America,Toys,Web,Returning,2,55.39,5,105.24
ORD-005018,2025-06-12,Asia Pacific,Apparel,Mobile app,New,5,46.12,10,207.54
ORD-005019,2025-06-12,Europe,Apparel,Mobile app,New,1,80.31,0,80.31
ORD-005020,2025-06-12,Asia Pacific,Electronics,Mobile app,Returning,1,168.14,0,168.14
ORD-005021,2025-06-12,Asia Pacific,Home & Kitchen,Mobile app,Returning,3,65.1,0,195.3
ORD-005022,2025-06-12,Europe,Beauty,Web,Returning,3,24.16,0,72.48
ORD-005023,2025-06-12,Asia Pacific,Beauty,Web,Returning,2,32.12,5,61.03
ORD-005024,2025-06-12,Middle East & Africa,Apparel,Web,Returning,1,53.09,5,50.44
ORD-005025,2025-06-12,Europe,Sports & Outdoors,Mobile app,New,2,53.93,5,102.47
ORD-005026,2025-06-12,Europe,Electronics,Marketplace,Returning,1,225.8,0,225.8
ORD-005027,2025-06-12,Europe,Electronics,Mobile app,New,2,184.54,5,350.63
ORD-005028,2025-06-12,Latin America,Electronics,Web,New,4,185.55,5,705.09
ORD-005029,2025-06-12,Europe,Home & Kitchen,Mobile app,Returning,2,82.37,5,156.5
ORD-005030,2025-06-12,North America,Apparel,Mobile app,Returning,1,31.59,5,30.01
ORD-005031,2025-06-12,Latin America,Home & Kitchen,Web,New,3,64.12,0,192.36
ORD-005032,2025-06-12,North America,Home & Kitchen,Retail partner,Returning,5,35.87,0,179.35
ORD-005033,2025-06-12,Europe,Apparel,Mobile app,Returning,1,52.25,5,49.64
ORD-005034,2025-06-12,Asia Pacific,Apparel,Mobile app,New,1,61.21,0,61.21
ORD-005035,2025-06-13,Europe,Apparel,Mobile app,New,1,27.09,0,27.09
ORD-005036,2025-06-13,Europe,Sports & Outdoors,Marketplace,Returning,1,61.87,0,61.87
ORD-005037,2025-06-13,Latin America,Sports & Outdoors,Mobile app,New,1,119.06,5,113.11
ORD-005038,2025-06-13,North America,Sports & Outdoors,Web,Returning,1,79.06,5,75.11
ORD-005039,2025-06-13,North America,Toys,Mobile app,New,4,18.36,10,66.1
ORD-005040,2025-06-13,Middle East & Africa,Toys,Web,New,2,32.35,5,61.47
ORD-005041,2025-06-13,North America,Beauty,Retail partner,Returning,1,30.5,5,28.98
ORD-005042,2025-06-13,Asia Pacific,Beauty,Marketplace,Returning,1,15.06,10,13.55
ORD-005043,2025-06-13,Asia Pacific,Sports & Outdoors,Mobile app,Returning,2,111.25,10,200.25
ORD-005044,2025-06-13,Latin America,Electronics,Mobile app,New,2,119.79,5,227.6
ORD-005045,2025-06-13,Europe,Apparel,Web,New,1,44.94,5,42.69
ORD-005046,2025-06-13,Europe,Apparel,Mobile app,New,1,60.36,5,57.34
ORD-005047,2025-06-13,Europe,Electronics,Web,Returning,1,110.19,0,110.19
ORD-005048,2025-06-13,Asia Pacific,Apparel,Retail partner,Returning,1,47.68,15,40.53
ORD-005049,2025-06-13,North America,Toys,Web,Returning,2,24.71,0,49.42
ORD-005050,2025-06-13,Europe,Toys,Web,Returning,1,33.18,0,33.18
ORD-005051,2025-06-13,Asia Pacific,Electronics,Marketplace,Returning,2,387.71,0,775.42
ORD-005052,2025-06-13,North America,Home & Kitchen,Mobile app,New,1,87.82,15,74.65
ORD-005053,2025-06-13,Europe,Electronics,Mobile app,Returning,1,176.28,0,176.28
ORD-005054,2025-06-13,Europe,Electronics,Web,Returning,1,87.95,0,87.95
ORD-005055,2025-06-13,Europe,Home & Kitchen,Mobile app,Returning,1,61.85,0,61.85
ORD-005056,2025-06-13,North America,Electronics,Web,Returning,2,137.88,0,275.76
ORD-005057,2025-06-13,North America,Sports & Outdoors,Marketplace,Returning,4,57.19,0,228.76
ORD-005058,2025-06-13,Asia Pacific,Toys,Web,Returning,1,32.13,15,27.31
ORD-005059,2025-06-13,Asia Pacific,Apparel,Web,Returning,1,40.34,5,38.32
ORD-005060,2025-06-13,Europe,Home & Kitchen,Mobile app,New,1,60.96,0,60.96
ORD-005061,2025-06-13,Asia Pacific,Sports & Outdoors,Mobile app,Returning,3,90.92,0,272.76
ORD-005062,2025-06-13,Middle East & Africa,Electronics,Mobile app,New,4,105.85,10,381.06
ORD-005063,2025-06-13,Europe,Electronics,Retail partner,Returning,1,223.1,0,223.1
ORD-005064,2025-06-13,Europe,Home & Kitchen,Mobile app,Returning,1,53.88,0,53.88
ORD-005065,2025-06-13,Europe,Home & Kitchen,Mobile app,New,1,55.73,0,55.73
ORD-005066,2025-06-13,Europe,Sports & Outdoors,Mobile app,Returning,2,60.27,5,114.51
ORD-005067,2025-06-13,North America,Apparel,Web,Returning,1,70.29,5,66.78
ORD-005068,2025-06-13,Asia Pacific,Beauty,Mobile app,Returning,2,32.82,15,55.79
ORD-005069,2025-06-13,Latin America,Apparel,Mobile app,Returning,3,37.14,0,111.42
ORD-005070,2025-06-13,Middle East & Africa,Beauty,Web,Returning,1,21.02,0,21.02
ORD-005071,2025-06-14,Asia Pacific,Home & Kitchen,Mobile app,New,1,33.7,0,33.7
ORD-005072,2025-06-14,North America,Sports & Outdoors,Mobile app,New,1,69.83,10,62.85
ORD-005073,2025-06-14,Asia Pacific,Home & Kitchen,Mobile app,New,1,48.27,5,45.86
ORD-005074,2025-06-14,Asia Pacific,Beauty,Mobile app,Returning,2,18.07,15,30.72
ORD-005075,2025-06-14,Latin America,Apparel,Web,Returning,2,37.59,10,67.66
ORD-005076,2025-06-14,North America,Electronics,Web,New,5,136.68,0,683.4
ORD-005077,2025-06-14,North America,Apparel,Web,Returning,1,57.44,5,54.57
ORD-005078,2025-06-14,Middle East & Africa,Home & Kitchen,Mobile app,New,1,47.95,0,47.95
ORD-005079,2025-06-14,North America,Home & Kitchen,Web,New,1,44.61,0,44.61
ORD-005080,2025-06-14,Middle East & Africa,Apparel,Mobile app,Returning,4,40.93,20,130.98
ORD-005081,2025-06-14,North America,Electronics,Web,Returning,1,132.37,0,132.37
ORD-005082,2025-06-14,Middle East & Africa,Apparel,Mobile app,Returning,2,75.44,5,143.34
ORD-005083,2025-06-14,North America,Sports & Outdoors,Web,Returning,1,53.47,0,53.47
ORD-005084,2025-06-14,North America,Electronics,Web,New,1,206.7,5,196.36
ORD-005085,2025-06-14,Asia Pacific,Sports & Outdoors,Web,Returning,2,80.06,0,160.12
ORD-005086,2025-06-14,Asia Pacific,Sports & Outdoors,Mobile app,New,1,60.93,0,60.93
ORD-005087,2025-06-14,North America,Apparel,Marketplace,Returning,2,51.32,0,102.64
ORD-005088,2025-06-14,Asia Pacific,Electronics,Mobile app,Returning,1,272.34,0,272.34
ORD-005089,2025-06-14,Europe,Apparel,Web,New,2,46.69,0,93.38
ORD-005090,2025-06-14,Middle East & Africa,Electronics,Marketplace,Returning,1,120.83,0,120.83
ORD-005091,2025-06-14,North America,Electronics,Web,Returning,2,169.18,5,321.44
ORD-005092,2025-06-14,Middle East & Africa,Sports & Outdoors,Marketplace,New,1,46.52,0,46.52
ORD-005093,2025-06-14,Asia Pacific,Beauty,Mobile app,Returning,3,21.41,0,64.23
ORD-005094,2025-06-14,North America,Electronics,Web,Returning,1,108.43,0,108.43
ORD-005095,2025-06-14,Europe,Electronics,Web,Returning,1,142.56,15,121.18
ORD-005096,2025-06-14,North America,Beauty,Mobile app,New,1,32.82,0,32.82
ORD-005097,2025-06-14,North America,Home & Kitchen,Retail partner,New,1,71.6,5,68.02
ORD-005098,2025-06-14,North America,Home & Kitchen,Mobile app,Returning,2,46.35,0,92.7
ORD-005099,2025-06-14,North America,Home & Kitchen,Web,Returning,1,98.28,0,98.28
ORD-005100,2025-06-14,Middle East & Africa,Home & Kitchen,Web,Returning,3,65.66,10,177.28
ORD-005101,2025-06-14,North America,Electronics,Web,New,1,203.12,15,172.65
ORD-005102,2025-06-14,North America,Electronics,Mobile app,Returning,1,139.76,0,139.76
ORD-005103,2025-06-14,Asia Pacific,Apparel,Web,Returning,1,57.14,0,57.14
ORD-005104,2025-06-14,Asia Pacific,Electronics,Web,Returning,1,157.24,20,125.79
ORD-005105,2025-06-15,North America,Electronics,Web,New,2,320.4,5,608.76
ORD-005106,2025-06-15,North America,Electronics,Mobile app,Returning,3,320.83,20,769.99
ORD-005107,2025-06-15,North America,Home & Kitchen,Mobile app,Returning,2,60.93,0,121.86
ORD-005108,2025-06-15,Asia Pacific,Beauty,Mobile app,New,1,16.41,10,14.77
ORD-005109,2025-06-15,Asia Pacific,Apparel,Mobile app,Returning,3,40.8,0,122.4
ORD-005110,2025-06-15,North America,Electronics,Web,Returning,2,214.14,0,428.28
ORD-005111,2025-06-15,North America,Toys,Mobile app,New,1,21.93,5,20.83
ORD-005112,2025-06-15,Middle East & Africa,Sports & Outdoors,Web,New,3,66.84,10,180.47
ORD-005113,2025-06-15,Asia Pacific,Home & Kitchen,Mobile app,Returning,1,84.97,0,84.97
ORD-005114,2025-06-15,Europe,Toys,Marketplace,New,2,30.29,10,54.52
ORD-005115,2025-06-15,Europe,Electronics,Web,New,1,303.35,5,288.18
ORD-005116,2025-06-15,Asia Pacific,Apparel,Marketplace,Returning,3,92.37,0,277.11
ORD-005117,2025-06-15,North America,Electronics,Web,Returning,1,168.65,0,168.65
ORD-005118,2025-06-15,Middle East & Africa,Apparel,Web,Returning,1,39.72,10,35.75
ORD-005119,2025-06-15,North America,Electronics,Web,Returning,2,147.1,10,264.78
ORD-005120,2025-06-15,Europe,Toys,Web,New,1,18.13,0,18.13
ORD-005121,2025-06-15,North America,Electronics,Mobile app,Returning,2,115.51,0,231.02
ORD-005122,2025-06-15,North America,Electronics,Web,New,1,164.08,0,164.08
ORD-005123,2025-06-15,Europe,Beauty,Web,Returning,3,13.16,0,39.48
ORD-005124,2025-06-15,Europe,Home & Kitchen,Web,New,2,54.56,10,98.21
ORD-005125,2025-06-15,Europe,Electronics,Web,Returning,3,178.71,5,509.32
ORD-005126,2025-06-15,North America,Electronics,Web,Returning,1,184.39,20,147.51
ORD-005127,2025-06-15,Europe,Electronics,Web,Returning,1,116.99,0,116.99
ORD-005128,2025-06-15,Europe,Apparel,Web,Returning,3,29.17,0,87.51
ORD-005129,2025-06-15,Asia Pacific,Apparel,Web,Returning,2,41.18,0,82.36
ORD-005130,2025-06-15,Europe,Home & Kitchen,Mobile app,New,2,46.47,0,92.94
ORD-005131,2025-06-15,Europe,Electronics,Mobile app,Returning,4,143.84,0,575.36
ORD-005132,2025-06-15,Asia Pacific,Beauty,Marketplace,Returning,1,36.44,5,34.62
ORD-005133,2025-06-15,Asia Pacific,Apparel,Mobile app,Returning,2,68.72,5,130.57
ORD-005134,2025-06-15,North America,Home & Kitchen,Web,Returning,1,96.61,15,82.12
ORD-005135,2025-06-15,Middle East & Africa,Home & Kitchen,Mobile app,New,2,51.82,0,103.64
ORD-005136,2025-06-15,Europe,Home & Kitchen,Marketplace,Returning,1,60.68,20,48.54
ORD-005137,2025-06-15,Europe,Home & Kitchen,Web,New,1,50.61,0,50.61
ORD-005138,2025-06-15,Latin America,Sports & Outdoors,Mobile app,Returning,1,68.89,0,68.89
ORD-005139,2025-06-15,Middle East & Africa,Apparel,Marketplace,New,2,71.49,10,128.68
ORD-005140,2025-06-15,Europe,Beauty,Marketplace,Returning,4,24.09,15,81.91
ORD-005141,2025-06-15,Europe,Home & Kitchen,Mobile app,Returning,4,69.25,0,277
ORD-005142,2025-06-15,North America,Electronics,Marketplace,Returning,2,285.61,0,571.22
ORD-005143,2025-06-15,North America,Electronics,Mobile app,New,1,201.13,0,201.13
ORD-005144,2025-06-15,North America,Toys,Web,New,3,42.5,5,121.13
ORD-005145,2025-06-15,North America,Electronics,Marketplace,Returning,1,215.75,5,204.96
ORD-005146,2025-06-15,Middle East & Africa,Electronics,Mobile app,Returning,1,195.88,5,186.09
ORD-005147,2025-06-15,North America,Electronics,Mobile app,New,1,339.94,5,322.94
ORD-005148,2025-06-15,Latin America,Home & Kitchen,Web,Returning,1,57.26,10,51.53
ORD-005149,2025-06-15,North America,Sports & Outdoors,Web,Returning,1,23.43,5,22.26
ORD-005150,2025-06-15,Europe,Beauty,Mobile app,New,1,45.45,0,45.45
ORD-005151,2025-06-15,Europe,Apparel,Web,Returning,1,44.61,0,44.61
ORD-005152,2025-06-15,North America,Sports & Outdoors,Mobile app,Returning,3,91.95,15,234.47
ORD-005153,2025-06-15,North America,Beauty,Mobile app,New,1,34.28,10,30.85
ORD-005154,2025-06-15,Europe,Apparel,Marketplace,Returning,3,29.38,10,79.33
ORD-005155,2025-06-15,Asia Pacific,Electronics,Mobile app,Returning,1,199.46,10,179.51
ORD-005156,2025-06-15,North America,Apparel,Web,Returning,1,56.04,0,56.04
ORD-005157,2025-06-15,North America,Home & Kitchen,Web,New,1,82.48,10,74.23
ORD-005158,2025-06-15,Europe,Electronics,Mobile app,Returning,1,89.23,0,89.23
ORD-005159,2025-06-16,Europe,Beauty,Web,Returning,1,27.44,5,26.07
ORD-005160,2025-06-16,Europe,Beauty,Mobile app,New,2,56.83,10,102.29
ORD-005161,2025-06-16,Middle East & Africa,Toys,Web,Returning,1,52.27,0,52.27
ORD-005162,2025-06-16,North America,Home & Kitchen,Web,New,2,78.85,0,157.7
ORD-005163,2025-06-16,North America,Toys,Web,New,1,22.88,10,20.59
ORD-005164,2025-06-16,Asia Pacific,Electronics,Web,Returning,2,245.61,10,442.1
ORD-005165,2025-06-16,North America,Home & Kitchen,Marketplace,New,3,61.8,5,176.13
ORD-005166,2025-06-16,Europe,Home & Kitchen,Web,Returning,1,31.23,0,31.23
ORD-005167,2025-06-16,North America,Home & Kitchen,Web,Returning,2,52.62,0,105.24
ORD-005168,2025-06-16,North America,Beauty,Marketplace,Returning,1,38.11,0,38.11
ORD-005169,2025-06-16,Asia Pacific,Electronics,Marketplace,New,1,220.25,5,209.24
ORD-005170,2025-06-16,Europe,Home & Kitchen,Web,New,1,99.79,5,94.8
ORD-005171,2025-06-16,Europe,Electronics,Mobile app,Returning,1,260.45,0,260.45
ORD-005172,2025-06-16,North America,Electronics,Web,New,5,123.25,0,616.25
ORD-005173,2025-06-16,North America,Home & Kitchen,Mobile app,Returning,3,50.49,0,151.47
ORD-005174,2025-06-16,Latin America,Sports & Outdoors,Retail partner,New,1,67.56,10,60.8
ORD-005175,2025-06-16,Europe,Beauty,Mobile app,Returning,1,35.32,0,35.32
ORD-005176,2025-06-16,North America,Sports & Outdoors,Retail partner,Returning,1,52.4,5,49.78
ORD-005177,2025-06-16,Asia Pacific,Beauty,Web,Returning,3,18.75,0,56.25
ORD-005178,2025-06-16,North America,Electronics,Mobile app,Returning,1,180.71,0,180.71
ORD-005179,2025-06-16,Asia Pacific,Home & Kitchen,Mobile app,New,1,51.99,0,51.99
ORD-005180,2025-06-16,North America,Apparel,Web,New,2,35.23,0,70.46
ORD-005181,2025-06-16,North America,Sports & Outdoors,Web,New,4,56.67,10,204.01
ORD-005182,2025-06-16,North America,Electronics,Web,Returning,2,179.11,10,322.4
ORD-005183,2025-06-16,North America,Toys,Web,Returning,1,31.37,0,31.37
ORD-005184,2025-06-16,Asia Pacific,Home & Kitchen,Web,Returning,3,45.51,5,129.7
ORD-005185,2025-06-16,Europe,Apparel,Web,Returning,1,108.74,5,103.3
ORD-005186,2025-06-16,Europe,Electronics,Mobile app,Returning,1,350.2,5,332.69
ORD-005187,2025-06-16,Asia Pacific,Apparel,Retail partner,Returning,1,58.31,0,58.31
ORD-005188,2025-06-16,North America,Electronics,Mobile app,New,2,290.21,15,493.36
ORD-005189,2025-06-16,Europe,Beauty,Mobile app,Returning,1,42.11,0,42.11
ORD-005190,2025-06-16,Asia Pacific,Home & Kitchen,Web,Returning,1,91.04,0,91.04
ORD-005191,2025-06-16,Middle East & Africa,Sports & Outdoors,Web,New,1,76.01,0,76.01
ORD-005192,2025-06-16,North America,Electronics,Marketplace,New,1,116.29,5,110.48
ORD-005193,2025-06-16,North America,Sports & Outdoors,Web,Returning,1,51.19,5,48.63
ORD-005194,2025-06-16,Asia Pacific,Home & Kitchen,Mobile app,New,1,79.86,0,79.86
ORD-005195,2025-06-16,North America,Sports & Outdoors,Mobile app,New,1,101.83,5,96.74
ORD-005196,2025-06-16,North America,Electronics,Web,Returning,3,130.83,0,392.49
ORD-005197,2025-06-17,North America,Home & Kitchen,Web,New,1,64.65,5,61.42
ORD-005198,2025-06-17,Middle East & Africa,Electronics,Web,Returning,2,147.52,10,265.54
ORD-005199,2025-06-17,North America,Home & Kitchen,Web,Returning,1,108.94,0,108.94
ORD-005200,2025-06-17,Asia Pacific,Electronics,Web,Returning,1,251.01,0,251.01
ORD-005201,2025-06-17,North America,Apparel,Web,Returning,2,68.89,0,137.78
ORD-005202,2025-06-17,Latin America,Electronics,Web,Returning,1,267.16,15,227.09
ORD-005203,2025-06-17,North America,Home & Kitchen,Web,Returning,1,124.35,0,124.35
ORD-005204,2025-06-17,Europe,Toys,Web,Returning,1,33.75,0,33.75
ORD-005205,2025-06-17,Latin America,Beauty,Web,Returning,2,26.14,0,52.28
ORD-005206,2025-06-17,North America,Sports & Outdoors,Web,Returning,3,42.99,0,128.97
ORD-005207,2025-06-17,North America,Apparel,Mobile app,New,1,57.06,10,51.35
ORD-005208,2025-06-17,Asia Pacific,Beauty,Web,Returning,1,27.52,0,27.52
ORD-005209,2025-06-17,Europe,Apparel,Web,Returning,2,28.9,0,57.8
ORD-005210,2025-06-17,Latin America,Home & Kitchen,Web,Returning,3,164.86,0,494.58
ORD-005211,2025-06-17,North America,Home & Kitchen,Web,Returning,1,66.76,10,60.08
ORD-005212,2025-06-17,Europe,Electronics,Web,Returning,1,271.18,15,230.5
ORD-005213,2025-06-17,Europe,Sports & Outdoors,Web,Returning,1,77.69,5,73.81
ORD-005214,2025-06-17,North America,Electronics,Mobile app,New,1,135.93,0,135.93
ORD-005215,2025-06-17,Europe,Electronics,Marketplace,Returning,2,178.35,5,338.86
ORD-005216,2025-06-17,Asia Pacific,Home & Kitchen,Mobile app,Returning,1,83.44,0,83.44
ORD-005217,2025-06-17,Europe,Home & Kitchen,Web,Returning,1,44.23,15,37.6
ORD-005218,2025-06-17,North America,Home & Kitchen,Web,Returning,3,73.01,0,219.03
ORD-005219,2025-06-17,North America,Apparel,Web,New,1,59.66,10,53.69
ORD-005220,2025-06-17,North America,Apparel,Marketplace,New,3,34.58,10,93.37
ORD-005221,2025-06-17,Latin America,Electronics,Web,Returning,2,239.67,0,479.34
ORD-005222,2025-06-17,Europe,Sports & Outdoors,Web,Returning,1,83.31,5,79.14
ORD-005223,2025-06-17,Asia Pacific,Electronics,Mobile app,New,3,149.73,5,426.73
ORD-005224,2025-06-17,North America,Electronics,Web,New,1,245.65,15,208.8
ORD-005225,2025-06-17,Latin America,Sports & Outdoors,Web,Returning,1,48.69,5,46.26
ORD-005226,2025-06-18,North America,Home & Kitchen,Retail partner,Returning,1,55.97,0,55.97
ORD-005227,2025-06-18,Asia Pacific,Home & Kitchen,Web,New,1,49.2,5,46.74
ORD-005228,2025-06-18,North America,Apparel,Mobile app,Returning,2,49.8,0,99.6
ORD-005229,2025-06-18,Europe,Home & Kitchen,Mobile app,Returning,1,48.75,0,48.75
ORD-005230,2025-06-18,North America,Beauty,Web,Returning,4,29.48,0,117.92
ORD-005231,2025-06-18,North America,Sports & Outdoors,Web,Returning,1,80.19,0,80.19
ORD-005232,2025-06-18,Europe,Electronics,Mobile app,Returning,1,213.09,10,191.78
ORD-005233,2025-06-18,Europe,Sports & Outdoors,Marketplace,New,2,68.84,0,137.68
ORD-005234,2025-06-18,North America,Apparel,Mobile app,Returning,2,54.01,0,108.02
ORD-005235,2025-06-18,Middle East & Africa,Apparel,Web,Returning,2,43.97,5,83.54
ORD-005236,2025-06-18,Europe,Electronics,Mobile app,Returning,4,146.83,0,587.32
ORD-005237,2025-06-18,Latin America,Home & Kitchen,Web,Returning,2,41.21,10,74.18
ORD-005238,2025-06-18,North America,Apparel,Marketplace,New,2,38.81,0,77.62
ORD-005239,2025-06-18,North America,Electronics,Web,Returning,2,325.46,10,585.83
ORD-005240,2025-06-18,Asia Pacific,Apparel,Web,Returning,1,35.85,0,35.85
ORD-005241,2025-06-18,Latin America,Beauty,Web,New,1,21.08,10,18.97
ORD-005242,2025-06-18,North America,Electronics,Web,Returning,5,176.33,10,793.49
ORD-005243,2025-06-18,Europe,Home & Kitchen,Mobile app,Returning,1,44.83,0,44.83
ORD-005244,2025-06-18,North America,Home & Kitchen,Mobile app,Returning,2,122.25,5,232.27
ORD-005245,2025-06-18,North America,Toys,Mobile app,New,2,29.46,10,53.03
ORD-005246,2025-06-18,Asia Pacific,Sports & Outdoors,Marketplace,Returning,2,73.36,15,124.71
ORD-005247,2025-06-18,Latin America,Home & Kitchen,Mobile app,Returning,4,26.64,0,106.56
ORD-005248,2025-06-18,Europe,Apparel,Mobile app,Returning,4,60.35,10,217.26
ORD-005249,2025-06-18,North America,Beauty,Mobile app,Returning,1,44.53,0,44.53
ORD-005250,2025-06-18,Europe,Electronics,Web,Returning,1,175.27,0,175.27
ORD-005251,2025-06-18,North America,Home & Kitchen,Marketplace,New,1,42.52,0,42.52
ORD-005252,2025-06-18,Asia Pacific,Beauty,Web,New,1,12.85,0,12.85
ORD-005253,2025-06-18,North America,Electronics,Mobile app,Returning,1,363.96,0,363.96
ORD-005254,2025-06-19,Europe,Toys,Marketplace,Returning,1,25.7,20,20.56
ORD-005255,2025-06-19,Asia Pacific,Beauty,Mobile app,New,3,21.98,0,65.94
ORD-005256,2025-06-19,Asia Pacific,Toys,Web,Returning,1,32.48,0,32.48
ORD-005257,2025-06-19,Europe,Toys,Web,New,2,30,0,60
ORD-005258,2025-06-19,Europe,Home & Kitchen,Marketplace,New,1,52.85,20,42.28
ORD-005259,2025-06-19,North America,Home & Kitchen,Mobile app,Returning,1,66.92,0,66.92
ORD-005260,2025-06-19,North America,Electronics,Marketplace,New,1,148.51,0,148.51
ORD-005261,2025-06-19,Europe,Home & Kitchen,Marketplace,Returning,1,44.64,10,40.18
ORD-005262,2025-06-19,Asia Pacific,Electronics,Web,New,2,235.54,5,447.53
ORD-005263,2025-06-19,Asia Pacific,Sports & Outdoors,Mobile app,Returning,3,44.24,0,132.72
ORD-005264,2025-06-19,Latin America,Home & Kitchen,Marketplace,New,2,43.14,0,86.28
ORD-005265,2025-06-19,North America,Electronics,Mobile app,New,1,164.01,5,155.81
ORD-005266,2025-06-19,Latin America,Home & Kitchen,Web,Returning,3,51.22,0,153.66
ORD-005267,2025-06-19,Asia Pacific,Apparel,Web,Returning,2,37.76,0,75.52
ORD-005268,2025-06-19,Asia Pacific,Sports & Outdoors,Web,Returning,1,58.41,0,58.41
ORD-005269,2025-06-19,North America,Home & Kitchen,Web,Returning,1,35.73,0,35.73
ORD-005270,2025-06-19,North America,Toys,Web,New,1,48.31,0,48.31
ORD-005271,2025-06-19,Middle East & Africa,Apparel,Web,New,1,52.11,5,49.5
ORD-005272,2025-06-19,Europe,Beauty,Web,New,1,14.82,0,14.82
ORD-005273,2025-06-19,Europe,Beauty,Web,Returning,2,70,0,140
ORD-005274,2025-06-19,North America,Home & Kitchen,Web,New,5,38.94,0,194.7
ORD-005275,2025-06-19,Latin America,Electronics,Marketplace,Returning,1,184.78,0,184.78
ORD-005276,2025-06-19,North America,Beauty,Mobile app,Returning,1,40.07,0,40.07
ORD-005277,2025-06-19,Asia Pacific,Beauty,Web,New,1,11.23,0,11.23
ORD-005278,2025-06-19,North America,Home & Kitchen,Mobile app,Returning,1,26.54,10,23.89
ORD-005279,2025-06-19,Europe,Home & Kitchen,Retail partner,Returning,1,45.08,0,45.08
ORD-005280,2025-06-19,Asia Pacific,Apparel,Mobile app,New,3,32.49,0,97.47
ORD-005281,2025-06-19,North America,Apparel,Web,New,2,34.8,5,66.12
ORD-005282,2025-06-19,North America,Apparel,Web,Returning,1,36.65,10,32.99
ORD-005283,2025-06-19,Middle East & Africa,Home & Kitchen,Mobile app,Returning,2,96.4,0,192.8
ORD-005284,2025-06-19,North America,Electronics,Mobile app,Returning,1,110.05,0,110.05
ORD-005285,2025-06-20,North America,Apparel,Mobile app,Returning,3,45.81,0,137.43
ORD-005286,2025-06-20,Europe,Sports & Outdoors,Marketplace,Returning,4,72.1,0,288.4
ORD-005287,2025-06-20,Asia Pacific,Home & Kitchen,Mobile app,New,1,54.75,5,52.01
ORD-005288,2025-06-20,Europe,Electronics,Web,New,2,118.46,10,213.23
ORD-005289,2025-06-20,Asia Pacific,Apparel,Web,Returning,1,55.86,10,50.27
ORD-005290,2025-06-20,Europe,Home & Kitchen,Web,Returning,1,114.15,0,114.15
ORD-005291,2025-06-20,North America,Electronics,Web,New,2,250.79,0,501.58
ORD-005292,2025-06-20,North America,Electronics,Marketplace,Returning,2,92.4,0,184.8
ORD-005293,2025-06-20,North America,Sports & Outdoors,Web,New,3,90.48,10,244.3
ORD-005294,2025-06-20,North America,Home & Kitchen,Web,Returning,1,66.1,0,66.1
ORD-005295,2025-06-20,North America,Electronics,Retail partner,New,1,256.68,10,231.01
ORD-005296,2025-06-20,Latin America,Toys,Web,New,1,35.75,10,32.18
ORD-005297,2025-06-20,Europe,Home & Kitchen,Web,Returning,1,97.09,5,92.24
ORD-005298,2025-06-20,Latin America,Electronics,Web,New,3,311.55,0,934.65
ORD-005299,2025-06-20,Latin America,Beauty,Mobile app,New,1,33.85,5,32.16
ORD-005300,2025-06-20,Europe,Sports & Outdoors,Mobile app,Returning,4,44.4,5,168.72
ORD-005301,2025-06-20,Asia Pacific,Home & Kitchen,Mobile app,Returning,3,115.24,5,328.43
ORD-005302,2025-06-20,Europe,Electronics,Web,Returning,1,204.3,0,204.3
ORD-005303,2025-06-20,Europe,Home & Kitchen,Mobile app,Returning,3,89.15,0,267.45
ORD-005304,2025-06-20,Asia Pacific,Electronics,Mobile app,New,1,119.33,0,119.33
ORD-005305,2025-06-20,Europe,Electronics,Mobile app,Returning,3,146.89,20,352.54
ORD-005306,2025-06-20,Asia Pacific,Home & Kitchen,Mobile app,Returning,3,109.25,0,327.75
ORD-005307,2025-06-20,Europe,Electronics,Web,Returning,2,165.69,0,331.38
ORD-005308,2025-06-20,Latin America,Sports & Outdoors,Mobile app,New,1,101.84,0,101.84
ORD-005309,2025-06-20,North America,Beauty,Mobile app,Returning,1,61.59,10,55.43
ORD-005310,2025-06-20,Asia Pacific,Beauty,Web,New,1,12.39,15,10.53
ORD-005311,2025-06-20,North America,Electronics,Marketplace,Returning,1,157.17,10,141.45
ORD-005312,2025-06-20,Europe,Home & Kitchen,Marketplace,New,1,31.99,0,31.99
ORD-005313,2025-06-20,North America,Home & Kitchen,Web,Returning,1,46.18,0,46.18
ORD-005314,2025-06-20,North America,Home & Kitchen,Marketplace,New,3,45.79,0,137.37
ORD-005315,2025-06-20,North America,Apparel,Web,New,1,66.18,0,66.18
ORD-005316,2025-06-20,Europe,Electronics,Web,Returning,1,119.73,0,119.73
ORD-005317,2025-06-21,Europe,Home & Kitchen,Mobile app,Returning,1,72.4,0,72.4
ORD-005318,2025-06-21,Europe,Home & Kitchen,Web,Returning,2,92.7,10,166.86
ORD-005319,2025-06-21,North America,Beauty,Web,Returning,1,27.43,10,24.69
ORD-005320,2025-06-21,Europe,Electronics,Mobile app,Returning,1,106.45,5,101.13
ORD-005321,2025-06-21,Latin America,Electronics,Retail partner,New,2,96.94,20,155.1
ORD-005322,2025-06-21,Asia Pacific,Home & Kitchen,Mobile app,Returning,2,65.66,10,118.19
ORD-005323,2025-06-21,North America,Apparel,Mobile app,Returning,1,43.9,0,43.9
ORD-005324,2025-06-21,Middle East & Africa,Apparel,Retail partner,Returning,1,29.61,0,29.61
ORD-005325,2025-06-21,Latin America,Beauty,Marketplace,Returning,1,37.27,0,37.27
ORD-005326,2025-06-21,Middle East & Africa,Beauty,Mobile app,New,1,17.33,0,17.33
ORD-005327,2025-06-21,Asia Pacific,Toys,Mobile app,New,2,73.64,0,147.28
ORD-005328,2025-06-21,Europe,Electronics,Retail partner,Returning,3,116.58,0,349.74
ORD-005329,2025-06-21,Europe,Home & Kitchen,Mobile app,Returning,1,69.66,0,69.66
ORD-005330,2025-06-21,Europe,Apparel,Mobile app,New,1,28.47,0,28.47
ORD-005331,2025-06-21,North America,Beauty,Mobile app,Returning,1,50.09,0,50.09
ORD-005332,2025-06-21,Latin America,Apparel,Marketplace,New,1,71.84,10,64.66
ORD-005333,2025-06-21,Latin America,Sports & Outdoors,Marketplace,New,2,61.59,0,123.18
ORD-005334,2025-06-21,Europe,Electronics,Web,Returning,3,187.75,0,563.25
ORD-005335,2025-06-21,North America,Apparel,Web,Returning,4,32.69,0,130.76
ORD-005336,2025-06-21,North America,Electronics,Mobile app,Returning,1,135.17,0,135.17
ORD-005337,2025-06-21,Europe,Electronics,Mobile app,New,2,156.37,0,312.74
ORD-005338,2025-06-21,North America,Toys,Mobile app,Returning,1,46,0,46
ORD-005339,2025-06-21,Europe,Beauty,Web,Returning,1,30.43,0,30.43
ORD-005340,2025-06-21,Asia Pacific,Toys,Marketplace,New,1,31.6,0,31.6
ORD-005341,2025-06-21,North America,Toys,Web,Returning,1,41.03,0,41.03
ORD-005342,2025-06-21,North America,Sports & Outdoors,Mobile app,New,3,94.22,0,282.66
ORD-005343,2025-06-21,North America,Apparel,Web,Returning,4,36.29,0,145.16
ORD-005344,2025-06-21,Middle East & Africa,Apparel,Retail partner,Returning,1,11.69,5,11.11
ORD-005345,2025-06-21,North America,Toys,Web,New,1,35,0,35
ORD-005346,2025-06-21,North America,Home & Kitchen,Mobile app,Returning,1,53,0,53
ORD-005347,2025-06-21,North America,Beauty,Web,New,1,47.75,5,45.36
ORD-005348,2025-06-21,Asia Pacific,Beauty,Retail partner,Returning,2,36.43,10,65.57
ORD-005349,2025-06-21,North America,Sports & Outdoors,Web,New,2,90.02,0,180.04
ORD-005350,2025-06-22,Latin America,Home & Kitchen,Web,Returning,1,56.06,0,56.06
ORD-005351,2025-06-22,North America,Electronics,Web,Returning,1,273.94,0,273.94
ORD-005352,2025-06-22,North America,Home & Kitchen,Web,Returning,2,105.98,0,211.96
ORD-005353,2025-06-22,North America,Electronics,Web,New,1,104.85,0,104.85
ORD-005354,2025-06-22,Europe,Home & Kitchen,Web,New,3,34.95,15,89.12
ORD-005355,2025-06-22,North America,Electronics,Mobile app,Returning,1,210.71,10,189.64
ORD-005356,2025-06-22,North America,Beauty,Web,New,1,43.91,20,35.13
ORD-005357,2025-06-22,Asia Pacific,Apparel,Mobile app,Returning,2,39.46,0,78.92
ORD-005358,2025-06-22,North America,Apparel,Web,Returning,2,42,0,84
ORD-005359,2025-06-22,Europe,Electronics,Mobile app,New,1,149.34,10,134.41
ORD-005360,2025-06-22,Europe,Beauty,Web,Returning,1,48.35,0,48.35
ORD-005361,2025-06-22,Europe,Beauty,Web,Returning,1,23.9,0,23.9
ORD-005362,2025-06-22,Latin America,Apparel,Web,New,1,68.01,5,64.61
ORD-005363,2025-06-22,Middle East & Africa,Electronics,Web,New,1,96.19,5,91.38
ORD-005364,2025-06-22,Asia Pacific,Apparel,Marketplace,New,1,34.55,20,27.64
ORD-005365,2025-06-22,North America,Apparel,Mobile app,New,2,24.97,15,42.45
ORD-005366,2025-06-22,North America,Beauty,Mobile app,Returning,3,36.44,10,98.39
ORD-005367,2025-06-22,Middle East & Africa,Apparel,Mobile app,New,1,31.96,5,30.36
ORD-005368,2025-06-22,Latin America,Electronics,Mobile app,Returning,4,177.57,0,710.28
ORD-005369,2025-06-22,Europe,Beauty,Mobile app,New,1,23.49,0,23.49
ORD-005370,2025-06-22,Europe,Electronics,Marketplace,Returning,1,198.81,0,198.81
ORD-005371,2025-06-22,Latin America,Home & Kitchen,Web,Returning,4,54.26,10,195.34
ORD-005372,2025-06-22,North America,Sports & Outdoors,Web,Returning,1,134.61,0,134.61
ORD-005373,2025-06-22,Asia Pacific,Electronics,Web,New,1,210.91,0,210.91
ORD-005374,2025-06-22,North America,Apparel,Mobile app,Returning,1,35.12,5,33.36
ORD-005375,2025-06-22,North America,Apparel,Web,New,1,62.76,20,50.21
ORD-005376,2025-06-22,Europe,Beauty,Web,Returning,3,35.31,0,105.93
ORD-005377,2025-06-22,Middle East & Africa,Beauty,Mobile app,New,1,46.42,5,44.1
ORD-005378,2025-06-22,North America,Home & Kitchen,Web,New,4,84.11,10,302.8
ORD-005379,2025-06-22,North America,Electronics,Web,Returning,2,140.01,0,280.02
ORD-005380,2025-06-22,Europe,Home & Kitchen,Web,New,1,93.48,0,93.48
ORD-005381,2025-06-22,Europe,Apparel,Mobile app,Returning,1,32.9,0,32.9
ORD-005382,2025-06-22,Asia Pacific,Home & Kitchen,Mobile app,Returning,1,42.37,10,38.13
ORD-005383,2025-06-22,Asia Pacific,Apparel,Retail partner,Returning,1,31.43,5,29.86
ORD-005384,2025-06-22,North America,Apparel,Web,Returning,3,37.77,10,101.98
ORD-005385,2025-06-22,Asia Pacific,Electronics,Web,Returning,1,117.35,0,117.35
ORD-005386,2025-06-22,North America,Home & Kitchen,Mobile app,New,1,84.24,10,75.82
ORD-005387,2025-06-22,North America,Home & Kitchen,Mobile app,Returning,5,41.55,5,197.36
ORD-005388,2025-06-22,Europe,Sports & Outdoors,Marketplace,Returning,1,51.26,0,51.26
ORD-005389,2025-06-22,Europe,Sports & Outdoors,Marketplace,Returning,4,98.9,0,395.6
ORD-005390,2025-06-22,Asia Pacific,Electronics,Web,New,1,204.99,0,204.99
ORD-005391,2025-06-22,North America,Electronics,Mobile app,Returning,1,277.04,0,277.04
ORD-005392,2025-06-22,North America,Apparel,Marketplace,Returning,1,54.55,20,43.64
ORD-005393,2025-06-22,Latin America,Home & Kitchen,Web,New,1,86.08,0,86.08
ORD-005394,2025-06-22,Europe,Home & Kitchen,Web,New,1,58.83,5,55.89
ORD-005395,2025-06-22,North America,Electronics,Web,Returning,1,307.82,0,307.82
ORD-005396,2025-06-22,Latin America,Sports & Outdoors,Mobile app,Returning,2,73.54,0,147.08
ORD-005397,2025-06-22,Europe,Electronics,Web,New,4,303.09,0,1212.36
ORD-005398,2025-06-22,Europe,Home & Kitchen,Mobile app,New,1,128.4,0,128.4
ORD-005399,2025-06-23,North America,Toys,Web,Returning,1,78.98,0,78.98
ORD-005400,2025-06-23,Asia Pacific,Beauty,Mobile app,New,2,24.47,15,41.6
ORD-005401,2025-06-23,North America,Apparel,Mobile app,Returning,4,27.01,20,86.43
ORD-005402,2025-06-23,Europe,Electronics,Mobile app,Returning,3,140.2,10,378.54
ORD-005403,2025-06-23,North America,Apparel,Web,Returning,1,45.95,0,45.95
ORD-005404,2025-06-23,Europe,Apparel,Mobile app,Returning,1,58.99,0,58.99
ORD-005405,2025-06-23,North America,Home & Kitchen,Mobile app,Returning,1,60.15,15,51.13
ORD-005406,2025-06-23,Asia Pacific,Electronics,Marketplace,Returning,1,193.49,20,154.79
ORD-005407,2025-06-23,Asia Pacific,Apparel,Mobile app,New,2,40.69,5,77.31
ORD-005408,2025-06-23,Europe,Apparel,Web,New,2,34.44,0,68.88
ORD-005409,2025-06-23,North America,Electronics,Mobile app,Returning,2,142.94,10,257.29
ORD-005410,2025-06-23,North America,Home & Kitchen,Web,New,1,70.72,0,70.72
ORD-005411,2025-06-23,Asia Pacific,Home & Kitchen,Marketplace,Returning,5,86.56,5,411.16
ORD-005412,2025-06-23,North America,Home & Kitchen,Mobile app,Returning,4,62.6,5,237.88
ORD-005413,2025-06-23,Middle East & Africa,Electronics,Mobile app,New,3,168.66,5,480.68
ORD-005414,2025-06-23,Europe,Electronics,Web,New,2,206.18,0,412.36
ORD-005415,2025-06-23,Latin America,Electronics,Mobile app,New,3,135.76,0,407.28
ORD-005416,2025-06-23,Latin America,Home & Kitchen,Web,New,1,78.49,5,74.57
ORD-005417,2025-06-23,Europe,Beauty,Web,Returning,1,23.61,10,21.25
ORD-005418,2025-06-23,Latin America,Apparel,Mobile app,Returning,1,77.08,0,77.08
ORD-005419,2025-06-23,Middle East & Africa,Electronics,Mobile app,Returning,1,251,10,225.9
ORD-005420,2025-06-23,North America,Toys,Web,New,1,36.46,5,34.64
ORD-005421,2025-06-23,Middle East & Africa,Electronics,Web,Returning,2,165.93,0,331.86
ORD-005422,2025-06-23,North America,Electronics,Web,Returning,1,206.82,0,206.82
ORD-005423,2025-06-23,Middle East & Africa,Apparel,Web,New,1,54.99,0,54.99
ORD-005424,2025-06-23,Asia Pacific,Apparel,Mobile app,New,4,32.18,0,128.72
ORD-005425,2025-06-23,Asia Pacific,Home & Kitchen,Web,Returning,2,46.75,0,93.5
ORD-005426,2025-06-23,Middle East & Africa,Beauty,Web,New,1,26.67,10,24
ORD-005427,2025-06-23,Europe,Electronics,Mobile app,Returning,2,196.23,10,353.21
ORD-005428,2025-06-23,North America,Toys,Web,Returning,3,26.34,5,75.07
ORD-005429,2025-06-23,Europe,Apparel,Web,New,1,44.94,0,44.94
ORD-005430,2025-06-23,Europe,Electronics,Mobile app,Returning,1,184.03,0,184.03
ORD-005431,2025-06-24,Latin America,Home & Kitchen,Mobile app,New,1,51.6,0,51.6
ORD-005432,2025-06-24,North America,Toys,Retail partner,New,2,29.61,0,59.22
ORD-005433,2025-06-24,Europe,Sports & Outdoors,Web,Returning,1,65.25,0,65.25
ORD-005434,2025-06-24,North America,Sports & Outdoors,Mobile app,New,2,108.14,5,205.47
ORD-005435,2025-06-24,Asia Pacific,Apparel,Retail partner,Returning,1,67.88,0,67.88
ORD-005436,2025-06-24,Middle East & Africa,Beauty,Web,Returning,1,41.71,5,39.62
ORD-005437,2025-06-24,Latin America,Beauty,Mobile app,Returning,1,25.6,0,25.6
ORD-005438,2025-06-24,Europe,Beauty,Web,Returning,1,43.31,0,43.31
ORD-005439,2025-06-24,Europe,Electronics,Web,Returning,1,347.63,0,347.63
ORD-005440,2025-06-24,North America,Toys,Mobile app,New,1,19.35,0,19.35
ORD-005441,2025-06-24,Europe,Apparel,Mobile app,New,1,28.3,0,28.3
ORD-005442,2025-06-24,Europe,Home & Kitchen,Web,Returning,2,100.43,0,200.86
ORD-005443,2025-06-24,North America,Sports & Outdoors,Web,New,1,125.39,5,119.12
ORD-005444,2025-06-24,Europe,Electronics,Mobile app,New,4,230.4,10,829.44
ORD-005445,2025-06-24,Asia Pacific,Sports & Outdoors,Mobile app,Returning,3,45.63,5,130.05
ORD-005446,2025-06-24,Asia Pacific,Toys,Web,New,2,38.82,0,77.64
ORD-005447,2025-06-24,Latin America,Toys,Web,Returning,2,49.59,0,99.18
ORD-005448,2025-06-24,Latin America,Sports & Outdoors,Web,Returning,1,86.56,10,77.9
ORD-005449,2025-06-24,Middle East & Africa,Home & Kitchen,Mobile app,Returning,2,90.21,5,171.4
ORD-005450,2025-06-24,North America,Apparel,Mobile app,Returning,2,27.22,0,54.44
ORD-005451,2025-06-24,Middle East & Africa,Apparel,Web,Returning,1,69.65,5,66.17
ORD-005452,2025-06-24,Asia Pacific,Electronics,Marketplace,Returning,1,248.6,0,248.6
ORD-005453,2025-06-24,Latin America,Electronics,Web,Returning,1,115.4,0,115.4
ORD-005454,2025-06-24,North America,Beauty,Web,New,1,33.39,0,33.39
ORD-005455,2025-06-24,Europe,Home & Kitchen,Web,Returning,3,56.03,0,168.09
ORD-005456,2025-06-24,North America,Home & Kitchen,Web,New,1,89.44,5,84.97
ORD-005457,2025-06-24,North America,Electronics,Web,Returning,1,266.23,0,266.23
ORD-005458,2025-06-24,North America,Home & Kitchen,Marketplace,New,2,105.65,0,211.3
ORD-005459,2025-06-24,North America,Toys,Mobile app,Returning,1,44.05,10,39.64
ORD-005460,2025-06-24,Asia Pacific,Apparel,Mobile app,Returning,1,23.59,10,21.23
ORD-005461,2025-06-25,Asia Pacific,Home & Kitchen,Mobile app,New,2,82.37,15,140.03
ORD-005462,2025-06-25,Asia Pacific,Electronics,Web,Returning,5,253.63,0,1268.15
ORD-005463,2025-06-25,North America,Home & Kitchen,Mobile app,Returning,2,89.73,0,179.46
ORD-005464,2025-06-25,Asia Pacific,Electronics,Web,Returning,2,214.69,5,407.91
ORD-005465,2025-06-25,Middle East & Africa,Electronics,Web,New,3,244.42,10,659.93
ORD-005466,2025-06-25,Europe,Home & Kitchen,Mobile app,Returning,2,62.85,0,125.7
ORD-005467,2025-06-25,North America,Toys,Mobile app,Returning,2,37.58,0,75.16
ORD-005468,2025-06-25,North America,Apparel,Web,New,1,81.75,0,81.75
ORD-005469,2025-06-25,North America,Apparel,Web,Returning,5,37.61,0,188.05
ORD-005470,2025-06-25,Europe,Electronics,Web,New,1,219.1,0,219.1
ORD-005471,2025-06-25,Asia Pacific,Apparel,Marketplace,New,1,44.44,0,44.44
ORD-005472,2025-06-25,Europe,Home & Kitchen,Marketplace,Returning,1,43.57,0,43.57
ORD-005473,2025-06-25,North America,Electronics,Web,New,1,79.15,0,79.15
ORD-005474,2025-06-25,Middle East & Africa,Sports & Outdoors,Web,Returning,1,86.87,10,78.18
ORD-005475,2025-06-25,Asia Pacific,Beauty,Mobile app,Returning,1,31.57,10,28.41
ORD-005476,2025-06-25,Europe,Electronics,Web,Returning,5,200.38,0,1001.9
ORD-005477,2025-06-25,North America,Home & Kitchen,Mobile app,New,1,64.9,0,64.9
ORD-005478,2025-06-25,Asia Pacific,Home & Kitchen,Web,New,3,80.76,0,242.28
ORD-005479,2025-06-25,Asia Pacific,Electronics,Marketplace,Returning,4,105.45,10,379.62
ORD-005480,2025-06-25,Asia Pacific,Home & Kitchen,Mobile app,Returning,1,93.51,0,93.51
ORD-005481,2025-06-25,Europe,Home & Kitchen,Mobile app,Returning,1,64.64,5,61.41
ORD-005482,2025-06-25,North America,Apparel,Web,Returning,4,29.09,5,110.54
ORD-005483,2025-06-25,North America,Home & Kitchen,Mobile app,Returning,2,82.87,10,149.17
ORD-005484,2025-06-25,North America,Home & Kitchen,Marketplace,Returning,1,61.11,0,61.11
ORD-005485,2025-06-25,North America,Apparel,Web,New,3,46.57,0,139.71
ORD-005486,2025-06-26,North America,Electronics,Marketplace,Returning,1,217.89,0,217.89
ORD-005487,2025-06-26,Asia Pacific,Home & Kitchen,Mobile app,New,1,85.33,5,81.06
ORD-005488,2025-06-26,Latin America,Electronics,Web,Returning,2,190.26,0,380.52
ORD-005489,2025-06-26,North America,Toys,Mobile app,Returning,1,33.92,0,33.92
ORD-005490,2025-06-26,Asia Pacific,Electronics,Web,Returning,1,245.19,5,232.93
ORD-005491,2025-06-26,North America,Home & Kitchen,Mobile app,Returning,1,48.26,0,48.26
ORD-005492,2025-06-26,Asia Pacific,Apparel,Mobile app,New,5,49.23,10,221.54
ORD-005493,2025-06-26,Asia Pacific,Apparel,Web,New,1,49.17,5,46.71
ORD-005494,2025-06-26,North America,Apparel,Web,Returning,1,31.22,0,31.22
ORD-005495,2025-06-26,Europe,Home & Kitchen,Web,New,1,62.24,0,62.24
ORD-005496,2025-06-26,North America,Home & Kitchen,Marketplace,New,4,65.49,15,222.67
ORD-005497,2025-06-26,Latin America,Electronics,Mobile app,New,2,120.36,0,240.72
ORD-005498,2025-06-26,Asia Pacific,Electronics,Marketplace,Returning,3,299.3,0,897.9
ORD-005499,2025-06-26,Europe,Home & Kitchen,Marketplace,Returning,2,60.29,0,120.58
ORD-005500,2025-06-26,Europe,Home & Kitchen,Web,New,1,59.75,0,59.75
ORD-005501,2025-06-26,Asia Pacific,Home & Kitchen,Marketplace,New,2,22.99,5,43.68
ORD-005502,2025-06-26,Middle East & Africa,Apparel,Web,Returning,3,62.47,15,159.3
ORD-005503,2025-06-26,Asia Pacific,Home & Kitchen,Mobile app,New,3,38.42,0,115.26
ORD-005504,2025-06-26,North America,Home & Kitchen,Web,New,1,41.74,20,33.39
ORD-005505,2025-06-26,North America,Home & Kitchen,Mobile app,Returning,1,31.77,0,31.77
ORD-005506,2025-06-26,North America,Home & Kitchen,Marketplace,Returning,1,44.43,5,42.21
ORD-005507,2025-06-26,Europe,Apparel,Web,New,1,36.67,10,33
ORD-005508,2025-06-26,North America,Apparel,Web,New,2,57.03,0,114.06
ORD-005509,2025-06-26,Europe,Sports & Outdoors,Web,Returning,5,73.29,10,329.81
ORD-005510,2025-06-26,Asia Pacific,Apparel,Mobile app,New,1,44.77,0,44.77
ORD-005511,2025-06-26,Europe,Apparel,Marketplace,Returning,2,55.45,10,99.81
ORD-005512,2025-06-26,North America,Home & Kitchen,Marketplace,New,2,67.87,5,128.95
ORD-005513,2025-06-26,Middle East & Africa,Sports & Outdoors,Retail partner,Returning,1,62.34,0,62.34
ORD-005514,2025-06-26,Latin America,Sports & Outdoors,Web,Returning,1,60.93,0,60.93
ORD-005515,2025-06-26,Middle East & Africa,Sports & Outdoors,Mobile app,Returning,1,66.2,0,66.2
ORD-005516,2025-06-26,Europe,Beauty,Mobile app,Returning,3,12.38,0,37.14
ORD-005517,2025-06-27,North America,Electronics,Mobile app,New,2,215.82,0,431.64
ORD-005518,2025-06-27,Latin America,Apparel,Mobile app,Returning,2,68.26,5,129.69
ORD-005519,2025-06-27,North America,Home & Kitchen,Web,Returning,4,49.13,10,176.87
ORD-005520,2025-06-27,North America,Sports & Outdoors,Retail partner,New,3,55.69,0,167.07
ORD-005521,2025-06-27,Europe,Home & Kitchen,Web,Returning,1,78.44,0,78.44
ORD-005522,2025-06-27,North America,Sports & Outdoors,Mobile app,Returning,1,72.62,0,72.62
ORD-005523,2025-06-27,Middle East & Africa,Electronics,Mobile app,New,1,123.7,0,123.7
ORD-005524,2025-06-27,North America,Beauty,Retail partner,Returning,1,26.25,10,23.63
ORD-005525,2025-06-27,North America,Toys,Web,Returning,1,36.1,0,36.1
ORD-005526,2025-06-27,Latin America,Apparel,Marketplace,New,4,52.53,0,210.12
ORD-005527,2025-06-27,Middle East & Africa,Electronics,Mobile app,Returning,2,456.95,5,868.21
ORD-005528,2025-06-27,North America,Apparel,Mobile app,Returning,1,44.45,0,44.45
ORD-005529,2025-06-27,Asia Pacific,Sports & Outdoors,Mobile app,Returning,2,84.89,0,169.78
ORD-005530,2025-06-27,Latin America,Beauty,Web,Returning,1,13.78,0,13.78
ORD-005531,2025-06-27,North America,Toys,Web,Returning,1,34.32,15,29.17
ORD-005532,2025-06-27,Europe,Sports & Outdoors,Web,New,1,69.31,0,69.31
ORD-005533,2025-06-27,North America,Home & Kitchen,Web,Returning,1,70.63,0,70.63
ORD-005534,2025-06-27,North America,Home & Kitchen,Mobile app,New,4,53.94,10,194.18
ORD-005535,2025-06-27,North America,Electronics,Marketplace,Returning,4,231.89,10,834.8
ORD-005536,2025-06-27,Middle East & Africa,Electronics,Mobile app,Returning,2,157.22,0,314.44
ORD-005537,2025-06-27,Europe,Home & Kitchen,Web,New,1,66.4,5,63.08
ORD-005538,2025-06-27,North America,Home & Kitchen,Web,Returning,2,44.02,5,83.64
ORD-005539,2025-06-27,Latin America,Electronics,Web,Returning,4,150.68,5,572.58
ORD-005540,2025-06-27,Europe,Electronics,Mobile app,Returning,1,128.67,5,122.24
ORD-005541,2025-06-27,Europe,Electronics,Mobile app,Returning,1,271.18,5,257.62
ORD-005542,2025-06-27,North America,Beauty,Mobile app,New,3,43.21,0,129.63
ORD-005543,2025-06-27,Europe,Home & Kitchen,Marketplace,Returning,2,73.45,10,132.21
ORD-005544,2025-06-27,Europe,Apparel,Mobile app,New,2,20.06,0,40.12
ORD-005545,2025-06-28,Europe,Electronics,Marketplace,New,1,240.93,10,216.84
ORD-005546,2025-06-28,Latin America,Sports & Outdoors,Mobile app,New,1,117.69,5,111.81
ORD-005547,2025-06-28,North America,Apparel,Marketplace,Returning,2,51.26,0,102.52
ORD-005548,2025-06-28,North America,Apparel,Retail partner,Returning,1,88.45,0,88.45
ORD-005549,2025-06-28,Middle East & Africa,Electronics,Web,Returning,1,115.25,0,115.25
ORD-005550,2025-06-28,North America,Sports & Outdoors,Mobile app,Returning,1,111.7,5,106.12
ORD-005551,2025-06-28,North America,Home & Kitchen,Web,New,1,37.69,0,37.69
ORD-005552,2025-06-28,North America,Electronics,Mobile app,New,1,152.72,0,152.72
ORD-005553,2025-06-28,Europe,Sports & Outdoors,Retail partner,Returning,3,107.7,0,323.1
ORD-005554,2025-06-28,North America,Apparel,Web,Returning,3,22.19,0,66.57
ORD-005555,2025-06-28,Asia Pacific,Home & Kitchen,Web,Returning,1,136.41,10,122.77
ORD-005556,2025-06-28,Europe,Beauty,Mobile app,Returning,1,30.95,0,30.95
ORD-005557,2025-06-28,Europe,Apparel,Web,New,2,36.5,0,73
ORD-005558,2025-06-28,North America,Sports & Outdoors,Web,Returning,1,98.98,15,84.13
ORD-005559,2025-06-28,Asia Pacific,Beauty,Web,Returning,1,25.43,5,24.16
ORD-005560,2025-06-28,Asia Pacific,Home & Kitchen,Web,New,2,81.61,0,163.22
ORD-005561,2025-06-28,Latin America,Home & Kitchen,Mobile app,Returning,1,53.34,10,48.01
ORD-005562,2025-06-28,North America,Beauty,Mobile app,New,1,43.68,5,41.5
ORD-005563,2025-06-28,North America,Electronics,Mobile app,Returning,1,127.11,0,127.11
ORD-005564,2025-06-28,North America,Electronics,Mobile app,Returning,2,307.3,5,583.87
ORD-005565,2025-06-28,Europe,Home & Kitchen,Web,Returning,1,72.37,10,65.13
ORD-005566,2025-06-28,North America,Home & Kitchen,Retail partner,Returning,1,60.56,0,60.56
ORD-005567,2025-06-28,Europe,Home & Kitchen,Web,New,1,63.22,5,60.06
ORD-005568,2025-06-28,North America,Electronics,Web,Returning,1,108.35,0,108.35
ORD-005569,2025-06-28,Asia Pacific,Home & Kitchen,Mobile app,Returning,1,88.22,0,88.22
ORD-005570,2025-06-28,Latin America,Apparel,Marketplace,New,2,91.11,0,182.22
ORD-005571,2025-06-28,Asia Pacific,Beauty,Web,New,1,29,0,29
ORD-005572,2025-06-28,North America,Toys,Mobile app,New,1,19.81,0,19.81
ORD-005573,2025-06-28,Middle East & Africa,Beauty,Web,New,4,26.28,0,105.12
ORD-005574,2025-06-28,Asia Pacific,Home & Kitchen,Retail partner,Returning,3,37.64,5,107.27
ORD-005575,2025-06-28,Asia Pacific,Apparel,Marketplace,Returning,2,19.78,0,39.56
ORD-005576,2025-06-29,Latin America,Electronics,Web,New,3,187.24,0,561.72
ORD-005577,2025-06-29,North America,Home & Kitchen,Web,New,3,69.41,0,208.23
ORD-005578,2025-06-29,Middle East & Africa,Electronics,Mobile app,New,2,287.89,5,546.99
ORD-005579,2025-06-29,North America,Beauty,Mobile app,Returning,1,27.71,0,27.71
ORD-005580,2025-06-29,Asia Pacific,Apparel,Mobile app,Returning,2,31.75,0,63.5
ORD-005581,2025-06-29,North America,Beauty,Mobile app,New,1,34.5,0,34.5
ORD-005582,2025-06-29,Europe,Home & Kitchen,Web,Returning,1,64.08,0,64.08
ORD-005583,2025-06-29,Asia Pacific,Electronics,Mobile app,New,1,143.19,0,143.19
ORD-005584,2025-06-29,Latin America,Home & Kitchen,Web,New,1,47.41,0,47.41
ORD-005585,2025-06-29,Latin America,Apparel,Marketplace,Returning,1,25.02,0,25.02
ORD-005586,2025-06-29,Europe,Electronics,Web,Returning,1,143.5,10,129.15
ORD-005587,2025-06-29,North America,Apparel,Web,New,3,50.14,0,150.42
ORD-005588,2025-06-29,Middle East & Africa,Sports & Outdoors,Mobile app,Returning,1,99.85,5,94.86
ORD-005589,2025-06-29,Europe,Home & Kitchen,Web,Returning,1,46.28,0,46.28
ORD-005590,2025-06-29,North America,Home & Kitchen,Retail partner,Returning,4,41.96,0,167.84
ORD-005591,2025-06-29,Asia Pacific,Sports & Outdoors,Mobile app,Returning,2,122.87,0,245.74
ORD-005592,2025-06-29,Europe,Sports & Outdoors,Mobile app,Returning,1,27.94,5,26.54
ORD-005593,2025-06-29,Asia Pacific,Apparel,Mobile app,New,1,49.18,0,49.18
ORD-005594,2025-06-29,North America,Electronics,Mobile app,New,2,142.42,10,256.36
ORD-005595,2025-06-29,Asia Pacific,Electronics,Web,New,2,159.81,0,319.62
ORD-005596,2025-06-29,Latin America,Beauty,Marketplace,New,1,23.21,0,23.21
ORD-005597,2025-06-29,North America,Electronics,Web,Returning,1,184.18,0,184.18
ORD-005598,2025-06-29,North America,Home & Kitchen,Web,Returning,5,75.63,15,321.43
ORD-005599,2025-06-29,Latin America,Beauty,Mobile app,New,2,22.9,10,41.22
ORD-005600,2025-06-29,Europe,Home & Kitchen,Mobile app,New,3,53.56,10,144.61
ORD-005601,2025-06-29,Europe,Toys,Marketplace,Returning,3,42.55,0,127.65
ORD-005602,2025-06-29,Asia Pacific,Sports & Outdoors,Web,Returning,2,141.15,0,282.3
ORD-005603,2025-06-29,North America,Beauty,Mobile app,Returning,1,24.87,0,24.87
ORD-005604,2025-06-29,Middle East & Africa,Electronics,Mobile app,New,3,333.76,5,951.22
ORD-005605,2025-06-29,Asia Pacific,Sports & Outdoors,Marketplace,Returning,1,140.04,10,126.04
ORD-005606,2025-06-29,Middle East & Africa,Electronics,Mobile app,New,4,165.66,0,662.64
ORD-005607,2025-06-29,Latin America,Home & Kitchen,Retail partner,New,1,52.94,0,52.94
ORD-005608,2025-06-29,Latin America,Beauty,Web,New,3,52.36,5,149.23
ORD-005609,2025-06-29,Asia Pacific,Toys,Mobile app,New,2,51.49,15,87.53
ORD-005610,2025-06-29,Asia Pacific,Home & Kitchen,Mobile app,Returning,2,84.76,0,169.52
ORD-005611,2025-06-30,Asia Pacific,Apparel,Mobile app,Returning,1,45.65,0,45.65
ORD-005612,2025-06-30,North America,Electronics,Marketplace,New,3,177.69,0,533.07
ORD-005613,2025-06-30,Middle East & Africa,Apparel,Retail partner,Returning,1,55.58,0,55.58
ORD-005614,2025-06-30,North America,Apparel,Web,Returning,4,28.61,0,114.44
ORD-005615,2025-06-30,North America,Toys,Marketplace,Returning,1,41.73,0,41.73
ORD-005616,2025-06-30,Latin America,Beauty,Marketplace,New,3,24.75,5,70.54
ORD-005617,2025-06-30,Asia Pacific,Electronics,Web,New,2,193.84,5,368.3
ORD-005618,2025-06-30,Europe,Sports & Outdoors,Marketplace,Returning,2,85.83,0,171.66
ORD-005619,2025-06-30,Asia Pacific,Electronics,Web,Returning,1,214.21,0,214.21
ORD-005620,2025-06-30,North America,Apparel,Mobile app,New,1,72.39,10,65.15
ORD-005621,2025-06-30,Europe,Sports & Outdoors,Mobile app,Returning,4,86.37,0,345.48
ORD-005622,2025-06-30,North America,Apparel,Web,Returning,2,17.75,10,31.95
ORD-005623,2025-06-30,North America,Electronics,Web,Returning,2,340.72,0,681.44
ORD-005624,2025-06-30,Europe,Home & Kitchen,Marketplace,New,1,39.6,5,37.62
ORD-005625,2025-06-30,Europe,Home & Kitchen,Web,Returning,3,60.36,0,181.08
ORD-005626,2025-06-30,Europe,Home & Kitchen,Web,Returning,5,89.95,10,404.78
ORD-005627,2025-06-30,North America,Home & Kitchen,Marketplace,Returning,3,84.44,5,240.65
ORD-005628,2025-06-30,Europe,Toys,Mobile app,Returning,1,27.71,5,26.32
ORD-005629,2025-06-30,Europe,Home & Kitchen,Web,New,2,74.73,0,149.46
ORD-005630,2025-06-30,Asia Pacific,Sports & Outdoors,Mobile app,Returning,1,64.47,0,64.47
ORD-005631,2025-06-30,Europe,Sports & Outdoors,Mobile app,New,1,79.89,0,79.89
ORD-005632,2025-06-30,Asia Pacific,Beauty,Marketplace,Returning,1,50.77,0,50.77
ORD-005633,2025-06-30,North America,Apparel,Mobile app,Returning,2,46.03,20,73.65
ORD-005634,2025-06-30,North America,Toys,Mobile app,New,1,46.31,10,41.68
ORD-005635,2025-06-30,Latin America,Sports & Outdoors,Mobile app,Returning,2,106.41,0,212.82
ORD-005636,2025-06-30,Asia Pacific,Beauty,Web,Returning,2,22.57,10,40.63
ORD-005637,2025-06-30,North America,Apparel,Mobile app,Returning,2,29.32,0,58.64
ORD-005638,2025-06-30,North America,Apparel,Web,Returning,2,33.67,0,67.34
ORD-005639,2025-06-30,North America,Electronics,Web,Returning,3,172.08,5,490.43
ORD-005640,2025-06-30,Latin America,Apparel,Web,New,2,39.48,0,78.96
ORD-005641,2025-06-30,Asia Pacific,Toys,Mobile app,Returning,1,58.31,0,58.31
ORD-005642,2025-07-01,Europe,Home & Kitchen,Web,Returning,1,56.49,5,53.67
ORD-005643,2025-07-01,North America,Electronics,Mobile app,New,2,257.39,0,514.78
ORD-005644,2025-07-01,Europe,Electronics,Retail partner,Returning,2,192.99,0,385.98
ORD-005645,2025-07-01,North America,Apparel,Web,Returning,2,57.05,0,114.1
ORD-005646,2025-07-01,Middle East & Africa,Home & Kitchen,Marketplace,New,1,41.8,15,35.53
ORD-005647,2025-07-01,North America,Sports & Outdoors,Mobile app,Returning,2,68.85,5,130.81
ORD-005648,2025-07-01,North America,Sports & Outdoors,Web,New,1,54.28,0,54.28
ORD-005649,2025-07-01,North America,Beauty,Mobile app,New,3,30.49,0,91.47
ORD-005650,2025-07-01,Latin America,Apparel,Web,Returning,2,55.69,0,111.38
ORD-005651,2025-07-01,North America,Home & Kitchen,Web,New,2,76.57,0,153.14
ORD-005652,2025-07-01,North America,Sports & Outdoors,Mobile app,New,2,79.34,5,150.75
ORD-005653,2025-07-01,Europe,Home & Kitchen,Retail partner,New,1,66.4,10,59.76
ORD-005654,2025-07-01,Asia Pacific,Home & Kitchen,Web,Returning,1,73.78,10,66.4
ORD-005655,2025-07-01,Europe,Beauty,Mobile app,Returning,3,36.26,0,108.78
ORD-005656,2025-07-01,Asia Pacific,Home & Kitchen,Mobile app,Returning,1,112.8,15,95.88
ORD-005657,2025-07-01,North America,Apparel,Mobile app,New,1,90.16,0,90.16
ORD-005658,2025-07-01,North America,Beauty,Web,Returning,2,32.11,15,54.59
ORD-005659,2025-07-01,Asia Pacific,Home & Kitchen,Marketplace,Returning,1,56.29,0,56.29
ORD-005660,2025-07-01,Europe,Electronics,Marketplace,Returning,2,253.73,10,456.71
ORD-005661,2025-07-01,Asia Pacific,Home & Kitchen,Web,Returning,1,44.81,10,40.33
ORD-005662,2025-07-01,North America,Beauty,Web,Returning,1,30.43,20,24.34
ORD-005663,2025-07-01,Asia Pacific,Home & Kitchen,Web,New,1,51.67,10,46.5
ORD-005664,2025-07-01,Middle East & Africa,Beauty,Mobile app,Returning,4,34.1,5,129.58
ORD-005665,2025-07-01,Latin America,Home & Kitchen,Mobile app,New,1,37.26,0,37.26
ORD-005666,2025-07-01,Europe,Home & Kitchen,Mobile app,Returning,3,92.34,0,277.02
ORD-005667,2025-07-01,Middle East & Africa,Beauty,Marketplace,Returning,4,33.53,0,134.12
ORD-005668,2025-07-01,Europe,Electronics,Web,Returning,1,157.56,0,157.56
ORD-005669,2025-07-01,North America,Home & Kitchen,Web,Returning,1,52.15,15,44.33
ORD-005670,2025-07-01,North America,Home & Kitchen,Web,New,2,65.34,0,130.68
ORD-005671,2025-07-01,Europe,Electronics,Web,New,5,241.07,0,1205.35
ORD-005672,2025-07-01,North America,Apparel,Mobile app,New,2,31.49,15,53.53
ORD-005673,2025-07-01,Europe,Electronics,Web,Returning,1,269.18,0,269.18
ORD-005674,2025-07-01,North America,Apparel,Web,Returning,2,43.45,0,86.9
ORD-005675,2025-07-02,North America,Toys,Mobile app,Returning,3,23.97,10,64.72
ORD-005676,2025-07-02,Europe,Beauty,Web,Returning,1,23.94,5,22.74
ORD-005677,2025-07-02,Europe,Electronics,Web,Returning,1,177.8,0,177.8
ORD-005678,2025-07-02,Middle East & Africa,Beauty,Web,Returning,1,27.58,10,24.82
ORD-005679,2025-07-02,North America,Electronics,Marketplace,Returning,2,161.71,15,274.91
ORD-005680,2025-07-02,Asia Pacific,Home & Kitchen,Web,Returning,3,45.85,0,137.55
ORD-005681,2025-07-02,North America,Home & Kitchen,Mobile app,Returning,1,123.25,10,110.93
ORD-005682,2025-07-02,Asia Pacific,Electronics,Web,New,3,104.12,0,312.36
ORD-005683,2025-07-02,Latin America,Electronics,Web,Returning,2,176.22,0,352.44
ORD-005684,2025-07-02,Asia Pacific,Apparel,Web,New,1,73.62,0,73.62
ORD-005685,2025-07-02,Asia Pacific,Home & Kitchen,Web,Returning,1,79.63,15,67.69
ORD-005686,2025-07-02,Asia Pacific,Electronics,Web,Returning,2,126.94,0,253.88
ORD-005687,2025-07-02,Europe,Apparel,Web,New,1,56.08,0,56.08
ORD-005688,2025-07-02,Europe,Home & Kitchen,Retail partner,New,1,85.58,15,72.74
ORD-005689,2025-07-02,Europe,Sports & Outdoors,Marketplace,Returning,4,140.36,0,561.44
ORD-005690,2025-07-02,North America,Apparel,Mobile app,Returning,1,48.44,0,48.44
ORD-005691,2025-07-02,North America,Beauty,Web,New,3,35.44,5,101
ORD-005692,2025-07-02,Asia Pacific,Apparel,Retail partner,Returning,1,42.53,0,42.53
ORD-005693,2025-07-02,Middle East & Africa,Sports & Outdoors,Web,Returning,2,61.76,0,123.52
ORD-005694,2025-07-02,Middle East & Africa,Home & Kitchen,Web,New,1,61.33,5,58.26
ORD-005695,2025-07-02,Europe,Home & Kitchen,Web,Returning,1,84.11,0,84.11
ORD-005696,2025-07-02,Europe,Sports & Outdoors,Web,New,4,117.65,20,376.48
ORD-005697,2025-07-02,Middle East & Africa,Sports & Outdoors,Web,Returning,2,70.18,10,126.32
ORD-005698,2025-07-02,Latin America,Beauty,Web,Returning,2,40.05,0,80.1
ORD-005699,2025-07-02,Europe,Electronics,Mobile app,Returning,1,135.05,5,128.3
ORD-005700,2025-07-02,Europe,Beauty,Mobile app,New,1,31.52,5,29.94
ORD-005701,2025-07-02,North America,Toys,Web,New,4,20.36,0,81.44
ORD-005702,2025-07-02,Europe,Sports & Outdoors,Web,New,1,149.11,5,141.65
ORD-005703,2025-07-02,Asia Pacific,Apparel,Marketplace,New,4,43.41,0,173.64
ORD-005704,2025-07-02,Asia Pacific,Sports & Outdoors,Retail partner,New,2,57.25,5,108.78
ORD-005705,2025-07-03,Asia Pacific,Electronics,Web,Returning,2,205.63,0,411.26
ORD-005706,2025-07-03,Europe,Apparel,Web,Returning,1,37.84,15,32.16
ORD-005707,2025-07-03,Asia Pacific,Beauty,Marketplace,Returning,2,33.97,0,67.94
ORD-005708,2025-07-03,Asia Pacific,Electronics,Web,New,2,172.69,0,345.38
ORD-005709,2025-07-03,Asia Pacific,Beauty,Mobile app,Returning,1,15.23,0,15.23
ORD-005710,2025-07-03,Europe,Toys,Mobile app,Returning,4,51.06,10,183.82
ORD-005711,2025-07-03,North America,Electronics,Mobile app,New,1,196.69,0,196.69
ORD-005712,2025-07-03,Latin America,Apparel,Web,New,1,45.5,0,45.5
ORD-005713,2025-07-03,North America,Home & Kitchen,Mobile app,Returning,1,43.29,0,43.29
ORD-005714,2025-07-03,Europe,Sports & Outdoors,Web,New,3,59.72,0,179.16
ORD-005715,2025-07-03,Latin America,Beauty,Marketplace,Returning,1,29.95,0,29.95
ORD-005716,2025-07-03,Latin America,Apparel,Web,New,2,46.34,0,92.68
ORD-005717,2025-07-03,Latin America,Sports & Outdoors,Web,Returning,1,120.62,20,96.5
ORD-005718,2025-07-03,Europe,Home & Kitchen,Mobile app,Returning,1,80.64,0,80.64
ORD-005719,2025-07-03,Latin America,Beauty,Web,Returning,1,39.01,0,39.01
ORD-005720,2025-07-03,North America,Electronics,Mobile app,New,1,183.55,10,165.2
ORD-005721,2025-07-03,Middle East & Africa,Beauty,Mobile app,Returning,1,34.88,10,31.39
ORD-005722,2025-07-03,Middle East & Africa,Sports & Outdoors,Web,Returning,4,60.27,10,216.97
ORD-005723,2025-07-03,Europe,Apparel,Web,New,3,40.27,10,108.73
ORD-005724,2025-07-03,Europe,Apparel,Web,Returning,2,39.58,0,79.16
ORD-005725,2025-07-03,Latin America,Electronics,Web,Returning,1,261.03,5,247.98
ORD-005726,2025-07-03,North America,Sports & Outdoors,Retail partner,Returning,2,85.5,0,171
ORD-005727,2025-07-03,Europe,Toys,Mobile app,Returning,1,38.19,0,38.19
ORD-005728,2025-07-03,Europe,Toys,Web,New,2,25.75,0,51.5
ORD-005729,2025-07-03,Europe,Beauty,Mobile app,Returning,1,27.39,0,27.39
ORD-005730,2025-07-03,North America,Apparel,Marketplace,Returning,2,25.06,0,50.12
ORD-005731,2025-07-03,Europe,Beauty,Mobile app,Returning,1,20.31,10,18.28
ORD-005732,2025-07-03,Asia Pacific,Home & Kitchen,Retail partner,Returning,1,75.98,5,72.18
ORD-005733,2025-07-03,North America,Home & Kitchen,Web,Returning,1,63.42,5,60.25
ORD-005734,2025-07-03,North America,Sports & Outdoors,Mobile app,Returning,1,73.75,5,70.06
ORD-005735,2025-07-03,Middle East & Africa,Apparel,Web,Returning,5,34.09,15,144.88
ORD-005736,2025-07-03,Asia Pacific,Electronics,Web,Returning,5,188.28,0,941.4
ORD-005737,2025-07-03,North America,Electronics,Mobile app,New,2,206.66,20,330.66
ORD-005738,2025-07-04,North America,Electronics,Mobile app,Returning,1,267.16,0,267.16
ORD-005739,2025-07-04,Asia Pacific,Apparel,Mobile app,New,1,57.24,15,48.65
ORD-005740,2025-07-04,North America,Beauty,Marketplace,New,4,21.5,0,86
ORD-005741,2025-07-04,Europe,Electronics,Retail partner,Returning,4,100.46,10,361.66
ORD-005742,2025-07-04,Europe,Sports & Outdoors,Web,New,1,62.61,10,56.35
ORD-005743,2025-07-04,Europe,Beauty,Mobile app,New,1,46.29,0,46.29
ORD-005744,2025-07-04,North America,Home & Kitchen,Mobile app,New,1,79.72,15,67.76
ORD-005745,2025-07-04,Europe,Electronics,Web,Returning,1,213.08,5,202.43
ORD-005746,2025-07-04,North America,Sports & Outdoors,Web,Returning,1,167.54,0,167.54
ORD-005747,2025-07-04,North America,Home & Kitchen,Mobile app,Returning,1,56.67,0,56.67
ORD-005748,2025-07-04,North America,Beauty,Mobile app,New,4,12.68,0,50.72
ORD-005749,2025-07-04,Latin America,Home & Kitchen,Web,New,1,64.17,0,64.17
ORD-005750,2025-07-04,North America,Apparel,Marketplace,New,4,37.63,0,150.52
ORD-005751,2025-07-04,Latin America,Toys,Mobile app,New,2,56.74,5,107.81
ORD-005752,2025-07-04,North America,Electronics,Marketplace,Returning,3,125.81,0,377.43
ORD-005753,2025-07-04,Europe,Home & Kitchen,Mobile app,New,1,84.72,0,84.72
ORD-005754,2025-07-04,North America,Sports & Outdoors,Marketplace,Returning,2,67.9,10,122.22
ORD-005755,2025-07-04,Latin America,Sports & Outdoors,Mobile app,Returning,1,67.25,15,57.16
ORD-005756,2025-07-04,Europe,Electronics,Mobile app,New,1,193.38,0,193.38
ORD-005757,2025-07-04,Asia Pacific,Beauty,Mobile app,New,1,43.53,0,43.53
ORD-005758,2025-07-04,Asia Pacific,Electronics,Web,Returning,1,102.08,0,102.08
ORD-005759,2025-07-04,Latin America,Beauty,Web,New,4,21.57,0,86.28
ORD-005760,2025-07-04,Middle East & Africa,Electronics,Mobile app,New,2,205.94,10,370.69
ORD-005761,2025-07-04,Middle East & Africa,Electronics,Mobile app,New,1,113.93,0,113.93
ORD-005762,2025-07-04,Asia Pacific,Home & Kitchen,Marketplace,Returning,1,105.21,5,99.95
ORD-005763,2025-07-04,Asia Pacific,Beauty,Web,New,1,28.24,5,26.83
ORD-005764,2025-07-04,North America,Apparel,Web,New,3,67.44,5,192.2
ORD-005765,2025-07-04,North America,Beauty,Mobile app,Returning,1,17.19,10,15.47
ORD-005766,2025-07-04,Middle East & Africa,Home & Kitchen,Web,New,1,68.54,0,68.54
ORD-005767,2025-07-05,Europe,Electronics,Mobile app,New,2,112.38,0,224.76
ORD-005768,2025-07-05,North America,Apparel,Mobile app,Returning,1,41.33,0,41.33
ORD-005769,2025-07-05,North America,Electronics,Mobile app,Returning,3,236.98,0,710.94
ORD-005770,2025-07-05,Latin America,Toys,Marketplace,Returning,1,33.1,0,33.1
ORD-005771,2025-07-05,Asia Pacific,Apparel,Web,Returning,4,50.47,10,181.69
ORD-005772,2025-07-05,Europe,Apparel,Mobile app,Returning,1,49.39,10,44.45
ORD-005773,2025-07-05,Asia Pacific,Electronics,Web,New,1,350.05,5,332.55
ORD-005774,2025-07-05,Europe,Sports & Outdoors,Mobile app,New,1,73.6,5,69.92
ORD-005775,2025-07-05,North America,Home & Kitchen,Mobile app,Returning,2,94.04,5,178.68
ORD-005776,2025-07-05,Asia Pacific,Sports & Outdoors,Mobile app,New,1,73.38,0,73.38
ORD-005777,2025-07-05,North America,Home & Kitchen,Web,New,3,83.37,0,250.11
ORD-005778,2025-07-05,Europe,Electronics,Marketplace,New,1,254.73,15,216.52
ORD-005779,2025-07-05,Asia Pacific,Apparel,Web,Returning,1,78.54,0,78.54
ORD-005780,2025-07-05,Latin America,Apparel,Retail partner,Returning,2,22.87,0,45.74
ORD-005781,2025-07-05,Asia Pacific,Apparel,Web,New,4,41.01,10,147.64
ORD-005782,2025-07-05,Latin America,Toys,Mobile app,Returning,1,21.79,5,20.7
ORD-005783,2025-07-05,Latin America,Beauty,Web,New,4,45.1,0,180.4
ORD-005784,2025-07-05,Europe,Electronics,Mobile app,New,1,293.96,5,279.26
ORD-005785,2025-07-05,Europe,Beauty,Marketplace,Returning,1,34.61,0,34.61
ORD-005786,2025-07-05,Asia Pacific,Apparel,Web,New,2,29,10,52.2
ORD-005787,2025-07-05,Latin America,Home & Kitchen,Web,Returning,1,64.24,5,61.03
ORD-005788,2025-07-05,North America,Home & Kitchen,Retail partner,Returning,2,43.97,0,87.94
ORD-005789,2025-07-05,North America,Home & Kitchen,Mobile app,Returning,1,57.9,0,57.9
ORD-005790,2025-07-05,Latin America,Electronics,Mobile app,Returning,2,289.91,0,579.82
ORD-005791,2025-07-05,Latin America,Home & Kitchen,Web,New,1,60.28,0,60.28
ORD-005792,2025-07-05,Asia Pacific,Beauty,Web,Returning,1,22.78,0,22.78
ORD-005793,2025-07-05,North America,Apparel,Web,Returning,1,40.58,5,38.55
ORD-005794,2025-07-05,Asia Pacific,Electronics,Web,New,2,174.58,0,349.16
ORD-005795,2025-07-05,North America,Apparel,Web,New,1,49.19,15,41.81
ORD-005796,2025-07-05,North America,Sports & Outdoors,Web,New,1,77.01,15,65.46
ORD-005797,2025-07-05,Europe,Apparel,Retail partner,Returning,1,25.87,0,25.87
ORD-005798,2025-07-05,Asia Pacific,Sports & Outdoors,Web,Returning,1,78.37,15,66.61
ORD-005799,2025-07-05,North America,Beauty,Mobile app,New,5,36.47,0,182.35
ORD-005800,2025-07-06,Europe,Beauty,Mobile app,Returning,1,14.64,10,13.18
ORD-005801,2025-07-06,Latin America,Home & Kitchen,Web,New,3,82,0,246
ORD-005802,2025-07-06,Asia Pacific,Home & Kitchen,Marketplace,New,3,110.25,0,330.75
ORD-005803,2025-07-06,Europe,Home & Kitchen,Mobile app,New,1,92.55,0,92.55
ORD-005804,2025-07-06,Europe,Electronics,Marketplace,Returning,1,256.06,0,256.06
ORD-005805,2025-07-06,Europe,Toys,Marketplace,Returning,1,35.09,0,35.09
ORD-005806,2025-07-06,Latin America,Apparel,Web,Returning,2,52.76,5,100.24
ORD-005807,2025-07-06,Europe,Home & Kitchen,Web,Returning,1,51.4,15,43.69
ORD-005808,2025-07-06,Europe,Apparel,Web,New,1,61.83,5,58.74
ORD-005809,2025-07-06,North America,Home & Kitchen,Mobile app,Returning,1,38.58,0,38.58
ORD-005810,2025-07-06,North America,Home & Kitchen,Web,Returning,3,60.82,5,173.34
ORD-005811,2025-07-06,Europe,Toys,Mobile app,New,2,34.05,5,64.69
ORD-005812,2025-07-06,Europe,Home & Kitchen,Web,Returning,2,105.32,0,210.64
ORD-005813,2025-07-06,Latin America,Apparel,Web,New,1,32.41,0,32.41
ORD-005814,2025-07-06,Europe,Apparel,Retail partner,Returning,1,51.74,15,43.98
ORD-005815,2025-07-06,Asia Pacific,Electronics,Web,Returning,2,218.52,0,437.04
ORD-005816,2025-07-06,Europe,Electronics,Web,New,2,103.02,5,195.74
ORD-005817,2025-07-06,Asia Pacific,Home & Kitchen,Web,New,1,69.93,5,66.43
ORD-005818,2025-07-06,Europe,Sports & Outdoors,Web,New,2,56.15,10,101.07
ORD-005819,2025-07-06,North America,Toys,Web,New,1,29.51,0,29.51
ORD-005820,2025-07-06,Europe,Electronics,Mobile app,New,1,184.02,0,184.02
ORD-005821,2025-07-06,Middle East & Africa,Electronics,Retail partner,New,2,175.03,0,350.06
ORD-005822,2025-07-06,North America,Apparel,Web,Returning,1,46.73,15,39.72
ORD-005823,2025-07-06,Asia Pacific,Apparel,Mobile app,Returning,1,35.56,0,35.56
ORD-005824,2025-07-06,Asia Pacific,Electronics,Web,Returning,1,203.18,0,203.18
ORD-005825,2025-07-06,Europe,Toys,Web,Returning,2,32.1,0,64.2
ORD-005826,2025-07-06,Asia Pacific,Toys,Web,New,3,55.58,0,166.74
ORD-005827,2025-07-06,Middle East & Africa,Toys,Marketplace,New,1,39.72,0,39.72
ORD-005828,2025-07-06,Latin America,Electronics,Web,New,2,235.07,0,470.14
ORD-005829,2025-07-06,Middle East & Africa,Apparel,Web,New,1,82.36,5,78.24
ORD-005830,2025-07-06,North America,Toys,Mobile app,Returning,1,33.16,0,33.16
ORD-005831,2025-07-06,Middle East & Africa,Home & Kitchen,Web,Returning,3,94.16,0,282.48
ORD-005832,2025-07-06,North America,Sports & Outdoors,Web,Returning,2,66.03,0,132.06
ORD-005833,2025-07-06,North America,Apparel,Web,Returning,1,37.87,0,37.87
ORD-005834,2025-07-06,Europe,Toys,Web,New,1,39.57,0,39.57
ORD-005835,2025-07-06,North America,Home & Kitchen,Mobile app,Returning,2,37.82,0,75.64
ORD-005836,2025-07-06,Europe,Apparel,Web,Returning,1,33.56,5,31.88
ORD-005837,2025-07-06,North America,Beauty,Mobile app,Returning,1,19.91,0,19.91
ORD-005838,2025-07-07,North America,Home & Kitchen,Web,New,1,78.94,20,63.15
ORD-005839,2025-07-07,North America,Beauty,Marketplace,New,1,13.02,0,13.02
ORD-005840,2025-07-07,North America,Beauty,Mobile app,New,2,30.83,0,61.66
ORD-005841,2025-07-07,Asia Pacific,Apparel,Mobile app,Returning,1,61.29,0,61.29
ORD-005842,2025-07-07,Middle East & Africa,Electronics,Web,New,3,210.38,0,631.14
ORD-005843,2025-07-07,North America,Home & Kitchen,Marketplace,Returning,2,58.59,5,111.32
ORD-005844,2025-07-07,Europe,Home & Kitchen,Mobile app,New,1,57.49,0,57.49
ORD-005845,2025-07-07,Europe,Apparel,Marketplace,Returning,2,44.86,10,80.75
ORD-005846,2025-07-07,Middle East & Africa,Beauty,Mobile app,New,1,50.28,5,47.77
ORD-005847,2025-07-07,Middle East & Africa,Home & Kitchen,Web,New,5,187.55,0,937.75
ORD-005848,2025-07-07,North America,Electronics,Web,New,1,107.75,0,107.75
ORD-005849,2025-07-07,Latin America,Beauty,Web,New,2,28.99,0,57.98
ORD-005850,2025-07-07,North America,Electronics,Mobile app,New,1,132.52,0,132.52
ORD-005851,2025-07-07,North America,Toys,Marketplace,Returning,1,29.95,0,29.95
ORD-005852,2025-07-07,North America,Sports & Outdoors,Mobile app,Returning,2,52.77,15,89.71
ORD-005853,2025-07-07,Middle East & Africa,Home & Kitchen,Mobile app,New,1,84.66,10,76.19
ORD-005854,2025-07-07,North America,Beauty,Marketplace,Returning,3,17.83,0,53.49
ORD-005855,2025-07-07,North America,Beauty,Retail partner,New,1,34.52,0,34.52
ORD-005856,2025-07-07,Europe,Electronics,Mobile app,Returning,1,287.12,0,287.12
ORD-005857,2025-07-07,North America,Apparel,Mobile app,New,3,42.73,0,128.19
ORD-005858,2025-07-07,Europe,Beauty,Retail partner,Returning,3,45.1,0,135.3
ORD-005859,2025-07-07,North America,Beauty,Mobile app,Returning,1,16.77,0,16.77
ORD-005860,2025-07-07,Europe,Home & Kitchen,Retail partner,New,2,71.15,0,142.3
ORD-005861,2025-07-07,Europe,Electronics,Mobile app,Returning,1,175.51,0,175.51
ORD-005862,2025-07-07,Europe,Sports & Outdoors,Retail partner,Returning,1,59.65,15,50.7
ORD-005863,2025-07-07,North America,Electronics,Mobile app,Returning,1,169.47,0,169.47
ORD-005864,2025-07-07,Europe,Sports & Outdoors,Web,Returning,1,54.03,0,54.03
ORD-005865,2025-07-07,North America,Beauty,Web,Returning,1,33.61,5,31.93
ORD-005866,2025-07-07,Asia Pacific,Apparel,Web,Returning,4,42.7,0,170.8
ORD-005867,2025-07-07,North America,Home & Kitchen,Retail partner,Returning,2,53.6,15,91.12
ORD-005868,2025-07-07,Asia Pacific,Toys,Web,Returning,1,55.54,15,47.21
ORD-005869,2025-07-07,Asia Pacific,Toys,Mobile app,Returning,2,35.63,0,71.26
ORD-005870,2025-07-07,Latin America,Home & Kitchen,Mobile app,New,3,57.57,10,155.44
ORD-005871,2025-07-08,Europe,Sports & Outdoors,Marketplace,Returning,2,110.6,10,199.08
ORD-005872,2025-07-08,Middle East & Africa,Home & Kitchen,Web,Returning,1,126.71,0,126.71
ORD-005873,2025-07-08,North America,Sports & Outdoors,Web,New,2,58.41,10,105.14
ORD-005874,2025-07-08,Latin America,Electronics,Mobile app,Returning,1,159.63,0,159.63
ORD-005875,2025-07-08,Middle East & Africa,Home & Kitchen,Mobile app,Returning,1,36.57,0,36.57
ORD-005876,2025-07-08,Europe,Electronics,Marketplace,New,1,259.41,5,246.44
ORD-005877,2025-07-08,Asia Pacific,Beauty,Web,New,2,32.86,15,55.86
ORD-005878,2025-07-08,Latin America,Electronics,Web,New,2,160.27,0,320.54
ORD-005879,2025-07-08,Middle East & Africa,Home & Kitchen,Marketplace,Returning,1,81.93,0,81.93
ORD-005880,2025-07-08,Middle East & Africa,Toys,Web,New,2,28.65,0,57.3
ORD-005881,2025-07-08,Europe,Home & Kitchen,Web,Returning,1,57.38,0,57.38
ORD-005882,2025-07-08,Middle East & Africa,Home & Kitchen,Mobile app,Returning,1,59.18,10,53.26
ORD-005883,2025-07-08,Europe,Beauty,Marketplace,Returning,3,23.54,0,70.62
ORD-005884,2025-07-08,Latin America,Electronics,Mobile app,Returning,4,196.6,0,786.4
ORD-005885,2025-07-08,North America,Apparel,Web,Returning,1,90.13,0,90.13
ORD-005886,2025-07-08,Europe,Apparel,Web,Returning,1,54.8,5,52.06
ORD-005887,2025-07-08,Europe,Sports & Outdoors,Marketplace,Returning,1,92.76,0,92.76
ORD-005888,2025-07-08,North America,Home & Kitchen,Marketplace,Returning,1,78.81,0,78.81
ORD-005889,2025-07-08,Europe,Home & Kitchen,Mobile app,Returning,2,67.26,0,134.52
ORD-005890,2025-07-08,Europe,Toys,Web,Returning,2,25.63,0,51.26
ORD-005891,2025-07-08,North America,Electronics,Mobile app,Returning,1,165.99,15,141.09
ORD-005892,2025-07-08,Europe,Beauty,Web,Returning,1,25.56,0,25.56
ORD-005893,2025-07-08,North America,Toys,Mobile app,New,2,53.87,0,107.74
ORD-005894,2025-07-08,Asia Pacific,Home & Kitchen,Retail partner,New,1,120.21,0,120.21
ORD-005895,2025-07-08,North America,Sports & Outdoors,Mobile app,Returning,4,79.75,5,303.05
ORD-005896,2025-07-08,North America,Sports & Outdoors,Web,Returning,1,122.81,20,98.25
ORD-005897,2025-07-08,Europe,Home & Kitchen,Web,New,4,67.5,0,270
ORD-005898,2025-07-08,Europe,Electronics,Web,Returning,2,182.45,0,364.9
ORD-005899,2025-07-09,Europe,Apparel,Marketplace,Returning,3,67.61,0,202.83
ORD-005900,2025-07-09,Latin America,Home & Kitchen,Web,New,3,74.71,0,224.13
ORD-005901,2025-07-09,Europe,Electronics,Retail partner,New,1,164.35,10,147.92
ORD-005902,2025-07-09,North America,Beauty,Marketplace,Returning,2,41.22,0,82.44
ORD-005903,2025-07-09,North America,Electronics,Marketplace,Returning,1,207.25,0,207.25
ORD-005904,2025-07-09,Latin America,Beauty,Web,Returning,1,14.4,0,14.4
ORD-005905,2025-07-09,Europe,Apparel,Marketplace,New,1,45.91,0,45.91
ORD-005906,2025-07-09,Asia Pacific,Toys,Mobile app,Returning,3,35.6,5,101.46
ORD-005907,2025-07-09,Middle East & Africa,Beauty,Web,Returning,2,33.25,0,66.5
ORD-005908,2025-07-09,North America,Apparel,Marketplace,Returning,1,43.12,0,43.12
ORD-005909,2025-07-09,North America,Electronics,Web,Returning,2,184.62,0,369.24
ORD-005910,2025-07-09,Middle East & Africa,Home & Kitchen,Mobile app,Returning,1,56.92,5,54.07
ORD-005911,2025-07-09,Asia Pacific,Electronics,Web,New,1,115.32,0,115.32
ORD-005912,2025-07-09,Middle East & Africa,Apparel,Web,Returning,2,36.2,10,65.16
ORD-005913,2025-07-09,Asia Pacific,Apparel,Mobile app,Returning,1,24.41,0,24.41
ORD-005914,2025-07-09,North America,Toys,Web,Returning,1,49.93,5,47.43
ORD-005915,2025-07-09,North America,Apparel,Web,Returning,1,32.81,5,31.17
ORD-005916,2025-07-09,Asia Pacific,Home & Kitchen,Web,Returning,4,64.71,0,258.84
ORD-005917,2025-07-09,Europe,Electronics,Mobile app,Returning,5,169.01,0,845.05
ORD-005918,2025-07-09,Europe,Home & Kitchen,Retail partner,Returning,2,39.08,0,78.16
ORD-005919,2025-07-10,Asia Pacific,Home & Kitchen,Web,Returning,2,87.43,0,174.86
ORD-005920,2025-07-10,Europe,Home & Kitchen,Mobile app,New,2,29.88,0,59.76
ORD-005921,2025-07-10,Latin America,Electronics,Web,New,1,232.47,0,232.47
ORD-005922,2025-07-10,North America,Apparel,Mobile app,Returning,1,51.79,20,41.43
ORD-005923,2025-07-10,North America,Electronics,Web,New,1,190.8,15,162.18
ORD-005924,2025-07-10,Europe,Home & Kitchen,Web,New,1,37.1,10,33.39
ORD-005925,2025-07-10,Europe,Toys,Mobile app,New,1,58.43,0,58.43
ORD-005926,2025-07-10,North America,Electronics,Marketplace,New,1,156.09,10,140.48
ORD-005927,2025-07-10,Latin America,Sports & Outdoors,Mobile app,Returning,2,54.23,10,97.61
ORD-005928,2025-07-10,North America,Toys,Mobile app,New,1,19.97,0,19.97
ORD-005929,2025-07-10,Asia Pacific,Sports & Outdoors,Mobile app,Returning,1,81.94,0,81.94
ORD-005930,2025-07-10,Europe,Toys,Web,Returning,1,24.89,10,22.4
ORD-005931,2025-07-10,North America,Home & Kitchen,Mobile app,Returning,1,57.02,0,57.02
ORD-005932,2025-07-10,Europe,Home & Kitchen,Mobile app,Returning,2,45.41,5,86.28
ORD-005933,2025-07-10,Asia Pacific,Home & Kitchen,Web,Returning,1,85.91,10,77.32
ORD-005934,2025-07-10,Asia Pacific,Home & Kitchen,Web,Returning,2,60.18,5,114.34
ORD-005935,2025-07-10,North America,Sports & Outdoors,Web,Returning,1,114.28,5,108.57
ORD-005936,2025-07-10,North America,Home & Kitchen,Web,Returning,1,49.72,10,44.75
ORD-005937,2025-07-10,Europe,Beauty,Mobile app,Returning,2,32.91,10,59.24
ORD-005938,2025-07-10,North America,Sports & Outdoors,Web,New,1,95.75,0,95.75
ORD-005939,2025-07-10,Asia Pacific,Apparel,Marketplace,Returning,1,78.49,0,78.49
ORD-005940,2025-07-10,Asia Pacific,Beauty,Web,Returning,2,25.07,0,50.14
ORD-005941,2025-07-10,Europe,Electronics,Retail partner,Returning,2,152.36,0,304.72
ORD-005942,2025-07-10,Asia Pacific,Toys,Web,Returning,1,25.16,0,25.16
ORD-005943,2025-07-10,North America,Beauty,Web,New,2,29.91,0,59.82
ORD-005944,2025-07-10,North America,Toys,Web,Returning,4,16.38,0,65.52
ORD-005945,2025-07-10,North America,Toys,Mobile app,Returning,1,41.49,5,39.42
ORD-005946,2025-07-10,North America,Beauty,Web,Returning,3,34.06,0,102.18
ORD-005947,2025-07-10,North America,Beauty,Mobile app,Returning,4,21.63,0,86.52
ORD-005948,2025-07-10,Middle East & Africa,Beauty,Mobile app,New,1,33.68,5,32
ORD-005949,2025-07-11,Asia Pacific,Apparel,Mobile app,New,1,47.41,0,47.41
ORD-005950,2025-07-11,Europe,Electronics,Mobile app,Returning,2,331.27,5,629.41
ORD-005951,2025-07-11,Asia Pacific,Apparel,Mobile app,New,1,36.12,0,36.12
ORD-005952,2025-07-11,Latin America,Home & Kitchen,Mobile app,Returning,2,142.92,0,285.84
ORD-005953,2025-07-11,Asia Pacific,Electronics,Mobile app,Returning,1,162.4,5,154.28
ORD-005954,2025-07-11,Latin America,Apparel,Marketplace,New,1,68.06,0,68.06
ORD-005955,2025-07-11,North America,Apparel,Marketplace,Returning,1,43.53,10,39.18
ORD-005956,2025-07-11,Asia Pacific,Beauty,Web,Returning,3,36.6,0,109.8
ORD-005957,2025-07-11,Latin America,Apparel,Marketplace,Returning,1,43.49,0,43.49
ORD-005958,2025-07-11,Asia Pacific,Electronics,Web,New,1,121.05,20,96.84
ORD-005959,2025-07-11,Asia Pacific,Home & Kitchen,Mobile app,Returning,1,45.62,0,45.62
ORD-005960,2025-07-11,Latin America,Electronics,Mobile app,Returning,4,154.67,0,618.68
ORD-005961,2025-07-11,Europe,Sports & Outdoors,Mobile app,Returning,1,86.35,5,82.03
ORD-005962,2025-07-11,North America,Apparel,Marketplace,Returning,3,42.94,0,128.82
ORD-005963,2025-07-11,Asia Pacific,Apparel,Web,Returning,1,41.4,0,41.4
ORD-005964,2025-07-11,Asia Pacific,Apparel,Web,Returning,1,38.36,0,38.36
ORD-005965,2025-07-11,Asia Pacific,Electronics,Web,Returning,1,179.38,0,179.38
ORD-005966,2025-07-11,North America,Sports & Outdoors,Web,New,3,79.21,0,237.63
ORD-005967,2025-07-11,Middle East & Africa,Electronics,Web,Returning,3,193.79,15,494.16
ORD-005968,2025-07-11,North America,Home & Kitchen,Mobile app,Returning,2,82.49,0,164.98
ORD-005969,2025-07-11,North America,Apparel,Marketplace,Returning,1,39.26,0,39.26
ORD-005970,2025-07-11,Latin America,Electronics,Web,Returning,2,159.83,5,303.68
ORD-005971,2025-07-11,Latin America,Home & Kitchen,Web,New,1,69.51,0,69.51
ORD-005972,2025-07-11,Asia Pacific,Electronics,Mobile app,New,1,229.11,0,229.11
ORD-005973,2025-07-11,Europe,Home & Kitchen,Web,New,1,84.31,0,84.31
ORD-005974,2025-07-11,Asia Pacific,Electronics,Web,New,1,378.2,15,321.47
ORD-005975,2025-07-11,Europe,Apparel,Marketplace,Returning,1,69.43,5,65.96
ORD-005976,2025-07-11,Asia Pacific,Apparel,Web,New,2,65.57,0,131.14
ORD-005977,2025-07-11,Europe,Home & Kitchen,Mobile app,New,4,170.36,0,681.44
ORD-005978,2025-07-11,Europe,Home & Kitchen,Mobile app,New,2,48.81,0,97.62
ORD-005979,2025-07-11,Europe,Apparel,Mobile app,Returning,2,99.68,10,179.42
ORD-005980,2025-07-11,North America,Electronics,Marketplace,Returning,2,418.76,0,837.52
ORD-005981,2025-07-12,Europe,Apparel,Marketplace,Returning,2,36.46,10,65.63
ORD-005982,2025-07-12,North America,Home & Kitchen,Web,New,2,71.46,0,142.92
ORD-005983,2025-07-12,Asia Pacific,Apparel,Mobile app,Returning,1,35.87,0,35.87
ORD-005984,2025-07-12,North America,Sports & Outdoors,Web,Returning,3,40.61,0,121.83
ORD-005985,2025-07-12,Europe,Home & Kitchen,Mobile app,Returning,2,68.78,10,123.8
ORD-005986,2025-07-12,North America,Beauty,Mobile app,New,1,63.13,5,59.97
ORD-005987,2025-07-12,North America,Beauty,Web,Returning,3,62.43,5,177.93
ORD-005988,2025-07-12,Asia Pacific,Apparel,Web,New,1,52.76,0,52.76
ORD-005989,2025-07-12,Europe,Beauty,Web,Returning,2,21.63,15,36.77
ORD-005990,2025-07-12,Middle East & Africa,Home & Kitchen,Web,New,2,123.94,0,247.88
ORD-005991,2025-07-12,North America,Electronics,Marketplace,Returning,1,211.68,5,201.1
ORD-005992,2025-07-12,Europe,Electronics,Mobile app,Returning,1,106.34,10,95.71
ORD-005993,2025-07-12,Latin America,Toys,Web,Returning,1,17.39,0,17.39
ORD-005994,2025-07-12,Europe,Beauty,Web,Returning,2,14.67,10,26.41
ORD-005995,2025-07-12,North America,Sports & Outdoors,Marketplace,Returning,1,59.52,0,59.52
ORD-005996,2025-07-12,Asia Pacific,Apparel,Mobile app,New,1,72.87,0,72.87
ORD-005997,2025-07-12,Asia Pacific,Toys,Web,Returning,1,85.62,0,85.62
ORD-005998,2025-07-12,North America,Electronics,Web,New,3,129.7,5,369.64
ORD-005999,2025-07-12,Asia Pacific,Electronics,Web,Returning,2,218.51,0,437.02
ORD-006000,2025-07-12,North America,Electronics,Web,New,1,181.37,0,181.37
ORD-006001,2025-07-12,North America,Apparel,Retail partner,Returning,1,31.41,0,31.41
ORD-006002,2025-07-12,North America,Beauty,Web,Returning,5,26.94,0,134.7
ORD-006003,2025-07-12,North America,Apparel,Web,Returning,4,20.78,5,78.96
ORD-006004,2025-07-12,North America,Beauty,Web,New,5,37.03,5,175.89
ORD-006005,2025-07-12,Europe,Electronics,Marketplace,Returning,1,247.02,5,234.67
ORD-006006,2025-07-12,Europe,Home & Kitchen,Web,Returning,1,22.09,0,22.09
ORD-006007,2025-07-13,Middle East & Africa,Apparel,Retail partner,Returning,1,69.93,0,69.93
ORD-006008,2025-07-13,North America,Apparel,Web,Returning,3,98.27,10,265.33
ORD-006009,2025-07-13,North America,Electronics,Marketplace,New,1,170.46,0,170.46
ORD-006010,2025-07-13,Europe,Apparel,Web,New,1,62.9,15,53.47
ORD-006011,2025-07-13,North America,Home & Kitchen,Web,New,2,59.79,20,95.66
ORD-006012,2025-07-13,Europe,Home & Kitchen,Web,Returning,1,58.67,0,58.67
ORD-006013,2025-07-13,North America,Sports & Outdoors,Mobile app,Returning,1,168.08,5,159.68
ORD-006014,2025-07-13,Latin America,Electronics,Retail partner,Returning,4,240.26,0,961.04
ORD-006015,2025-07-13,North America,Home & Kitchen,Mobile app,New,2,50.94,0,101.88
ORD-006016,2025-07-13,Latin America,Apparel,Mobile app,Returning,1,70.74,5,67.2
ORD-006017,2025-07-13,Europe,Beauty,Mobile app,Returning,3,13.72,20,32.93
ORD-006018,2025-07-13,Latin America,Beauty,Mobile app,Returning,1,33.08,5,31.43
ORD-006019,2025-07-13,Asia Pacific,Home & Kitchen,Marketplace,New,1,82.13,0,82.13
ORD-006020,2025-07-13,Latin America,Toys,Web,Returning,4,32.06,10,115.42
ORD-006021,2025-07-13,North America,Home & Kitchen,Retail partner,New,2,39.67,10,71.41
ORD-006022,2025-07-13,Middle East & Africa,Toys,Mobile app,New,3,22.26,0,66.78
ORD-006023,2025-07-13,Europe,Home & Kitchen,Mobile app,Returning,2,83.97,0,167.94
ORD-006024,2025-07-13,North America,Beauty,Web,Returning,1,48.44,0,48.44
ORD-006025,2025-07-13,North America,Sports & Outdoors,Web,Returning,2,206.56,0,413.12
ORD-006026,2025-07-13,North America,Electronics,Web,Returning,2,87.43,5,166.12
ORD-006027,2025-07-13,Europe,Sports & Outdoors,Marketplace,Returning,1,115.47,5,109.7
ORD-006028,2025-07-13,North America,Toys,Web,Returning,3,25.05,5,71.39
ORD-006029,2025-07-13,North America,Electronics,Web,Returning,2,99.27,0,198.54
ORD-006030,2025-07-13,Europe,Electronics,Marketplace,Returning,2,118.36,0,236.72
ORD-006031,2025-07-13,North America,Electronics,Marketplace,Returning,1,232.04,10,208.84
ORD-006032,2025-07-13,North America,Beauty,Mobile app,Returning,1,25.63,20,20.5
ORD-006033,2025-07-13,Europe,Toys,Retail partner,Returning,1,28.76,10,25.88
ORD-006034,2025-07-13,Middle East & Africa,Apparel,Web,Returning,1,46.85,15,39.82
ORD-006035,2025-07-13,Europe,Beauty,Mobile app,Returning,1,28.01,0,28.01
ORD-006036,2025-07-13,North America,Electronics,Web,Returning,1,133.68,0,133.68
ORD-006037,2025-07-13,Latin America,Home & Kitchen,Mobile app,Returning,1,44.71,5,42.47
ORD-006038,2025-07-13,Europe,Beauty,Web,Returning,1,29.87,5,28.38
ORD-006039,2025-07-14,Europe,Sports & Outdoors,Web,Returning,1,82.15,10,73.94
ORD-006040,2025-07-14,Europe,Electronics,Web,Returning,1,285.44,0,285.44
ORD-006041,2025-07-14,North America,Apparel,Marketplace,New,2,34.99,10,62.98
ORD-006042,2025-07-14,Latin America,Apparel,Mobile app,Returning,1,54.41,0,54.41
ORD-006043,2025-07-14,Asia Pacific,Toys,Marketplace,New,1,60.85,0,60.85
ORD-006044,2025-07-14,Europe,Electronics,Mobile app,Returning,1,190.79,5,181.25
ORD-006045,2025-07-14,North America,Beauty,Marketplace,Returning,1,21.96,5,20.86
ORD-006046,2025-07-14,Latin America,Apparel,Marketplace,Returning,2,55.89,0,111.78
ORD-006047,2025-07-14,Europe,Electronics,Mobile app,New,2,119.38,0,238.76
ORD-006048,2025-07-14,North America,Apparel,Web,Returning,1,38.66,0,38.66
ORD-006049,2025-07-14,Europe,Home & Kitchen,Web,New,1,95.69,10,86.12
ORD-006050,2025-07-14,Asia Pacific,Toys,Web,Returning,1,33.5,0,33.5
ORD-006051,2025-07-14,North America,Electronics,Web,Returning,1,158.11,5,150.2
ORD-006052,2025-07-14,North America,Apparel,Marketplace,Returning,4,40.66,0,162.64
ORD-006053,2025-07-14,North America,Electronics,Web,Returning,1,193.77,0,193.77
ORD-006054,2025-07-14,Asia Pacific,Beauty,Mobile app,New,1,38.43,0,38.43
ORD-006055,2025-07-14,Europe,Sports & Outdoors,Retail partner,Returning,1,61.56,0,61.56
ORD-006056,2025-07-14,Europe,Sports & Outdoors,Web,New,1,80.76,0,80.76
ORD-006057,2025-07-14,Europe,Sports & Outdoors,Web,New,1,55.02,5,52.27
ORD-006058,2025-07-14,North America,Sports & Outdoors,Web,Returning,1,55.06,5,52.31
ORD-006059,2025-07-14,North America,Beauty,Web,New,1,12.45,10,11.21
ORD-006060,2025-07-14,North America,Electronics,Mobile app,Returning,2,201.89,5,383.59
ORD-006061,2025-07-14,Latin America,Beauty,Web,Returning,1,14.79,0,14.79
ORD-006062,2025-07-14,Asia Pacific,Electronics,Mobile app,Returning,1,376.49,0,376.49
ORD-006063,2025-07-14,Europe,Home & Kitchen,Mobile app,Returning,1,35.34,0,35.34
ORD-006064,2025-07-14,Asia Pacific,Apparel,Web,New,2,31.17,0,62.34
ORD-006065,2025-07-14,Latin America,Home & Kitchen,Mobile app,New,2,46.38,10,83.48
ORD-006066,2025-07-14,North America,Home & Kitchen,Web,Returning,1,34.16,0,34.16
ORD-006067,2025-07-14,Latin America,Toys,Web,New,3,44.39,5,126.51
ORD-006068,2025-07-15,Asia Pacific,Electronics,Web,Returning,3,175.67,10,474.31
ORD-006069,2025-07-15,Asia Pacific,Home & Kitchen,Web,Returning,1,30.71,15,26.1
ORD-006070,2025-07-15,Middle East & Africa,Toys,Web,New,2,23.7,0,47.4
ORD-006071,2025-07-15,North America,Apparel,Web,New,2,52.24,0,104.48
ORD-006072,2025-07-15,North America,Home & Kitchen,Web,Returning,1,61.49,0,61.49
ORD-006073,2025-07-15,Latin America,Electronics,Marketplace,New,1,111.2,5,105.64
ORD-006074,2025-07-15,Latin America,Home & Kitchen,Mobile app,New,2,45.85,0,91.7
ORD-006075,2025-07-15,Europe,Beauty,Mobile app,New,1,28.56,0,28.56
ORD-006076,2025-07-15,Europe,Apparel,Mobile app,Returning,1,38.38,0,38.38
ORD-006077,2025-07-15,Asia Pacific,Home & Kitchen,Mobile app,Returning,1,28.72,0,28.72
ORD-006078,2025-07-15,North America,Home & Kitchen,Mobile app,Returning,1,76.3,15,64.85
ORD-006079,2025-07-15,Europe,Electronics,Mobile app,Returning,3,297.87,15,759.57
ORD-006080,2025-07-15,North America,Apparel,Mobile app,New,2,45.47,10,81.85
ORD-006081,2025-07-15,Europe,Apparel,Web,New,1,70.13,10,63.12
ORD-006082,2025-07-15,North America,Electronics,Mobile app,New,1,167.81,0,167.81
ORD-006083,2025-07-15,Europe,Beauty,Web,New,4,22.91,5,87.06
ORD-006084,2025-07-15,Europe,Home & Kitchen,Mobile app,New,1,54.88,5,52.14
ORD-006085,2025-07-15,Asia Pacific,Sports & Outdoors,Web,Returning,2,68.13,0,136.26
ORD-006086,2025-07-15,North America,Home & Kitchen,Retail partner,Returning,2,35.89,5,68.19
ORD-006087,2025-07-15,North America,Sports & Outdoors,Web,Returning,1,73.64,5,69.96
ORD-006088,2025-07-15,North America,Electronics,Web,New,1,109.78,0,109.78
ORD-006089,2025-07-15,Asia Pacific,Sports & Outdoors,Mobile app,Returning,1,91.74,0,91.74
ORD-006090,2025-07-15,Europe,Home & Kitchen,Web,Returning,3,136.63,0,409.89
ORD-006091,2025-07-15,Europe,Apparel,Mobile app,New,1,51.75,15,43.99
ORD-006092,2025-07-15,North America,Apparel,Mobile app,New,1,35.32,10,31.79
ORD-006093,2025-07-15,Europe,Beauty,Mobile app,Returning,2,29.03,0,58.06
ORD-006094,2025-07-15,Europe,Beauty,Web,New,4,39.29,15,133.59
ORD-006095,2025-07-15,Asia Pacific,Home & Kitchen,Retail partner,Returning,1,51.26,5,48.7
ORD-006096,2025-07-15,Europe,Beauty,Mobile app,Returning,1,33.49,0,33.49
ORD-006097,2025-07-15,North America,Apparel,Mobile app,Returning,2,43.39,0,86.78
ORD-006098,2025-07-16,Europe,Toys,Web,New,1,20.67,0,20.67
ORD-006099,2025-07-16,North America,Home & Kitchen,Web,Returning,1,65.27,0,65.27
ORD-006100,2025-07-16,Asia Pacific,Apparel,Marketplace,Returning,1,38.25,5,36.34
ORD-006101,2025-07-16,North America,Sports & Outdoors,Marketplace,Returning,1,86.94,5,82.59
ORD-006102,2025-07-16,North America,Electronics,Retail partner,New,4,342.99,0,1371.96
ORD-006103,2025-07-16,Latin America,Electronics,Mobile app,Returning,1,211.01,0,211.01
ORD-006104,2025-07-16,North America,Sports & Outdoors,Marketplace,New,1,85.18,0,85.18
ORD-006105,2025-07-16,Europe,Electronics,Mobile app,New,5,217.78,0,1088.9
ORD-006106,2025-07-16,Europe,Apparel,Mobile app,Returning,1,102.36,5,97.24
ORD-006107,2025-07-16,North America,Apparel,Retail partner,New,1,41.36,5,39.29
ORD-006108,2025-07-16,Europe,Sports & Outdoors,Mobile app,Returning,1,53.32,15,45.32
ORD-006109,2025-07-16,Europe,Home & Kitchen,Retail partner,New,1,53.36,20,42.69
ORD-006110,2025-07-16,North America,Home & Kitchen,Web,New,2,66.41,10,119.54
ORD-006111,2025-07-16,North America,Toys,Web,Returning,1,21.39,0,21.39
ORD-006112,2025-07-16,Europe,Electronics,Web,Returning,1,212.59,5,201.96
ORD-006113,2025-07-16,Latin America,Apparel,Retail partner,Returning,4,58.12,15,197.61
ORD-006114,2025-07-16,Asia Pacific,Sports & Outdoors,Retail partner,New,3,111.64,0,334.92
ORD-006115,2025-07-16,Europe,Sports & Outdoors,Web,Returning,2,47.08,0,94.16
ORD-006116,2025-07-16,Europe,Home & Kitchen,Marketplace,Returning,1,45.35,0,45.35
ORD-006117,2025-07-16,North America,Home & Kitchen,Web,New,1,39.31,15,33.41
ORD-006118,2025-07-16,Europe,Electronics,Web,New,1,248.59,5,236.16
ORD-006119,2025-07-16,North America,Apparel,Web,New,1,27.96,0,27.96
ORD-006120,2025-07-16,Europe,Apparel,Marketplace,Returning,1,43.07,5,40.92
ORD-006121,2025-07-16,North America,Beauty,Marketplace,Returning,1,21.34,5,20.27
ORD-006122,2025-07-16,Europe,Electronics,Web,Returning,1,128.77,0,128.77
ORD-006123,2025-07-16,Latin America,Apparel,Marketplace,Returning,1,35.48,10,31.93
ORD-006124,2025-07-16,Asia Pacific,Electronics,Web,New,1,223.78,0,223.78
ORD-006125,2025-07-17,Middle East & Africa,Electronics,Marketplace,New,2,322.26,5,612.29
ORD-006126,2025-07-17,Europe,Apparel,Web,Returning,1,48.56,0,48.56
ORD-006127,2025-07-17,North America,Home & Kitchen,Web,Returning,2,60.8,15,103.36
ORD-006128,2025-07-17,North America,Apparel,Web,New,1,46.67,0,46.67
ORD-006129,2025-07-17,Europe,Home & Kitchen,Web,Returning,4,44.73,5,169.97
ORD-006130,2025-07-17,Asia Pacific,Sports & Outdoors,Mobile app,Returning,3,70.72,0,212.16
ORD-006131,2025-07-17,Europe,Apparel,Mobile app,Returning,2,37.22,0,74.44
ORD-006132,2025-07-17,Middle East & Africa,Beauty,Web,New,2,40.69,10,73.24
ORD-006133,2025-07-17,Asia Pacific,Toys,Web,Returning,1,26.1,15,22.19
ORD-006134,2025-07-17,Asia Pacific,Toys,Web,New,1,46.51,5,44.18
ORD-006135,2025-07-17,Asia Pacific,Electronics,Mobile app,New,2,180.98,0,361.96
ORD-006136,2025-07-17,Europe,Electronics,Web,Returning,2,166.19,5,315.76
ORD-006137,2025-07-17,Latin America,Electronics,Marketplace,Returning,1,206.61,0,206.61
ORD-006138,2025-07-17,North America,Home & Kitchen,Marketplace,Returning,4,43.7,0,174.8
ORD-006139,2025-07-17,Europe,Beauty,Web,New,1,27.24,5,25.88
ORD-006140,2025-07-17,Middle East & Africa,Home & Kitchen,Marketplace,Returning,2,42.58,0,85.16
ORD-006141,2025-07-17,Middle East & Africa,Sports & Outdoors,Web,New,1,67.19,0,67.19
ORD-006142,2025-07-17,Asia Pacific,Apparel,Web,Returning,2,34.87,0,69.74
ORD-006143,2025-07-17,Asia Pacific,Electronics,Web,Returning,1,256.73,0,256.73
ORD-006144,2025-07-17,North America,Toys,Web,Returning,3,30.94,0,92.82
ORD-006145,2025-07-17,Latin America,Electronics,Web,New,1,149.34,0,149.34
ORD-006146,2025-07-17,North America,Apparel,Web,Returning,1,44.98,0,44.98
ORD-006147,2025-07-17,North America,Sports & Outdoors,Web,Returning,1,106.79,5,101.45
ORD-006148,2025-07-17,Europe,Sports & Outdoors,Marketplace,Returning,1,72.05,0,72.05
ORD-006149,2025-07-17,Asia Pacific,Electronics,Mobile app,New,1,217.17,5,206.31
ORD-006150,2025-07-17,North America,Apparel,Web,Returning,4,41.52,0,166.08
ORD-006151,2025-07-17,North America,Electronics,Web,Returning,2,239.82,15,407.69
ORD-006152,2025-07-17,Europe,Apparel,Mobile app,Returning,3,74.43,0,223.29
ORD-006153,2025-07-17,Europe,Sports & Outdoors,Web,New,4,75.22,0,300.88
ORD-006154,2025-07-17,Asia Pacific,Electronics,Mobile app,New,1,166.03,0,166.03
ORD-006155,2025-07-17,Middle East & Africa,Beauty,Web,Returning,1,29.7,0,29.7
ORD-006156,2025-07-17,Europe,Home & Kitchen,Retail partner,Returning,3,86.24,5,245.78
ORD-006157,2025-07-17,North America,Beauty,Web,Returning,1,31.52,0,31.52
ORD-006158,2025-07-17,Europe,Toys,Web,New,1,56.85,10,51.17
ORD-006159,2025-07-17,North America,Sports & Outdoors,Web,Returning,3,67.97,5,193.71
ORD-006160,2025-07-17,North America,Apparel,Mobile app,Returning,1,32.2,0,32.2
ORD-006161,2025-07-17,North America,Home & Kitchen,Web,New,2,46.73,0,93.46
ORD-006162,2025-07-17,Europe,Sports & Outdoors,Marketplace,Returning,3,71.82,0,215.46
ORD-006163,2025-07-17,North America,Beauty,Web,New,2,26.89,0,53.78
ORD-006164,2025-07-17,North America,Electronics,Mobile app,Returning,3,184.56,0,553.68
ORD-006165,2025-07-17,North America,Toys,Web,Returning,2,28.43,0,56.86
ORD-006166,2025-07-17,Europe,Electronics,Web,Returning,4,207.75,15,706.35
ORD-006167,2025-07-18,Europe,Home & Kitchen,Mobile app,Returning,3,42.85,5,122.12
ORD-006168,2025-07-18,Europe,Sports & Outdoors,Marketplace,Returning,5,116.38,0,581.9
ORD-006169,2025-07-18,North America,Beauty,Web,Returning,1,16.85,0,16.85
ORD-006170,2025-07-18,Asia Pacific,Beauty,Marketplace,Returning,4,41.37,5,157.21
ORD-006171,2025-07-18,Europe,Home & Kitchen,Mobile app,New,1,98.97,0,98.97
ORD-006172,2025-07-18,North America,Home & Kitchen,Web,New,1,81.33,0,81.33
ORD-006173,2025-07-18,Asia Pacific,Apparel,Web,Returning,1,87.99,0,87.99
ORD-006174,2025-07-18,Europe,Electronics,Web,Returning,2,205.5,10,369.9
ORD-006175,2025-07-18,Europe,Beauty,Web,Returning,1,18.39,5,17.47
ORD-006176,2025-07-18,Latin America,Home & Kitchen,Web,Returning,2,65.39,5,124.24
ORD-006177,2025-07-18,North America,Electronics,Web,New,2,206.48,0,412.96
ORD-006178,2025-07-18,North America,Apparel,Mobile app,Returning,2,27.4,0,54.8
ORD-006179,2025-07-18,North America,Toys,Web,New,1,41.44,15,35.22
ORD-006180,2025-07-18,Europe,Toys,Web,Returning,1,57.25,5,54.39
ORD-006181,2025-07-18,North America,Home & Kitchen,Web,New,1,67.63,0,67.63
ORD-006182,2025-07-18,North America,Sports & Outdoors,Web,New,2,71.52,10,128.74
ORD-006183,2025-07-18,Asia Pacific,Electronics,Mobile app,New,1,111.94,0,111.94
ORD-006184,2025-07-18,Europe,Toys,Web,New,4,42.19,5,160.32
ORD-006185,2025-07-18,Middle East & Africa,Electronics,Marketplace,Returning,1,148.52,5,141.09
ORD-006186,2025-07-18,Latin America,Sports & Outdoors,Retail partner,New,3,70.83,5,201.87
ORD-006187,2025-07-18,Europe,Sports & Outdoors,Marketplace,Returning,1,68.61,20,54.89
ORD-006188,2025-07-18,Middle East & Africa,Electronics,Web,New,2,219.69,0,439.38
ORD-006189,2025-07-18,Europe,Home & Kitchen,Mobile app,New,1,78.42,0,78.42
ORD-006190,2025-07-18,Europe,Electronics,Web,Returning,1,158.62,5,150.69
ORD-006191,2025-07-18,North America,Apparel,Mobile app,New,2,51.82,0,103.64
ORD-006192,2025-07-18,Asia Pacific,Apparel,Marketplace,Returning,1,75.53,5,71.75
ORD-006193,2025-07-18,Latin America,Electronics,Mobile app,Returning,2,203.91,20,326.26
ORD-006194,2025-07-18,North America,Toys,Web,New,1,26.87,15,22.84
ORD-006195,2025-07-18,Asia Pacific,Home & Kitchen,Marketplace,Returning,1,46.27,0,46.27
ORD-006196,2025-07-19,Middle East & Africa,Home & Kitchen,Web,Returning,1,55.69,0,55.69
ORD-006197,2025-07-19,Asia Pacific,Home & Kitchen,Mobile app,Returning,1,81.13,5,77.07
ORD-006198,2025-07-19,North America,Home & Kitchen,Web,New,2,59.81,0,119.62
ORD-006199,2025-07-19,North America,Beauty,Web,New,1,25.21,5,23.95
ORD-006200,2025-07-19,Europe,Beauty,Mobile app,New,1,19.77,0,19.77
ORD-006201,2025-07-19,Europe,Sports & Outdoors,Marketplace,Returning,1,85.1,15,72.33
ORD-006202,2025-07-19,Europe,Beauty,Web,New,2,33.51,5,63.67
ORD-006203,2025-07-19,North America,Apparel,Web,New,2,45.35,10,81.63
ORD-006204,2025-07-19,Europe,Electronics,Web,Returning,5,127.11,0,635.55
ORD-006205,2025-07-19,Asia Pacific,Electronics,Web,New,3,235.57,0,706.71
ORD-006206,2025-07-19,Asia Pacific,Electronics,Web,New,1,131.4,10,118.26
ORD-006207,2025-07-19,Europe,Electronics,Web,Returning,1,225.17,5,213.91
ORD-006208,2025-07-19,North America,Apparel,Mobile app,Returning,3,88.59,0,265.77
ORD-006209,2025-07-19,Asia Pacific,Beauty,Marketplace,Returning,1,38.17,10,34.35
ORD-006210,2025-07-19,North America,Apparel,Mobile app,New,1,50.69,0,50.69
ORD-006211,2025-07-19,Europe,Apparel,Web,Returning,4,48.95,10,176.22
ORD-006212,2025-07-19,Europe,Sports & Outdoors,Marketplace,Returning,2,124.36,0,248.72
ORD-006213,2025-07-19,North America,Beauty,Mobile app,New,3,18.72,0,56.16
ORD-006214,2025-07-19,North America,Home & Kitchen,Web,Returning,1,91.51,10,82.36
ORD-006215,2025-07-19,Latin America,Electronics,Web,Returning,1,156.1,0,156.1
ORD-006216,2025-07-19,Asia Pacific,Beauty,Web,Returning,1,47.31,15,40.21
ORD-006217,2025-07-19,Europe,Beauty,Web,Returning,4,13.45,5,51.11
ORD-006218,2025-07-19,North America,Home & Kitchen,Mobile app,Returning,1,86.93,5,82.58
ORD-006219,2025-07-19,North America,Electronics,Marketplace,Returning,1,162.17,5,154.06
ORD-006220,2025-07-19,North America,Electronics,Web,Returning,2,233.35,0,466.7
ORD-006221,2025-07-19,Europe,Electronics,Marketplace,New,1,197.9,0,197.9
ORD-006222,2025-07-19,North America,Apparel,Mobile app,New,1,29.36,5,27.89
ORD-006223,2025-07-19,Europe,Home & Kitchen,Marketplace,Returning,2,99.67,5,189.37
ORD-006224,2025-07-19,North America,Toys,Web,Returning,1,31.14,10,28.03
ORD-006225,2025-07-19,Europe,Sports & Outdoors,Mobile app,Returning,2,48.07,0,96.14
ORD-006226,2025-07-19,Asia Pacific,Apparel,Marketplace,New,1,29.39,0,29.39
ORD-006227,2025-07-19,North America,Sports & Outdoors,Web,New,2,59.47,0,118.94
ORD-006228,2025-07-19,North America,Home & Kitchen,Marketplace,Returning,2,74.5,0,149
ORD-006229,2025-07-20,Latin America,Electronics,Web,Returning,1,186.58,5,177.25
ORD-006230,2025-07-20,Asia Pacific,Beauty,Mobile app,Returning,1,25.74,0,25.74
ORD-006231,2025-07-20,Latin America,Electronics,Mobile app,Returning,1,232.86,0,232.86
ORD-006232,2025-07-20,North America,Apparel,Marketplace,Returning,2,37.8,15,64.26
ORD-006233,2025-07-20,North America,Sports & Outdoors,Web,New,2,75.27,0,150.54
ORD-006234,2025-07-20,Europe,Home & Kitchen,Web,Returning,1,41.82,0,41.82
ORD-006235,2025-07-20,North America,Beauty,Mobile app,Returning,1,28.37,15,24.11
ORD-006236,2025-07-20,Latin America,Electronics,Web,New,2,344.81,10,620.66
ORD-006237,2025-07-20,Europe,Apparel,Web,New,4,48.77,0,195.08
ORD-006238,2025-07-20,North America,Sports & Outdoors,Marketplace,New,2,76.67,0,153.34
ORD-006239,2025-07-20,Asia Pacific,Electronics,Marketplace,New,2,236,5,448.4
ORD-006240,2025-07-20,Asia Pacific,Sports & Outdoors,Marketplace,Returning,2,46.98,0,93.96
ORD-006241,2025-07-20,Europe,Beauty,Mobile app,Returning,3,51.17,0,153.51
ORD-006242,2025-07-20,North America,Beauty,Mobile app,Returning,1,20.71,0,20.71
ORD-006243,2025-07-20,North America,Beauty,Mobile app,Returning,1,26.05,0,26.05
ORD-006244,2025-07-20,Latin America,Sports & Outdoors,Web,Returning,1,29.64,0,29.64
ORD-006245,2025-07-20,Europe,Home & Kitchen,Mobile app,Returning,2,64.03,5,121.66
ORD-006246,2025-07-20,North America,Apparel,Mobile app,New,1,36.92,10,33.23
ORD-006247,2025-07-20,Europe,Electronics,Mobile app,Returning,1,204.41,10,183.97
ORD-006248,2025-07-20,Latin America,Apparel,Web,New,3,48.65,10,131.35
ORD-006249,2025-07-20,Europe,Toys,Web,Returning,1,26.38,0,26.38
ORD-006250,2025-07-20,Europe,Electronics,Mobile app,Returning,2,214.68,10,386.42
ORD-006251,2025-07-20,North America,Toys,Web,Returning,3,29.94,0,89.82
ORD-006252,2025-07-20,North America,Home & Kitchen,Retail partner,New,3,30.15,5,85.93
ORD-006253,2025-07-20,North America,Electronics,Mobile app,Returning,1,125.12,10,112.61
ORD-006254,2025-07-20,Asia Pacific,Beauty,Web,Returning,1,51,10,45.9
ORD-006255,2025-07-20,Asia Pacific,Apparel,Mobile app,Returning,1,60.38,0,60.38
ORD-006256,2025-07-20,North America,Toys,Marketplace,New,2,42.64,10,76.75
ORD-006257,2025-07-20,Latin America,Sports & Outdoors,Mobile app,New,1,64.44,15,54.77
ORD-006258,2025-07-20,North America,Sports & Outdoors,Web,Returning,1,57.54,5,54.66
ORD-006259,2025-07-20,Middle East & Africa,Sports & Outdoors,Marketplace,New,1,120.03,0,120.03
ORD-006260,2025-07-20,Latin America,Sports & Outdoors,Mobile app,New,1,109.08,0,109.08
ORD-006261,2025-07-21,Latin America,Electronics,Web,New,1,114.6,5,108.87
ORD-006262,2025-07-21,North America,Electronics,Marketplace,Returning,3,262.25,0,786.75
ORD-006263,2025-07-21,Latin America,Electronics,Mobile app,New,1,268.78,0,268.78
ORD-006264,2025-07-21,North America,Beauty,Mobile app,Returning,4,32.1,20,102.72
ORD-006265,2025-07-21,North America,Sports & Outdoors,Web,Returning,3,114.7,5,326.9
ORD-006266,2025-07-21,North America,Apparel,Web,New,1,28.25,20,22.6
ORD-006267,2025-07-21,Europe,Home & Kitchen,Mobile app,Returning,1,66.99,0,66.99
ORD-006268,2025-07-21,North America,Electronics,Mobile app,Returning,1,317.39,0,317.39
ORD-006269,2025-07-21,Middle East & Africa,Home & Kitchen,Marketplace,Returning,1,57.06,0,57.06
ORD-006270,2025-07-21,North America,Electronics,Web,Returning,1,206.87,15,175.84
ORD-006271,2025-07-21,Asia Pacific,Electronics,Marketplace,Returning,2,197.17,10,354.91
ORD-006272,2025-07-21,Asia Pacific,Beauty,Mobile app,New,1,32.06,0,32.06
ORD-006273,2025-07-21,North America,Home & Kitchen,Web,Returning,1,81.7,0,81.7
ORD-006274,2025-07-21,Asia Pacific,Apparel,Marketplace,New,1,32.7,0,32.7
ORD-006275,2025-07-21,North America,Toys,Marketplace,Returning,3,50.36,5,143.53
ORD-006276,2025-07-21,North America,Apparel,Web,Returning,2,84.78,0,169.56
ORD-006277,2025-07-21,Middle East & Africa,Apparel,Web,New,1,47.98,0,47.98
ORD-006278,2025-07-21,Latin America,Electronics,Mobile app,Returning,1,225.4,10,202.86
ORD-006279,2025-07-21,North America,Electronics,Web,New,1,187.43,0,187.43
ORD-006280,2025-07-21,North America,Electronics,Retail partner,Returning,3,218.91,0,656.73
ORD-006281,2025-07-21,Asia Pacific,Beauty,Marketplace,Returning,2,44.12,10,79.42
ORD-006282,2025-07-21,North America,Home & Kitchen,Mobile app,New,1,73,15,62.05
ORD-006283,2025-07-21,North America,Home & Kitchen,Web,Returning,1,99.95,0,99.95
ORD-006284,2025-07-21,North America,Beauty,Mobile app,New,4,33.14,0,132.56
ORD-006285,2025-07-21,North America,Apparel,Mobile app,New,2,26.53,0,53.06
ORD-006286,2025-07-21,North America,Apparel,Web,Returning,3,68.3,0,204.9
ORD-006287,2025-07-21,North America,Apparel,Web,Returning,5,45,0,225
ORD-006288,2025-07-21,Middle East & Africa,Toys,Web,Returning,3,31.49,0,94.47
ORD-006289,2025-07-21,Middle East & Africa,Sports & Outdoors,Mobile app,Returning,1,79.44,15,67.52
ORD-006290,2025-07-21,Middle East & Africa,Apparel,Web,Returning,1,36.61,0,36.61
ORD-006291,2025-07-21,Asia Pacific,Apparel,Web,Returning,1,46.72,0,46.72
ORD-006292,2025-07-21,North America,Sports & Outdoors,Mobile app,Returning,1,90.07,0,90.07
ORD-006293,2025-07-21,North America,Apparel,Web,Returning,5,49.7,0,248.5
ORD-006294,2025-07-21,Europe,Toys,Mobile app,Returning,1,48.09,10,43.28
ORD-006295,2025-07-21,Middle East & Africa,Electronics,Mobile app,New,1,212.65,0,212.65
ORD-006296,2025-07-21,North America,Beauty,Web,Returning,2,80.07,15,136.12
ORD-006297,2025-07-21,North America,Home & Kitchen,Marketplace,Returning,1,44.91,0,44.91
ORD-006298,2025-07-21,North America,Electronics,Retail partner,Returning,3,212.36,10,573.37
ORD-006299,2025-07-21,Asia Pacific,Apparel,Mobile app,New,1,38.54,0,38.54
ORD-006300,2025-07-21,Asia Pacific,Beauty,Mobile app,New,1,35.27,5,33.51
ORD-006301,2025-07-21,Middle East & Africa,Apparel,Mobile app,Returning,1,46.32,0,46.32
ORD-006302,2025-07-21,North America,Apparel,Marketplace,Returning,2,26.44,5,50.24
ORD-006303,2025-07-22,North America,Home & Kitchen,Mobile app,Returning,1,75.05,0,75.05
ORD-006304,2025-07-22,North America,Apparel,Web,Returning,2,34.82,0,69.64
ORD-006305,2025-07-22,Asia Pacific,Apparel,Mobile app,New,1,69.27,0,69.27
ORD-006306,2025-07-22,Europe,Home & Kitchen,Marketplace,New,3,34.27,0,102.81
ORD-006307,2025-07-22,Europe,Electronics,Marketplace,New,1,412.08,5,391.48
ORD-006308,2025-07-22,North America,Electronics,Web,Returning,1,298.62,0,298.62
ORD-006309,2025-07-22,North America,Electronics,Web,Returning,1,338.8,0,338.8
ORD-006310,2025-07-22,North America,Sports & Outdoors,Mobile app,Returning,1,124.7,5,118.47
ORD-006311,2025-07-22,Middle East & Africa,Apparel,Mobile app,New,3,74.81,10,201.99
ORD-006312,2025-07-22,North America,Apparel,Mobile app,New,5,31.71,15,134.77
ORD-006313,2025-07-22,North America,Toys,Web,New,2,52.86,0,105.72
ORD-006314,2025-07-22,Europe,Toys,Web,New,3,16.22,5,46.23
ORD-006315,2025-07-22,Europe,Toys,Mobile app,Returning,1,22.94,5,21.79
ORD-006316,2025-07-22,Middle East & Africa,Electronics,Web,Returning,1,143.25,0,143.25
ORD-006317,2025-07-22,Europe,Apparel,Retail partner,Returning,1,51.61,10,46.45
ORD-006318,2025-07-22,Asia Pacific,Electronics,Mobile app,Returning,1,197.65,5,187.77
ORD-006319,2025-07-22,Asia Pacific,Electronics,Mobile app,Returning,1,153.49,0,153.49
ORD-006320,2025-07-22,Europe,Sports & Outdoors,Web,Returning,1,79.85,0,79.85
ORD-006321,2025-07-22,Europe,Electronics,Mobile app,New,1,158.3,0,158.3
ORD-006322,2025-07-22,Latin America,Electronics,Mobile app,Returning,2,197.77,0,395.54
ORD-006323,2025-07-22,North America,Sports & Outdoors,Mobile app,New,4,70.56,5,268.13
ORD-006324,2025-07-22,Middle East & Africa,Home & Kitchen,Web,New,1,32.14,10,28.93
ORD-006325,2025-07-22,North America,Electronics,Mobile app,New,2,185.82,0,371.64
ORD-006326,2025-07-22,Asia Pacific,Electronics,Web,Returning,2,174.13,0,348.26
ORD-006327,2025-07-22,North America,Toys,Retail partner,New,1,54.66,0,54.66
ORD-006328,2025-07-22,Latin America,Electronics,Mobile app,Returning,1,313.34,5,297.67
ORD-006329,2025-07-22,Latin America,Home & Kitchen,Web,Returning,1,50.94,0,50.94
ORD-006330,2025-07-22,Asia Pacific,Electronics,Mobile app,Returning,2,165.76,10,298.37
ORD-006331,2025-07-23,Europe,Home & Kitchen,Marketplace,New,1,31.36,0,31.36
ORD-006332,2025-07-23,Asia Pacific,Electronics,Marketplace,New,5,168.15,0,840.75
ORD-006333,2025-07-23,North America,Apparel,Web,Returning,3,45.53,0,136.59
ORD-006334,2025-07-23,North America,Beauty,Web,New,1,20.75,0,20.75
ORD-006335,2025-07-23,Latin America,Apparel,Web,Returning,2,57.19,5,108.66
ORD-006336,2025-07-23,Europe,Home & Kitchen,Web,New,1,60.96,5,57.91
ORD-006337,2025-07-23,Middle East & Africa,Sports & Outdoors,Marketplace,Returning,5,123.29,20,493.16
ORD-006338,2025-07-23,Europe,Home & Kitchen,Web,New,3,76.66,0,229.98
ORD-006339,2025-07-23,Asia Pacific,Apparel,Web,New,1,55.35,5,52.58
ORD-006340,2025-07-23,North America,Apparel,Mobile app,New,1,46.27,10,41.64
ORD-006341,2025-07-23,North America,Electronics,Web,New,1,122.07,0,122.07
ORD-006342,2025-07-23,Europe,Apparel,Marketplace,Returning,4,73.44,20,235.01
ORD-006343,2025-07-23,Europe,Beauty,Retail partner,Returning,1,33.9,0,33.9
ORD-006344,2025-07-23,Asia Pacific,Home & Kitchen,Retail partner,Returning,1,124.5,10,112.05
ORD-006345,2025-07-23,Europe,Sports & Outdoors,Mobile app,Returning,1,50.43,10,45.39
ORD-006346,2025-07-23,Middle East & Africa,Sports & Outdoors,Web,New,2,152.89,0,305.78
ORD-006347,2025-07-23,North America,Electronics,Mobile app,Returning,4,220.09,0,880.36
ORD-006348,2025-07-23,North America,Home & Kitchen,Web,Returning,1,39.89,0,39.89
ORD-006349,2025-07-23,North America,Electronics,Marketplace,Returning,4,176.99,10,637.16
ORD-006350,2025-07-23,North America,Home & Kitchen,Marketplace,Returning,2,49.83,0,99.66
ORD-006351,2025-07-23,Europe,Apparel,Web,Returning,2,24.52,10,44.14
ORD-006352,2025-07-23,Asia Pacific,Sports & Outdoors,Marketplace,New,4,50.43,0,201.72
ORD-006353,2025-07-23,Middle East & Africa,Home & Kitchen,Marketplace,New,1,35.32,5,33.55
ORD-006354,2025-07-23,Europe,Home & Kitchen,Web,Returning,1,37.09,0,37.09
ORD-006355,2025-07-23,North America,Beauty,Mobile app,New,1,24.82,0,24.82
ORD-006356,2025-07-23,North America,Apparel,Web,New,4,34.71,0,138.84
ORD-006357,2025-07-23,North America,Beauty,Mobile app,Returning,2,14.05,5,26.7
ORD-006358,2025-07-23,Asia Pacific,Apparel,Mobile app,Returning,3,39.58,0,118.74
ORD-006359,2025-07-23,Middle East & Africa,Beauty,Retail partner,Returning,1,13.58,0,13.58
ORD-006360,2025-07-23,Asia Pacific,Toys,Web,Returning,2,27.49,10,49.48
ORD-006361,2025-07-24,Europe,Home & Kitchen,Mobile app,New,2,80.65,0,161.3
ORD-006362,2025-07-24,Asia Pacific,Beauty,Web,New,1,20.3,0,20.3
ORD-006363,2025-07-24,Asia Pacific,Sports & Outdoors,Web,Returning,1,74.69,0,74.69
ORD-006364,2025-07-24,Europe,Electronics,Web,New,1,170.26,0,170.26
ORD-006365,2025-07-24,North America,Apparel,Web,Returning,1,51.33,0,51.33
ORD-006366,2025-07-24,North America,Beauty,Web,Returning,2,19.63,0,39.26
ORD-006367,2025-07-24,Middle East & Africa,Sports & Outdoors,Web,Returning,3,39.51,10,106.68
ORD-006368,2025-07-24,Asia Pacific,Electronics,Web,Returning,3,155.34,10,419.42
ORD-006369,2025-07-24,Asia Pacific,Electronics,Web,New,1,215.73,0,215.73
ORD-006370,2025-07-24,Latin America,Sports & Outdoors,Web,New,2,73.36,5,139.38
ORD-006371,2025-07-24,Europe,Apparel,Web,Returning,4,34.2,0,136.8
ORD-006372,2025-07-24,North America,Sports & Outdoors,Web,New,1,51.34,0,51.34
ORD-006373,2025-07-24,Asia Pacific,Apparel,Web,New,1,25.32,5,24.05
ORD-006374,2025-07-24,North America,Toys,Mobile app,New,1,34.89,10,31.4
ORD-006375,2025-07-24,Asia Pacific,Sports & Outdoors,Web,New,1,88.81,10,79.93
ORD-006376,2025-07-24,Latin America,Beauty,Mobile app,New,1,29.9,0,29.9
ORD-006377,2025-07-24,Asia Pacific,Electronics,Web,New,1,212.5,0,212.5
ORD-006378,2025-07-24,Middle East & Africa,Sports & Outdoors,Web,Returning,2,101.83,0,203.66
ORD-006379,2025-07-24,Asia Pacific,Apparel,Mobile app,Returning,2,33.09,10,59.56
ORD-006380,2025-07-24,North America,Beauty,Web,New,2,36.93,5,70.17
ORD-006381,2025-07-24,North America,Electronics,Web,Returning,1,195.64,0,195.64
ORD-006382,2025-07-24,Latin America,Electronics,Mobile app,New,1,263.87,0,263.87
ORD-006383,2025-07-24,Europe,Apparel,Mobile app,Returning,1,51,0,51
ORD-006384,2025-07-24,North America,Home & Kitchen,Web,New,3,42.07,5,119.9
ORD-006385,2025-07-24,North America,Home & Kitchen,Marketplace,Returning,3,57.67,0,173.01
ORD-006386,2025-07-24,North America,Sports & Outdoors,Retail partner,Returning,1,68.51,5,65.08
ORD-006387,2025-07-24,Europe,Electronics,Web,New,1,173.1,0,173.1
ORD-006388,2025-07-24,Latin America,Beauty,Web,Returning,1,18.61,0,18.61
ORD-006389,2025-07-24,Latin America,Sports & Outdoors,Web,Returning,1,47.05,0,47.05
ORD-006390,2025-07-25,Europe,Home & Kitchen,Web,Returning,1,58.16,0,58.16
ORD-006391,2025-07-25,North America,Electronics,Web,Returning,1,167.36,0,167.36
ORD-006392,2025-07-25,North America,Sports & Outdoors,Web,Returning,1,93.23,0,93.23
ORD-006393,2025-07-25,Europe,Toys,Web,New,1,71.79,0,71.79
ORD-006394,2025-07-25,Asia Pacific,Apparel,Mobile app,Returning,1,10.56,10,9.5
ORD-006395,2025-07-25,Asia Pacific,Home & Kitchen,Web,Returning,1,55.44,0,55.44
ORD-006396,2025-07-25,Asia Pacific,Beauty,Retail partner,Returning,1,55.93,20,44.74
ORD-006397,2025-07-25,Asia Pacific,Electronics,Web,Returning,2,141.82,5,269.46
ORD-006398,2025-07-25,Asia Pacific,Sports & Outdoors,Marketplace,New,4,85.5,15,290.7
ORD-006399,2025-07-25,North America,Sports & Outdoors,Mobile app,New,1,80.94,0,80.94
ORD-006400,2025-07-25,North America,Sports & Outdoors,Mobile app,New,1,62.24,10,56.02
ORD-006401,2025-07-25,Europe,Apparel,Web,Returning,2,83.89,10,151
ORD-006402,2025-07-25,North America,Home & Kitchen,Mobile app,New,1,98.27,0,98.27
ORD-006403,2025-07-25,North America,Toys,Marketplace,Returning,2,22.87,5,43.45
ORD-006404,2025-07-25,North America,Electronics,Mobile app,New,1,116.96,0,116.96
ORD-006405,2025-07-25,Europe,Home & Kitchen,Mobile app,New,1,51.79,0,51.79
ORD-006406,2025-07-25,North America,Home & Kitchen,Mobile app,Returning,1,69.57,0,69.57
ORD-006407,2025-07-25,North America,Home & Kitchen,Web,New,1,63.87,0,63.87
ORD-006408,2025-07-25,Latin America,Home & Kitchen,Retail partner,New,3,71.69,10,193.56
ORD-006409,2025-07-25,Latin America,Electronics,Web,Returning,2,144.33,0,288.66
ORD-006410,2025-07-25,North America,Toys,Web,New,1,38.05,0,38.05
ORD-006411,2025-07-25,Latin America,Electronics,Web,Returning,3,101.99,5,290.67
ORD-006412,2025-07-25,Europe,Beauty,Marketplace,New,2,25.97,0,51.94
ORD-006413,2025-07-25,North America,Toys,Web,New,1,28.56,10,25.7
ORD-006414,2025-07-25,North America,Beauty,Mobile app,New,1,40,0,40
ORD-006415,2025-07-25,Latin America,Apparel,Retail partner,Returning,1,55,0,55
ORD-006416,2025-07-25,Latin America,Home & Kitchen,Web,New,2,48.37,0,96.74
ORD-006417,2025-07-25,Asia Pacific,Apparel,Marketplace,Returning,2,40.61,0,81.22
ORD-006418,2025-07-25,Europe,Home & Kitchen,Web,New,1,71.22,5,67.66
ORD-006419,2025-07-25,Asia Pacific,Electronics,Mobile app,Returning,1,305.75,0,305.75
ORD-006420,2025-07-25,Asia Pacific,Apparel,Mobile app,Returning,2,33.59,0,67.18
ORD-006421,2025-07-25,North America,Home & Kitchen,Retail partner,New,1,117.7,0,117.7
ORD-006422,2025-07-26,Middle East & Africa,Electronics,Web,New,2,219.08,0,438.16
ORD-006423,2025-07-26,Europe,Beauty,Mobile app,Returning,1,54.75,0,54.75
ORD-006424,2025-07-26,Asia Pacific,Electronics,Mobile app,Returning,1,175.45,10,157.91
ORD-006425,2025-07-26,North America,Beauty,Web,Returning,1,18.05,0,18.05
ORD-006426,2025-07-26,Europe,Beauty,Mobile app,Returning,1,18.99,5,18.04
ORD-006427,2025-07-26,Europe,Sports & Outdoors,Mobile app,New,1,76.14,0,76.14
ORD-006428,2025-07-26,Latin America,Electronics,Mobile app,Returning,1,97.6,0,97.6
ORD-006429,2025-07-26,Asia Pacific,Apparel,Web,Returning,1,56.93,5,54.08
ORD-006430,2025-07-26,Europe,Electronics,Web,New,3,324.92,0,974.76
ORD-006431,2025-07-26,Asia Pacific,Apparel,Mobile app,New,4,52.97,0,211.88
ORD-006432,2025-07-26,North America,Home & Kitchen,Web,New,3,40.95,15,104.42
ORD-006433,2025-07-26,Asia Pacific,Beauty,Retail partner,New,1,39.32,10,35.39
ORD-006434,2025-07-26,Europe,Apparel,Mobile app,Returning,1,37.62,0,37.62
ORD-006435,2025-07-26,Asia Pacific,Electronics,Web,New,2,397.22,0,794.44
ORD-006436,2025-07-26,North America,Electronics,Marketplace,New,1,129.42,5,122.95
ORD-006437,2025-07-26,North America,Home & Kitchen,Marketplace,Returning,1,103.17,10,92.85
ORD-006438,2025-07-26,Asia Pacific,Electronics,Web,New,2,229.43,10,412.97
ORD-006439,2025-07-26,North America,Toys,Mobile app,Returning,3,15.41,0,46.23
ORD-006440,2025-07-26,Europe,Beauty,Web,Returning,1,27.64,0,27.64
ORD-006441,2025-07-26,Asia Pacific,Electronics,Mobile app,New,1,252.79,10,227.51
ORD-006442,2025-07-26,Latin America,Apparel,Web,New,2,48.38,5,91.92
ORD-006443,2025-07-26,Europe,Electronics,Retail partner,Returning,1,140.07,15,119.06
ORD-006444,2025-07-26,Europe,Electronics,Web,New,1,218.49,5,207.57
ORD-006445,2025-07-26,North America,Apparel,Marketplace,New,1,53.96,0,53.96
ORD-006446,2025-07-26,Asia Pacific,Apparel,Web,New,1,34.31,15,29.16
ORD-006447,2025-07-26,Europe,Apparel,Web,Returning,2,35.51,15,60.37
ORD-006448,2025-07-26,Europe,Beauty,Web,Returning,1,30.91,0,30.91
ORD-006449,2025-07-26,Europe,Electronics,Mobile app,New,1,176.72,20,141.38
ORD-006450,2025-07-26,North America,Toys,Web,New,3,33.99,5,96.87
ORD-006451,2025-07-26,Latin America,Electronics,Mobile app,Returning,1,272.84,0,272.84
ORD-006452,2025-07-26,Europe,Home & Kitchen,Mobile app,New,1,64.65,20,51.72
ORD-006453,2025-07-26,Europe,Beauty,Web,New,1,20.02,5,19.02
ORD-006454,2025-07-26,Latin America,Home & Kitchen,Mobile app,Returning,1,53.22,10,47.9
ORD-006455,2025-07-26,Latin America,Beauty,Marketplace,Returning,2,43.84,20,70.14
ORD-006456,2025-07-26,North America,Apparel,Mobile app,Returning,3,25.5,0,76.5
ORD-006457,2025-07-26,Europe,Sports & Outdoors,Mobile app,New,4,65.56,10,236.02
ORD-006458,2025-07-26,Asia Pacific,Electronics,Web,Returning,1,135.3,0,135.3
ORD-006459,2025-07-26,Middle East & Africa,Electronics,Mobile app,Returning,1,341.07,10,306.96
ORD-006460,2025-07-26,Asia Pacific,Home & Kitchen,Mobile app,New,3,67.52,10,182.3
ORD-006461,2025-07-26,North America,Home & Kitchen,Mobile app,Returning,1,75.92,0,75.92
ORD-006462,2025-07-26,Asia Pacific,Electronics,Web,Returning,1,462.89,0,462.89
ORD-006463,2025-07-26,Europe,Home & Kitchen,Web,Returning,1,85.5,5,81.22
ORD-006464,2025-07-26,Asia Pacific,Home & Kitchen,Web,Returning,4,96.58,0,386.32
ORD-006465,2025-07-26,Asia Pacific,Sports & Outdoors,Mobile app,Returning,1,64.03,0,64.03
ORD-006466,2025-07-26,North America,Home & Kitchen,Web,New,2,44.53,5,84.61
ORD-006467,2025-07-26,Asia Pacific,Beauty,Mobile app,Returning,1,21.28,20,17.02
ORD-006468,2025-07-26,North America,Sports & Outdoors,Marketplace,New,1,86.04,5,81.74
ORD-006469,2025-07-26,Latin America,Home & Kitchen,Mobile app,New,1,36.11,10,32.5
ORD-006470,2025-07-27,Europe,Apparel,Mobile app,Returning,1,46.69,15,39.69
ORD-006471,2025-07-27,Latin America,Beauty,Mobile app,Returning,1,24.81,0,24.81
ORD-006472,2025-07-27,North America,Home & Kitchen,Retail partner,New,3,65.41,0,196.23
ORD-006473,2025-07-27,Latin America,Apparel,Web,Returning,2,39.76,10,71.57
ORD-006474,2025-07-27,Europe,Beauty,Web,New,1,26.03,0,26.03
ORD-006475,2025-07-27,Asia Pacific,Home & Kitchen,Mobile app,New,2,43.59,15,74.1
ORD-006476,2025-07-27,North America,Home & Kitchen,Mobile app,Returning,4,90.04,5,342.15
ORD-006477,2025-07-27,Europe,Home & Kitchen,Mobile app,New,3,79.42,0,238.26
ORD-006478,2025-07-27,Asia Pacific,Electronics,Marketplace,New,1,134.15,0,134.15
ORD-006479,2025-07-27,North America,Sports & Outdoors,Marketplace,Returning,1,63.53,0,63.53
ORD-006480,2025-07-27,Middle East & Africa,Electronics,Web,Returning,1,318.06,5,302.16
ORD-006481,2025-07-27,Europe,Home & Kitchen,Retail partner,Returning,3,55.94,15,142.65
ORD-006482,2025-07-27,Asia Pacific,Electronics,Mobile app,Returning,3,183.81,5,523.86
ORD-006483,2025-07-27,Asia Pacific,Electronics,Web,Returning,4,132.97,0,531.88
ORD-006484,2025-07-27,North America,Home & Kitchen,Mobile app,Returning,4,51.63,10,185.87
ORD-006485,2025-07-27,North America,Beauty,Web,New,1,23,0,23
ORD-006486,2025-07-27,Asia Pacific,Electronics,Web,Returning,3,191.26,20,459.02
ORD-006487,2025-07-27,Europe,Home & Kitchen,Web,Returning,1,56.55,0,56.55
ORD-006488,2025-07-27,Europe,Electronics,Marketplace,Returning,2,289.59,10,521.26
ORD-006489,2025-07-27,Europe,Electronics,Web,New,1,258.48,5,245.56
ORD-006490,2025-07-27,Europe,Toys,Mobile app,Returning,1,38.22,0,38.22
ORD-006491,2025-07-27,North America,Sports & Outdoors,Web,Returning,3,65.13,0,195.39
ORD-006492,2025-07-27,Asia Pacific,Home & Kitchen,Web,Returning,2,70.31,0,140.62
ORD-006493,2025-07-27,Middle East & Africa,Home & Kitchen,Web,Returning,3,162.53,0,487.59
ORD-006494,2025-07-27,Middle East & Africa,Home & Kitchen,Mobile app,New,3,46.17,0,138.51
ORD-006495,2025-07-27,Latin America,Sports & Outdoors,Mobile app,Returning,3,72.06,15,183.75
ORD-006496,2025-07-27,Asia Pacific,Sports & Outdoors,Web,Returning,2,58.71,0,117.42
ORD-006497,2025-07-27,Europe,Home & Kitchen,Web,Returning,1,66.36,0,66.36
ORD-006498,2025-07-27,Europe,Beauty,Web,Returning,3,8.88,0,26.64
ORD-006499,2025-07-27,North America,Home & Kitchen,Web,New,1,65.47,0,65.47
ORD-006500,2025-07-27,Europe,Electronics,Mobile app,Returning,1,243.25,10,218.93
ORD-006501,2025-07-27,North America,Sports & Outdoors,Mobile app,New,1,72.55,5,68.92
ORD-006502,2025-07-27,Asia Pacific,Sports & Outdoors,Mobile app,New,1,59.5,10,53.55
ORD-006503,2025-07-27,North America,Sports & Outdoors,Web,Returning,2,47.14,0,94.28
ORD-006504,2025-07-27,Asia Pacific,Sports & Outdoors,Web,Returning,1,68.95,20,55.16
ORD-006505,2025-07-27,Asia Pacific,Home & Kitchen,Web,New,5,60.58,0,302.9
ORD-006506,2025-07-27,Asia Pacific,Beauty,Mobile app,New,1,23.29,10,20.96
ORD-006507,2025-07-27,Europe,Home & Kitchen,Retail partner,Returning,2,71.36,5,135.58
ORD-006508,2025-07-27,Asia Pacific,Apparel,Marketplace,New,1,40.15,5,38.14
ORD-006509,2025-07-27,North America,Home & Kitchen,Marketplace,Returning,2,77.7,5,147.63
ORD-006510,2025-07-27,North America,Apparel,Mobile app,New,1,35.16,0,35.16
ORD-006511,2025-07-27,North America,Sports & Outdoors,Web,New,1,53.42,15,45.41
ORD-006512,2025-07-28,North America,Electronics,Web,Returning,4,142.97,0,571.88
ORD-006513,2025-07-28,Europe,Sports & Outdoors,Web,Returning,1,75.19,0,75.19
ORD-006514,2025-07-28,Europe,Apparel,Web,Returning,2,43.25,15,73.52
ORD-006515,2025-07-28,North America,Apparel,Mobile app,Returning,2,62.61,0,125.22
ORD-006516,2025-07-28,Asia Pacific,Electronics,Mobile app,New,1,262.97,0,262.97
ORD-006517,2025-07-28,Europe,Home & Kitchen,Mobile app,New,1,57.77,5,54.88
ORD-006518,2025-07-28,Latin America,Beauty,Web,New,2,60.46,0,120.92
ORD-006519,2025-07-28,Latin America,Electronics,Retail partner,New,1,148.9,0,148.9
ORD-006520,2025-07-28,Asia Pacific,Sports & Outdoors,Web,New,1,175.5,15,149.17
ORD-006521,2025-07-28,North America,Home & Kitchen,Web,New,2,42.9,10,77.22
ORD-006522,2025-07-28,Middle East & Africa,Toys,Web,Returning,1,29.47,10,26.52
ORD-006523,2025-07-28,Europe,Electronics,Web,New,4,187.66,0,750.64
ORD-006524,2025-07-28,Europe,Beauty,Web,Returning,3,17.87,5,50.93
ORD-006525,2025-07-28,North America,Electronics,Marketplace,Returning,1,134,0,134
ORD-006526,2025-07-28,Asia Pacific,Apparel,Marketplace,Returning,1,35.9,0,35.9
ORD-006527,2025-07-28,Latin America,Electronics,Web,Returning,2,101.46,0,202.92
ORD-006528,2025-07-28,North America,Apparel,Retail partner,Returning,2,55.56,0,111.12
ORD-006529,2025-07-28,Asia Pacific,Home & Kitchen,Mobile app,Returning,2,43.42,0,86.84
ORD-006530,2025-07-28,North America,Electronics,Web,Returning,3,133.07,0,399.21
ORD-006531,2025-07-28,Asia Pacific,Electronics,Mobile app,Returning,1,238.8,0,238.8
ORD-006532,2025-07-28,Europe,Home & Kitchen,Mobile app,Returning,1,83.74,10,75.37
ORD-006533,2025-07-28,Asia Pacific,Home & Kitchen,Mobile app,Returning,1,79.19,0,79.19
ORD-006534,2025-07-28,Europe,Apparel,Web,Returning,1,38.52,15,32.74
ORD-006535,2025-07-28,Europe,Beauty,Web,Returning,3,20.8,5,59.28
ORD-006536,2025-07-28,North America,Apparel,Mobile app,Returning,1,36.92,0,36.92
ORD-006537,2025-07-28,Europe,Home & Kitchen,Web,New,3,73.71,0,221.13
ORD-006538,2025-07-28,Asia Pacific,Electronics,Web,Returning,3,243.28,0,729.84
ORD-006539,2025-07-28,Europe,Apparel,Web,New,1,53.17,0,53.17
ORD-006540,2025-07-28,Asia Pacific,Toys,Web,Returning,2,21.54,0,43.08
ORD-006541,2025-07-28,North America,Sports & Outdoors,Mobile app,Returning,1,88.09,0,88.09
ORD-006542,2025-07-29,Asia Pacific,Apparel,Web,Returning,1,44.13,0,44.13
ORD-006543,2025-07-29,North America,Home & Kitchen,Mobile app,Returning,1,57.6,0,57.6
ORD-006544,2025-07-29,Latin America,Apparel,Web,Returning,1,51.78,0,51.78
ORD-006545,2025-07-29,Asia Pacific,Beauty,Web,Returning,1,45.75,20,36.6
ORD-006546,2025-07-29,North America,Home & Kitchen,Mobile app,New,1,27.18,0,27.18
ORD-006547,2025-07-29,Europe,Electronics,Marketplace,New,2,205.02,0,410.04
ORD-006548,2025-07-29,Europe,Home & Kitchen,Web,Returning,1,58.03,5,55.13
ORD-006549,2025-07-29,Latin America,Sports & Outdoors,Web,New,1,85.14,10,76.63
ORD-006550,2025-07-29,Europe,Beauty,Web,Returning,1,12.31,0,12.31
ORD-006551,2025-07-29,North America,Toys,Web,New,1,24.79,5,23.55
ORD-006552,2025-07-29,Europe,Home & Kitchen,Web,New,1,75.4,0,75.4
ORD-006553,2025-07-29,Europe,Toys,Web,Returning,5,41.92,5,199.12
ORD-006554,2025-07-29,Europe,Electronics,Retail partner,Returning,2,294.96,15,501.43
ORD-006555,2025-07-29,Asia Pacific,Beauty,Web,Returning,3,16.15,20,38.76
ORD-006556,2025-07-29,North America,Electronics,Mobile app,Returning,2,208.88,5,396.87
ORD-006557,2025-07-29,Europe,Home & Kitchen,Web,Returning,2,30.6,0,61.2
ORD-006558,2025-07-29,Europe,Home & Kitchen,Marketplace,Returning,1,55.9,0,55.9
ORD-006559,2025-07-29,Asia Pacific,Beauty,Web,Returning,2,30.84,0,61.68
ORD-006560,2025-07-29,Europe,Sports & Outdoors,Web,New,1,85.54,0,85.54
ORD-006561,2025-07-29,Europe,Apparel,Web,Returning,2,48.17,0,96.34
ORD-006562,2025-07-29,Europe,Beauty,Mobile app,Returning,5,13.81,5,65.6
ORD-006563,2025-07-29,North America,Electronics,Web,Returning,2,83.21,0,166.42
ORD-006564,2025-07-29,Latin America,Electronics,Web,Returning,1,154.38,0,154.38
ORD-006565,2025-07-29,North America,Electronics,Marketplace,Returning,4,135.94,0,543.76
ORD-006566,2025-07-29,Latin America,Electronics,Mobile app,New,1,295.15,0,295.15
ORD-006567,2025-07-29,Europe,Apparel,Web,Returning,1,42.89,0,42.89
ORD-006568,2025-07-29,North America,Electronics,Web,Returning,5,177.7,10,799.65
ORD-006569,2025-07-29,Asia Pacific,Sports & Outdoors,Web,New,1,38.96,5,37.01
ORD-006570,2025-07-29,North America,Apparel,Mobile app,Returning,1,28.29,0,28.29
ORD-006571,2025-07-29,Latin America,Home & Kitchen,Mobile app,Returning,1,66.9,0,66.9
ORD-006572,2025-07-29,Europe,Electronics,Web,New,1,162.33,0,162.33
ORD-006573,2025-07-29,North America,Electronics,Web,Returning,2,392.14,0,784.28
ORD-006574,2025-07-29,North America,Electronics,Web,Returning,2,154.11,5,292.81
ORD-006575,2025-07-29,Europe,Electronics,Mobile app,Returning,1,131.91,0,131.91
ORD-006576,2025-07-29,North America,Home & Kitchen,Web,New,1,74.23,0,74.23
ORD-006577,2025-07-30,Latin America,Beauty,Mobile app,Returning,3,32.02,0,96.06
ORD-006578,2025-07-30,Europe,Electronics,Web,Returning,1,117.32,15,99.72
ORD-006579,2025-07-30,North America,Electronics,Web,Returning,1,179.91,20,143.93
ORD-006580,2025-07-30,Asia Pacific,Apparel,Mobile app,New,1,42.31,0,42.31
ORD-006581,2025-07-30,Europe,Beauty,Retail partner,Returning,1,24.13,0,24.13
ORD-006582,2025-07-30,North America,Beauty,Web,Returning,5,13.78,15,58.56
ORD-006583,2025-07-30,Asia Pacific,Electronics,Marketplace,Returning,1,180.29,0,180.29
ORD-006584,2025-07-30,Asia Pacific,Beauty,Web,New,1,18.17,0,18.17
ORD-006585,2025-07-30,North America,Home & Kitchen,Web,New,1,37.55,0,37.55
ORD-006586,2025-07-30,Europe,Apparel,Web,Returning,2,35.13,5,66.75
ORD-006587,2025-07-30,North America,Apparel,Web,Returning,2,33.93,0,67.86
ORD-006588,2025-07-30,North America,Beauty,Marketplace,Returning,1,37.74,0,37.74
ORD-006589,2025-07-30,Asia Pacific,Toys,Web,Returning,1,48.33,0,48.33
ORD-006590,2025-07-30,Latin America,Home & Kitchen,Mobile app,New,5,54.83,10,246.74
ORD-006591,2025-07-30,Asia Pacific,Toys,Mobile app,Returning,4,30.82,15,104.79
ORD-006592,2025-07-30,Europe,Beauty,Web,Returning,2,17.09,0,34.18
ORD-006593,2025-07-30,Europe,Apparel,Web,Returning,1,32.78,5,31.14
ORD-006594,2025-07-30,North America,Home & Kitchen,Web,Returning,1,86.88,0,86.88
ORD-006595,2025-07-30,Asia Pacific,Apparel,Mobile app,Returning,1,54.59,15,46.4
ORD-006596,2025-07-30,Europe,Sports & Outdoors,Retail partner,New,1,75.85,0,75.85
ORD-006597,2025-07-30,North America,Beauty,Web,Returning,1,23.84,0,23.84
ORD-006598,2025-07-30,North America,Electronics,Web,New,1,174.02,0,174.02
ORD-006599,2025-07-30,Europe,Apparel,Web,New,1,51.22,0,51.22
ORD-006600,2025-07-30,Europe,Toys,Web,New,1,46.01,0,46.01
ORD-006601,2025-07-30,Europe,Electronics,Retail partner,Returning,1,153.63,10,138.27
ORD-006602,2025-07-30,Asia Pacific,Electronics,Marketplace,Returning,1,163.02,0,163.02
ORD-006603,2025-07-30,North America,Home & Kitchen,Mobile app,Returning,2,68.48,0,136.96
ORD-006604,2025-07-30,Europe,Toys,Retail partner,New,2,33.18,5,63.04
ORD-006605,2025-07-30,Europe,Apparel,Retail partner,Returning,4,44.46,5,168.95
ORD-006606,2025-07-30,Europe,Electronics,Mobile app,Returning,3,114.05,0,342.15
ORD-006607,2025-07-30,North America,Electronics,Web,New,1,135.2,0,135.2
ORD-006608,2025-07-30,North America,Beauty,Web,New,4,26.4,0,105.6
ORD-006609,2025-07-30,Europe,Apparel,Web,Returning,1,33.59,0,33.59
ORD-006610,2025-07-30,North America,Apparel,Web,Returning,3,36.19,10,97.71
ORD-006611,2025-07-30,Asia Pacific,Sports & Outdoors,Retail partner,Returning,2,90.5,0,181
ORD-006612,2025-07-30,Europe,Beauty,Web,Returning,2,39.52,0,79.04
ORD-006613,2025-07-30,Asia Pacific,Apparel,Web,Returning,2,52.21,0,104.42
ORD-006614,2025-07-30,Latin America,Electronics,Web,Returning,1,148.43,0,148.43
ORD-006615,2025-07-30,Asia Pacific,Home & Kitchen,Mobile app,Returning,2,114.28,0,228.56
ORD-006616,2025-07-30,Europe,Apparel,Mobile app,Returning,1,28.75,0,28.75
ORD-006617,2025-07-30,Europe,Beauty,Mobile app,New,3,26.92,0,80.76
ORD-006618,2025-07-30,North America,Electronics,Web,New,1,246.47,15,209.5
ORD-006619,2025-07-31,North America,Sports & Outdoors,Web,Returning,1,71.16,0,71.16
ORD-006620,2025-07-31,North America,Beauty,Web,Returning,3,28.33,0,84.99
ORD-006621,2025-07-31,Middle East & Africa,Beauty,Web,Returning,1,41,0,41
ORD-006622,2025-07-31,Europe,Home & Kitchen,Web,New,1,69.08,0,69.08
ORD-006623,2025-07-31,Asia Pacific,Home & Kitchen,Marketplace,New,2,81.67,0,163.34
ORD-006624,2025-07-31,Latin America,Electronics,Web,Returning,2,236.61,15,402.24
ORD-006625,2025-07-31,Europe,Apparel,Mobile app,Returning,2,53.82,5,102.26
ORD-006626,2025-07-31,North America,Apparel,Mobile app,Returning,3,43.17,10,116.56
ORD-006627,2025-07-31,Middle East & Africa,Sports & Outdoors,Mobile app,New,4,110.25,0,441
ORD-006628,2025-07-31,Europe,Beauty,Web,New,2,28.4,0,56.8
ORD-006629,2025-07-31,Asia Pacific,Electronics,Marketplace,New,1,224.3,10,201.87
ORD-006630,2025-07-31,Asia Pacific,Electronics,Web,Returning,2,110.54,5,210.03
ORD-006631,2025-07-31,Middle East & Africa,Home & Kitchen,Web,New,1,66.74,10,60.07
ORD-006632,2025-07-31,North America,Electronics,Marketplace,New,1,81.69,10,73.52
ORD-006633,2025-07-31,North America,Toys,Mobile app,New,3,28.09,0,84.27
ORD-006634,2025-07-31,Europe,Sports & Outdoors,Mobile app,Returning,3,49.49,15,126.2
ORD-006635,2025-07-31,Latin America,Apparel,Mobile app,New,1,61.25,0,61.25
ORD-006636,2025-07-31,North America,Beauty,Web,Returning,2,27.96,0,55.92
ORD-006637,2025-07-31,Latin America,Apparel,Web,Returning,2,49.39,0,98.78
ORD-006638,2025-07-31,Europe,Beauty,Mobile app,New,1,30.92,0,30.92
ORD-006639,2025-07-31,Latin America,Electronics,Mobile app,New,2,275.92,15,469.06
ORD-006640,2025-07-31,Europe,Home & Kitchen,Mobile app,New,1,42.73,0,42.73
ORD-006641,2025-07-31,North America,Home & Kitchen,Web,New,1,82.68,10,74.41
ORD-006642,2025-07-31,North America,Toys,Marketplace,Returning,2,41.01,0,82.02
ORD-006643,2025-07-31,North America,Home & Kitchen,Mobile app,Returning,1,38.45,10,34.61
ORD-006644,2025-07-31,North America,Electronics,Marketplace,Returning,1,144.18,0,144.18
ORD-006645,2025-07-31,Europe,Sports & Outdoors,Web,Returning,1,97.59,0,97.59
ORD-006646,2025-07-31,Middle East & Africa,Apparel,Retail partner,Returning,2,51.04,5,96.98
ORD-006647,2025-07-31,Europe,Home & Kitchen,Web,New,1,35.65,5,33.87
ORD-006648,2025-07-31,Asia Pacific,Apparel,Web,Returning,1,28.8,0,28.8
ORD-006649,2025-07-31,North America,Beauty,Mobile app,Returning,2,11.15,0,22.3
ORD-006650,2025-07-31,North America,Electronics,Web,Returning,3,206.09,0,618.27
ORD-006651,2025-07-31,North America,Electronics,Retail partner,New,1,152.06,0,152.06
ORD-006652,2025-07-31,Latin America,Beauty,Mobile app,Returning,1,30.26,5,28.75
ORD-006653,2025-07-31,Asia Pacific,Apparel,Mobile app,Returning,1,78.48,10,70.63
ORD-006654,2025-08-01,Europe,Electronics,Web,Returning,2,129.87,0,259.74
ORD-006655,2025-08-01,Asia Pacific,Electronics,Mobile app,Returning,1,123.77,0,123.77
ORD-006656,2025-08-01,Asia Pacific,Sports & Outdoors,Mobile app,Returning,4,74.99,10,269.96
ORD-006657,2025-08-01,North America,Electronics,Mobile app,Returning,2,296.28,0,592.56
ORD-006658,2025-08-01,Asia Pacific,Sports & Outdoors,Mobile app,Returning,2,71.12,0,142.24
ORD-006659,2025-08-01,Latin America,Home & Kitchen,Retail partner,New,1,62.34,5,59.22
ORD-006660,2025-08-01,Europe,Beauty,Marketplace,Returning,1,14.3,0,14.3
ORD-006661,2025-08-01,Latin America,Electronics,Web,New,2,123.34,15,209.68
ORD-006662,2025-08-01,Latin America,Apparel,Marketplace,New,1,54.17,15,46.04
ORD-006663,2025-08-01,Europe,Electronics,Mobile app,New,1,210.81,10,189.73
ORD-006664,2025-08-01,North America,Electronics,Mobile app,Returning,1,152.06,0,152.06
ORD-006665,2025-08-01,North America,Beauty,Retail partner,Returning,3,33.68,10,90.94
ORD-006666,2025-08-01,North America,Apparel,Mobile app,Returning,1,48.76,10,43.88
ORD-006667,2025-08-01,Asia Pacific,Apparel,Web,New,2,47.84,20,76.54
ORD-006668,2025-08-01,Europe,Electronics,Web,Returning,1,178.53,0,178.53
ORD-006669,2025-08-01,Asia Pacific,Toys,Mobile app,Returning,1,50.77,0,50.77
ORD-006670,2025-08-01,Asia Pacific,Beauty,Mobile app,Returning,2,33.53,10,60.35
ORD-006671,2025-08-01,North America,Electronics,Web,Returning,1,90.55,0,90.55
ORD-006672,2025-08-01,North America,Home & Kitchen,Web,Returning,1,35.78,15,30.41
ORD-006673,2025-08-01,North America,Home & Kitchen,Mobile app,Returning,2,80.95,15,137.62
ORD-006674,2025-08-01,North America,Beauty,Web,New,3,17.31,5,49.33
ORD-006675,2025-08-01,Europe,Home & Kitchen,Web,Returning,1,53.4,0,53.4
ORD-006676,2025-08-01,Asia Pacific,Beauty,Mobile app,Returning,1,17.92,0,17.92
ORD-006677,2025-08-01,Europe,Apparel,Mobile app,Returning,1,66.66,0,66.66
ORD-006678,2025-08-01,Latin America,Apparel,Mobile app,Returning,3,36.79,5,104.85
ORD-006679,2025-08-01,Asia Pacific,Beauty,Web,New,5,18.13,0,90.65
ORD-006680,2025-08-01,Europe,Apparel,Web,Returning,2,40.75,0,81.5
ORD-006681,2025-08-01,Europe,Sports & Outdoors,Web,Returning,1,109.54,15,93.11
ORD-006682,2025-08-01,Asia Pacific,Electronics,Web,Returning,2,172.63,0,345.26
ORD-006683,2025-08-01,Europe,Home & Kitchen,Web,Returning,2,52.2,0,104.4
ORD-006684,2025-08-01,North America,Electronics,Web,Returning,1,143,0,143
ORD-006685,2025-08-01,North America,Home & Kitchen,Web,New,1,78.33,0,78.33
ORD-006686,2025-08-01,Asia Pacific,Beauty,Web,Returning,1,29.22,0,29.22
ORD-006687,2025-08-01,North America,Electronics,Mobile app,New,1,191.65,0,191.65
ORD-006688,2025-08-01,Asia Pacific,Apparel,Web,Returning,3,36.87,0,110.61
ORD-006689,2025-08-01,Middle East & Africa,Electronics,Mobile app,Returning,1,161.12,5,153.06
ORD-006690,2025-08-01,Europe,Home & Kitchen,Mobile app,New,4,73.56,10,264.82
ORD-006691,2025-08-01,Asia Pacific,Electronics,Marketplace,Returning,1,200.49,0,200.49
ORD-006692,2025-08-01,Asia Pacific,Electronics,Mobile app,Returning,1,153.95,0,153.95
ORD-006693,2025-08-01,North America,Beauty,Web,New,1,21.18,0,21.18
ORD-006694,2025-08-02,Europe,Home & Kitchen,Marketplace,Returning,2,65.71,0,131.42
ORD-006695,2025-08-02,Europe,Electronics,Retail partner,Returning,1,149.09,0,149.09
ORD-006696,2025-08-02,North America,Home & Kitchen,Mobile app,Returning,1,79.84,0,79.84
ORD-006697,2025-08-02,Europe,Electronics,Web,New,5,260.53,5,1237.52
ORD-006698,2025-08-02,North America,Toys,Mobile app,New,3,32.37,15,82.54
ORD-006699,2025-08-02,Middle East & Africa,Apparel,Web,Returning,1,34.72,0,34.72
ORD-006700,2025-08-02,North America,Apparel,Mobile app,Returning,1,41.53,5,39.45
ORD-006701,2025-08-02,Europe,Apparel,Web,Returning,4,55.7,10,200.52
ORD-006702,2025-08-02,Asia Pacific,Beauty,Mobile app,Returning,1,31.7,20,25.36
ORD-006703,2025-08-02,Europe,Toys,Web,New,3,49.36,0,148.08
ORD-006704,2025-08-02,North America,Toys,Mobile app,Returning,2,33.26,0,66.52
ORD-006705,2025-08-02,Latin America,Apparel,Web,Returning,1,53.78,0,53.78
ORD-006706,2025-08-02,Latin America,Apparel,Web,Returning,1,41.56,0,41.56
ORD-006707,2025-08-02,Europe,Electronics,Web,Returning,1,191.66,0,191.66
ORD-006708,2025-08-02,Europe,Beauty,Mobile app,New,2,22.67,0,45.34
ORD-006709,2025-08-02,Asia Pacific,Home & Kitchen,Mobile app,Returning,2,39.39,0,78.78
ORD-006710,2025-08-02,North America,Toys,Web,New,1,17.55,5,16.67
ORD-006711,2025-08-02,North America,Apparel,Mobile app,Returning,1,54.87,0,54.87
ORD-006712,2025-08-02,Europe,Toys,Web,Returning,5,31.06,0,155.3
ORD-006713,2025-08-02,Europe,Apparel,Web,New,2,44.9,15,76.33
ORD-006714,2025-08-02,Latin America,Apparel,Web,Returning,1,59.05,0,59.05
ORD-006715,2025-08-02,North America,Apparel,Web,New,1,24.78,0,24.78
ORD-006716,2025-08-02,Europe,Electronics,Mobile app,Returning,1,202.56,0,202.56
ORD-006717,2025-08-02,Europe,Electronics,Web,Returning,4,138.41,5,525.96
ORD-006718,2025-08-02,Europe,Apparel,Web,Returning,1,38.15,5,36.24
ORD-006719,2025-08-02,Asia Pacific,Electronics,Mobile app,Returning,1,206.47,0,206.47
ORD-006720,2025-08-02,Latin America,Toys,Web,Returning,1,73.51,0,73.51
ORD-006721,2025-08-02,Asia Pacific,Toys,Web,New,2,49.98,0,99.96
ORD-006722,2025-08-02,North America,Home & Kitchen,Mobile app,New,1,45.69,0,45.69
ORD-006723,2025-08-02,North America,Electronics,Marketplace,New,4,186.8,0,747.2
ORD-006724,2025-08-02,Europe,Home & Kitchen,Mobile app,Returning,1,67.56,10,60.8
ORD-006725,2025-08-02,Asia Pacific,Electronics,Web,Returning,4,145.2,0,580.8
ORD-006726,2025-08-03,North America,Apparel,Mobile app,Returning,2,21.61,15,36.74
ORD-006727,2025-08-03,Europe,Home & Kitchen,Mobile app,New,3,59.29,0,177.87
ORD-006728,2025-08-03,Asia Pacific,Sports & Outdoors,Web,Returning,1,100.8,0,100.8
ORD-006729,2025-08-03,North America,Apparel,Mobile app,Returning,1,23.43,0,23.43
ORD-006730,2025-08-03,North America,Electronics,Web,New,2,258.26,0,516.52
ORD-006731,2025-08-03,North America,Apparel,Web,Returning,2,34.16,0,68.32
ORD-006732,2025-08-03,North America,Apparel,Marketplace,Returning,1,33.25,0,33.25
ORD-006733,2025-08-03,Asia Pacific,Beauty,Marketplace,New,3,13.52,0,40.56
ORD-006734,2025-08-03,North America,Electronics,Mobile app,Returning,2,211.42,0,422.84
ORD-006735,2025-08-03,Asia Pacific,Apparel,Mobile app,New,1,35.83,5,34.04
ORD-006736,2025-08-03,North America,Home & Kitchen,Web,New,1,70.98,10,63.88
ORD-006737,2025-08-03,Europe,Apparel,Retail partner,Returning,2,50.11,0,100.22
ORD-006738,2025-08-03,Europe,Beauty,Marketplace,Returning,4,38.39,10,138.2
ORD-006739,2025-08-03,Europe,Toys,Mobile app,Returning,1,32.06,0,32.06
ORD-006740,2025-08-03,North America,Electronics,Web,New,2,259.38,20,415.01
ORD-006741,2025-08-03,Europe,Sports & Outdoors,Marketplace,New,1,87.25,15,74.16
ORD-006742,2025-08-03,North America,Electronics,Web,Returning,1,121.92,5,115.82
ORD-006743,2025-08-03,Asia Pacific,Electronics,Retail partner,Returning,2,195.57,0,391.14
ORD-006744,2025-08-03,Europe,Sports & Outdoors,Mobile app,Returning,3,105.67,5,301.16
ORD-006745,2025-08-03,North America,Home & Kitchen,Mobile app,Returning,2,42.33,10,76.19
ORD-006746,2025-08-03,Asia Pacific,Apparel,Mobile app,Returning,1,35.38,0,35.38
ORD-006747,2025-08-03,Europe,Beauty,Mobile app,Returning,1,31.79,0,31.79
ORD-006748,2025-08-03,Europe,Home & Kitchen,Retail partner,Returning,2,58.98,10,106.16
ORD-006749,2025-08-03,North America,Toys,Retail partner,New,1,48.39,0,48.39
ORD-006750,2025-08-03,Europe,Home & Kitchen,Marketplace,Returning,3,123.98,0,371.94
ORD-006751,2025-08-03,North America,Electronics,Web,Returning,4,145.12,10,522.43
ORD-006752,2025-08-03,Middle East & Africa,Apparel,Retail partner,Returning,2,39.03,0,78.06
ORD-006753,2025-08-03,Latin America,Toys,Mobile app,New,1,54.68,5,51.95
ORD-006754,2025-08-03,North America,Electronics,Web,Returning,1,160.93,0,160.93
ORD-006755,2025-08-03,Europe,Toys,Web,New,1,40.45,5,38.43
ORD-006756,2025-08-03,Latin America,Apparel,Retail partner,Returning,1,41.23,0,41.23
ORD-006757,2025-08-03,Asia Pacific,Home & Kitchen,Mobile app,New,1,65.73,0,65.73
ORD-006758,2025-08-03,Middle East & Africa,Beauty,Web,Returning,1,13.85,5,13.16
ORD-006759,2025-08-03,North America,Electronics,Web,New,1,298.74,0,298.74
ORD-006760,2025-08-03,Asia Pacific,Beauty,Web,New,1,36.46,0,36.46
ORD-006761,2025-08-03,Europe,Beauty,Mobile app,Returning,1,28.97,5,27.52
ORD-006762,2025-08-03,North America,Apparel,Marketplace,Returning,3,59.79,0,179.37
ORD-006763,2025-08-03,Latin America,Electronics,Web,New,5,343.91,0,1719.55
ORD-006764,2025-08-03,North America,Electronics,Web,New,3,145.72,0,437.16
ORD-006765,2025-08-03,North America,Home & Kitchen,Web,Returning,1,48.59,0,48.59
ORD-006766,2025-08-03,Europe,Electronics,Web,Returning,4,186.94,0,747.76
ORD-006767,2025-08-03,Europe,Apparel,Marketplace,Returning,1,34.17,0,34.17
ORD-006768,2025-08-03,North America,Beauty,Web,New,2,33.83,0,67.66
ORD-006769,2025-08-03,Europe,Home & Kitchen,Web,Returning,1,67.18,0,67.18
ORD-006770,2025-08-03,Asia Pacific,Home & Kitchen,Web,Returning,3,127.71,0,383.13
ORD-006771,2025-08-03,North America,Home & Kitchen,Web,Returning,1,122,0,122
ORD-006772,2025-08-04,Asia Pacific,Beauty,Mobile app,Returning,1,29.43,0,29.43
ORD-006773,2025-08-04,Europe,Home & Kitchen,Mobile app,New,2,108.33,0,216.66
ORD-006774,2025-08-04,Europe,Electronics,Web,New,2,169.67,0,339.34
ORD-006775,2025-08-04,Europe,Home & Kitchen,Web,New,2,43.52,15,73.98
ORD-006776,2025-08-04,Asia Pacific,Electronics,Web,New,1,288.92,0,288.92
ORD-006777,2025-08-04,Asia Pacific,Sports & Outdoors,Mobile app,New,3,112.55,0,337.65
ORD-006778,2025-08-04,Asia Pacific,Electronics,Mobile app,Returning,1,107.83,5,102.44
ORD-006779,2025-08-04,North America,Beauty,Web,New,1,20.85,0,20.85
ORD-006780,2025-08-04,North America,Apparel,Retail partner,New,3,51.1,5,145.64
ORD-006781,2025-08-04,North America,Home & Kitchen,Web,Returning,1,40.27,5,38.26
ORD-006782,2025-08-04,Europe,Home & Kitchen,Web,Returning,1,111.65,0,111.65
ORD-006783,2025-08-04,North America,Beauty,Mobile app,Returning,2,35.41,10,63.74
ORD-006784,2025-08-04,Middle East & Africa,Toys,Web,New,1,31.29,0,31.29
ORD-006785,2025-08-04,North America,Home & Kitchen,Web,New,3,101.54,0,304.62
ORD-006786,2025-08-04,North America,Sports & Outdoors,Web,Returning,1,47.71,15,40.55
ORD-006787,2025-08-04,Europe,Apparel,Web,New,1,42.47,0,42.47
ORD-006788,2025-08-04,North America,Electronics,Web,New,1,131.97,0,131.97
ORD-006789,2025-08-04,North America,Beauty,Web,New,2,45.52,0,91.04
ORD-006790,2025-08-04,Europe,Home & Kitchen,Web,New,3,51.19,10,138.21
ORD-006791,2025-08-04,Europe,Electronics,Mobile app,Returning,1,242.34,10,218.11
ORD-006792,2025-08-04,North America,Sports & Outdoors,Web,Returning,2,43.72,0,87.44
ORD-006793,2025-08-04,Europe,Beauty,Mobile app,New,1,41.32,0,41.32
ORD-006794,2025-08-04,Europe,Beauty,Web,Returning,2,27.34,10,49.21
ORD-006795,2025-08-04,North America,Sports & Outdoors,Mobile app,New,5,75.1,15,319.18
ORD-006796,2025-08-04,Latin America,Apparel,Marketplace,Returning,2,44.38,5,84.32
ORD-006797,2025-08-04,North America,Apparel,Web,Returning,3,39.28,0,117.84
ORD-006798,2025-08-05,Asia Pacific,Beauty,Web,Returning,3,45.2,0,135.6
ORD-006799,2025-08-05,North America,Apparel,Web,New,2,62.41,5,118.58
ORD-006800,2025-08-05,North America,Electronics,Mobile app,New,1,142.37,0,142.37
ORD-006801,2025-08-05,Asia Pacific,Beauty,Web,New,1,36.93,0,36.93
ORD-006802,2025-08-05,North America,Electronics,Web,New,1,276.19,5,262.38
ORD-006803,2025-08-05,Middle East & Africa,Beauty,Web,New,4,32.23,10,116.03
ORD-006804,2025-08-05,Asia Pacific,Beauty,Web,Returning,2,17.52,0,35.04
ORD-006805,2025-08-05,Asia Pacific,Home & Kitchen,Web,Returning,1,106.83,0,106.83
ORD-006806,2025-08-05,North America,Toys,Web,Returning,4,24.54,0,98.16
ORD-006807,2025-08-05,North America,Apparel,Web,Returning,1,92.79,0,92.79
ORD-006808,2025-08-05,Asia Pacific,Beauty,Mobile app,Returning,3,32.46,0,97.38
ORD-006809,2025-08-05,Asia Pacific,Electronics,Web,Returning,1,162.81,10,146.53
ORD-006810,2025-08-05,Europe,Home & Kitchen,Web,Returning,2,88.38,5,167.92
ORD-006811,2025-08-05,Asia Pacific,Beauty,Mobile app,Returning,1,33.9,0,33.9
ORD-006812,2025-08-05,North America,Beauty,Web,New,2,26.79,0,53.58
ORD-006813,2025-08-05,Asia Pacific,Sports & Outdoors,Mobile app,Returning,1,56.52,0,56.52
ORD-006814,2025-08-05,Europe,Electronics,Retail partner,New,3,142.66,0,427.98
ORD-006815,2025-08-05,North America,Home & Kitchen,Mobile app,New,2,41.16,5,78.2
ORD-006816,2025-08-05,Europe,Home & Kitchen,Web,New,2,29.54,5,56.13
ORD-006817,2025-08-05,Asia Pacific,Electronics,Web,New,2,151.21,5,287.3
ORD-006818,2025-08-05,North America,Toys,Web,Returning,2,14.21,0,28.42
ORD-006819,2025-08-05,Asia Pacific,Electronics,Web,Returning,1,133.36,0,133.36
ORD-006820,2025-08-05,Europe,Apparel,Web,Returning,1,41.22,5,39.16
ORD-006821,2025-08-05,Asia Pacific,Home & Kitchen,Web,Returning,1,48.95,0,48.95
ORD-006822,2025-08-05,Latin America,Apparel,Web,Returning,1,58.69,0,58.69
ORD-006823,2025-08-05,North America,Apparel,Web,Returning,1,64.61,0,64.61
ORD-006824,2025-08-05,Europe,Sports & Outdoors,Web,Returning,3,54.12,0,162.36
ORD-006825,2025-08-05,Europe,Sports & Outdoors,Mobile app,New,1,48.88,0,48.88
ORD-006826,2025-08-05,North America,Sports & Outdoors,Web,New,1,142.05,20,113.64
ORD-006827,2025-08-05,Middle East & Africa,Beauty,Web,Returning,1,28.65,0,28.65
ORD-006828,2025-08-05,Latin America,Toys,Retail partner,New,1,32.16,0,32.16
ORD-006829,2025-08-05,North America,Electronics,Web,Returning,1,149.77,0,149.77
ORD-006830,2025-08-05,Europe,Beauty,Web,Returning,2,23.04,20,36.86
ORD-006831,2025-08-05,Europe,Home & Kitchen,Marketplace,Returning,2,51.98,15,88.37
ORD-006832,2025-08-05,Asia Pacific,Home & Kitchen,Web,New,1,78.6,0,78.6
ORD-006833,2025-08-05,Asia Pacific,Apparel,Web,Returning,1,30.49,0,30.49
ORD-006834,2025-08-05,Europe,Beauty,Web,New,1,26.28,0,26.28
ORD-006835,2025-08-05,Europe,Sports & Outdoors,Web,Returning,2,88.56,15,150.55
ORD-006836,2025-08-05,Asia Pacific,Sports & Outdoors,Mobile app,New,1,62.28,0,62.28
ORD-006837,2025-08-05,Asia Pacific,Toys,Web,Returning,3,52.06,5,148.37
ORD-006838,2025-08-05,North America,Apparel,Web,Returning,2,47.49,0,94.98
ORD-006839,2025-08-06,Europe,Home & Kitchen,Mobile app,Returning,1,112.75,0,112.75
ORD-006840,2025-08-06,Latin America,Home & Kitchen,Web,Returning,1,54.72,0,54.72
ORD-006841,2025-08-06,Asia Pacific,Apparel,Mobile app,New,4,36.35,5,138.13
ORD-006842,2025-08-06,Europe,Home & Kitchen,Mobile app,Returning,1,32.35,0,32.35
ORD-006843,2025-08-06,North America,Home & Kitchen,Mobile app,Returning,2,47.46,0,94.92
ORD-006844,2025-08-06,Asia Pacific,Electronics,Mobile app,New,1,222.7,0,222.7
ORD-006845,2025-08-06,Asia Pacific,Electronics,Web,New,1,194.59,10,175.13
ORD-006846,2025-08-06,Europe,Electronics,Web,New,1,200.06,5,190.06
ORD-006847,2025-08-06,Middle East & Africa,Electronics,Mobile app,Returning,4,274.36,5,1042.57
ORD-006848,2025-08-06,Europe,Sports & Outdoors,Web,New,1,55.42,5,52.65
ORD-006849,2025-08-06,Europe,Home & Kitchen,Web,Returning,1,115.72,0,115.72
ORD-006850,2025-08-06,Europe,Apparel,Web,Returning,1,46.75,10,42.08
ORD-006851,2025-08-06,North America,Toys,Web,New,1,26.62,0,26.62
ORD-006852,2025-08-06,North America,Apparel,Mobile app,Returning,2,28.48,0,56.96
ORD-006853,2025-08-06,North America,Home & Kitchen,Web,Returning,2,109.83,0,219.66
ORD-006854,2025-08-06,Asia Pacific,Electronics,Web,Returning,3,204.34,0,613.02
ORD-006855,2025-08-06,Latin America,Electronics,Web,Returning,3,194.9,0,584.7
ORD-006856,2025-08-06,Europe,Sports & Outdoors,Marketplace,New,1,66.94,0,66.94
ORD-006857,2025-08-06,North America,Sports & Outdoors,Web,Returning,1,71.51,10,64.36
ORD-006858,2025-08-06,Latin America,Apparel,Marketplace,Returning,1,50.15,0,50.15
ORD-006859,2025-08-06,North America,Apparel,Web,Returning,1,27.52,10,24.77
ORD-006860,2025-08-06,North America,Electronics,Web,Returning,1,289.24,5,274.78
ORD-006861,2025-08-06,North America,Sports & Outdoors,Web,New,1,77.52,5,73.64
ORD-006862,2025-08-06,Europe,Sports & Outdoors,Mobile app,New,1,58.59,0,58.59
ORD-006863,2025-08-06,Asia Pacific,Sports & Outdoors,Web,New,2,43.95,20,70.32
ORD-006864,2025-08-06,Europe,Apparel,Retail partner,New,1,45.64,0,45.64
ORD-006865,2025-08-06,Asia Pacific,Electronics,Mobile app,New,1,177.9,5,169.01
ORD-006866,2025-08-06,North America,Electronics,Mobile app,New,2,130.18,0,260.36
ORD-006867,2025-08-06,Asia Pacific,Sports & Outdoors,Marketplace,Returning,2,86.94,0,173.88
ORD-006868,2025-08-06,Europe,Home & Kitchen,Retail partner,Returning,1,114.27,10,102.84
ORD-006869,2025-08-06,Middle East & Africa,Toys,Marketplace,Returning,1,36.77,0,36.77
ORD-006870,2025-08-06,Europe,Apparel,Web,Returning,2,53.86,0,107.72
ORD-006871,2025-08-06,Asia Pacific,Electronics,Mobile app,Returning,3,261.29,0,783.87
ORD-006872,2025-08-06,Middle East & Africa,Toys,Mobile app,Returning,3,49.74,0,149.22
ORD-006873,2025-08-06,North America,Home & Kitchen,Web,New,3,130.4,0,391.2
ORD-006874,2025-08-06,Middle East & Africa,Apparel,Web,New,2,86.66,10,155.99
ORD-006875,2025-08-07,North America,Apparel,Mobile app,Returning,1,43.65,0,43.65
ORD-006876,2025-08-07,Europe,Toys,Mobile app,Returning,4,19.85,0,79.4
ORD-006877,2025-08-07,Middle East & Africa,Electronics,Marketplace,Returning,1,188.57,0,188.57
ORD-006878,2025-08-07,Middle East & Africa,Beauty,Web,Returning,2,23.39,0,46.78
ORD-006879,2025-08-07,Europe,Home & Kitchen,Web,Returning,1,57.61,0,57.61
ORD-006880,2025-08-07,Latin America,Home & Kitchen,Web,Returning,1,92.06,5,87.46
ORD-006881,2025-08-07,Asia Pacific,Electronics,Mobile app,New,1,272.72,10,245.45
ORD-006882,2025-08-07,Asia Pacific,Apparel,Retail partner,Returning,3,60.93,0,182.79
ORD-006883,2025-08-07,Europe,Sports & Outdoors,Web,New,1,48.3,0,48.3
ORD-006884,2025-08-07,Latin America,Beauty,Retail partner,Returning,3,13.12,0,39.36
ORD-006885,2025-08-07,North America,Apparel,Mobile app,New,1,56.39,0,56.39
ORD-006886,2025-08-07,Latin America,Apparel,Web,Returning,4,80.27,0,321.08
ORD-006887,2025-08-07,North America,Electronics,Mobile app,New,2,144.76,5,275.04
ORD-006888,2025-08-07,Middle East & Africa,Home & Kitchen,Marketplace,New,2,75.04,5,142.58
ORD-006889,2025-08-07,North America,Home & Kitchen,Web,New,1,135.59,5,128.81
ORD-006890,2025-08-07,Asia Pacific,Beauty,Mobile app,Returning,1,19.85,0,19.85
ORD-006891,2025-08-07,North America,Apparel,Web,Returning,2,45.8,5,87.02
ORD-006892,2025-08-07,North America,Apparel,Retail partner,Returning,1,65.49,0,65.49
ORD-006893,2025-08-07,Middle East & Africa,Beauty,Web,Returning,1,50.98,0,50.98
ORD-006894,2025-08-07,North America,Electronics,Mobile app,Returning,1,129.32,5,122.85
ORD-006895,2025-08-07,North America,Beauty,Web,New,4,65.41,10,235.48
ORD-006896,2025-08-07,Europe,Electronics,Retail partner,Returning,4,199.61,15,678.67
ORD-006897,2025-08-07,North America,Beauty,Marketplace,Returning,2,36.14,0,72.28
ORD-006898,2025-08-07,Europe,Sports & Outdoors,Web,New,2,59.63,0,119.26
ORD-006899,2025-08-07,North America,Electronics,Web,Returning,1,232.73,10,209.46
ORD-006900,2025-08-07,Europe,Sports & Outdoors,Mobile app,Returning,3,73.84,5,210.44
ORD-006901,2025-08-07,Europe,Toys,Marketplace,New,2,25.31,5,48.09
ORD-006902,2025-08-07,North America,Electronics,Web,Returning,1,182.23,20,145.78
ORD-006903,2025-08-07,Middle East & Africa,Sports & Outdoors,Retail partner,Returning,1,79.74,10,71.77
ORD-006904,2025-08-07,North America,Home & Kitchen,Web,New,3,58.69,0,176.07
ORD-006905,2025-08-07,Europe,Home & Kitchen,Retail partner,Returning,1,188.12,5,178.71
ORD-006906,2025-08-08,Europe,Beauty,Web,Returning,1,33.64,0,33.64
ORD-006907,2025-08-08,North America,Beauty,Marketplace,New,1,31.27,0,31.27
ORD-006908,2025-08-08,Latin America,Home & Kitchen,Web,New,1,78.9,10,71.01
ORD-006909,2025-08-08,Asia Pacific,Apparel,Web,Returning,3,29.34,0,88.02
ORD-006910,2025-08-08,Europe,Sports & Outdoors,Web,Returning,1,56.11,0,56.11
ORD-006911,2025-08-08,Latin America,Toys,Marketplace,New,2,22.55,10,40.59
ORD-006912,2025-08-08,Middle East & Africa,Home & Kitchen,Web,Returning,1,81.53,0,81.53
ORD-006913,2025-08-08,Middle East & Africa,Apparel,Web,Returning,1,62.35,5,59.23
ORD-006914,2025-08-08,Asia Pacific,Beauty,Web,Returning,2,18.88,10,33.98
ORD-006915,2025-08-08,Asia Pacific,Home & Kitchen,Marketplace,Returning,1,37.28,5,35.42
ORD-006916,2025-08-08,North America,Beauty,Mobile app,New,2,17.9,15,30.43
ORD-006917,2025-08-08,Asia Pacific,Toys,Mobile app,New,2,38.51,0,77.02
ORD-006918,2025-08-08,North America,Toys,Mobile app,New,1,37.91,0,37.91
ORD-006919,2025-08-08,North America,Electronics,Web,Returning,3,146.39,15,373.29
ORD-006920,2025-08-08,North America,Apparel,Web,Returning,1,58.4,5,55.48
ORD-006921,2025-08-08,North America,Apparel,Retail partner,Returning,2,36.64,20,58.62
ORD-006922,2025-08-08,North America,Beauty,Web,New,2,49.05,10,88.29
ORD-006923,2025-08-08,North America,Home & Kitchen,Mobile app,Returning,3,111.06,0,333.18
ORD-006924,2025-08-08,Europe,Home & Kitchen,Mobile app,Returning,3,43.81,10,118.29
ORD-006925,2025-08-08,Asia Pacific,Home & Kitchen,Mobile app,New,1,61.2,5,58.14
ORD-006926,2025-08-09,North America,Apparel,Mobile app,Returning,1,19.69,0,19.69
ORD-006927,2025-08-09,Asia Pacific,Apparel,Web,Returning,3,28.6,0,85.8
ORD-006928,2025-08-09,North America,Sports & Outdoors,Web,Returning,2,64.63,0,129.26
ORD-006929,2025-08-09,Middle East & Africa,Beauty,Mobile app,Returning,1,23.33,0,23.33
ORD-006930,2025-08-09,Latin America,Electronics,Mobile app,Returning,1,135.87,10,122.28
ORD-006931,2025-08-09,Asia Pacific,Beauty,Mobile app,New,4,43.04,0,172.16
ORD-006932,2025-08-09,Latin America,Home & Kitchen,Web,New,1,48.55,0,48.55
ORD-006933,2025-08-09,Asia Pacific,Electronics,Web,Returning,2,152.18,0,304.36
ORD-006934,2025-08-09,Europe,Sports & Outdoors,Web,New,2,37.68,0,75.36
ORD-006935,2025-08-09,North America,Home & Kitchen,Mobile app,Returning,1,67.35,10,60.61
ORD-006936,2025-08-09,North America,Apparel,Marketplace,New,2,37.41,0,74.82
ORD-006937,2025-08-09,Asia Pacific,Apparel,Retail partner,Returning,1,44.01,5,41.81
ORD-006938,2025-08-09,North America,Apparel,Mobile app,New,1,89.44,10,80.5
ORD-006939,2025-08-09,North America,Apparel,Marketplace,Returning,1,64.55,0,64.55
ORD-006940,2025-08-09,Asia Pacific,Electronics,Retail partner,Returning,3,99.81,0,299.43
ORD-006941,2025-08-09,North America,Home & Kitchen,Web,Returning,1,66.69,0,66.69
ORD-006942,2025-08-09,Middle East & Africa,Electronics,Mobile app,New,1,213.69,0,213.69
ORD-006943,2025-08-09,Asia Pacific,Beauty,Mobile app,New,1,39.54,10,35.59
ORD-006944,2025-08-09,Europe,Electronics,Web,Returning,2,330.13,5,627.25
ORD-006945,2025-08-09,North America,Electronics,Mobile app,New,2,313.32,0,626.64
ORD-006946,2025-08-09,Latin America,Electronics,Mobile app,Returning,1,159.03,0,159.03
ORD-006947,2025-08-09,North America,Electronics,Web,Returning,2,136.85,0,273.7
ORD-006948,2025-08-09,Asia Pacific,Electronics,Mobile app,Returning,2,267.45,0,534.9
ORD-006949,2025-08-09,Europe,Apparel,Web,New,1,36.46,10,32.81
ORD-006950,2025-08-09,Latin America,Sports & Outdoors,Mobile app,Returning,3,49.31,5,140.53
ORD-006951,2025-08-09,Middle East & Africa,Apparel,Mobile app,Returning,3,35.42,0,106.26
ORD-006952,2025-08-09,Europe,Toys,Mobile app,New,3,32.13,0,96.39
ORD-006953,2025-08-09,North America,Home & Kitchen,Web,Returning,3,32.34,0,97.02
ORD-006954,2025-08-09,Europe,Home & Kitchen,Mobile app,New,2,44.79,10,80.62
ORD-006955,2025-08-09,North America,Electronics,Mobile app,New,5,231.58,0,1157.9
ORD-006956,2025-08-09,Middle East & Africa,Apparel,Marketplace,Returning,1,48.08,15,40.87
ORD-006957,2025-08-10,North America,Electronics,Web,New,1,139.42,15,118.51
ORD-006958,2025-08-10,North America,Beauty,Web,New,1,55.15,0,55.15
ORD-006959,2025-08-10,Middle East & Africa,Electronics,Web,New,1,227.74,15,193.58
ORD-006960,2025-08-10,North America,Beauty,Web,Returning,1,14.56,5,13.83
ORD-006961,2025-08-10,Europe,Toys,Web,New,2,28.86,0,57.72
ORD-006962,2025-08-10,North America,Electronics,Retail partner,Returning,1,208.59,10,187.73
ORD-006963,2025-08-10,Middle East & Africa,Beauty,Mobile app,Returning,1,18.4,20,14.72
ORD-006964,2025-08-10,North America,Home & Kitchen,Web,Returning,2,112.7,0,225.4
ORD-006965,2025-08-10,North America,Home & Kitchen,Mobile app,Returning,1,30.23,5,28.72
ORD-006966,2025-08-10,Middle East & Africa,Beauty,Web,New,2,19.69,0,39.38
ORD-006967,2025-08-10,Asia Pacific,Home & Kitchen,Mobile app,Returning,3,48.16,0,144.48
ORD-006968,2025-08-10,North America,Beauty,Web,Returning,1,27.35,0,27.35
ORD-006969,2025-08-10,Middle East & Africa,Apparel,Web,New,1,38.53,0,38.53
ORD-006970,2025-08-10,North America,Home & Kitchen,Mobile app,Returning,4,35.58,0,142.32
ORD-006971,2025-08-10,Europe,Apparel,Mobile app,New,3,43.84,0,131.52
ORD-006972,2025-08-10,Asia Pacific,Home & Kitchen,Web,New,1,50.45,0,50.45
ORD-006973,2025-08-10,Asia Pacific,Toys,Mobile app,Returning,2,47.65,15,81.01
ORD-006974,2025-08-10,Asia Pacific,Electronics,Web,Returning,1,189.59,10,170.63
ORD-006975,2025-08-10,Asia Pacific,Electronics,Web,New,2,159.63,0,319.26
ORD-006976,2025-08-10,Europe,Apparel,Web,Returning,1,28.09,5,26.69
ORD-006977,2025-08-10,Latin America,Home & Kitchen,Marketplace,Returning,1,58.59,0,58.59
ORD-006978,2025-08-10,Middle East & Africa,Apparel,Mobile app,Returning,3,43.29,10,116.88
ORD-006979,2025-08-10,Asia Pacific,Apparel,Web,Returning,1,25.99,10,23.39
ORD-006980,2025-08-10,Latin America,Apparel,Marketplace,Returning,2,26.4,0,52.8
ORD-006981,2025-08-10,North America,Electronics,Web,New,1,198.27,0,198.27
ORD-006982,2025-08-10,Europe,Home & Kitchen,Retail partner,New,1,47.21,15,40.13
ORD-006983,2025-08-10,Asia Pacific,Beauty,Web,New,2,36.1,5,68.59
ORD-006984,2025-08-10,Europe,Apparel,Mobile app,New,1,35.79,15,30.42
ORD-006985,2025-08-10,North America,Apparel,Mobile app,Returning,3,102.19,0,306.57
ORD-006986,2025-08-10,Europe,Electronics,Mobile app,New,1,262.17,5,249.06
ORD-006987,2025-08-10,North America,Apparel,Mobile app,New,2,24,0,48
ORD-006988,2025-08-10,Europe,Home & Kitchen,Retail partner,Returning,1,47.7,0,47.7
ORD-006989,2025-08-10,North America,Home & Kitchen,Web,Returning,1,38.4,0,38.4
ORD-006990,2025-08-10,Europe,Electronics,Mobile app,Returning,1,294.18,10,264.76
ORD-006991,2025-08-10,Europe,Home & Kitchen,Web,Returning,3,94.92,0,284.76
ORD-006992,2025-08-10,Latin America,Toys,Mobile app,New,1,48.31,15,41.06
ORD-006993,2025-08-10,Asia Pacific,Electronics,Mobile app,Returning,1,294.84,10,265.36
ORD-006994,2025-08-10,Asia Pacific,Home & Kitchen,Web,Returning,3,41.96,5,119.59
ORD-006995,2025-08-10,Europe,Sports & Outdoors,Web,New,1,73.82,0,73.82
ORD-006996,2025-08-10,Europe,Electronics,Web,Returning,1,225.47,0,225.47
ORD-006997,2025-08-10,North America,Toys,Web,Returning,3,69.83,5,199.02
ORD-006998,2025-08-10,Middle East & Africa,Beauty,Web,New,2,23.48,0,46.96
ORD-006999,2025-08-10,Europe,Toys,Mobile app,Returning,5,31.96,0,159.8
ORD-007000,2025-08-10,Middle East & Africa,Sports & Outdoors,Web,New,4,46.75,0,187
ORD-007001,2025-08-10,Europe,Home & Kitchen,Web,Returning,1,37.15,5,35.29
ORD-007002,2025-08-10,Europe,Beauty,Mobile app,New,2,21.51,0,43.02
ORD-007003,2025-08-10,Latin America,Toys,Web,Returning,2,54.82,0,109.64
ORD-007004,2025-08-11,Europe,Sports & Outdoors,Mobile app,Returning,1,80.83,0,80.83
ORD-007005,2025-08-11,Asia Pacific,Toys,Web,New,1,54.22,0,54.22
ORD-007006,2025-08-11,Asia Pacific,Apparel,Marketplace,Returning,1,39.43,15,33.52
ORD-007007,2025-08-11,North America,Sports & Outdoors,Web,Returning,1,140.67,20,112.54
ORD-007008,2025-08-11,Europe,Electronics,Marketplace,Returning,2,179.01,0,358.02
ORD-007009,2025-08-11,North America,Apparel,Mobile app,New,1,37.44,0,37.44
ORD-007010,2025-08-11,North America,Apparel,Web,Returning,1,60.79,0,60.79
ORD-007011,2025-08-11,Asia Pacific,Electronics,Web,Returning,4,240.36,0,961.44
ORD-007012,2025-08-11,North America,Home & Kitchen,Web,Returning,2,69.8,5,132.62
ORD-007013,2025-08-11,North America,Electronics,Marketplace,New,1,246.33,5,234.01
ORD-007014,2025-08-11,Europe,Electronics,Mobile app,New,1,197.57,0,197.57
ORD-007015,2025-08-11,Latin America,Apparel,Mobile app,Returning,2,52.87,15,89.88
ORD-007016,2025-08-11,Europe,Beauty,Mobile app,New,2,26.18,0,52.36
ORD-007017,2025-08-11,North America,Home & Kitchen,Web,Returning,1,93.12,0,93.12
ORD-007018,2025-08-11,Middle East & Africa,Home & Kitchen,Web,New,2,54.79,0,109.58
ORD-007019,2025-08-11,Europe,Electronics,Web,Returning,1,181.2,0,181.2
ORD-007020,2025-08-11,North America,Home & Kitchen,Marketplace,Returning,1,88.98,15,75.63
ORD-007021,2025-08-11,Asia Pacific,Apparel,Retail partner,Returning,1,41.55,0,41.55
ORD-007022,2025-08-11,North America,Sports & Outdoors,Mobile app,Returning,4,81.61,0,326.44
ORD-007023,2025-08-11,Middle East & Africa,Electronics,Web,Returning,3,159.91,15,407.77
ORD-007024,2025-08-11,Europe,Home & Kitchen,Web,New,2,59.45,0,118.9
ORD-007025,2025-08-11,Europe,Home & Kitchen,Web,Returning,1,63.52,0,63.52
ORD-007026,2025-08-11,Europe,Electronics,Mobile app,Returning,1,184.77,5,175.53
ORD-007027,2025-08-11,Asia Pacific,Home & Kitchen,Mobile app,Returning,2,51.06,10,91.91
ORD-007028,2025-08-11,North America,Sports & Outdoors,Mobile app,New,5,74.17,5,352.31
ORD-007029,2025-08-11,Latin America,Electronics,Mobile app,Returning,2,186.84,0,373.68
ORD-007030,2025-08-11,Latin America,Apparel,Mobile app,New,2,47.68,0,95.36
ORD-007031,2025-08-11,Latin America,Beauty,Web,Returning,5,17.54,0,87.7
ORD-007032,2025-08-11,North America,Home & Kitchen,Web,Returning,1,84.56,10,76.1
ORD-007033,2025-08-11,Latin America,Home & Kitchen,Retail partner,New,2,45.04,0,90.08
ORD-007034,2025-08-11,Europe,Electronics,Web,New,3,144.52,0,433.56
ORD-007035,2025-08-11,North America,Electronics,Web,Returning,3,202.31,5,576.58
ORD-007036,2025-08-11,Asia Pacific,Home & Kitchen,Marketplace,Returning,2,51.5,5,97.85
ORD-007037,2025-08-11,Europe,Electronics,Web,Returning,3,128.46,0,385.38
ORD-007038,2025-08-11,Latin America,Apparel,Mobile app,Returning,3,44.09,0,132.27
ORD-007039,2025-08-11,Asia Pacific,Sports & Outdoors,Web,Returning,1,24.02,0,24.02
ORD-007040,2025-08-11,Europe,Apparel,Retail partner,Returning,1,42.91,10,38.62
ORD-007041,2025-08-12,North America,Beauty,Mobile app,Returning,1,22.71,5,21.57
ORD-007042,2025-08-12,Latin America,Sports & Outdoors,Web,Returning,1,94.1,10,84.69
ORD-007043,2025-08-12,Asia Pacific,Electronics,Web,Returning,1,129.37,0,129.37
ORD-007044,2025-08-12,Asia Pacific,Toys,Web,Returning,3,42.97,15,109.57
ORD-007045,2025-08-12,Asia Pacific,Electronics,Web,Returning,2,106.49,0,212.98
ORD-007046,2025-08-12,North America,Electronics,Web,Returning,1,160.84,0,160.84
ORD-007047,2025-08-12,Latin America,Toys,Mobile app,Returning,3,39.15,0,117.45
ORD-007048,2025-08-12,Asia Pacific,Beauty,Mobile app,New,2,22.3,0,44.6
ORD-007049,2025-08-12,North America,Home & Kitchen,Web,Returning,1,45.32,0,45.32
ORD-007050,2025-08-12,Middle East & Africa,Electronics,Mobile app,Returning,2,340.25,0,680.5
ORD-007051,2025-08-12,Europe,Home & Kitchen,Web,Returning,1,69.25,10,62.33
ORD-007052,2025-08-12,Europe,Sports & Outdoors,Mobile app,New,2,47.66,10,85.79
ORD-007053,2025-08-12,Asia Pacific,Sports & Outdoors,Mobile app,Returning,2,124.99,0,249.98
ORD-007054,2025-08-12,Middle East & Africa,Beauty,Mobile app,New,2,14.34,0,28.68
ORD-007055,2025-08-12,Asia Pacific,Home & Kitchen,Web,Returning,1,155.59,5,147.81
ORD-007056,2025-08-12,Asia Pacific,Sports & Outdoors,Web,Returning,3,60.1,0,180.3
ORD-007057,2025-08-12,Latin America,Electronics,Mobile app,New,2,209.6,10,377.28
ORD-007058,2025-08-12,North America,Sports & Outdoors,Mobile app,New,2,76.63,0,153.26
ORD-007059,2025-08-12,North America,Apparel,Web,Returning,1,38.29,0,38.29
ORD-007060,2025-08-12,Europe,Electronics,Web,Returning,2,133.1,5,252.89
ORD-007061,2025-08-12,North America,Electronics,Web,Returning,1,117.92,0,117.92
ORD-007062,2025-08-12,Asia Pacific,Beauty,Mobile app,Returning,1,18.55,10,16.7
ORD-007063,2025-08-12,North America,Sports & Outdoors,Mobile app,Returning,2,80.94,5,153.79
ORD-007064,2025-08-12,North America,Electronics,Web,Returning,1,141.3,0,141.3
ORD-007065,2025-08-12,Asia Pacific,Apparel,Web,Returning,1,64.05,0,64.05
ORD-007066,2025-08-12,Asia Pacific,Electronics,Marketplace,Returning,2,145.45,0,290.9
ORD-007067,2025-08-12,Europe,Electronics,Web,Returning,1,181.76,0,181.76
ORD-007068,2025-08-12,North America,Toys,Web,New,1,32.64,5,31.01
ORD-007069,2025-08-12,North America,Apparel,Mobile app,Returning,1,51.75,5,49.16
ORD-007070,2025-08-12,Latin America,Toys,Web,Returning,1,17.79,15,15.12
ORD-007071,2025-08-13,Asia Pacific,Apparel,Web,Returning,1,67.31,0,67.31
ORD-007072,2025-08-13,Asia Pacific,Electronics,Mobile app,New,1,402.91,10,362.62
ORD-007073,2025-08-13,Latin America,Home & Kitchen,Mobile app,Returning,1,37.72,0,37.72
ORD-007074,2025-08-13,Asia Pacific,Sports & Outdoors,Mobile app,Returning,5,77.34,10,348.03
ORD-007075,2025-08-13,North America,Electronics,Mobile app,Returning,1,341.24,10,307.12
ORD-007076,2025-08-13,Europe,Apparel,Web,New,1,68.74,10,61.87
ORD-007077,2025-08-13,Latin America,Sports & Outdoors,Web,Returning,1,70.83,10,63.75
ORD-007078,2025-08-13,North America,Apparel,Web,New,1,51.83,0,51.83
ORD-007079,2025-08-13,Europe,Toys,Mobile app,Returning,3,48.57,0,145.71
ORD-007080,2025-08-13,North America,Apparel,Mobile app,New,1,61.57,0,61.57
ORD-007081,2025-08-13,Asia Pacific,Electronics,Mobile app,New,2,124.39,0,248.78
ORD-007082,2025-08-13,Europe,Apparel,Web,New,2,54.01,0,108.02
ORD-007083,2025-08-13,Europe,Home & Kitchen,Marketplace,Returning,2,42.47,0,84.94
ORD-007084,2025-08-13,Europe,Toys,Web,New,2,31.57,0,63.14
ORD-007085,2025-08-13,Asia Pacific,Sports & Outdoors,Web,New,3,71.35,0,214.05
ORD-007086,2025-08-13,Middle East & Africa,Electronics,Web,New,3,176.46,5,502.91
ORD-007087,2025-08-13,Asia Pacific,Electronics,Marketplace,Returning,1,89.56,10,80.6
ORD-007088,2025-08-13,North America,Electronics,Web,New,1,185.45,0,185.45
ORD-007089,2025-08-13,Europe,Electronics,Retail partner,New,1,150.53,0,150.53
ORD-007090,2025-08-13,Latin America,Electronics,Web,Returning,4,98.65,0,394.6
ORD-007091,2025-08-13,North America,Home & Kitchen,Web,Returning,1,38.62,0,38.62
ORD-007092,2025-08-13,Europe,Sports & Outdoors,Web,New,5,105.29,10,473.81
ORD-007093,2025-08-13,Europe,Electronics,Web,New,1,127.31,20,101.85
ORD-007094,2025-08-13,North America,Beauty,Web,Returning,2,22.87,0,45.74
ORD-007095,2025-08-13,Asia Pacific,Toys,Mobile app,Returning,2,44.27,0,88.54
ORD-007096,2025-08-13,Middle East & Africa,Apparel,Web,Returning,2,37.21,0,74.42
ORD-007097,2025-08-13,Europe,Apparel,Web,New,3,22.5,0,67.5
ORD-007098,2025-08-13,Europe,Beauty,Mobile app,Returning,1,30.96,0,30.96
ORD-007099,2025-08-13,Europe,Home & Kitchen,Mobile app,Returning,1,41.2,5,39.14
ORD-007100,2025-08-13,Latin America,Beauty,Mobile app,New,5,22.13,0,110.65
ORD-007101,2025-08-13,North America,Beauty,Web,New,3,31.85,0,95.55
ORD-007102,2025-08-13,Europe,Apparel,Web,Returning,2,26.3,15,44.71
ORD-007103,2025-08-13,Europe,Toys,Mobile app,Returning,5,24,0,120
ORD-007104,2025-08-13,North America,Sports & Outdoors,Mobile app,New,1,99.92,0,99.92
ORD-007105,2025-08-13,North America,Sports & Outdoors,Web,New,1,100.91,0,100.91
ORD-007106,2025-08-13,North America,Apparel,Web,Returning,1,75.99,10,68.39
ORD-007107,2025-08-14,North America,Beauty,Web,Returning,1,29.14,0,29.14
ORD-007108,2025-08-14,Asia Pacific,Electronics,Mobile app,Returning,1,239.92,0,239.92
ORD-007109,2025-08-14,North America,Apparel,Mobile app,New,1,28.29,0,28.29
ORD-007110,2025-08-14,North America,Electronics,Mobile app,Returning,1,120.45,15,102.38
ORD-007111,2025-08-14,North America,Home & Kitchen,Web,Returning,1,64.61,10,58.15
ORD-007112,2025-08-14,Europe,Electronics,Web,Returning,1,254.59,10,229.13
ORD-007113,2025-08-14,North America,Home & Kitchen,Mobile app,New,2,50.93,0,101.86
ORD-007114,2025-08-14,Europe,Beauty,Mobile app,New,3,24.19,5,68.94
ORD-007115,2025-08-14,Europe,Apparel,Web,New,1,54.68,10,49.21
ORD-007116,2025-08-14,North America,Beauty,Web,Returning,1,30.21,0,30.21
ORD-007117,2025-08-14,Asia Pacific,Sports & Outdoors,Mobile app,Returning,1,70.46,10,63.41
ORD-007118,2025-08-14,North America,Toys,Web,Returning,2,58.9,0,117.8
ORD-007119,2025-08-14,Asia Pacific,Electronics,Web,New,2,127.8,10,230.04
ORD-007120,2025-08-14,North America,Home & Kitchen,Mobile app,New,3,46.85,0,140.55
ORD-007121,2025-08-14,Europe,Home & Kitchen,Retail partner,New,1,63.81,5,60.62
ORD-007122,2025-08-14,North America,Electronics,Mobile app,Returning,1,339.95,10,305.96
ORD-007123,2025-08-14,Europe,Apparel,Web,Returning,1,47.84,5,45.45
ORD-007124,2025-08-14,North America,Toys,Web,Returning,3,27.54,0,82.62
ORD-007125,2025-08-14,North America,Apparel,Web,New,4,44.68,10,160.85
ORD-007126,2025-08-14,North America,Apparel,Web,Returning,1,45.87,0,45.87
ORD-007127,2025-08-14,Asia Pacific,Beauty,Web,New,2,43.29,10,77.92
ORD-007128,2025-08-14,Middle East & Africa,Electronics,Web,Returning,1,206.13,0,206.13
ORD-007129,2025-08-14,Latin America,Home & Kitchen,Web,New,1,77.27,0,77.27
ORD-007130,2025-08-14,North America,Toys,Web,Returning,2,20.21,0,40.42
ORD-007131,2025-08-14,Asia Pacific,Electronics,Web,New,1,175.5,0,175.5
ORD-007132,2025-08-14,Asia Pacific,Electronics,Mobile app,Returning,1,224.65,20,179.72
ORD-007133,2025-08-14,North America,Electronics,Web,New,2,49.08,15,83.44
ORD-007134,2025-08-15,Europe,Electronics,Mobile app,Returning,1,280.84,5,266.8
ORD-007135,2025-08-15,Europe,Toys,Web,Returning,1,47.42,10,42.68
ORD-007136,2025-08-15,Europe,Electronics,Web,Returning,1,146.02,0,146.02
ORD-007137,2025-08-15,Middle East & Africa,Electronics,Mobile app,Returning,1,219.52,5,208.54
ORD-007138,2025-08-15,North America,Electronics,Mobile app,Returning,1,118.51,0,118.51
ORD-007139,2025-08-15,North America,Electronics,Web,Returning,1,171.91,15,146.12
ORD-007140,2025-08-15,Asia Pacific,Apparel,Mobile app,Returning,3,42.47,0,127.41
ORD-007141,2025-08-15,Europe,Electronics,Web,Returning,5,225.25,15,957.31
ORD-007142,2025-08-15,North America,Apparel,Mobile app,New,3,53.64,20,128.74
ORD-007143,2025-08-15,North America,Electronics,Marketplace,New,3,331.58,0,994.74
ORD-007144,2025-08-15,Asia Pacific,Beauty,Web,Returning,1,27.95,0,27.95
ORD-007145,2025-08-15,Asia Pacific,Home & Kitchen,Web,Returning,2,71.07,10,127.93
ORD-007146,2025-08-15,Europe,Apparel,Web,Returning,5,57.51,20,230.04
ORD-007147,2025-08-15,Asia Pacific,Electronics,Web,Returning,1,135.33,0,135.33
ORD-007148,2025-08-15,Asia Pacific,Beauty,Mobile app,Returning,1,29.05,20,23.24
ORD-007149,2025-08-15,North America,Electronics,Mobile app,Returning,1,296.15,0,296.15
ORD-007150,2025-08-15,North America,Electronics,Marketplace,Returning,2,139.02,0,278.04
ORD-007151,2025-08-15,North America,Electronics,Web,New,1,246.78,0,246.78
ORD-007152,2025-08-15,North America,Toys,Web,New,1,40.91,0,40.91
ORD-007153,2025-08-15,Asia Pacific,Toys,Web,New,2,28.51,0,57.02
ORD-007154,2025-08-15,Asia Pacific,Beauty,Marketplace,New,1,12.27,5,11.66
ORD-007155,2025-08-16,Europe,Home & Kitchen,Mobile app,Returning,4,62.06,0,248.24
ORD-007156,2025-08-16,North America,Beauty,Web,Returning,1,29.05,20,23.24
ORD-007157,2025-08-16,Middle East & Africa,Beauty,Web,Returning,1,39.67,5,37.69
ORD-007158,2025-08-16,Asia Pacific,Beauty,Web,New,1,24.57,0,24.57
ORD-007159,2025-08-16,Asia Pacific,Home & Kitchen,Retail partner,Returning,1,67.04,0,67.04
ORD-007160,2025-08-16,North America,Electronics,Mobile app,New,2,294.74,0,589.48
ORD-007161,2025-08-16,Europe,Electronics,Web,Returning,4,152.3,5,578.74
ORD-007162,2025-08-16,Middle East & Africa,Apparel,Web,New,1,40.08,0,40.08
ORD-007163,2025-08-16,Middle East & Africa,Apparel,Mobile app,Returning,5,30.31,0,151.55
ORD-007164,2025-08-16,North America,Home & Kitchen,Web,Returning,1,49.1,0,49.1
ORD-007165,2025-08-16,Europe,Electronics,Mobile app,New,2,82.94,0,165.88
ORD-007166,2025-08-16,Asia Pacific,Apparel,Web,Returning,1,30.55,0,30.55
ORD-007167,2025-08-16,Asia Pacific,Home & Kitchen,Marketplace,New,2,65.41,0,130.82
ORD-007168,2025-08-16,Europe,Apparel,Web,Returning,1,40.39,0,40.39
ORD-007169,2025-08-16,North America,Apparel,Web,New,1,50.35,15,42.8
ORD-007170,2025-08-16,North America,Toys,Mobile app,Returning,1,46.04,5,43.74
ORD-007171,2025-08-16,Asia Pacific,Sports & Outdoors,Retail partner,New,4,106.93,10,384.95
ORD-007172,2025-08-16,Middle East & Africa,Toys,Retail partner,New,1,14.8,10,13.32
ORD-007173,2025-08-16,Latin America,Sports & Outdoors,Web,New,2,146.19,20,233.9
ORD-007174,2025-08-16,Asia Pacific,Beauty,Web,New,2,29.57,15,50.27
ORD-007175,2025-08-16,North America,Home & Kitchen,Retail partner,New,4,94.18,10,339.05
ORD-007176,2025-08-16,Middle East & Africa,Electronics,Mobile app,Returning,1,186.19,0,186.19
ORD-007177,2025-08-16,Europe,Electronics,Web,Returning,2,196.54,20,314.46
ORD-007178,2025-08-16,North America,Sports & Outdoors,Web,Returning,1,101.51,0,101.51
ORD-007179,2025-08-16,North America,Beauty,Web,Returning,3,35.27,0,105.81
ORD-007180,2025-08-16,Europe,Home & Kitchen,Mobile app,New,1,84.9,0,84.9
ORD-007181,2025-08-16,Europe,Sports & Outdoors,Mobile app,Returning,1,99.35,5,94.38
ORD-007182,2025-08-16,Europe,Electronics,Marketplace,New,1,146.78,0,146.78
ORD-007183,2025-08-16,Asia Pacific,Electronics,Web,New,1,171.18,5,162.62
ORD-007184,2025-08-16,North America,Sports & Outdoors,Web,New,2,41.97,0,83.94
ORD-007185,2025-08-16,Europe,Apparel,Mobile app,Returning,1,33.66,10,30.29
ORD-007186,2025-08-16,North America,Beauty,Marketplace,Returning,3,23.48,10,63.4
ORD-007187,2025-08-16,Asia Pacific,Sports & Outdoors,Web,Returning,1,90.93,10,81.84
ORD-007188,2025-08-16,Latin America,Home & Kitchen,Web,New,1,53.08,10,47.77
ORD-007189,2025-08-16,Asia Pacific,Toys,Web,Returning,2,46.95,10,84.51
ORD-007190,2025-08-16,Asia Pacific,Beauty,Marketplace,Returning,2,13.71,5,26.05
ORD-007191,2025-08-16,Europe,Apparel,Retail partner,New,3,41.3,15,105.31
ORD-007192,2025-08-16,Europe,Home & Kitchen,Web,New,3,68.28,0,204.84
ORD-007193,2025-08-16,Europe,Electronics,Mobile app,Returning,2,194.83,0,389.66
ORD-007194,2025-08-16,Latin America,Apparel,Mobile app,New,4,38.93,0,155.72
ORD-007195,2025-08-16,Middle East & Africa,Home & Kitchen,Web,New,1,71.54,0,71.54
ORD-007196,2025-08-17,Latin America,Apparel,Web,Returning,3,55.38,0,166.14
ORD-007197,2025-08-17,North America,Sports & Outdoors,Web,New,1,93.55,0,93.55
ORD-007198,2025-08-17,Europe,Home & Kitchen,Web,New,4,57.14,5,217.13
ORD-007199,2025-08-17,Middle East & Africa,Electronics,Web,Returning,1,209.18,0,209.18
ORD-007200,2025-08-17,Asia Pacific,Home & Kitchen,Web,Returning,1,36.78,0,36.78
ORD-007201,2025-08-17,North America,Toys,Mobile app,New,1,40.81,0,40.81
ORD-007202,2025-08-17,North America,Beauty,Mobile app,Returning,1,18.73,10,16.86
ORD-007203,2025-08-17,Europe,Electronics,Mobile app,New,1,347.67,5,330.29
ORD-007204,2025-08-17,Latin America,Apparel,Web,Returning,1,31.07,0,31.07
ORD-007205,2025-08-17,North America,Apparel,Mobile app,New,5,58.67,5,278.68
ORD-007206,2025-08-17,North America,Sports & Outdoors,Marketplace,Returning,1,100.35,5,95.33
ORD-007207,2025-08-17,Middle East & Africa,Sports & Outdoors,Web,Returning,2,63.68,0,127.36
ORD-007208,2025-08-17,North America,Home & Kitchen,Web,New,1,73.44,15,62.42
ORD-007209,2025-08-17,Europe,Home & Kitchen,Web,Returning,1,70.79,5,67.25
ORD-007210,2025-08-17,Middle East & Africa,Sports & Outdoors,Web,Returning,1,46.52,0,46.52
ORD-007211,2025-08-17,Latin America,Toys,Mobile app,Returning,1,38.68,0,38.68
ORD-007212,2025-08-17,Asia Pacific,Apparel,Web,New,1,35.83,0,35.83
ORD-007213,2025-08-17,North America,Toys,Web,Returning,1,32.79,0,32.79
ORD-007214,2025-08-17,Asia Pacific,Apparel,Web,Returning,1,46.53,15,39.55
ORD-007215,2025-08-17,Asia Pacific,Electronics,Retail partner,Returning,4,162.61,10,585.4
ORD-007216,2025-08-17,Asia Pacific,Apparel,Web,Returning,3,53.78,0,161.34
ORD-007217,2025-08-17,North America,Toys,Mobile app,Returning,4,22.39,0,89.56
ORD-007218,2025-08-17,Latin America,Electronics,Mobile app,New,1,171.98,0,171.98
ORD-007219,2025-08-17,Europe,Sports & Outdoors,Mobile app,Returning,1,52.7,0,52.7
ORD-007220,2025-08-17,Middle East & Africa,Beauty,Mobile app,New,1,50.3,0,50.3
ORD-007221,2025-08-17,Europe,Home & Kitchen,Mobile app,New,2,32.24,10,58.03
ORD-007222,2025-08-17,Asia Pacific,Electronics,Mobile app,Returning,1,211.21,5,200.65
ORD-007223,2025-08-17,Asia Pacific,Electronics,Web,Returning,2,250.46,10,450.83
ORD-007224,2025-08-17,Asia Pacific,Beauty,Mobile app,Returning,5,33.23,0,166.15
ORD-007225,2025-08-17,North America,Home & Kitchen,Web,Returning,1,59.65,0,59.65
ORD-007226,2025-08-17,North America,Toys,Web,New,3,41.17,10,111.16
ORD-007227,2025-08-17,Europe,Electronics,Web,New,1,144.42,0,144.42
ORD-007228,2025-08-17,Europe,Beauty,Web,Returning,2,20.4,0,40.8
ORD-007229,2025-08-17,Asia Pacific,Electronics,Web,Returning,1,163.32,5,155.15
ORD-007230,2025-08-17,North America,Toys,Mobile app,New,1,28.02,0,28.02
ORD-007231,2025-08-17,Asia Pacific,Electronics,Mobile app,Returning,1,133.04,5,126.39
ORD-007232,2025-08-17,Asia Pacific,Electronics,Mobile app,New,1,227.42,0,227.42
ORD-007233,2025-08-17,Europe,Toys,Retail partner,Returning,4,45.28,5,172.06
ORD-007234,2025-08-18,Europe,Home & Kitchen,Mobile app,New,1,28.4,5,26.98
ORD-007235,2025-08-18,Asia Pacific,Sports & Outdoors,Mobile app,New,2,46.74,5,88.81
ORD-007236,2025-08-18,North America,Sports & Outdoors,Web,Returning,1,72.69,20,58.15
ORD-007237,2025-08-18,Latin America,Home & Kitchen,Web,New,1,53.11,10,47.8
ORD-007238,2025-08-18,Europe,Home & Kitchen,Web,Returning,1,34.18,5,32.47
ORD-007239,2025-08-18,North America,Beauty,Mobile app,Returning,1,19.51,5,18.53
ORD-007240,2025-08-18,North America,Sports & Outdoors,Web,New,1,102.82,5,97.68
ORD-007241,2025-08-18,Middle East & Africa,Apparel,Retail partner,New,1,28.45,0,28.45
ORD-007242,2025-08-18,Asia Pacific,Apparel,Mobile app,Returning,1,48.34,0,48.34
ORD-007243,2025-08-18,Latin America,Sports & Outdoors,Retail partner,Returning,3,52.27,10,141.13
ORD-007244,2025-08-18,Latin America,Home & Kitchen,Web,New,1,95.15,10,85.64
ORD-007245,2025-08-18,North America,Apparel,Web,Returning,1,36.34,5,34.52
ORD-007246,2025-08-18,Europe,Beauty,Mobile app,New,1,35.8,0,35.8
ORD-007247,2025-08-18,North America,Beauty,Retail partner,New,1,32.57,10,29.31
ORD-007248,2025-08-18,Asia Pacific,Electronics,Web,Returning,1,197.23,5,187.37
ORD-007249,2025-08-18,North America,Beauty,Web,New,1,22.1,5,21
ORD-007250,2025-08-18,Middle East & Africa,Beauty,Web,Returning,2,39.41,10,70.94
ORD-007251,2025-08-18,Europe,Apparel,Mobile app,New,1,36.05,0,36.05
ORD-007252,2025-08-18,Europe,Home & Kitchen,Web,Returning,1,106.13,5,100.82
ORD-007253,2025-08-18,Asia Pacific,Home & Kitchen,Web,New,2,58.68,0,117.36
ORD-007254,2025-08-18,North America,Home & Kitchen,Mobile app,Returning,1,103.65,20,82.92
ORD-007255,2025-08-18,North America,Home & Kitchen,Web,Returning,1,54.46,0,54.46
ORD-007256,2025-08-18,Asia Pacific,Beauty,Web,Returning,1,35.37,20,28.3
ORD-007257,2025-08-18,Europe,Home & Kitchen,Web,Returning,1,82.25,0,82.25
ORD-007258,2025-08-18,Europe,Sports & Outdoors,Mobile app,New,1,69.55,0,69.55
ORD-007259,2025-08-18,Europe,Home & Kitchen,Web,Returning,1,79.79,5,75.8
ORD-007260,2025-08-18,North America,Beauty,Web,New,1,26.8,10,24.12
ORD-007261,2025-08-18,Asia Pacific,Apparel,Mobile app,New,1,73.28,10,65.95
ORD-007262,2025-08-18,Asia Pacific,Electronics,Mobile app,New,1,158.63,0,158.63
ORD-007263,2025-08-18,North America,Beauty,Web,New,5,32.15,10,144.68
ORD-007264,2025-08-19,North America,Apparel,Marketplace,Returning,2,24.56,0,49.12
ORD-007265,2025-08-19,Asia Pacific,Electronics,Marketplace,Returning,2,161.75,0,323.5
ORD-007266,2025-08-19,Middle East & Africa,Apparel,Web,New,3,57.96,0,173.88
ORD-007267,2025-08-19,Middle East & Africa,Apparel,Mobile app,Returning,1,47.34,0,47.34
ORD-007268,2025-08-19,Europe,Electronics,Web,Returning,1,170.89,5,162.35
ORD-007269,2025-08-19,North America,Electronics,Web,Returning,4,114.09,0,456.36
ORD-007270,2025-08-19,Europe,Electronics,Marketplace,Returning,2,100.36,10,180.65
ORD-007271,2025-08-19,Europe,Toys,Web,Returning,3,39.06,0,117.18
ORD-007272,2025-08-19,North America,Home & Kitchen,Marketplace,New,1,66.57,10,59.91
ORD-007273,2025-08-19,Europe,Home & Kitchen,Marketplace,Returning,3,55.48,20,133.15
ORD-007274,2025-08-19,Asia Pacific,Electronics,Marketplace,Returning,1,238.13,0,238.13
ORD-007275,2025-08-19,North America,Home & Kitchen,Mobile app,Returning,2,58.47,0,116.94
ORD-007276,2025-08-19,Asia Pacific,Beauty,Mobile app,Returning,1,15.8,0,15.8
ORD-007277,2025-08-19,Latin America,Home & Kitchen,Web,New,1,66.04,0,66.04
ORD-007278,2025-08-19,North America,Electronics,Mobile app,Returning,1,253.25,5,240.59
ORD-007279,2025-08-19,North America,Electronics,Mobile app,New,4,279.4,0,1117.6
ORD-007280,2025-08-19,North America,Apparel,Marketplace,New,2,22.67,0,45.34
ORD-007281,2025-08-19,North America,Apparel,Web,New,3,41.97,0,125.91
ORD-007282,2025-08-19,Europe,Toys,Web,Returning,2,30.06,0,60.12
ORD-007283,2025-08-19,Europe,Electronics,Web,Returning,1,253.91,5,241.21
ORD-007284,2025-08-19,Asia Pacific,Beauty,Marketplace,Returning,3,59.1,5,168.44
ORD-007285,2025-08-19,North America,Electronics,Marketplace,New,2,198.59,0,397.18
ORD-007286,2025-08-19,Latin America,Home & Kitchen,Mobile app,Returning,2,32.64,0,65.28
ORD-007287,2025-08-19,Middle East & Africa,Beauty,Web,New,1,21.44,0,21.44
ORD-007288,2025-08-19,North America,Apparel,Mobile app,New,1,49.15,0,49.15
ORD-007289,2025-08-19,North America,Beauty,Mobile app,Returning,2,35.83,0,71.66
ORD-007290,2025-08-19,Asia Pacific,Beauty,Mobile app,New,1,33.12,5,31.46
ORD-007291,2025-08-19,Latin America,Electronics,Mobile app,Returning,4,137.51,0,550.04
ORD-007292,2025-08-20,Middle East & Africa,Beauty,Retail partner,Returning,1,25.74,0,25.74
ORD-007293,2025-08-20,Middle East & Africa,Home & Kitchen,Web,New,3,61.12,0,183.36
ORD-007294,2025-08-20,Latin America,Toys,Mobile app,New,1,27.96,0,27.96
ORD-007295,2025-08-20,North America,Home & Kitchen,Web,New,1,34.37,0,34.37
ORD-007296,2025-08-20,Europe,Beauty,Mobile app,Returning,2,32.43,10,58.37
ORD-007297,2025-08-20,Europe,Sports & Outdoors,Retail partner,Returning,2,68.3,5,129.77
ORD-007298,2025-08-20,Europe,Apparel,Web,New,4,42.29,0,169.16
ORD-007299,2025-08-20,Middle East & Africa,Toys,Web,Returning,2,67.77,5,128.76
ORD-007300,2025-08-20,Europe,Home & Kitchen,Web,Returning,1,52.84,5,50.2
ORD-007301,2025-08-20,Asia Pacific,Home & Kitchen,Web,Returning,1,76.34,0,76.34
ORD-007302,2025-08-20,Europe,Apparel,Web,Returning,1,52.26,10,47.03
ORD-007303,2025-08-20,Europe,Home & Kitchen,Web,New,2,134.5,0,269
ORD-007304,2025-08-20,Europe,Home & Kitchen,Mobile app,New,2,60.12,5,114.23
ORD-007305,2025-08-20,Middle East & Africa,Sports & Outdoors,Web,Returning,2,80.63,0,161.26
ORD-007306,2025-08-20,Latin America,Apparel,Web,New,1,31.85,5,30.26
ORD-007307,2025-08-20,Asia Pacific,Beauty,Mobile app,Returning,1,34.45,5,32.73
ORD-007308,2025-08-20,North America,Electronics,Web,Returning,3,201.22,0,603.66
ORD-007309,2025-08-20,North America,Beauty,Marketplace,Returning,1,46.36,0,46.36
ORD-007310,2025-08-20,Europe,Home & Kitchen,Mobile app,New,1,49.23,0,49.23
ORD-007311,2025-08-20,North America,Home & Kitchen,Web,Returning,1,61.05,0,61.05
ORD-007312,2025-08-20,North America,Sports & Outdoors,Web,Returning,1,83.65,0,83.65
ORD-007313,2025-08-20,North America,Electronics,Mobile app,Returning,1,266.2,5,252.89
ORD-007314,2025-08-20,Asia Pacific,Toys,Mobile app,Returning,2,33.64,0,67.28
ORD-007315,2025-08-20,Europe,Electronics,Web,New,1,258.34,5,245.42
ORD-007316,2025-08-20,Asia Pacific,Apparel,Mobile app,Returning,1,46.59,10,41.93
ORD-007317,2025-08-20,North America,Toys,Mobile app,Returning,1,23.73,5,22.54
ORD-007318,2025-08-20,North America,Electronics,Web,Returning,1,173.86,0,173.86
ORD-007319,2025-08-20,Middle East & Africa,Electronics,Web,Returning,1,136.81,0,136.81
ORD-007320,2025-08-20,North America,Sports & Outdoors,Mobile app,Returning,1,77.33,0,77.33
ORD-007321,2025-08-20,Europe,Apparel,Mobile app,Returning,2,24.97,0,49.94
ORD-007322,2025-08-20,North America,Sports & Outdoors,Web,Returning,1,55.13,20,44.1
ORD-007323,2025-08-20,North America,Toys,Web,Returning,1,31.26,0,31.26
ORD-007324,2025-08-20,North America,Electronics,Web,Returning,1,159.15,0,159.15
ORD-007325,2025-08-20,North America,Apparel,Marketplace,Returning,1,57.79,0,57.79
ORD-007326,2025-08-20,Europe,Beauty,Mobile app,New,2,41.39,15,70.36
ORD-007327,2025-08-20,North America,Electronics,Web,Returning,1,63.38,0,63.38
ORD-007328,2025-08-21,Asia Pacific,Beauty,Web,Returning,4,40.85,0,163.4
ORD-007329,2025-08-21,Asia Pacific,Toys,Web,Returning,2,93.71,0,187.42
ORD-007330,2025-08-21,Europe,Electronics,Web,Returning,1,212.12,0,212.12
ORD-007331,2025-08-21,Asia Pacific,Toys,Web,New,1,42.31,5,40.19
ORD-007332,2025-08-21,Latin America,Home & Kitchen,Web,Returning,1,65.2,0,65.2
ORD-007333,2025-08-21,Latin America,Electronics,Web,Returning,1,358.12,10,322.31
ORD-007334,2025-08-21,North America,Toys,Web,Returning,1,25.25,0,25.25
ORD-007335,2025-08-21,Asia Pacific,Electronics,Marketplace,Returning,1,69.92,15,59.43
ORD-007336,2025-08-21,North America,Apparel,Web,New,1,31.14,0,31.14
ORD-007337,2025-08-21,North America,Home & Kitchen,Marketplace,New,1,84.7,0,84.7
ORD-007338,2025-08-21,North America,Home & Kitchen,Mobile app,Returning,1,58.83,5,55.89
ORD-007339,2025-08-21,North America,Beauty,Web,New,4,62.28,5,236.66
ORD-007340,2025-08-21,Europe,Electronics,Web,Returning,2,220.16,20,352.26
ORD-007341,2025-08-21,Europe,Home & Kitchen,Web,Returning,1,61.03,0,61.03
ORD-007342,2025-08-21,Asia Pacific,Beauty,Web,Returning,3,32.18,15,82.06
ORD-007343,2025-08-21,North America,Sports & Outdoors,Mobile app,Returning,1,52.72,5,50.08
ORD-007344,2025-08-21,Asia Pacific,Beauty,Marketplace,Returning,2,20.57,0,41.14
ORD-007345,2025-08-21,Europe,Sports & Outdoors,Web,Returning,2,64.61,5,122.76
ORD-007346,2025-08-21,Europe,Home & Kitchen,Retail partner,Returning,1,62.12,15,52.8
ORD-007347,2025-08-21,Europe,Electronics,Mobile app,New,2,153.75,0,307.5
ORD-007348,2025-08-21,North America,Electronics,Mobile app,Returning,2,251.14,5,477.17
ORD-007349,2025-08-21,Asia Pacific,Home & Kitchen,Web,Returning,2,89.79,0,179.58
ORD-007350,2025-08-21,Asia Pacific,Beauty,Web,Returning,2,20.39,0,40.78
ORD-007351,2025-08-21,North America,Electronics,Marketplace,Returning,5,163.91,0,819.55
ORD-007352,2025-08-21,North America,Apparel,Mobile app,Returning,3,56.03,5,159.69
ORD-007353,2025-08-21,North America,Sports & Outdoors,Mobile app,New,1,76.27,0,76.27
ORD-007354,2025-08-21,Europe,Sports & Outdoors,Web,Returning,1,56.47,0,56.47
ORD-007355,2025-08-21,Middle East & Africa,Apparel,Web,Returning,3,65.57,5,186.87
ORD-007356,2025-08-21,Asia Pacific,Home & Kitchen,Web,Returning,1,57.27,5,54.41
ORD-007357,2025-08-21,North America,Apparel,Mobile app,Returning,1,36.79,0,36.79
ORD-007358,2025-08-21,North America,Apparel,Retail partner,Returning,1,30.73,10,27.66
ORD-007359,2025-08-22,Europe,Sports & Outdoors,Web,Returning,1,118.56,0,118.56
ORD-007360,2025-08-22,Europe,Beauty,Web,New,1,21.72,0,21.72
ORD-007361,2025-08-22,North America,Apparel,Marketplace,Returning,1,35.15,5,33.39
ORD-007362,2025-08-22,Europe,Home & Kitchen,Mobile app,Returning,1,42.03,0,42.03
ORD-007363,2025-08-22,Europe,Beauty,Mobile app,Returning,4,29.44,0,117.76
ORD-007364,2025-08-22,North America,Electronics,Web,New,1,543.27,0,543.27
ORD-007365,2025-08-22,Europe,Toys,Web,New,3,34.12,0,102.36
ORD-007366,2025-08-22,Middle East & Africa,Apparel,Mobile app,Returning,1,75.26,0,75.26
ORD-007367,2025-08-22,Asia Pacific,Home & Kitchen,Web,New,1,68.46,10,61.61
ORD-007368,2025-08-22,North America,Apparel,Mobile app,Returning,1,44.5,5,42.28
ORD-007369,2025-08-22,Middle East & Africa,Electronics,Web,New,3,90.68,0,272.04
ORD-007370,2025-08-22,Asia Pacific,Beauty,Mobile app,Returning,1,23.8,10,21.42
ORD-007371,2025-08-22,Europe,Electronics,Mobile app,New,2,101.8,0,203.6
ORD-007372,2025-08-22,Middle East & Africa,Electronics,Marketplace,New,1,149.34,5,141.87
ORD-007373,2025-08-22,Europe,Electronics,Mobile app,Returning,1,190.92,15,162.28
ORD-007374,2025-08-22,Asia Pacific,Home & Kitchen,Mobile app,Returning,4,43.21,20,138.27
ORD-007375,2025-08-22,North America,Home & Kitchen,Web,New,1,44.97,0,44.97
ORD-007376,2025-08-22,North America,Home & Kitchen,Mobile app,Returning,1,44.71,15,38
ORD-007377,2025-08-22,North America,Sports & Outdoors,Web,New,1,62.03,0,62.03
ORD-007378,2025-08-22,North America,Home & Kitchen,Retail partner,Returning,1,39.37,0,39.37
ORD-007379,2025-08-22,North America,Sports & Outdoors,Mobile app,Returning,4,164.69,0,658.76
ORD-007380,2025-08-22,North America,Sports & Outdoors,Web,New,2,77.46,0,154.92
ORD-007381,2025-08-22,Asia Pacific,Electronics,Mobile app,Returning,2,280.55,0,561.1
ORD-007382,2025-08-22,North America,Electronics,Web,Returning,3,230.71,5,657.52
ORD-007383,2025-08-22,North America,Sports & Outdoors,Web,New,1,83.66,0,83.66
ORD-007384,2025-08-22,Europe,Home & Kitchen,Web,Returning,1,60.82,0,60.82
ORD-007385,2025-08-22,North America,Sports & Outdoors,Retail partner,New,1,71.43,0,71.43
ORD-007386,2025-08-22,Europe,Home & Kitchen,Mobile app,Returning,1,88.45,5,84.03
ORD-007387,2025-08-22,Middle East & Africa,Sports & Outdoors,Mobile app,Returning,2,137.31,10,247.16
ORD-007388,2025-08-22,Europe,Home & Kitchen,Web,Returning,2,48.5,0,97
ORD-007389,2025-08-22,Asia Pacific,Home & Kitchen,Mobile app,Returning,2,41.36,0,82.72
ORD-007390,2025-08-22,Latin America,Electronics,Mobile app,Returning,1,210.79,0,210.79
ORD-007391,2025-08-22,North America,Beauty,Web,Returning,1,39.75,10,35.78
ORD-007392,2025-08-22,North America,Electronics,Web,Returning,1,176.35,10,158.72
ORD-007393,2025-08-22,Europe,Beauty,Web,Returning,1,30.11,0,30.11
ORD-007394,2025-08-23,Latin America,Home & Kitchen,Mobile app,Returning,1,54.76,0,54.76
ORD-007395,2025-08-23,Asia Pacific,Beauty,Marketplace,New,1,46.09,0,46.09
ORD-007396,2025-08-23,North America,Apparel,Web,New,5,40.82,10,183.69
ORD-007397,2025-08-23,North America,Electronics,Web,Returning,1,160.73,10,144.66
ORD-007398,2025-08-23,Latin America,Electronics,Web,Returning,4,205.3,0,821.2
ORD-007399,2025-08-23,Asia Pacific,Apparel,Mobile app,Returning,1,42.87,5,40.73
ORD-007400,2025-08-23,Europe,Electronics,Mobile app,New,1,155.94,0,155.94
ORD-007401,2025-08-23,Europe,Beauty,Web,Returning,3,18.49,0,55.47
ORD-007402,2025-08-23,Europe,Apparel,Web,Returning,1,35.31,0,35.31
ORD-007403,2025-08-23,Europe,Toys,Mobile app,Returning,1,43.66,10,39.29
ORD-007404,2025-08-23,Europe,Apparel,Web,New,1,59.95,5,56.95
ORD-007405,2025-08-23,Europe,Electronics,Marketplace,Returning,5,169.13,0,845.65
ORD-007406,2025-08-23,North America,Electronics,Web,New,2,151.37,0,302.74
ORD-007407,2025-08-23,Asia Pacific,Sports & Outdoors,Web,Returning,1,69.18,0,69.18
ORD-007408,2025-08-23,North America,Electronics,Mobile app,Returning,2,165.4,0,330.8
ORD-007409,2025-08-23,Asia Pacific,Apparel,Mobile app,Returning,4,27.72,0,110.88
ORD-007410,2025-08-23,Latin America,Home & Kitchen,Marketplace,Returning,1,51.96,5,49.36
ORD-007411,2025-08-23,Europe,Beauty,Mobile app,New,1,41.5,5,39.42
ORD-007412,2025-08-23,Asia Pacific,Electronics,Mobile app,Returning,3,109.34,10,295.22
ORD-007413,2025-08-23,North America,Sports & Outdoors,Marketplace,Returning,1,47.45,5,45.08
ORD-007414,2025-08-23,Middle East & Africa,Apparel,Web,Returning,1,69.93,0,69.93
ORD-007415,2025-08-23,Europe,Home & Kitchen,Retail partner,New,1,49.27,0,49.27
ORD-007416,2025-08-23,Europe,Toys,Mobile app,Returning,1,40.67,0,40.67
ORD-007417,2025-08-23,Asia Pacific,Beauty,Web,Returning,1,31.07,0,31.07
ORD-007418,2025-08-23,Europe,Apparel,Web,Returning,2,48.17,0,96.34
ORD-007419,2025-08-23,Europe,Home & Kitchen,Web,New,3,96.8,0,290.4
ORD-007420,2025-08-23,North America,Beauty,Web,Returning,1,27.71,10,24.94
ORD-007421,2025-08-23,North America,Toys,Web,Returning,1,42.62,5,40.49
ORD-007422,2025-08-23,Asia Pacific,Sports & Outdoors,Mobile app,New,1,195.31,5,185.54
ORD-007423,2025-08-23,North America,Electronics,Web,Returning,5,70.98,0,354.9
ORD-007424,2025-08-23,Europe,Electronics,Web,New,1,191.88,0,191.88
ORD-007425,2025-08-23,North America,Electronics,Web,New,1,182.39,0,182.39
ORD-007426,2025-08-23,Asia Pacific,Sports & Outdoors,Web,New,1,77.35,0,77.35
ORD-007427,2025-08-23,North America,Apparel,Mobile app,Returning,1,70.18,5,66.67
ORD-007428,2025-08-23,Europe,Home & Kitchen,Web,New,2,39.83,0,79.66
ORD-007429,2025-08-23,Asia Pacific,Sports & Outdoors,Retail partner,Returning,2,82.92,0,165.84
ORD-007430,2025-08-23,Europe,Home & Kitchen,Web,New,3,58.71,20,140.9
ORD-007431,2025-08-23,Europe,Home & Kitchen,Mobile app,New,1,43.91,20,35.13
ORD-007432,2025-08-23,North America,Beauty,Web,Returning,1,38.49,0,38.49
ORD-007433,2025-08-23,Middle East & Africa,Home & Kitchen,Web,Returning,2,69.3,20,110.88
ORD-007434,2025-08-23,North America,Apparel,Mobile app,Returning,2,32.39,0,64.78
ORD-007435,2025-08-23,Asia Pacific,Toys,Mobile app,New,1,50.74,10,45.67
ORD-007436,2025-08-23,Asia Pacific,Beauty,Mobile app,Returning,2,23.58,0,47.16
ORD-007437,2025-08-23,North America,Apparel,Mobile app,New,1,29.35,0,29.35
ORD-007438,2025-08-23,Latin America,Apparel,Web,New,1,81.25,0,81.25
ORD-007439,2025-08-23,Europe,Home & Kitchen,Web,New,2,75.63,0,151.26
ORD-007440,2025-08-23,Europe,Electronics,Mobile app,Returning,4,129.42,0,517.68
ORD-007441,2025-08-23,North America,Electronics,Web,New,1,150.46,0,150.46
ORD-007442,2025-08-24,Asia Pacific,Beauty,Web,Returning,1,20.27,0,20.27
ORD-007443,2025-08-24,North America,Toys,Mobile app,New,3,25.81,15,65.82
ORD-007444,2025-08-24,Europe,Apparel,Retail partner,Returning,5,36.98,0,184.9
ORD-007445,2025-08-24,Europe,Toys,Mobile app,Returning,1,30.7,0,30.7
ORD-007446,2025-08-24,Asia Pacific,Beauty,Web,Returning,1,28.03,0,28.03
ORD-007447,2025-08-24,Europe,Home & Kitchen,Web,New,2,53.77,0,107.54
ORD-007448,2025-08-24,North America,Toys,Mobile app,Returning,2,32.68,0,65.36
ORD-007449,2025-08-24,Europe,Electronics,Web,Returning,3,207.14,0,621.42
ORD-007450,2025-08-24,Asia Pacific,Home & Kitchen,Web,Returning,1,84.87,5,80.63
ORD-007451,2025-08-24,Europe,Beauty,Web,New,2,40.96,10,73.73
ORD-007452,2025-08-24,Asia Pacific,Home & Kitchen,Web,Returning,1,55.82,0,55.82
ORD-007453,2025-08-24,Europe,Apparel,Web,New,1,38.86,0,38.86
ORD-007454,2025-08-24,North America,Home & Kitchen,Web,Returning,2,40.43,0,80.86
ORD-007455,2025-08-24,Latin America,Home & Kitchen,Mobile app,Returning,4,57.13,0,228.52
ORD-007456,2025-08-24,North America,Toys,Web,Returning,2,44.07,5,83.73
ORD-007457,2025-08-24,North America,Apparel,Web,Returning,3,24.96,0,74.88
ORD-007458,2025-08-24,North America,Electronics,Web,New,1,236.51,0,236.51
ORD-007459,2025-08-24,North America,Apparel,Mobile app,Returning,1,29.25,0,29.25
ORD-007460,2025-08-24,Middle East & Africa,Apparel,Mobile app,Returning,1,48.98,0,48.98
ORD-007461,2025-08-24,Europe,Toys,Web,New,1,30.31,5,28.79
ORD-007462,2025-08-24,North America,Home & Kitchen,Retail partner,Returning,4,64.04,0,256.16
ORD-007463,2025-08-24,Latin America,Electronics,Web,Returning,2,108.66,0,217.32
ORD-007464,2025-08-24,North America,Sports & Outdoors,Web,Returning,1,62.52,0,62.52
ORD-007465,2025-08-24,Asia Pacific,Electronics,Mobile app,New,1,157.25,0,157.25
ORD-007466,2025-08-24,Asia Pacific,Beauty,Web,New,2,36.15,0,72.3
ORD-007467,2025-08-24,North America,Apparel,Web,Returning,1,34.63,15,29.44
ORD-007468,2025-08-24,Europe,Electronics,Web,New,1,280.86,5,266.82
ORD-007469,2025-08-24,Europe,Beauty,Mobile app,Returning,3,76.99,0,230.97
ORD-007470,2025-08-24,Asia Pacific,Apparel,Marketplace,Returning,1,31.67,5,30.09
ORD-007471,2025-08-24,Asia Pacific,Sports & Outdoors,Mobile app,Returning,2,70.17,10,126.31
ORD-007472,2025-08-24,North America,Beauty,Mobile app,New,3,48.14,0,144.42
ORD-007473,2025-08-24,Asia Pacific,Electronics,Marketplace,Returning,1,362.74,5,344.6
ORD-007474,2025-08-24,Europe,Electronics,Marketplace,Returning,1,142.33,0,142.33
ORD-007475,2025-08-24,Middle East & Africa,Sports & Outdoors,Web,Returning,1,98.87,0,98.87
ORD-007476,2025-08-24,North America,Home & Kitchen,Web,New,1,48.04,5,45.64
ORD-007477,2025-08-24,Europe,Beauty,Web,New,3,25.78,0,77.34
ORD-007478,2025-08-24,North America,Beauty,Marketplace,Returning,2,16.77,0,33.54
ORD-007479,2025-08-24,Europe,Home & Kitchen,Web,Returning,1,65.88,5,62.59
ORD-007480,2025-08-24,North America,Sports & Outdoors,Web,Returning,3,65.33,0,195.99
ORD-007481,2025-08-24,North America,Apparel,Retail partner,New,2,24.67,0,49.34
ORD-007482,2025-08-24,North America,Toys,Web,Returning,1,47.09,0,47.09
ORD-007483,2025-08-25,North America,Apparel,Mobile app,Returning,1,17.13,0,17.13
ORD-007484,2025-08-25,Latin America,Beauty,Web,Returning,2,24.6,15,41.82
ORD-007485,2025-08-25,Asia Pacific,Beauty,Mobile app,New,1,24.06,0,24.06
ORD-007486,2025-08-25,North America,Apparel,Web,New,1,44.87,0,44.87
ORD-007487,2025-08-25,Asia Pacific,Electronics,Mobile app,New,3,120.95,0,362.85
ORD-007488,2025-08-25,Europe,Toys,Mobile app,Returning,3,25.6,0,76.8
ORD-007489,2025-08-25,Europe,Sports & Outdoors,Mobile app,Returning,1,158.42,0,158.42
ORD-007490,2025-08-25,North America,Home & Kitchen,Mobile app,New,1,50.7,10,45.63
ORD-007491,2025-08-25,North America,Sports & Outdoors,Mobile app,Returning,1,46.31,5,43.99
ORD-007492,2025-08-25,North America,Apparel,Web,New,1,56.85,0,56.85
ORD-007493,2025-08-25,North America,Electronics,Web,New,1,192.34,5,182.72
ORD-007494,2025-08-25,Middle East & Africa,Electronics,Web,New,4,176.07,0,704.28
ORD-007495,2025-08-25,North America,Toys,Web,Returning,4,43.59,0,174.36
ORD-007496,2025-08-25,Europe,Electronics,Mobile app,Returning,1,287.44,0,287.44
ORD-007497,2025-08-25,Europe,Apparel,Mobile app,Returning,1,35.49,0,35.49
ORD-007498,2025-08-25,Europe,Home & Kitchen,Web,New,1,68.25,20,54.6
ORD-007499,2025-08-25,North America,Home & Kitchen,Web,Returning,2,67.4,0,134.8
ORD-007500,2025-08-25,Europe,Home & Kitchen,Web,New,1,46.09,5,43.79
ORD-007501,2025-08-25,Europe,Electronics,Web,New,4,226.12,10,814.03
ORD-007502,2025-08-25,North America,Sports & Outdoors,Mobile app,New,1,102.28,0,102.28
ORD-007503,2025-08-25,Middle East & Africa,Electronics,Web,Returning,2,185.44,5,352.34
ORD-007504,2025-08-25,Middle East & Africa,Home & Kitchen,Marketplace,Returning,1,87.77,0,87.77
ORD-007505,2025-08-25,Europe,Electronics,Mobile app,Returning,3,171.67,0,515.01
ORD-007506,2025-08-25,Latin America,Electronics,Marketplace,Returning,3,239.99,0,719.97
ORD-007507,2025-08-25,Middle East & Africa,Beauty,Mobile app,New,3,59.97,5,170.91
ORD-007508,2025-08-25,North America,Apparel,Web,New,2,47.33,0,94.66
ORD-007509,2025-08-26,Europe,Home & Kitchen,Mobile app,Returning,5,43.56,5,206.91
ORD-007510,2025-08-26,Europe,Electronics,Marketplace,Returning,1,171.61,20,137.29
ORD-007511,2025-08-26,Middle East & Africa,Electronics,Web,Returning,2,108.88,0,217.76
ORD-007512,2025-08-26,North America,Beauty,Mobile app,New,2,28.51,0,57.02
ORD-007513,2025-08-26,North America,Electronics,Mobile app,Returning,1,236.37,5,224.55
ORD-007514,2025-08-26,North America,Home & Kitchen,Mobile app,Returning,2,77.49,0,154.98
ORD-007515,2025-08-26,Europe,Apparel,Web,New,1,45.15,0,45.15
ORD-007516,2025-08-26,North America,Sports & Outdoors,Retail partner,Returning,1,93.33,0,93.33
ORD-007517,2025-08-26,North America,Home & Kitchen,Mobile app,New,3,64.27,5,183.17
ORD-007518,2025-08-26,Europe,Home & Kitchen,Web,Returning,3,62.27,0,186.81
ORD-007519,2025-08-26,Asia Pacific,Apparel,Web,Returning,5,49.39,5,234.6
ORD-007520,2025-08-26,North America,Home & Kitchen,Web,Returning,1,98.81,0,98.81
ORD-007521,2025-08-26,North America,Toys,Web,Returning,2,73.48,0,146.96
ORD-007522,2025-08-26,North America,Beauty,Web,Returning,1,27.75,10,24.98
ORD-007523,2025-08-26,Middle East & Africa,Apparel,Mobile app,Returning,1,32.14,0,32.14
ORD-007524,2025-08-26,Asia Pacific,Electronics,Web,New,1,220.18,0,220.18
ORD-007525,2025-08-26,Europe,Apparel,Mobile app,Returning,2,35.25,0,70.5
ORD-007526,2025-08-26,North America,Apparel,Mobile app,New,1,58.19,0,58.19
ORD-007527,2025-08-26,Europe,Home & Kitchen,Web,Returning,2,73.06,0,146.12
ORD-007528,2025-08-26,North America,Apparel,Web,Returning,1,43.32,0,43.32
ORD-007529,2025-08-26,Latin America,Toys,Mobile app,New,1,27.98,0,27.98
ORD-007530,2025-08-26,Asia Pacific,Home & Kitchen,Web,Returning,3,42.28,0,126.84
ORD-007531,2025-08-26,North America,Home & Kitchen,Web,Returning,1,69.51,0,69.51
ORD-007532,2025-08-26,North America,Electronics,Web,Returning,1,150.75,5,143.21
ORD-007533,2025-08-26,Europe,Electronics,Marketplace,Returning,1,139.26,5,132.3
ORD-007534,2025-08-26,Europe,Toys,Marketplace,Returning,4,31.84,0,127.36
ORD-007535,2025-08-26,Asia Pacific,Apparel,Marketplace,Returning,1,48.24,15,41
ORD-007536,2025-08-26,Middle East & Africa,Electronics,Marketplace,New,2,137.94,0,275.88
ORD-007537,2025-08-26,Latin America,Electronics,Web,Returning,2,216.79,15,368.54
ORD-007538,2025-08-26,North America,Apparel,Web,Returning,2,56.93,0,113.86
ORD-007539,2025-08-26,North America,Sports & Outdoors,Web,Returning,1,39.84,5,37.85
ORD-007540,2025-08-26,North America,Sports & Outdoors,Marketplace,New,1,52.27,0,52.27
ORD-007541,2025-08-26,North America,Apparel,Mobile app,Returning,2,33.04,0,66.08
ORD-007542,2025-08-26,North America,Electronics,Mobile app,New,1,159.62,10,143.66
ORD-007543,2025-08-26,Asia Pacific,Home & Kitchen,Web,Returning,5,51.17,0,255.85
ORD-007544,2025-08-26,North America,Home & Kitchen,Mobile app,New,2,67.3,0,134.6
ORD-007545,2025-08-26,Middle East & Africa,Toys,Web,Returning,4,15.03,5,57.11
ORD-007546,2025-08-27,Asia Pacific,Apparel,Web,Returning,2,55.73,0,111.46
ORD-007547,2025-08-27,Europe,Sports & Outdoors,Web,Returning,2,88.27,15,150.06
ORD-007548,2025-08-27,North America,Apparel,Retail partner,Returning,1,35.38,0,35.38
ORD-007549,2025-08-27,North America,Beauty,Web,Returning,1,38.63,0,38.63
ORD-007550,2025-08-27,North America,Electronics,Mobile app,New,1,293.72,0,293.72
ORD-007551,2025-08-27,Asia Pacific,Apparel,Mobile app,New,2,52.39,0,104.78
ORD-007552,2025-08-27,North America,Sports & Outdoors,Mobile app,Returning,2,77.11,0,154.22
ORD-007553,2025-08-27,Asia Pacific,Home & Kitchen,Web,New,2,50.57,0,101.14
ORD-007554,2025-08-27,Asia Pacific,Electronics,Web,Returning,1,236.86,10,213.17
ORD-007555,2025-08-27,North America,Electronics,Mobile app,New,3,230.63,0,691.89
ORD-007556,2025-08-27,Europe,Electronics,Mobile app,Returning,2,220.83,10,397.49
ORD-007557,2025-08-27,Europe,Toys,Mobile app,Returning,1,51.67,0,51.67
ORD-007558,2025-08-27,Europe,Sports & Outdoors,Web,New,1,54.26,10,48.83
ORD-007559,2025-08-27,Europe,Home & Kitchen,Web,Returning,1,60.08,0,60.08
ORD-007560,2025-08-27,Europe,Home & Kitchen,Web,Returning,1,57.38,0,57.38
ORD-007561,2025-08-27,North America,Sports & Outdoors,Web,Returning,1,55.29,20,44.23
ORD-007562,2025-08-27,Asia Pacific,Toys,Web,New,2,28.45,0,56.9
ORD-007563,2025-08-27,Asia Pacific,Electronics,Mobile app,Returning,1,341.86,15,290.58
ORD-007564,2025-08-27,North America,Electronics,Web,Returning,1,196.48,10,176.83
ORD-007565,2025-08-27,North America,Apparel,Mobile app,New,1,42.16,15,35.84
ORD-007566,2025-08-27,North America,Electronics,Web,Returning,1,253.26,0,253.26
ORD-007567,2025-08-27,Europe,Apparel,Web,New,1,26.35,5,25.03
ORD-007568,2025-08-27,North America,Toys,Mobile app,Returning,1,33.69,0,33.69
ORD-007569,2025-08-27,Europe,Sports & Outdoors,Mobile app,New,1,68.22,10,61.4
ORD-007570,2025-08-27,Asia Pacific,Electronics,Web,New,2,337.54,10,607.57
ORD-007571,2025-08-27,Europe,Electronics,Web,Returning,1,99.59,0,99.59
ORD-007572,2025-08-27,Asia Pacific,Electronics,Web,Returning,1,134.96,0,134.96
ORD-007573,2025-08-27,Europe,Home & Kitchen,Mobile app,Returning,1,49.4,0,49.4
ORD-007574,2025-08-27,Europe,Sports & Outdoors,Marketplace,Returning,1,79.76,5,75.77
ORD-007575,2025-08-27,North America,Electronics,Mobile app,New,4,204.76,10,737.14
ORD-007576,2025-08-27,Europe,Sports & Outdoors,Web,Returning,1,97.01,0,97.01
ORD-007577,2025-08-27,Middle East & Africa,Home & Kitchen,Web,Returning,1,74.3,0,74.3
ORD-007578,2025-08-27,Middle East & Africa,Electronics,Marketplace,Returning,1,177.67,0,177.67
ORD-007579,2025-08-27,North America,Apparel,Mobile app,New,1,39.2,5,37.24
ORD-007580,2025-08-27,Europe,Electronics,Mobile app,New,1,192.29,0,192.29
ORD-007581,2025-08-27,Europe,Beauty,Web,Returning,3,38.02,5,108.36
ORD-007582,2025-08-27,North America,Beauty,Web,Returning,1,22.26,0,22.26
ORD-007583,2025-08-27,Middle East & Africa,Sports & Outdoors,Web,Returning,1,132,0,132
ORD-007584,2025-08-28,North America,Electronics,Web,Returning,5,131.47,5,624.48
ORD-007585,2025-08-28,North America,Home & Kitchen,Web,Returning,1,74.88,20,59.9
ORD-007586,2025-08-28,Europe,Beauty,Mobile app,Returning,2,24.62,5,46.78
ORD-007587,2025-08-28,Middle East & Africa,Beauty,Web,Returning,1,48.91,5,46.46
ORD-007588,2025-08-28,Asia Pacific,Electronics,Mobile app,Returning,1,203.59,10,183.23
ORD-007589,2025-08-28,Europe,Toys,Web,Returning,1,23.52,5,22.34
ORD-007590,2025-08-28,North America,Electronics,Web,New,1,212.81,10,191.53
ORD-007591,2025-08-28,North America,Electronics,Web,New,1,143.86,0,143.86
ORD-007592,2025-08-28,North America,Electronics,Mobile app,New,3,134.73,5,383.98
ORD-007593,2025-08-28,North America,Electronics,Retail partner,New,1,290.11,0,290.11
ORD-007594,2025-08-28,Asia Pacific,Electronics,Web,New,4,184.96,0,739.84
ORD-007595,2025-08-28,North America,Toys,Mobile app,New,1,24.94,0,24.94
ORD-007596,2025-08-28,Asia Pacific,Home & Kitchen,Mobile app,New,2,62.87,0,125.74
ORD-007597,2025-08-28,Latin America,Electronics,Web,Returning,1,224.56,0,224.56
ORD-007598,2025-08-28,Europe,Beauty,Mobile app,New,1,23.23,0,23.23
ORD-007599,2025-08-28,Asia Pacific,Home & Kitchen,Mobile app,New,1,41.15,0,41.15
ORD-007600,2025-08-28,North America,Electronics,Web,Returning,1,160.48,0,160.48
ORD-007601,2025-08-28,North America,Electronics,Marketplace,Returning,1,247.3,0,247.3
ORD-007602,2025-08-28,North America,Beauty,Mobile app,New,2,31.64,5,60.12
ORD-007603,2025-08-28,Europe,Beauty,Web,Returning,1,36.63,0,36.63
ORD-007604,2025-08-28,Europe,Home & Kitchen,Web,New,2,46.8,5,88.92
ORD-007605,2025-08-28,Asia Pacific,Beauty,Marketplace,New,1,33.28,0,33.28
ORD-007606,2025-08-28,Middle East & Africa,Electronics,Web,Returning,1,180.17,10,162.15
ORD-007607,2025-08-28,North America,Apparel,Web,Returning,2,53.68,0,107.36
ORD-007608,2025-08-28,Middle East & Africa,Electronics,Web,Returning,1,184.84,0,184.84
ORD-007609,2025-08-28,North America,Home & Kitchen,Web,Returning,3,91.21,0,273.63
ORD-007610,2025-08-28,North America,Electronics,Web,New,2,260.91,0,521.82
ORD-007611,2025-08-28,Middle East & Africa,Home & Kitchen,Web,Returning,5,77.1,0,385.5
ORD-007612,2025-08-28,Latin America,Apparel,Web,New,1,48.02,0,48.02
ORD-007613,2025-08-28,North America,Apparel,Marketplace,New,1,46.68,0,46.68
ORD-007614,2025-08-28,North America,Toys,Web,New,1,42.8,0,42.8
ORD-007615,2025-08-28,Middle East & Africa,Toys,Web,New,1,36.01,5,34.21
ORD-007616,2025-08-29,North America,Electronics,Mobile app,Returning,2,154.32,0,308.64
ORD-007617,2025-08-29,North America,Beauty,Web,New,1,26.45,10,23.81
ORD-007618,2025-08-29,Asia Pacific,Electronics,Mobile app,Returning,1,262.05,0,262.05
ORD-007619,2025-08-29,Asia Pacific,Beauty,Web,New,4,19.67,0,78.68
ORD-007620,2025-08-29,Europe,Electronics,Web,New,1,272.47,15,231.6
ORD-007621,2025-08-29,Asia Pacific,Apparel,Web,New,1,34.69,0,34.69
ORD-007622,2025-08-29,North America,Electronics,Marketplace,New,1,141.22,0,141.22
ORD-007623,2025-08-29,North America,Apparel,Web,Returning,1,72.42,0,72.42
ORD-007624,2025-08-29,North America,Apparel,Mobile app,Returning,2,36.93,5,70.17
ORD-007625,2025-08-29,Europe,Electronics,Web,New,1,170.22,0,170.22
ORD-007626,2025-08-29,Europe,Sports & Outdoors,Retail partner,New,1,73.62,0,73.62
ORD-007627,2025-08-29,Europe,Sports & Outdoors,Marketplace,New,2,87.23,0,174.46
ORD-007628,2025-08-29,North America,Apparel,Mobile app,Returning,1,32.85,0,32.85
ORD-007629,2025-08-29,Europe,Home & Kitchen,Web,Returning,1,104.94,0,104.94
ORD-007630,2025-08-29,Asia Pacific,Toys,Mobile app,Returning,3,33.76,10,91.15
ORD-007631,2025-08-29,North America,Home & Kitchen,Web,Returning,1,71.53,0,71.53
ORD-007632,2025-08-29,Europe,Home & Kitchen,Web,New,1,47.04,5,44.69
ORD-007633,2025-08-29,North America,Home & Kitchen,Web,Returning,2,47.97,0,95.94
ORD-007634,2025-08-29,Middle East & Africa,Apparel,Retail partner,Returning,1,30.02,15,25.52
ORD-007635,2025-08-29,Middle East & Africa,Home & Kitchen,Mobile app,Returning,3,51.85,5,147.77
ORD-007636,2025-08-29,North America,Sports & Outdoors,Mobile app,New,2,34.45,10,62.01
ORD-007637,2025-08-29,North America,Electronics,Mobile app,Returning,2,149.27,10,268.69
ORD-007638,2025-08-29,Europe,Apparel,Marketplace,Returning,2,25.72,5,48.87
ORD-007639,2025-08-29,Europe,Toys,Mobile app,Returning,2,47.99,5,91.18
ORD-007640,2025-08-29,Latin America,Apparel,Retail partner,New,1,39.84,5,37.85
ORD-007641,2025-08-29,Latin America,Beauty,Mobile app,New,1,26.38,0,26.38
ORD-007642,2025-08-29,Europe,Sports & Outdoors,Mobile app,Returning,1,71.34,0,71.34
ORD-007643,2025-08-29,North America,Apparel,Mobile app,Returning,3,49.24,0,147.72
ORD-007644,2025-08-29,Asia Pacific,Electronics,Web,Returning,1,201.02,0,201.02
ORD-007645,2025-08-29,Europe,Electronics,Mobile app,Returning,1,163.82,0,163.82
ORD-007646,2025-08-30,Europe,Apparel,Mobile app,Returning,1,58.45,0,58.45
ORD-007647,2025-08-30,Middle East & Africa,Beauty,Web,New,2,20.13,0,40.26
ORD-007648,2025-08-30,North America,Apparel,Web,New,1,64.86,0,64.86
ORD-007649,2025-08-30,North America,Electronics,Web,Returning,2,98.56,0,197.12
ORD-007650,2025-08-30,North America,Home & Kitchen,Mobile app,Returning,1,30.78,20,24.62
ORD-007651,2025-08-30,North America,Electronics,Web,Returning,2,284.19,0,568.38
ORD-007652,2025-08-30,Middle East & Africa,Apparel,Retail partner,New,3,49.27,0,147.81
ORD-007653,2025-08-30,Europe,Apparel,Web,Returning,1,31.01,0,31.01
ORD-007654,2025-08-30,North America,Home & Kitchen,Marketplace,New,1,83.42,20,66.74
ORD-007655,2025-08-30,North America,Toys,Retail partner,New,2,47.05,0,94.1
ORD-007656,2025-08-30,Latin America,Sports & Outdoors,Web,Returning,1,120.98,0,120.98
ORD-007657,2025-08-30,North America,Home & Kitchen,Mobile app,Returning,1,56.38,20,45.1
ORD-007658,2025-08-30,Europe,Sports & Outdoors,Marketplace,Returning,1,78.94,0,78.94
ORD-007659,2025-08-30,Europe,Apparel,Web,New,1,40.08,0,40.08
ORD-007660,2025-08-30,Asia Pacific,Sports & Outdoors,Web,Returning,3,122.81,0,368.43
ORD-007661,2025-08-30,North America,Home & Kitchen,Web,Returning,3,88.98,5,253.59
ORD-007662,2025-08-30,Europe,Toys,Retail partner,Returning,3,29.94,20,71.86
ORD-007663,2025-08-30,Europe,Toys,Marketplace,Returning,1,26.57,0,26.57
ORD-007664,2025-08-30,Europe,Beauty,Marketplace,New,2,21.51,5,40.87
ORD-007665,2025-08-30,North America,Sports & Outdoors,Web,Returning,1,61.9,5,58.8
ORD-007666,2025-08-30,Europe,Electronics,Web,Returning,1,185.64,5,176.36
ORD-007667,2025-08-30,Asia Pacific,Sports & Outdoors,Mobile app,Returning,4,59.9,0,239.6
ORD-007668,2025-08-30,Europe,Apparel,Mobile app,New,2,61.6,0,123.2
ORD-007669,2025-08-30,Europe,Electronics,Web,Returning,1,200.46,15,170.39
ORD-007670,2025-08-30,North America,Home & Kitchen,Mobile app,New,1,56.3,15,47.86
ORD-007671,2025-08-30,Asia Pacific,Beauty,Retail partner,Returning,1,20.51,0,20.51
ORD-007672,2025-08-30,North America,Sports & Outdoors,Web,Returning,1,56.99,0,56.99
ORD-007673,2025-08-30,Europe,Apparel,Mobile app,Returning,2,31.29,5,59.45
ORD-007674,2025-08-30,Latin America,Home & Kitchen,Marketplace,Returning,1,40.19,0,40.19
ORD-007675,2025-08-30,Europe,Electronics,Web,Returning,1,239.94,0,239.94
ORD-007676,2025-08-30,Middle East & Africa,Sports & Outdoors,Web,New,1,64.33,5,61.11
ORD-007677,2025-08-30,North America,Apparel,Mobile app,Returning,3,29.27,0,87.81
ORD-007678,2025-08-30,Middle East & Africa,Beauty,Mobile app,New,1,27.59,10,24.83
ORD-007679,2025-08-30,Europe,Sports & Outdoors,Marketplace,New,2,83.96,5,159.52
ORD-007680,2025-08-30,Europe,Apparel,Marketplace,Returning,1,42.65,10,38.39
ORD-007681,2025-08-30,North America,Apparel,Web,Returning,1,60.65,0,60.65
ORD-007682,2025-08-30,Latin America,Electronics,Web,New,1,137.21,5,130.35
ORD-007683,2025-08-30,Asia Pacific,Beauty,Web,Returning,1,12.58,0,12.58
ORD-007684,2025-08-30,Europe,Apparel,Retail partner,Returning,1,63.71,10,57.34
ORD-007685,2025-08-30,Asia Pacific,Home & Kitchen,Web,New,4,77.02,0,308.08
ORD-007686,2025-08-30,Middle East & Africa,Sports & Outdoors,Web,Returning,1,110.6,0,110.6
ORD-007687,2025-08-30,Europe,Toys,Mobile app,Returning,3,84.11,0,252.33
ORD-007688,2025-08-30,Europe,Toys,Retail partner,New,1,39.17,0,39.17
ORD-007689,2025-08-30,Europe,Sports & Outdoors,Web,Returning,1,92.28,5,87.67
ORD-007690,2025-08-30,Europe,Apparel,Web,Returning,1,35.88,5,34.09
ORD-007691,2025-08-30,Europe,Beauty,Mobile app,New,1,23.57,0,23.57
ORD-007692,2025-08-30,North America,Sports & Outdoors,Mobile app,New,2,57.38,0,114.76
ORD-007693,2025-08-30,Middle East & Africa,Home & Kitchen,Mobile app,New,2,41.17,15,69.99
ORD-007694,2025-08-31,Middle East & Africa,Electronics,Mobile app,New,3,168.64,0,505.92
ORD-007695,2025-08-31,Asia Pacific,Apparel,Mobile app,New,1,40.41,0,40.41
ORD-007696,2025-08-31,North America,Home & Kitchen,Mobile app,Returning,1,83.88,0,83.88
ORD-007697,2025-08-31,North America,Home & Kitchen,Web,New,1,42.9,0,42.9
ORD-007698,2025-08-31,Europe,Electronics,Marketplace,New,1,136.57,10,122.91
ORD-007699,2025-08-31,North America,Electronics,Mobile app,New,3,166.44,5,474.35
ORD-007700,2025-08-31,Middle East & Africa,Beauty,Mobile app,New,2,35.16,15,59.77
ORD-007701,2025-08-31,North America,Electronics,Mobile app,Returning,1,259.31,0,259.31
ORD-007702,2025-08-31,Europe,Electronics,Web,Returning,1,201.17,0,201.17
ORD-007703,2025-08-31,Middle East & Africa,Electronics,Mobile app,New,4,200.23,0,800.92
ORD-007704,2025-08-31,Asia Pacific,Apparel,Web,Returning,1,42.21,0,42.21
ORD-007705,2025-08-31,North America,Home & Kitchen,Mobile app,Returning,2,56.69,0,113.38
ORD-007706,2025-08-31,Middle East & Africa,Sports & Outdoors,Web,Returning,1,78.36,10,70.52
ORD-007707,2025-08-31,Latin America,Apparel,Mobile app,New,1,31.59,0,31.59
ORD-007708,2025-08-31,Middle East & Africa,Electronics,Web,New,1,194.42,10,174.98
ORD-007709,2025-08-31,Asia Pacific,Electronics,Web,Returning,2,173.33,0,346.66
ORD-007710,2025-08-31,Asia Pacific,Sports & Outdoors,Web,New,1,79.66,0,79.66
ORD-007711,2025-08-31,Latin America,Beauty,Mobile app,Returning,2,25.42,15,43.21
ORD-007712,2025-08-31,Middle East & Africa,Home & Kitchen,Web,Returning,3,56.34,5,160.57
ORD-007713,2025-08-31,Europe,Apparel,Web,Returning,1,44.61,10,40.15
ORD-007714,2025-08-31,Europe,Beauty,Marketplace,New,3,33.41,15,85.2
ORD-007715,2025-08-31,Asia Pacific,Home & Kitchen,Retail partner,New,2,61.17,0,122.34
ORD-007716,2025-08-31,Asia Pacific,Apparel,Marketplace,New,1,56.13,5,53.32
ORD-007717,2025-08-31,Asia Pacific,Home & Kitchen,Mobile app,Returning,4,99.92,0,399.68
ORD-007718,2025-08-31,North America,Home & Kitchen,Mobile app,New,3,97.36,5,277.48
ORD-007719,2025-08-31,Europe,Apparel,Web,Returning,1,72.46,10,65.21
ORD-007720,2025-08-31,Asia Pacific,Electronics,Mobile app,Returning,1,215.16,5,204.4
ORD-007721,2025-08-31,Asia Pacific,Electronics,Web,New,3,166.57,0,499.71
ORD-007722,2025-08-31,North America,Home & Kitchen,Marketplace,New,2,164.57,15,279.77
ORD-007723,2025-08-31,Asia Pacific,Beauty,Mobile app,Returning,2,28.83,0,57.66
ORD-007724,2025-08-31,North America,Home & Kitchen,Web,Returning,1,94.6,10,85.14
ORD-007725,2025-08-31,North America,Home & Kitchen,Web,Returning,1,33.35,0,33.35
ORD-007726,2025-08-31,Asia Pacific,Apparel,Marketplace,New,2,50.85,0,101.7
ORD-007727,2025-08-31,North America,Apparel,Web,Returning,1,66.66,0,66.66
ORD-007728,2025-09-01,Europe,Apparel,Web,Returning,1,37.44,0,37.44
ORD-007729,2025-09-01,North America,Electronics,Web,Returning,2,265.06,10,477.11
ORD-007730,2025-09-01,North America,Home & Kitchen,Marketplace,New,1,54.18,0,54.18
ORD-007731,2025-09-01,North America,Sports & Outdoors,Web,Returning,1,48.43,0,48.43
ORD-007732,2025-09-01,Asia Pacific,Apparel,Mobile app,Returning,2,35.52,0,71.04
ORD-007733,2025-09-01,Latin America,Electronics,Mobile app,Returning,1,316.75,5,300.91
ORD-007734,2025-09-01,Europe,Toys,Retail partner,Returning,1,32.94,0,32.94
ORD-007735,2025-09-01,Europe,Electronics,Web,Returning,1,167.4,0,167.4
ORD-007736,2025-09-01,Asia Pacific,Electronics,Marketplace,Returning,1,116.82,20,93.46
ORD-007737,2025-09-01,Europe,Home & Kitchen,Marketplace,Returning,3,48.39,5,137.91
ORD-007738,2025-09-01,Middle East & Africa,Beauty,Web,Returning,2,27.36,5,51.98
ORD-007739,2025-09-01,North America,Toys,Web,Returning,5,23.13,0,115.65
ORD-007740,2025-09-01,Asia Pacific,Electronics,Web,Returning,1,498.68,0,498.68
ORD-007741,2025-09-01,North America,Electronics,Retail partner,Returning,1,150.2,0,150.2
ORD-007742,2025-09-01,Asia Pacific,Home & Kitchen,Web,Returning,1,72.06,0,72.06
ORD-007743,2025-09-01,North America,Home & Kitchen,Mobile app,Returning,3,56.07,0,168.21
ORD-007744,2025-09-01,Asia Pacific,Home & Kitchen,Retail partner,Returning,1,53.06,5,50.41
ORD-007745,2025-09-01,Europe,Toys,Web,New,1,38.76,5,36.82
ORD-007746,2025-09-01,Asia Pacific,Electronics,Mobile app,Returning,1,174.19,0,174.19
ORD-007747,2025-09-01,North America,Electronics,Marketplace,New,1,182.5,15,155.13
ORD-007748,2025-09-01,Asia Pacific,Sports & Outdoors,Mobile app,Returning,1,68.49,0,68.49
ORD-007749,2025-09-01,Europe,Home & Kitchen,Web,Returning,2,43.67,0,87.34
ORD-007750,2025-09-01,Middle East & Africa,Electronics,Web,Returning,1,211.84,0,211.84
ORD-007751,2025-09-01,Asia Pacific,Home & Kitchen,Mobile app,New,1,46.79,10,42.11
ORD-007752,2025-09-01,North America,Electronics,Web,New,2,236.94,0,473.88
ORD-007753,2025-09-01,Asia Pacific,Home & Kitchen,Retail partner,New,2,66.7,15,113.39
ORD-007754,2025-09-01,North America,Sports & Outdoors,Web,Returning,1,55.97,10,50.37
ORD-007755,2025-09-01,Europe,Home & Kitchen,Web,New,1,94.05,10,84.65
ORD-007756,2025-09-01,North America,Electronics,Web,Returning,1,172.16,0,172.16
ORD-007757,2025-09-01,Middle East & Africa,Apparel,Retail partner,Returning,2,27.49,0,54.98
ORD-007758,2025-09-01,Europe,Beauty,Web,New,1,22.01,20,17.61
ORD-007759,2025-09-01,Europe,Electronics,Web,Returning,1,179.2,0,179.2
ORD-007760,2025-09-01,Latin America,Sports & Outdoors,Mobile app,Returning,1,70.12,0,70.12
ORD-007761,2025-09-01,Europe,Electronics,Web,New,1,242.65,20,194.12
ORD-007762,2025-09-01,Latin America,Electronics,Web,Returning,2,155.07,15,263.62
ORD-007763,2025-09-02,Europe,Home & Kitchen,Web,Returning,2,83.53,10,150.35
ORD-007764,2025-09-02,North America,Home & Kitchen,Web,New,2,57.58,0,115.16
ORD-007765,2025-09-02,Asia Pacific,Apparel,Mobile app,New,1,33.76,0,33.76
ORD-007766,2025-09-02,North America,Apparel,Marketplace,New,1,69.62,0,69.62
ORD-007767,2025-09-02,Europe,Electronics,Mobile app,New,1,188.7,5,179.27
ORD-007768,2025-09-02,North America,Sports & Outdoors,Retail partner,New,2,103.76,0,207.52
ORD-007769,2025-09-02,North America,Toys,Mobile app,Returning,1,34.46,0,34.46
ORD-007770,2025-09-02,Asia Pacific,Home & Kitchen,Web,Returning,1,64.9,0,64.9
ORD-007771,2025-09-02,Latin America,Apparel,Mobile app,New,1,68.95,0,68.95
ORD-007772,2025-09-02,Asia Pacific,Electronics,Mobile app,Returning,2,166.17,5,315.72
ORD-007773,2025-09-02,North America,Home & Kitchen,Retail partner,New,1,68.29,0,68.29
ORD-007774,2025-09-02,North America,Sports & Outdoors,Mobile app,New,1,72.28,0,72.28
ORD-007775,2025-09-02,North America,Electronics,Web,New,1,224.69,10,202.22
ORD-007776,2025-09-02,Europe,Sports & Outdoors,Web,Returning,1,63.72,15,54.16
ORD-007777,2025-09-02,North America,Sports & Outdoors,Web,Returning,3,73.82,5,210.39
ORD-007778,2025-09-02,North America,Electronics,Marketplace,New,2,169.74,5,322.51
ORD-007779,2025-09-02,Middle East & Africa,Sports & Outdoors,Web,New,3,53.77,0,161.31
ORD-007780,2025-09-02,North America,Apparel,Web,Returning,1,23.04,5,21.89
ORD-007781,2025-09-02,Asia Pacific,Electronics,Marketplace,Returning,3,139.86,0,419.58
ORD-007782,2025-09-02,Europe,Toys,Retail partner,New,1,28.78,0,28.78
ORD-007783,2025-09-02,North America,Apparel,Marketplace,Returning,1,33.16,0,33.16
ORD-007784,2025-09-02,North America,Apparel,Web,Returning,1,47.66,0,47.66
ORD-007785,2025-09-02,North America,Electronics,Marketplace,New,1,111.94,15,95.15
ORD-007786,2025-09-02,Latin America,Apparel,Web,New,1,50.31,0,50.31
ORD-007787,2025-09-02,Europe,Beauty,Web,Returning,1,49.24,0,49.24
ORD-007788,2025-09-02,North America,Home & Kitchen,Web,New,2,80.99,0,161.98
ORD-007789,2025-09-02,Europe,Beauty,Retail partner,Returning,2,37.46,0,74.92
ORD-007790,2025-09-02,North America,Electronics,Mobile app,Returning,1,231.71,0,231.71
ORD-007791,2025-09-02,Europe,Apparel,Web,Returning,1,25.38,0,25.38
ORD-007792,2025-09-02,Asia Pacific,Electronics,Marketplace,New,2,129.63,0,259.26
ORD-007793,2025-09-02,Middle East & Africa,Beauty,Mobile app,Returning,1,17.41,20,13.93
ORD-007794,2025-09-02,Middle East & Africa,Electronics,Mobile app,Returning,1,178.05,5,169.15
ORD-007795,2025-09-02,Latin America,Home & Kitchen,Marketplace,New,1,75.09,5,71.34
ORD-007796,2025-09-02,North America,Beauty,Web,New,1,15.62,5,14.84
ORD-007797,2025-09-02,North America,Electronics,Retail partner,Returning,3,276.36,0,829.08
ORD-007798,2025-09-03,Europe,Electronics,Mobile app,Returning,1,126.42,0,126.42
ORD-007799,2025-09-03,North America,Home & Kitchen,Mobile app,New,1,73.11,0,73.11
ORD-007800,2025-09-03,Europe,Beauty,Web,Returning,1,26.38,0,26.38
ORD-007801,2025-09-03,North America,Toys,Web,New,2,42.3,0,84.6
ORD-007802,2025-09-03,North America,Sports & Outdoors,Web,Returning,2,84.81,15,144.18
ORD-007803,2025-09-03,Asia Pacific,Electronics,Web,Returning,2,408.57,5,776.28
ORD-007804,2025-09-03,North America,Home & Kitchen,Mobile app,Returning,1,47.97,0,47.97
ORD-007805,2025-09-03,Asia Pacific,Apparel,Mobile app,Returning,2,45.79,5,87
ORD-007806,2025-09-03,Asia Pacific,Electronics,Mobile app,Returning,1,181.82,0,181.82
ORD-007807,2025-09-03,Latin America,Apparel,Marketplace,Returning,2,85.06,0,170.12
ORD-007808,2025-09-03,Europe,Electronics,Web,Returning,1,224.55,10,202.1
ORD-007809,2025-09-03,North America,Electronics,Mobile app,New,2,205.22,0,410.44
ORD-007810,2025-09-03,Europe,Electronics,Web,Returning,1,159.19,15,135.31
ORD-007811,2025-09-03,Europe,Home & Kitchen,Web,New,2,45.92,0,91.84
ORD-007812,2025-09-03,Latin America,Beauty,Mobile app,Returning,1,22.66,0,22.66
ORD-007813,2025-09-03,Asia Pacific,Toys,Web,New,2,32.06,15,54.5
ORD-007814,2025-09-03,Europe,Home & Kitchen,Web,Returning,2,58.9,0,117.8
ORD-007815,2025-09-03,North America,Electronics,Mobile app,Returning,1,94.83,5,90.09
ORD-007816,2025-09-03,Middle East & Africa,Home & Kitchen,Retail partner,New,1,84.37,0,84.37
ORD-007817,2025-09-03,Asia Pacific,Beauty,Web,New,1,14.77,0,14.77
ORD-007818,2025-09-03,North America,Beauty,Mobile app,Returning,1,23.65,15,20.1
ORD-007819,2025-09-03,Latin America,Electronics,Web,New,2,91.84,0,183.68
ORD-007820,2025-09-03,Latin America,Electronics,Web,New,2,156.81,0,313.62
ORD-007821,2025-09-03,North America,Apparel,Marketplace,Returning,2,58.19,5,110.56
ORD-007822,2025-09-03,Middle East & Africa,Electronics,Mobile app,New,2,218.02,15,370.63
ORD-007823,2025-09-03,Latin America,Sports & Outdoors,Retail partner,New,2,107.28,15,182.38
ORD-007824,2025-09-03,Latin America,Beauty,Web,Returning,1,19.79,5,18.8
ORD-007825,2025-09-03,Middle East & Africa,Sports & Outdoors,Retail partner,Returning,5,68.34,10,307.53
ORD-007826,2025-09-03,Latin America,Electronics,Web,New,1,174.06,0,174.06
ORD-007827,2025-09-03,Asia Pacific,Apparel,Web,New,3,24.45,5,69.68
ORD-007828,2025-09-04,North America,Home & Kitchen,Web,New,3,50.12,0,150.36
ORD-007829,2025-09-04,Middle East & Africa,Electronics,Retail partner,Returning,2,175.59,5,333.62
ORD-007830,2025-09-04,North America,Beauty,Web,New,3,35.34,5,100.72
ORD-007831,2025-09-04,Europe,Sports & Outdoors,Mobile app,Returning,5,88.65,10,398.93
ORD-007832,2025-09-04,Asia Pacific,Sports & Outdoors,Web,New,1,62.27,0,62.27
ORD-007833,2025-09-04,North America,Home & Kitchen,Marketplace,Returning,3,97.05,5,276.59
ORD-007834,2025-09-04,Latin America,Beauty,Web,Returning,1,33.6,10,30.24
ORD-007835,2025-09-04,Latin America,Electronics,Retail partner,Returning,2,302.66,15,514.52
ORD-007836,2025-09-04,Asia Pacific,Beauty,Retail partner,New,1,28.66,5,27.23
ORD-007837,2025-09-04,Europe,Electronics,Web,New,4,195.74,15,665.52
ORD-007838,2025-09-04,North America,Electronics,Mobile app,Returning,5,128.02,15,544.09
ORD-007839,2025-09-04,North America,Electronics,Web,New,2,142.17,5,270.12
ORD-007840,2025-09-04,Middle East & Africa,Sports & Outdoors,Web,New,3,76.03,0,228.09
ORD-007841,2025-09-04,North America,Sports & Outdoors,Web,New,1,76.17,0,76.17
ORD-007842,2025-09-04,Asia Pacific,Home & Kitchen,Web,New,1,55.61,10,50.05
ORD-007843,2025-09-04,Europe,Apparel,Mobile app,Returning,1,35.8,20,28.64
ORD-007844,2025-09-04,North America,Beauty,Mobile app,Returning,1,17.95,0,17.95
ORD-007845,2025-09-04,North America,Apparel,Web,New,2,30.95,10,55.71
ORD-007846,2025-09-04,Asia Pacific,Home & Kitchen,Marketplace,Returning,4,105.58,15,358.97
ORD-007847,2025-09-04,North America,Toys,Mobile app,Returning,2,52.06,0,104.12
ORD-007848,2025-09-04,North America,Sports & Outdoors,Web,Returning,1,84.94,0,84.94
ORD-007849,2025-09-04,North America,Electronics,Marketplace,New,1,301.48,0,301.48
ORD-007850,2025-09-04,North America,Electronics,Web,New,3,140,0,420
ORD-007851,2025-09-04,Europe,Beauty,Mobile app,Returning,1,48.19,15,40.96
ORD-007852,2025-09-04,Europe,Home & Kitchen,Web,Returning,2,34.16,5,64.9
ORD-007853,2025-09-04,North America,Apparel,Retail partner,Returning,2,56.31,5,106.99
ORD-007854,2025-09-04,Middle East & Africa,Electronics,Web,New,1,403.37,10,363.03
ORD-007855,2025-09-04,North America,Home & Kitchen,Marketplace,Returning,2,58.6,10,105.48
ORD-007856,2025-09-04,Europe,Apparel,Mobile app,New,1,64.36,0,64.36
ORD-007857,2025-09-04,Latin America,Apparel,Web,Returning,2,71.51,0,143.02
ORD-007858,2025-09-04,Europe,Home & Kitchen,Mobile app,New,1,71.95,0,71.95
ORD-007859,2025-09-04,Europe,Electronics,Mobile app,Returning,1,230.82,20,184.66
ORD-007860,2025-09-04,North America,Beauty,Web,Returning,1,16.27,10,14.64
ORD-007861,2025-09-04,Europe,Sports & Outdoors,Web,Returning,1,91.56,0,91.56
ORD-007862,2025-09-04,Asia Pacific,Electronics,Mobile app,Returning,2,171.14,5,325.17
ORD-007863,2025-09-04,Asia Pacific,Apparel,Mobile app,Returning,2,26.35,10,47.43
ORD-007864,2025-09-04,North America,Apparel,Mobile app,Returning,3,48.33,0,144.99
ORD-007865,2025-09-04,North America,Apparel,Mobile app,Returning,1,62.31,0,62.31
ORD-007866,2025-09-04,Latin America,Electronics,Web,Returning,1,165.94,5,157.64
ORD-007867,2025-09-04,North America,Apparel,Web,Returning,1,44.87,0,44.87
ORD-007868,2025-09-04,Middle East & Africa,Electronics,Mobile app,New,1,273.67,10,246.3
ORD-007869,2025-09-04,Middle East & Africa,Electronics,Marketplace,Returning,1,155.47,0,155.47
ORD-007870,2025-09-04,Asia Pacific,Beauty,Web,Returning,2,18.99,10,34.18
ORD-007871,2025-09-04,North America,Electronics,Web,New,2,185,0,370
ORD-007872,2025-09-05,North America,Electronics,Web,New,2,151.31,0,302.62
ORD-007873,2025-09-05,Asia Pacific,Beauty,Mobile app,Returning,1,29.92,5,28.42
ORD-007874,2025-09-05,Europe,Home & Kitchen,Mobile app,Returning,3,66.07,0,198.21
ORD-007875,2025-09-05,North America,Sports & Outdoors,Web,New,1,65.99,10,59.39
ORD-007876,2025-09-05,Europe,Home & Kitchen,Marketplace,New,2,85,0,170
ORD-007877,2025-09-05,North America,Home & Kitchen,Web,Returning,2,61.87,0,123.74
ORD-007878,2025-09-05,North America,Home & Kitchen,Mobile app,Returning,2,54.2,15,92.14
ORD-007879,2025-09-05,Middle East & Africa,Toys,Web,New,2,32.3,10,58.14
ORD-007880,2025-09-05,Europe,Home & Kitchen,Web,New,3,33.11,0,99.33
ORD-007881,2025-09-05,North America,Beauty,Web,New,3,34.4,0,103.2
ORD-007882,2025-09-05,North America,Home & Kitchen,Mobile app,Returning,1,28.52,10,25.67
ORD-007883,2025-09-05,Middle East & Africa,Home & Kitchen,Web,New,2,42.94,5,81.59
ORD-007884,2025-09-05,North America,Home & Kitchen,Mobile app,Returning,3,82.45,0,247.35
ORD-007885,2025-09-05,North America,Home & Kitchen,Mobile app,Returning,2,90.86,0,181.72
ORD-007886,2025-09-05,North America,Apparel,Mobile app,Returning,2,34.57,15,58.77
ORD-007887,2025-09-05,North America,Apparel,Web,Returning,1,30.82,5,29.28
ORD-007888,2025-09-05,Europe,Electronics,Web,New,1,130.94,0,130.94
ORD-007889,2025-09-05,Asia Pacific,Apparel,Web,Returning,1,36.53,0,36.53
ORD-007890,2025-09-05,Latin America,Home & Kitchen,Retail partner,Returning,2,48.58,5,92.3
ORD-007891,2025-09-05,North America,Home & Kitchen,Web,New,2,58.65,10,105.57
ORD-007892,2025-09-05,Europe,Home & Kitchen,Web,New,2,54.59,5,103.72
ORD-007893,2025-09-05,Europe,Apparel,Web,New,1,19.92,10,17.93
ORD-007894,2025-09-05,North America,Sports & Outdoors,Web,Returning,3,63.56,10,171.61
ORD-007895,2025-09-05,Asia Pacific,Home & Kitchen,Web,Returning,1,51.27,0,51.27
ORD-007896,2025-09-05,Europe,Electronics,Mobile app,Returning,1,113.09,0,113.09
ORD-007897,2025-09-05,Asia Pacific,Apparel,Marketplace,New,1,36.96,0,36.96
ORD-007898,2025-09-05,Latin America,Electronics,Web,Returning,5,109.87,0,549.35
ORD-007899,2025-09-05,North America,Home & Kitchen,Marketplace,New,5,61.19,0,305.95
ORD-007900,2025-09-05,North America,Apparel,Web,Returning,3,55.48,10,149.8
ORD-007901,2025-09-05,Europe,Beauty,Web,New,2,30.99,0,61.98
ORD-007902,2025-09-05,Asia Pacific,Electronics,Web,New,4,128.49,10,462.56
ORD-007903,2025-09-05,Latin America,Home & Kitchen,Web,Returning,3,85.09,0,255.27
ORD-007904,2025-09-05,Asia Pacific,Electronics,Web,New,1,99.63,10,89.67
ORD-007905,2025-09-05,North America,Beauty,Web,Returning,1,30.04,10,27.04
ORD-007906,2025-09-05,Europe,Home & Kitchen,Retail partner,New,2,77.17,5,146.62
ORD-007907,2025-09-06,Europe,Apparel,Mobile app,Returning,1,70.03,0,70.03
ORD-007908,2025-09-06,North America,Home & Kitchen,Web,Returning,1,52.35,20,41.88
ORD-007909,2025-09-06,Asia Pacific,Beauty,Web,New,1,31.14,20,24.91
ORD-007910,2025-09-06,Europe,Home & Kitchen,Mobile app,New,1,63.48,15,53.96
ORD-007911,2025-09-06,North America,Home & Kitchen,Mobile app,Returning,4,37.94,10,136.58
ORD-007912,2025-09-06,Asia Pacific,Apparel,Mobile app,Returning,1,54.81,0,54.81
ORD-007913,2025-09-06,Europe,Beauty,Web,Returning,4,41.42,0,165.68
ORD-007914,2025-09-06,Europe,Apparel,Web,Returning,1,40.31,0,40.31
ORD-007915,2025-09-06,North America,Apparel,Mobile app,Returning,2,27.17,0,54.34
ORD-007916,2025-09-06,Asia Pacific,Apparel,Web,Returning,1,47.27,5,44.91
ORD-007917,2025-09-06,Europe,Apparel,Mobile app,Returning,1,52.75,0,52.75
ORD-007918,2025-09-06,Europe,Beauty,Web,New,1,25.88,0,25.88
ORD-007919,2025-09-06,North America,Apparel,Retail partner,Returning,1,51.73,5,49.14
ORD-007920,2025-09-06,Middle East & Africa,Apparel,Mobile app,Returning,1,50.51,5,47.98
ORD-007921,2025-09-06,North America,Home & Kitchen,Mobile app,Returning,3,82.2,5,234.27
ORD-007922,2025-09-06,North America,Home & Kitchen,Marketplace,Returning,1,82,0,82
ORD-007923,2025-09-06,North America,Beauty,Web,New,1,37.99,15,32.29
ORD-007924,2025-09-06,North America,Home & Kitchen,Mobile app,Returning,1,28.53,0,28.53
ORD-007925,2025-09-06,Asia Pacific,Electronics,Marketplace,Returning,2,354.02,0,708.04
ORD-007926,2025-09-06,North America,Apparel,Mobile app,New,1,37.14,0,37.14
ORD-007927,2025-09-06,Latin America,Apparel,Mobile app,New,2,16.76,0,33.52
ORD-007928,2025-09-06,North America,Electronics,Web,Returning,2,277.22,0,554.44
ORD-007929,2025-09-06,Europe,Electronics,Web,Returning,4,187.46,0,749.84
ORD-007930,2025-09-06,North America,Electronics,Mobile app,Returning,2,113.27,0,226.54
ORD-007931,2025-09-06,Asia Pacific,Toys,Web,Returning,1,63.94,5,60.74
ORD-007932,2025-09-06,North America,Home & Kitchen,Web,New,1,80.63,0,80.63
ORD-007933,2025-09-06,Europe,Home & Kitchen,Mobile app,Returning,2,96.3,0,192.6
ORD-007934,2025-09-06,North America,Home & Kitchen,Mobile app,Returning,1,72.34,0,72.34
ORD-007935,2025-09-06,North America,Beauty,Web,Returning,1,11.77,0,11.77
ORD-007936,2025-09-06,Asia Pacific,Beauty,Web,New,4,36.22,0,144.88
ORD-007937,2025-09-06,North America,Home & Kitchen,Mobile app,Returning,1,42.54,5,40.41
ORD-007938,2025-09-06,Latin America,Electronics,Web,Returning,3,174.34,15,444.57
ORD-007939,2025-09-06,Middle East & Africa,Beauty,Web,Returning,3,31.87,0,95.61
ORD-007940,2025-09-06,Asia Pacific,Electronics,Mobile app,New,1,170.86,10,153.77
ORD-007941,2025-09-06,Europe,Electronics,Web,New,2,237.71,0,475.42
ORD-007942,2025-09-06,Europe,Beauty,Web,Returning,1,23.19,0,23.19
ORD-007943,2025-09-06,Middle East & Africa,Apparel,Mobile app,Returning,1,49.7,10,44.73
ORD-007944,2025-09-06,Europe,Beauty,Mobile app,New,1,25.6,10,23.04
ORD-007945,2025-09-06,Europe,Sports & Outdoors,Mobile app,Returning,2,53.61,20,85.78
ORD-007946,2025-09-06,Asia Pacific,Apparel,Web,Returning,2,44.08,0,88.16
ORD-007947,2025-09-06,Europe,Electronics,Marketplace,Returning,1,185.69,0,185.69
ORD-007948,2025-09-06,Europe,Apparel,Mobile app,New,5,33.76,0,168.8
ORD-007949,2025-09-06,North America,Beauty,Mobile app,New,1,26.93,0,26.93
ORD-007950,2025-09-07,North America,Electronics,Marketplace,Returning,2,287.69,5,546.61
ORD-007951,2025-09-07,North America,Home & Kitchen,Retail partner,Returning,4,53.37,5,202.81
ORD-007952,2025-09-07,North America,Apparel,Mobile app,New,2,45.84,0,91.68
ORD-007953,2025-09-07,Europe,Home & Kitchen,Mobile app,Returning,1,61.92,0,61.92
ORD-007954,2025-09-07,Europe,Electronics,Mobile app,New,1,159.03,5,151.08
ORD-007955,2025-09-07,Europe,Electronics,Retail partner,Returning,2,209.2,0,418.4
ORD-007956,2025-09-07,Asia Pacific,Toys,Retail partner,New,1,32.89,0,32.89
ORD-007957,2025-09-07,North America,Beauty,Marketplace,Returning,1,44.09,5,41.89
ORD-007958,2025-09-07,Asia Pacific,Electronics,Mobile app,Returning,1,196.29,10,176.66
ORD-007959,2025-09-07,Europe,Beauty,Web,Returning,2,23.86,0,47.72
ORD-007960,2025-09-07,North America,Toys,Web,Returning,3,49.46,0,148.38
ORD-007961,2025-09-07,Asia Pacific,Toys,Mobile app,New,2,33.08,0,66.16
ORD-007962,2025-09-07,Latin America,Home & Kitchen,Mobile app,Returning,1,81.06,0,81.06
ORD-007963,2025-09-07,Asia Pacific,Toys,Retail partner,New,1,56.94,0,56.94
ORD-007964,2025-09-07,Europe,Beauty,Mobile app,New,1,24.57,0,24.57
ORD-007965,2025-09-07,North America,Electronics,Web,New,1,232.46,5,220.84
ORD-007966,2025-09-07,Europe,Home & Kitchen,Mobile app,New,2,40.28,0,80.56
ORD-007967,2025-09-07,North America,Home & Kitchen,Web,New,2,58.73,10,105.71
ORD-007968,2025-09-07,North America,Electronics,Mobile app,New,3,248.64,0,745.92
ORD-007969,2025-09-07,North America,Beauty,Marketplace,Returning,3,22.46,5,64.01
ORD-007970,2025-09-07,North America,Sports & Outdoors,Web,New,1,55.32,0,55.32
ORD-007971,2025-09-07,Asia Pacific,Home & Kitchen,Web,Returning,1,140.58,5,133.55
ORD-007972,2025-09-07,North America,Apparel,Mobile app,New,3,55.45,10,149.72
ORD-007973,2025-09-07,Asia Pacific,Apparel,Mobile app,Returning,2,60.64,10,109.15
ORD-007974,2025-09-07,North America,Toys,Mobile app,New,2,44.68,0,89.36
ORD-007975,2025-09-07,Europe,Electronics,Web,Returning,3,236.54,0,709.62
ORD-007976,2025-09-07,Europe,Electronics,Mobile app,New,1,65.28,10,58.75
ORD-007977,2025-09-07,Asia Pacific,Home & Kitchen,Web,New,3,83.85,0,251.55
ORD-007978,2025-09-07,Europe,Home & Kitchen,Web,New,3,69.99,10,188.97
ORD-007979,2025-09-07,Middle East & Africa,Electronics,Web,Returning,1,175.22,0,175.22
ORD-007980,2025-09-07,Europe,Apparel,Retail partner,New,1,45.16,5,42.9
ORD-007981,2025-09-07,North America,Home & Kitchen,Web,New,1,77.74,5,73.85
ORD-007982,2025-09-07,Latin America,Apparel,Web,Returning,1,46.61,0,46.61
ORD-007983,2025-09-07,North America,Sports & Outdoors,Marketplace,New,1,42.3,5,40.18
ORD-007984,2025-09-07,Asia Pacific,Beauty,Mobile app,New,1,28.14,10,25.33
ORD-007985,2025-09-07,Latin America,Beauty,Mobile app,Returning,4,23.67,5,89.95
ORD-007986,2025-09-07,North America,Home & Kitchen,Mobile app,New,1,64.93,0,64.93
ORD-007987,2025-09-07,Asia Pacific,Sports & Outdoors,Mobile app,Returning,1,63.8,0,63.8
ORD-007988,2025-09-07,Latin America,Sports & Outdoors,Retail partner,Returning,1,57.74,0,57.74
ORD-007989,2025-09-07,North America,Sports & Outdoors,Mobile app,New,1,65.73,10,59.16
ORD-007990,2025-09-07,Europe,Sports & Outdoors,Mobile app,Returning,1,77.12,0,77.12
ORD-007991,2025-09-07,North America,Electronics,Mobile app,New,3,258.42,0,775.26
ORD-007992,2025-09-07,Asia Pacific,Home & Kitchen,Web,Returning,2,58.73,10,105.71
ORD-007993,2025-09-07,Europe,Electronics,Web,New,2,201.24,10,362.23
ORD-007994,2025-09-07,Europe,Apparel,Mobile app,Returning,1,58.45,0,58.45
ORD-007995,2025-09-07,Europe,Apparel,Mobile app,Returning,1,27.67,5,26.29
ORD-007996,2025-09-07,Asia Pacific,Apparel,Web,New,1,47.81,0,47.81
ORD-007997,2025-09-08,Asia Pacific,Toys,Retail partner,Returning,2,61.94,15,105.3
ORD-007998,2025-09-08,North America,Apparel,Mobile app,Returning,1,33.23,5,31.57
ORD-007999,2025-09-08,North America,Beauty,Web,Returning,1,33.97,0,33.97
ORD-008000,2025-09-08,North America,Beauty,Web,Returning,1,46.77,15,39.75
ORD-008001,2025-09-08,North America,Sports & Outdoors,Web,Returning,2,101.16,0,202.32
ORD-008002,2025-09-08,Asia Pacific,Sports & Outdoors,Web,Returning,5,60.5,5,287.38
ORD-008003,2025-09-08,Asia Pacific,Home & Kitchen,Web,New,1,39.22,0,39.22
ORD-008004,2025-09-08,North America,Beauty,Mobile app,New,2,20.01,5,38.02
ORD-008005,2025-09-08,North America,Home & Kitchen,Web,Returning,3,85.57,10,231.04
ORD-008006,2025-09-08,Asia Pacific,Electronics,Web,Returning,5,224.36,0,1121.8
ORD-008007,2025-09-08,Europe,Beauty,Mobile app,Returning,2,33.17,0,66.34
ORD-008008,2025-09-08,Asia Pacific,Apparel,Mobile app,Returning,4,32.04,10,115.34
ORD-008009,2025-09-08,North America,Electronics,Web,New,2,196.88,0,393.76
ORD-008010,2025-09-08,Asia Pacific,Sports & Outdoors,Mobile app,Returning,1,88.86,0,88.86
ORD-008011,2025-09-08,North America,Electronics,Mobile app,Returning,3,196.31,0,588.93
ORD-008012,2025-09-08,North America,Home & Kitchen,Web,New,1,79.94,20,63.95
ORD-008013,2025-09-08,North America,Apparel,Mobile app,New,3,21.36,0,64.08
ORD-008014,2025-09-08,Asia Pacific,Toys,Web,Returning,2,58.12,0,116.24
ORD-008015,2025-09-08,Middle East & Africa,Home & Kitchen,Web,Returning,1,49.14,15,41.77
ORD-008016,2025-09-08,Latin America,Apparel,Web,New,1,15.24,0,15.24
ORD-008017,2025-09-08,Europe,Electronics,Mobile app,New,1,112.52,10,101.27
ORD-008018,2025-09-08,North America,Electronics,Mobile app,Returning,2,320.08,5,608.15
ORD-008019,2025-09-08,North America,Sports & Outdoors,Mobile app,Returning,3,53.34,0,160.02
ORD-008020,2025-09-08,North America,Electronics,Web,Returning,2,190.62,10,343.12
ORD-008021,2025-09-08,Latin America,Home & Kitchen,Web,Returning,4,146.63,5,557.19
ORD-008022,2025-09-08,Europe,Electronics,Marketplace,Returning,2,156.01,5,296.42
ORD-008023,2025-09-08,Asia Pacific,Beauty,Retail partner,New,1,21.55,0,21.55
ORD-008024,2025-09-08,North America,Beauty,Web,New,1,34.74,10,31.27
ORD-008025,2025-09-08,Middle East & Africa,Sports & Outdoors,Marketplace,Returning,1,66.59,0,66.59
ORD-008026,2025-09-08,Asia Pacific,Sports & Outdoors,Web,New,2,42.31,10,76.16
ORD-008027,2025-09-08,North America,Toys,Web,Returning,5,49.52,5,235.22
ORD-008028,2025-09-08,Latin America,Electronics,Retail partner,New,4,169.64,20,542.85
ORD-008029,2025-09-08,Europe,Electronics,Mobile app,Returning,2,262.59,0,525.18
ORD-008030,2025-09-08,Latin America,Toys,Mobile app,Returning,1,33.62,10,30.26
ORD-008031,2025-09-09,North America,Beauty,Web,Returning,1,31.4,20,25.12
ORD-008032,2025-09-09,Asia Pacific,Beauty,Mobile app,New,1,57.85,5,54.96
ORD-008033,2025-09-09,North America,Apparel,Web,Returning,1,36.28,0,36.28
ORD-008034,2025-09-09,North America,Home & Kitchen,Mobile app,Returning,1,100.17,0,100.17
ORD-008035,2025-09-09,Middle East & Africa,Home & Kitchen,Web,Returning,2,76.82,0,153.64
ORD-008036,2025-09-09,North America,Sports & Outdoors,Web,Returning,1,57.4,0,57.4
ORD-008037,2025-09-09,Europe,Beauty,Retail partner,Returning,2,44.23,0,88.46
ORD-008038,2025-09-09,North America,Apparel,Mobile app,New,2,20.25,0,40.5
ORD-008039,2025-09-09,Europe,Toys,Web,New,1,22.19,10,19.97
ORD-008040,2025-09-09,North America,Apparel,Web,Returning,1,30.59,0,30.59
ORD-008041,2025-09-09,North America,Sports & Outdoors,Web,New,2,68.05,5,129.29
ORD-008042,2025-09-09,Asia Pacific,Apparel,Web,Returning,4,41.81,0,167.24
ORD-008043,2025-09-09,North America,Toys,Mobile app,New,1,36.47,10,32.82
ORD-008044,2025-09-09,Europe,Home & Kitchen,Mobile app,New,1,72.63,0,72.63
ORD-008045,2025-09-09,Europe,Electronics,Web,Returning,2,182,0,364
ORD-008046,2025-09-09,Asia Pacific,Electronics,Mobile app,Returning,1,253.54,0,253.54
ORD-008047,2025-09-09,Europe,Electronics,Marketplace,Returning,1,143.21,5,136.05
ORD-008048,2025-09-09,North America,Electronics,Web,New,1,165.45,0,165.45
ORD-008049,2025-09-09,Middle East & Africa,Apparel,Mobile app,Returning,2,91.75,0,183.5
ORD-008050,2025-09-09,Europe,Home & Kitchen,Marketplace,New,2,74.2,0,148.4
ORD-008051,2025-09-09,Latin America,Home & Kitchen,Web,New,2,76.7,0,153.4
ORD-008052,2025-09-09,Europe,Electronics,Web,Returning,2,197.39,5,375.04
ORD-008053,2025-09-10,Europe,Apparel,Mobile app,Returning,2,21,10,37.8
ORD-008054,2025-09-10,Asia Pacific,Beauty,Retail partner,Returning,1,27.09,0,27.09
ORD-008055,2025-09-10,Europe,Home & Kitchen,Web,Returning,1,92.93,0,92.93
ORD-008056,2025-09-10,Latin America,Apparel,Web,New,2,41.47,10,74.65
ORD-008057,2025-09-10,Europe,Electronics,Mobile app,Returning,4,214.39,5,814.68
ORD-008058,2025-09-10,Middle East & Africa,Beauty,Mobile app,New,2,22.26,0,44.52
ORD-008059,2025-09-10,Europe,Beauty,Mobile app,New,1,24.84,10,22.36
ORD-008060,2025-09-10,Europe,Apparel,Mobile app,New,1,50.92,5,48.37
ORD-008061,2025-09-10,Latin America,Apparel,Web,New,2,59.24,0,118.48
ORD-008062,2025-09-10,North America,Beauty,Web,Returning,1,23.95,0,23.95
ORD-008063,2025-09-10,Latin America,Apparel,Mobile app,Returning,1,110.08,5,104.58
ORD-008064,2025-09-10,North America,Beauty,Web,Returning,1,38.09,5,36.19
ORD-008065,2025-09-10,North America,Electronics,Marketplace,Returning,1,180.74,0,180.74
ORD-008066,2025-09-10,Europe,Electronics,Marketplace,Returning,2,111.12,0,222.24
ORD-008067,2025-09-10,North America,Home & Kitchen,Retail partner,Returning,1,105.53,5,100.25
ORD-008068,2025-09-10,Europe,Beauty,Mobile app,New,1,45.89,0,45.89
ORD-008069,2025-09-10,Asia Pacific,Electronics,Web,Returning,1,374.87,0,374.87
ORD-008070,2025-09-10,Asia Pacific,Sports & Outdoors,Web,Returning,1,60.24,5,57.23
ORD-008071,2025-09-10,North America,Home & Kitchen,Web,New,1,56.94,0,56.94
ORD-008072,2025-09-10,North America,Apparel,Web,New,1,25.7,0,25.7
ORD-008073,2025-09-10,North America,Home & Kitchen,Mobile app,Returning,3,88.51,5,252.25
ORD-008074,2025-09-10,North America,Home & Kitchen,Web,Returning,2,104.24,0,208.48
ORD-008075,2025-09-10,North America,Sports & Outdoors,Web,Returning,1,107.49,0,107.49
ORD-008076,2025-09-10,Middle East & Africa,Electronics,Marketplace,Returning,2,108.54,0,217.08
ORD-008077,2025-09-10,Middle East & Africa,Sports & Outdoors,Mobile app,New,2,75.03,0,150.06
ORD-008078,2025-09-10,North America,Toys,Web,New,1,39.15,0,39.15
ORD-008079,2025-09-10,Europe,Sports & Outdoors,Marketplace,Returning,2,56.77,10,102.19
ORD-008080,2025-09-11,Europe,Home & Kitchen,Mobile app,Returning,5,34.74,0,173.7
ORD-008081,2025-09-11,North America,Apparel,Mobile app,Returning,1,25.55,0,25.55
ORD-008082,2025-09-11,Latin America,Electronics,Mobile app,New,2,273.49,0,546.98
ORD-008083,2025-09-11,North America,Sports & Outdoors,Web,Returning,1,97.93,0,97.93
ORD-008084,2025-09-11,Asia Pacific,Sports & Outdoors,Web,New,2,47.06,0,94.12
ORD-008085,2025-09-11,Asia Pacific,Toys,Web,New,4,77.73,0,310.92
ORD-008086,2025-09-11,Europe,Beauty,Web,Returning,1,41.44,0,41.44
ORD-008087,2025-09-11,Asia Pacific,Toys,Web,Returning,2,27.33,5,51.93
ORD-008088,2025-09-11,Europe,Home & Kitchen,Web,New,1,30.54,5,29.01
ORD-008089,2025-09-11,North America,Beauty,Mobile app,Returning,1,18.35,10,16.52
ORD-008090,2025-09-11,North America,Electronics,Mobile app,Returning,2,227.51,0,455.02
ORD-008091,2025-09-11,Europe,Apparel,Web,Returning,1,44.04,15,37.43
ORD-008092,2025-09-11,North America,Electronics,Web,New,1,153.89,10,138.5
ORD-008093,2025-09-11,Europe,Home & Kitchen,Web,New,2,89.88,20,143.81
ORD-008094,2025-09-11,Asia Pacific,Apparel,Mobile app,New,2,50.04,15,85.07
ORD-008095,2025-09-11,North America,Apparel,Mobile app,Returning,1,59.51,0,59.51
ORD-008096,2025-09-11,Asia Pacific,Home & Kitchen,Marketplace,New,1,100.19,0,100.19
ORD-008097,2025-09-11,North America,Beauty,Web,New,1,12.6,20,10.08
ORD-008098,2025-09-11,Europe,Beauty,Retail partner,Returning,2,20.66,15,35.12
ORD-008099,2025-09-11,Europe,Sports & Outdoors,Web,Returning,4,59.45,15,202.13
ORD-008100,2025-09-11,North America,Beauty,Web,Returning,4,20.05,0,80.2
ORD-008101,2025-09-11,North America,Beauty,Mobile app,New,4,14.85,0,59.4
ORD-008102,2025-09-11,North America,Beauty,Retail partner,New,1,20.37,5,19.35
ORD-008103,2025-09-11,Europe,Electronics,Web,Returning,2,178.35,5,338.86
ORD-008104,2025-09-11,Asia Pacific,Home & Kitchen,Web,Returning,1,63.61,0,63.61
ORD-008105,2025-09-12,North America,Home & Kitchen,Web,Returning,1,48.85,0,48.85
ORD-008106,2025-09-12,Europe,Home & Kitchen,Web,Returning,1,55.91,0,55.91
ORD-008107,2025-09-12,Europe,Home & Kitchen,Mobile app,Returning,1,49.77,0,49.77
ORD-008108,2025-09-12,North America,Toys,Web,Returning,1,70.19,0,70.19
ORD-008109,2025-09-12,North America,Electronics,Mobile app,Returning,2,113.23,0,226.46
ORD-008110,2025-09-12,North America,Sports & Outdoors,Web,Returning,1,109.73,0,109.73
ORD-008111,2025-09-12,Asia Pacific,Apparel,Retail partner,New,1,79.69,20,63.75
ORD-008112,2025-09-12,North America,Home & Kitchen,Web,New,1,75.98,0,75.98
ORD-008113,2025-09-12,Latin America,Home & Kitchen,Web,New,1,79.52,0,79.52
ORD-008114,2025-09-12,North America,Electronics,Mobile app,Returning,2,139.47,0,278.94
ORD-008115,2025-09-12,Europe,Home & Kitchen,Web,Returning,1,67.64,10,60.88
ORD-008116,2025-09-12,Asia Pacific,Home & Kitchen,Marketplace,Returning,1,58.89,0,58.89
ORD-008117,2025-09-12,Europe,Apparel,Retail partner,Returning,1,37.31,5,35.44
ORD-008118,2025-09-12,North America,Sports & Outdoors,Web,New,1,47.08,0,47.08
ORD-008119,2025-09-12,Asia Pacific,Electronics,Mobile app,New,2,214.26,0,428.52
ORD-008120,2025-09-12,North America,Apparel,Web,Returning,2,51.84,0,103.68
ORD-008121,2025-09-12,North America,Sports & Outdoors,Mobile app,New,3,75.63,5,215.55
ORD-008122,2025-09-12,North America,Electronics,Web,Returning,1,164.86,0,164.86
ORD-008123,2025-09-12,Middle East & Africa,Electronics,Web,New,1,199.3,10,179.37
ORD-008124,2025-09-12,Middle East & Africa,Beauty,Marketplace,New,4,40.23,0,160.92
ORD-008125,2025-09-12,North America,Home & Kitchen,Mobile app,New,1,36.6,15,31.11
ORD-008126,2025-09-12,Europe,Home & Kitchen,Mobile app,Returning,1,28.71,0,28.71
ORD-008127,2025-09-12,North America,Beauty,Web,Returning,4,47.6,5,180.88
ORD-008128,2025-09-12,North America,Beauty,Mobile app,New,1,28.32,0,28.32
ORD-008129,2025-09-12,Middle East & Africa,Beauty,Mobile app,Returning,3,21.31,10,57.54
ORD-008130,2025-09-12,North America,Beauty,Web,Returning,1,23.61,10,21.25
ORD-008131,2025-09-12,Asia Pacific,Apparel,Marketplace,Returning,1,36.98,0,36.98
ORD-008132,2025-09-12,North America,Electronics,Retail partner,Returning,3,74.66,5,212.78
ORD-008133,2025-09-12,Asia Pacific,Beauty,Web,Returning,1,20.6,0,20.6
ORD-008134,2025-09-12,North America,Electronics,Web,Returning,1,234.52,0,234.52
ORD-008135,2025-09-12,North America,Toys,Mobile app,New,1,25.67,0,25.67
ORD-008136,2025-09-12,Europe,Apparel,Mobile app,Returning,2,36.36,5,69.08
ORD-008137,2025-09-12,North America,Electronics,Mobile app,Returning,3,211.04,0,633.12
ORD-008138,2025-09-12,Latin America,Electronics,Web,Returning,4,194.34,0,777.36
ORD-008139,2025-09-12,North America,Apparel,Mobile app,Returning,1,23.63,0,23.63
ORD-008140,2025-09-13,North America,Home & Kitchen,Marketplace,Returning,1,70.51,15,59.93
ORD-008141,2025-09-13,North America,Electronics,Web,New,1,209.79,5,199.3
ORD-008142,2025-09-13,Europe,Sports & Outdoors,Marketplace,Returning,4,94.23,5,358.07
ORD-008143,2025-09-13,Asia Pacific,Electronics,Web,Returning,2,113.16,0,226.32
ORD-008144,2025-09-13,Europe,Toys,Web,Returning,1,34.93,10,31.44
ORD-008145,2025-09-13,Europe,Home & Kitchen,Web,Returning,1,61.94,0,61.94
ORD-008146,2025-09-13,Europe,Sports & Outdoors,Web,Returning,3,36.03,0,108.09
ORD-008147,2025-09-13,Asia Pacific,Apparel,Mobile app,New,2,76.52,5,145.39
ORD-008148,2025-09-13,Europe,Home & Kitchen,Web,Returning,2,99.06,5,188.21
ORD-008149,2025-09-13,Europe,Sports & Outdoors,Retail partner,Returning,5,40,15,170
ORD-008150,2025-09-13,Middle East & Africa,Electronics,Web,Returning,3,201.04,0,603.12
ORD-008151,2025-09-13,North America,Home & Kitchen,Mobile app,Returning,4,69.96,5,265.85
ORD-008152,2025-09-13,Asia Pacific,Sports & Outdoors,Web,New,1,60.45,10,54.41
ORD-008153,2025-09-13,Europe,Electronics,Web,Returning,2,221.46,0,442.92
ORD-008154,2025-09-13,Europe,Apparel,Web,New,2,68.24,0,136.48
ORD-008155,2025-09-13,North America,Apparel,Mobile app,New,3,56.91,15,145.12
ORD-008156,2025-09-13,North America,Electronics,Web,New,3,156.37,0,469.11
ORD-008157,2025-09-13,Europe,Toys,Marketplace,Returning,1,55.07,15,46.81
ORD-008158,2025-09-13,Europe,Beauty,Web,New,3,13.28,15,33.86
ORD-008159,2025-09-13,North America,Apparel,Mobile app,New,1,34.4,0,34.4
ORD-008160,2025-09-13,Asia Pacific,Beauty,Web,Returning,2,24.4,0,48.8
ORD-008161,2025-09-13,Middle East & Africa,Home & Kitchen,Mobile app,Returning,2,61.74,0,123.48
ORD-008162,2025-09-13,Europe,Toys,Mobile app,Returning,1,25.59,0,25.59
ORD-008163,2025-09-13,North America,Electronics,Web,Returning,1,197.53,10,177.78
ORD-008164,2025-09-13,Asia Pacific,Toys,Marketplace,New,2,26.67,0,53.34
ORD-008165,2025-09-13,Europe,Home & Kitchen,Mobile app,New,1,54.56,0,54.56
ORD-008166,2025-09-13,Latin America,Home & Kitchen,Web,Returning,2,86.41,0,172.82
ORD-008167,2025-09-14,North America,Sports & Outdoors,Web,Returning,1,63.45,10,57.11
ORD-008168,2025-09-14,Europe,Home & Kitchen,Web,Returning,1,91.06,15,77.4
ORD-008169,2025-09-14,North America,Electronics,Web,New,2,288.99,0,577.98
ORD-008170,2025-09-14,North America,Apparel,Mobile app,Returning,1,81.38,10,73.24
ORD-008171,2025-09-14,Europe,Beauty,Web,Returning,2,34.83,0,69.66
ORD-008172,2025-09-14,Europe,Apparel,Web,Returning,2,32.93,0,65.86
ORD-008173,2025-09-14,North America,Sports & Outdoors,Mobile app,Returning,3,54.05,5,154.04
ORD-008174,2025-09-14,Europe,Electronics,Marketplace,Returning,2,136.08,0,272.16
ORD-008175,2025-09-14,Asia Pacific,Home & Kitchen,Web,Returning,3,64.05,0,192.15
ORD-008176,2025-09-14,North America,Apparel,Mobile app,New,2,69.03,0,138.06
ORD-008177,2025-09-14,North America,Toys,Web,Returning,2,27.68,10,49.82
ORD-008178,2025-09-14,Latin America,Home & Kitchen,Retail partner,Returning,5,113.59,15,482.76
ORD-008179,2025-09-14,Asia Pacific,Electronics,Web,Returning,3,97.46,0,292.38
ORD-008180,2025-09-14,Asia Pacific,Apparel,Web,Returning,1,58.55,0,58.55
ORD-008181,2025-09-14,Middle East & Africa,Beauty,Web,Returning,1,12.03,10,10.83
ORD-008182,2025-09-14,Asia Pacific,Sports & Outdoors,Marketplace,Returning,2,94.14,10,169.45
ORD-008183,2025-09-14,Europe,Home & Kitchen,Web,Returning,1,52.28,10,47.05
ORD-008184,2025-09-14,Asia Pacific,Sports & Outdoors,Web,New,1,36.3,0,36.3
ORD-008185,2025-09-14,North America,Sports & Outdoors,Mobile app,New,4,72.26,0,289.04
ORD-008186,2025-09-14,Middle East & Africa,Apparel,Mobile app,Returning,1,38.23,5,36.32
ORD-008187,2025-09-14,Asia Pacific,Apparel,Web,Returning,1,46.79,0,46.79
ORD-008188,2025-09-14,Europe,Apparel,Mobile app,Returning,1,43.12,5,40.96
ORD-008189,2025-09-14,North America,Apparel,Web,New,1,35.03,0,35.03
ORD-008190,2025-09-14,North America,Apparel,Mobile app,Returning,2,48.92,0,97.84
ORD-008191,2025-09-14,Europe,Beauty,Mobile app,Returning,1,38.18,0,38.18
ORD-008192,2025-09-14,Latin America,Electronics,Mobile app,Returning,1,106.26,0,106.26
ORD-008193,2025-09-14,North America,Home & Kitchen,Mobile app,Returning,3,52.97,5,150.96
ORD-008194,2025-09-14,North America,Electronics,Web,Returning,1,159.47,0,159.47
ORD-008195,2025-09-14,Europe,Sports & Outdoors,Retail partner,New,2,47.98,5,91.16
ORD-008196,2025-09-14,Latin America,Apparel,Retail partner,Returning,3,22.69,5,64.67
ORD-008197,2025-09-14,North America,Apparel,Mobile app,Returning,5,43.39,10,195.26
ORD-008198,2025-09-14,Middle East & Africa,Home & Kitchen,Marketplace,New,1,64.11,0,64.11
ORD-008199,2025-09-14,North America,Sports & Outdoors,Marketplace,New,2,150.77,0,301.54
ORD-008200,2025-09-14,Asia Pacific,Apparel,Marketplace,Returning,1,50.22,10,45.2
ORD-008201,2025-09-14,North America,Apparel,Web,New,1,23.13,0,23.13
ORD-008202,2025-09-14,Latin America,Beauty,Mobile app,New,1,31.1,0,31.1
ORD-008203,2025-09-14,Europe,Home & Kitchen,Mobile app,Returning,2,46.56,0,93.12
ORD-008204,2025-09-14,Europe,Electronics,Marketplace,Returning,3,163.94,0,491.82
ORD-008205,2025-09-15,North America,Toys,Web,New,1,56.54,0,56.54
ORD-008206,2025-09-15,Latin America,Electronics,Web,New,2,164.81,10,296.66
ORD-008207,2025-09-15,Middle East & Africa,Apparel,Mobile app,Returning,2,31.81,10,57.26
ORD-008208,2025-09-15,Asia Pacific,Toys,Mobile app,Returning,1,39.47,5,37.5
ORD-008209,2025-09-15,Latin America,Apparel,Web,New,3,50.93,0,152.79
ORD-008210,2025-09-15,Europe,Home & Kitchen,Marketplace,New,1,41.84,5,39.75
ORD-008211,2025-09-15,Europe,Beauty,Web,New,1,25.44,5,24.17
ORD-008212,2025-09-15,North America,Sports & Outdoors,Web,Returning,2,44.84,0,89.68
ORD-008213,2025-09-15,Asia Pacific,Apparel,Mobile app,Returning,1,66.41,0,66.41
ORD-008214,2025-09-15,Middle East & Africa,Sports & Outdoors,Web,Returning,2,123.94,0,247.88
ORD-008215,2025-09-15,North America,Sports & Outdoors,Web,Returning,1,29.43,0,29.43
ORD-008216,2025-09-15,Europe,Beauty,Web,Returning,1,40.95,0,40.95
ORD-008217,2025-09-15,Asia Pacific,Electronics,Marketplace,Returning,2,105.95,0,211.9
ORD-008218,2025-09-15,North America,Sports & Outdoors,Web,New,1,84.85,0,84.85
ORD-008219,2025-09-15,Latin America,Home & Kitchen,Mobile app,Returning,1,67.6,15,57.46
ORD-008220,2025-09-15,Middle East & Africa,Electronics,Mobile app,Returning,2,147.08,0,294.16
ORD-008221,2025-09-15,Europe,Home & Kitchen,Mobile app,New,1,26.22,10,23.6
ORD-008222,2025-09-15,Asia Pacific,Electronics,Marketplace,Returning,1,117.14,0,117.14
ORD-008223,2025-09-15,Asia Pacific,Home & Kitchen,Mobile app,Returning,1,93.81,10,84.43
ORD-008224,2025-09-15,Europe,Beauty,Marketplace,New,2,25.75,5,48.93
ORD-008225,2025-09-15,North America,Sports & Outdoors,Mobile app,New,1,84.02,0,84.02
ORD-008226,2025-09-15,North America,Beauty,Mobile app,Returning,4,47.39,0,189.56
ORD-008227,2025-09-15,Europe,Apparel,Retail partner,Returning,3,28.95,10,78.16
ORD-008228,2025-09-15,Asia Pacific,Sports & Outdoors,Mobile app,Returning,2,123.54,5,234.73
ORD-008229,2025-09-15,North America,Sports & Outdoors,Mobile app,New,3,66.33,10,179.09
ORD-008230,2025-09-15,Asia Pacific,Sports & Outdoors,Web,Returning,1,76.86,0,76.86
ORD-008231,2025-09-15,North America,Sports & Outdoors,Marketplace,New,1,55.56,0,55.56
ORD-008232,2025-09-15,Europe,Sports & Outdoors,Mobile app,Returning,1,83.39,0,83.39
ORD-008233,2025-09-15,Asia Pacific,Home & Kitchen,Web,Returning,1,67.78,10,61
ORD-008234,2025-09-15,Europe,Electronics,Mobile app,New,1,319.02,0,319.02
ORD-008235,2025-09-15,Asia Pacific,Electronics,Mobile app,Returning,3,114.11,0,342.33
ORD-008236,2025-09-15,Europe,Electronics,Web,Returning,1,282.27,0,282.27
ORD-008237,2025-09-15,Europe,Home & Kitchen,Web,New,1,76.41,0,76.41
ORD-008238,2025-09-15,Latin America,Toys,Web,New,1,47.56,5,45.18
ORD-008239,2025-09-15,Europe,Beauty,Web,Returning,2,51.84,0,103.68
ORD-008240,2025-09-15,Europe,Apparel,Marketplace,Returning,2,54.38,0,108.76
ORD-008241,2025-09-15,Middle East & Africa,Electronics,Marketplace,Returning,2,206.29,0,412.58
ORD-008242,2025-09-16,North America,Apparel,Mobile app,New,3,42.63,0,127.89
ORD-008243,2025-09-16,Middle East & Africa,Toys,Marketplace,Returning,1,29.12,0,29.12
ORD-008244,2025-09-16,North America,Toys,Mobile app,Returning,1,36.85,0,36.85
ORD-008245,2025-09-16,Middle East & Africa,Apparel,Web,Returning,1,28.66,0,28.66
ORD-008246,2025-09-16,North America,Home & Kitchen,Mobile app,Returning,2,64.08,0,128.16
ORD-008247,2025-09-16,Europe,Beauty,Web,Returning,2,20.62,5,39.18
ORD-008248,2025-09-16,Middle East & Africa,Beauty,Marketplace,New,1,32.25,10,29.03
ORD-008249,2025-09-16,Latin America,Electronics,Mobile app,Returning,1,245.77,0,245.77
ORD-008250,2025-09-16,Europe,Home & Kitchen,Web,New,5,18.43,0,92.15
ORD-008251,2025-09-16,Europe,Electronics,Marketplace,Returning,2,157.75,0,315.5
ORD-008252,2025-09-16,Middle East & Africa,Home & Kitchen,Mobile app,Returning,1,41.94,0,41.94
ORD-008253,2025-09-16,Middle East & Africa,Apparel,Mobile app,Returning,1,29.04,0,29.04
ORD-008254,2025-09-16,Latin America,Home & Kitchen,Retail partner,Returning,4,67.57,0,270.28
ORD-008255,2025-09-16,Latin America,Sports & Outdoors,Mobile app,Returning,2,41.34,0,82.68
ORD-008256,2025-09-16,Asia Pacific,Home & Kitchen,Web,Returning,2,69.23,0,138.46
ORD-008257,2025-09-16,Asia Pacific,Apparel,Mobile app,Returning,2,39.86,5,75.73
ORD-008258,2025-09-16,North America,Sports & Outdoors,Marketplace,Returning,2,158.36,0,316.72
ORD-008259,2025-09-16,North America,Electronics,Web,New,4,194.4,0,777.6
ORD-008260,2025-09-16,Asia Pacific,Home & Kitchen,Web,New,1,98.17,10,88.35
ORD-008261,2025-09-16,Europe,Toys,Mobile app,New,1,54.16,0,54.16
ORD-008262,2025-09-16,Europe,Home & Kitchen,Mobile app,Returning,4,60.84,10,219.02
ORD-008263,2025-09-16,North America,Apparel,Marketplace,Returning,1,48.49,10,43.64
ORD-008264,2025-09-16,Asia Pacific,Apparel,Retail partner,Returning,1,52.36,0,52.36
ORD-008265,2025-09-16,North America,Electronics,Web,Returning,1,251.13,5,238.57
ORD-008266,2025-09-16,Asia Pacific,Electronics,Web,Returning,2,246.75,0,493.5
ORD-008267,2025-09-16,Latin America,Sports & Outdoors,Web,New,2,103.85,0,207.7
ORD-008268,2025-09-16,Latin America,Sports & Outdoors,Mobile app,Returning,1,95.17,10,85.65
ORD-008269,2025-09-16,Middle East & Africa,Apparel,Marketplace,Returning,2,21.36,0,42.72
ORD-008270,2025-09-16,North America,Electronics,Web,Returning,3,174.77,0,524.31
ORD-008271,2025-09-16,Latin America,Apparel,Mobile app,New,1,23.15,0,23.15
ORD-008272,2025-09-16,North America,Apparel,Mobile app,New,1,57.34,10,51.61
ORD-008273,2025-09-16,Asia Pacific,Electronics,Web,New,2,195.12,10,351.22
ORD-008274,2025-09-16,Latin America,Beauty,Web,Returning,2,12.01,0,24.02
ORD-008275,2025-09-16,Asia Pacific,Beauty,Mobile app,New,1,13.59,0,13.59
ORD-008276,2025-09-16,North America,Electronics,Web,Returning,2,267.45,0,534.9
ORD-008277,2025-09-17,Asia Pacific,Home & Kitchen,Retail partner,Returning,1,123.73,10,111.36
ORD-008278,2025-09-17,Asia Pacific,Apparel,Web,New,1,27.89,0,27.89
ORD-008279,2025-09-17,Asia Pacific,Home & Kitchen,Retail partner,Returning,1,69.73,0,69.73
ORD-008280,2025-09-17,Europe,Home & Kitchen,Mobile app,New,1,64.97,15,55.22
ORD-008281,2025-09-17,Europe,Sports & Outdoors,Web,Returning,1,81.63,0,81.63
ORD-008282,2025-09-17,Latin America,Sports & Outdoors,Marketplace,Returning,2,92.07,0,184.14
ORD-008283,2025-09-17,Middle East & Africa,Apparel,Web,New,2,34.82,0,69.64
ORD-008284,2025-09-17,North America,Electronics,Mobile app,Returning,1,303.12,0,303.12
ORD-008285,2025-09-17,Middle East & Africa,Home & Kitchen,Web,Returning,5,54.6,0,273
ORD-008286,2025-09-17,Europe,Apparel,Web,Returning,5,45.63,10,205.34
ORD-008287,2025-09-17,Europe,Apparel,Web,Returning,1,40.07,0,40.07
ORD-008288,2025-09-17,North America,Sports & Outdoors,Mobile app,New,1,75.64,5,71.86
ORD-008289,2025-09-17,Europe,Beauty,Web,Returning,2,26.07,15,44.32
ORD-008290,2025-09-17,North America,Apparel,Web,Returning,2,24.83,10,44.69
ORD-008291,2025-09-17,North America,Apparel,Web,Returning,1,40.86,10,36.77
ORD-008292,2025-09-17,Middle East & Africa,Electronics,Marketplace,Returning,1,195.99,5,186.19
ORD-008293,2025-09-17,Europe,Electronics,Web,New,1,147.41,10,132.67
ORD-008294,2025-09-17,Asia Pacific,Sports & Outdoors,Mobile app,New,2,58.29,0,116.58
ORD-008295,2025-09-17,Europe,Apparel,Mobile app,Returning,1,44.31,10,39.88
ORD-008296,2025-09-17,Europe,Apparel,Web,New,1,54.45,0,54.45
ORD-008297,2025-09-17,Asia Pacific,Beauty,Web,Returning,2,19.03,10,34.25
ORD-008298,2025-09-17,Asia Pacific,Beauty,Mobile app,New,1,16.34,0,16.34
ORD-008299,2025-09-17,Middle East & Africa,Electronics,Web,New,2,407.19,0,814.38
ORD-008300,2025-09-17,Asia Pacific,Beauty,Mobile app,Returning,2,24.89,0,49.78
ORD-008301,2025-09-17,North America,Beauty,Marketplace,Returning,1,34.59,0,34.59
ORD-008302,2025-09-17,Europe,Home & Kitchen,Mobile app,Returning,1,72.67,0,72.67
ORD-008303,2025-09-17,Europe,Toys,Web,Returning,2,28.85,0,57.7
ORD-008304,2025-09-17,North America,Toys,Retail partner,New,5,39.45,15,167.66
ORD-008305,2025-09-17,North America,Electronics,Web,Returning,1,450.76,0,450.76
ORD-008306,2025-09-17,Middle East & Africa,Apparel,Web,Returning,1,27.19,10,24.47
ORD-008307,2025-09-17,Europe,Home & Kitchen,Web,New,2,34.54,5,65.63
ORD-008308,2025-09-17,Asia Pacific,Electronics,Web,Returning,1,110.15,0,110.15
ORD-008309,2025-09-18,Asia Pacific,Electronics,Mobile app,New,1,218,15,185.3
ORD-008310,2025-09-18,Latin America,Electronics,Mobile app,Returning,1,258.77,5,245.83
ORD-008311,2025-09-18,Europe,Electronics,Mobile app,New,1,174.89,5,166.15
ORD-008312,2025-09-18,Asia Pacific,Toys,Retail partner,New,4,20.78,0,83.12
ORD-008313,2025-09-18,Middle East & Africa,Electronics,Mobile app,Returning,1,147.31,10,132.58
ORD-008314,2025-09-18,Middle East & Africa,Sports & Outdoors,Web,New,1,72.32,15,61.47
ORD-008315,2025-09-18,Europe,Home & Kitchen,Web,New,1,74.76,0,74.76
ORD-008316,2025-09-18,Europe,Apparel,Web,New,2,35.28,20,56.45
ORD-008317,2025-09-18,North America,Home & Kitchen,Marketplace,New,1,57.7,5,54.82
ORD-008318,2025-09-18,North America,Beauty,Mobile app,Returning,2,19.78,0,39.56
ORD-008319,2025-09-18,North America,Toys,Retail partner,Returning,1,30.71,10,27.64
ORD-008320,2025-09-18,Europe,Beauty,Mobile app,Returning,1,28.58,0,28.58
ORD-008321,2025-09-18,Europe,Home & Kitchen,Web,Returning,1,52.07,5,49.47
ORD-008322,2025-09-18,Europe,Apparel,Marketplace,New,1,53.91,0,53.91
ORD-008323,2025-09-18,Asia Pacific,Sports & Outdoors,Web,Returning,1,41.58,0,41.58
ORD-008324,2025-09-18,Europe,Electronics,Mobile app,New,2,223.02,5,423.74
ORD-008325,2025-09-18,Asia Pacific,Home & Kitchen,Mobile app,Returning,1,52.47,0,52.47
ORD-008326,2025-09-18,North America,Beauty,Mobile app,New,2,31.69,0,63.38
ORD-008327,2025-09-18,North America,Home & Kitchen,Retail partner,Returning,3,66.61,0,199.83
ORD-008328,2025-09-18,Middle East & Africa,Toys,Web,Returning,2,36.39,15,61.86
ORD-008329,2025-09-18,Asia Pacific,Electronics,Mobile app,Returning,2,157.93,0,315.86
ORD-008330,2025-09-18,Asia Pacific,Sports & Outdoors,Marketplace,Returning,1,60.53,0,60.53
ORD-008331,2025-09-18,Asia Pacific,Home & Kitchen,Retail partner,New,1,73.93,0,73.93
ORD-008332,2025-09-18,North America,Apparel,Mobile app,New,2,53.02,0,106.04
ORD-008333,2025-09-18,Europe,Apparel,Web,Returning,1,96.35,0,96.35
ORD-008334,2025-09-18,North America,Home & Kitchen,Web,New,1,71.26,0,71.26
ORD-008335,2025-09-18,Latin America,Electronics,Web,Returning,1,245.61,10,221.05
ORD-008336,2025-09-18,Europe,Home & Kitchen,Web,Returning,2,79.17,5,150.42
ORD-008337,2025-09-18,Asia Pacific,Apparel,Mobile app,New,1,34.69,0,34.69
ORD-008338,2025-09-18,North America,Beauty,Web,New,2,71.05,5,134.99
ORD-008339,2025-09-18,North America,Electronics,Mobile app,Returning,2,260.3,0,520.6
ORD-008340,2025-09-18,Middle East & Africa,Electronics,Web,Returning,1,230.21,5,218.7
ORD-008341,2025-09-18,North America,Apparel,Web,Returning,2,62.73,0,125.46
ORD-008342,2025-09-19,Asia Pacific,Sports & Outdoors,Mobile app,Returning,3,50.94,5,145.18
ORD-008343,2025-09-19,Latin America,Toys,Mobile app,Returning,1,44.1,5,41.9
ORD-008344,2025-09-19,Asia Pacific,Electronics,Web,New,2,147.03,15,249.95
ORD-008345,2025-09-19,Europe,Home & Kitchen,Mobile app,Returning,3,52.32,0,156.96
ORD-008346,2025-09-19,Europe,Apparel,Mobile app,Returning,1,43.92,0,43.92
ORD-008347,2025-09-19,Asia Pacific,Electronics,Marketplace,Returning,2,195.84,0,391.68
ORD-008348,2025-09-19,North America,Toys,Mobile app,New,3,27,10,72.9
ORD-008349,2025-09-19,North America,Home & Kitchen,Mobile app,Returning,1,76.08,0,76.08
ORD-008350,2025-09-19,North America,Home & Kitchen,Mobile app,Returning,2,57.33,0,114.66
ORD-008351,2025-09-19,Latin America,Electronics,Web,New,1,157.86,0,157.86
ORD-008352,2025-09-19,Middle East & Africa,Apparel,Web,Returning,2,44.63,0,89.26
ORD-008353,2025-09-19,North America,Sports & Outdoors,Web,New,1,68.97,10,62.07
ORD-008354,2025-09-19,North America,Beauty,Web,Returning,4,27.07,15,92.04
ORD-008355,2025-09-19,Latin America,Apparel,Marketplace,Returning,3,44.35,15,113.09
ORD-008356,2025-09-19,North America,Electronics,Marketplace,Returning,2,212.23,0,424.46
ORD-008357,2025-09-19,North America,Electronics,Mobile app,New,4,177.68,0,710.72
ORD-008358,2025-09-19,Europe,Apparel,Marketplace,New,1,47.35,0,47.35
ORD-008359,2025-09-19,Asia Pacific,Sports & Outdoors,Mobile app,Returning,1,50.89,0,50.89
ORD-008360,2025-09-19,Europe,Beauty,Web,Returning,1,16.1,10,14.49
ORD-008361,2025-09-19,Europe,Toys,Web,Returning,1,30.69,10,27.62
ORD-008362,2025-09-19,Latin America,Home & Kitchen,Marketplace,Returning,2,75.75,0,151.5
ORD-008363,2025-09-19,North America,Apparel,Marketplace,New,1,61.3,0,61.3
ORD-008364,2025-09-19,North America,Home & Kitchen,Mobile app,New,1,38.14,5,36.23
ORD-008365,2025-09-19,Latin America,Apparel,Web,Returning,2,41.76,10,75.17
ORD-008366,2025-09-19,North America,Electronics,Web,Returning,3,119.61,0,358.83
ORD-008367,2025-09-19,Asia Pacific,Toys,Web,New,1,45.27,15,38.48
ORD-008368,2025-09-19,Asia Pacific,Electronics,Web,Returning,3,212.55,10,573.89
ORD-008369,2025-09-19,Europe,Home & Kitchen,Web,New,2,89.51,0,179.02
ORD-008370,2025-09-19,North America,Electronics,Mobile app,Returning,3,211.51,0,634.53
ORD-008371,2025-09-19,Middle East & Africa,Home & Kitchen,Web,Returning,1,71.66,10,64.49
ORD-008372,2025-09-19,Europe,Beauty,Marketplace,New,3,22.11,5,63.01
ORD-008373,2025-09-19,Middle East & Africa,Beauty,Web,Returning,4,18.51,5,70.34
ORD-008374,2025-09-19,Asia Pacific,Apparel,Web,New,2,37.7,0,75.4
ORD-008375,2025-09-19,Latin America,Electronics,Web,Returning,1,128.33,0,128.33
ORD-008376,2025-09-19,North America,Beauty,Marketplace,New,1,20.02,0,20.02
ORD-008377,2025-09-19,North America,Electronics,Mobile app,Returning,1,162.22,5,154.11
ORD-008378,2025-09-19,Europe,Beauty,Web,Returning,2,17.26,0,34.52
ORD-008379,2025-09-19,Asia Pacific,Beauty,Web,New,5,14.33,5,68.07
ORD-008380,2025-09-19,North America,Electronics,Retail partner,Returning,3,301.43,0,904.29
ORD-008381,2025-09-19,Asia Pacific,Electronics,Web,New,1,120.62,0,120.62
ORD-008382,2025-09-19,Latin America,Electronics,Retail partner,New,3,223.3,0,669.9
ORD-008383,2025-09-19,Europe,Toys,Web,Returning,2,31.58,0,63.16
ORD-008384,2025-09-19,North America,Apparel,Mobile app,New,1,46.05,0,46.05
ORD-008385,2025-09-19,Europe,Electronics,Mobile app,Returning,2,216.79,0,433.58
ORD-008386,2025-09-20,North America,Sports & Outdoors,Marketplace,New,3,87.16,20,209.18
ORD-008387,2025-09-20,Asia Pacific,Beauty,Web,Returning,1,15.26,0,15.26
ORD-008388,2025-09-20,Europe,Sports & Outdoors,Mobile app,Returning,1,86.64,0,86.64
ORD-008389,2025-09-20,Latin America,Electronics,Mobile app,Returning,3,150.52,0,451.56
ORD-008390,2025-09-20,Europe,Toys,Retail partner,Returning,2,30.74,5,58.41
ORD-008391,2025-09-20,North America,Electronics,Web,New,1,127.05,0,127.05
ORD-008392,2025-09-20,Asia Pacific,Beauty,Web,New,4,17.46,0,69.84
ORD-008393,2025-09-20,North America,Apparel,Web,Returning,4,39.12,0,156.48
ORD-008394,2025-09-20,Asia Pacific,Home & Kitchen,Marketplace,Returning,1,85.7,0,85.7
ORD-008395,2025-09-20,Europe,Home & Kitchen,Web,Returning,1,45.38,0,45.38
ORD-008396,2025-09-20,Middle East & Africa,Home & Kitchen,Mobile app,Returning,1,101.89,5,96.8
ORD-008397,2025-09-20,Middle East & Africa,Electronics,Web,Returning,1,110.14,5,104.63
ORD-008398,2025-09-20,Europe,Beauty,Mobile app,Returning,3,27.29,10,73.68
ORD-008399,2025-09-20,Europe,Apparel,Mobile app,Returning,1,37.99,0,37.99
ORD-008400,2025-09-20,Asia Pacific,Home & Kitchen,Web,Returning,3,54.88,0,164.64
ORD-008401,2025-09-20,Europe,Apparel,Marketplace,New,3,47.98,0,143.94
ORD-008402,2025-09-20,North America,Apparel,Web,Returning,1,40.98,0,40.98
ORD-008403,2025-09-20,Europe,Electronics,Marketplace,Returning,1,512.96,0,512.96
ORD-008404,2025-09-20,Europe,Beauty,Marketplace,New,1,50.4,10,45.36
ORD-008405,2025-09-20,North America,Home & Kitchen,Web,Returning,2,71.2,15,121.04
ORD-008406,2025-09-20,Europe,Beauty,Mobile app,Returning,1,35.83,5,34.04
ORD-008407,2025-09-20,Europe,Apparel,Web,Returning,3,43.18,0,129.54
ORD-008408,2025-09-20,North America,Electronics,Mobile app,Returning,1,250.56,5,238.03
ORD-008409,2025-09-20,North America,Sports & Outdoors,Marketplace,New,1,41.87,0,41.87
ORD-008410,2025-09-20,Asia Pacific,Apparel,Mobile app,Returning,1,39.82,0,39.82
ORD-008411,2025-09-20,North America,Sports & Outdoors,Web,Returning,2,76.74,5,145.81
ORD-008412,2025-09-20,Europe,Apparel,Retail partner,Returning,1,29.97,0,29.97
ORD-008413,2025-09-20,Europe,Electronics,Mobile app,Returning,5,290.64,0,1453.2
ORD-008414,2025-09-20,North America,Electronics,Mobile app,New,1,120.33,0,120.33
ORD-008415,2025-09-20,Europe,Apparel,Mobile app,Returning,4,48.77,0,195.08
ORD-008416,2025-09-20,North America,Toys,Web,Returning,2,24.33,0,48.66
ORD-008417,2025-09-20,North America,Sports & Outdoors,Web,Returning,1,70.21,0,70.21
ORD-008418,2025-09-20,Asia Pacific,Apparel,Mobile app,Returning,1,24.55,0,24.55
ORD-008419,2025-09-20,Europe,Beauty,Web,New,1,29.05,0,29.05
ORD-008420,2025-09-20,Asia Pacific,Apparel,Web,Returning,1,52.07,0,52.07
ORD-008421,2025-09-21,Asia Pacific,Beauty,Web,Returning,1,26.94,0,26.94
ORD-008422,2025-09-21,Asia Pacific,Electronics,Mobile app,Returning,3,176.11,0,528.33
ORD-008423,2025-09-21,Asia Pacific,Apparel,Retail partner,Returning,2,35.93,10,64.67
ORD-008424,2025-09-21,North America,Toys,Web,New,1,54.17,0,54.17
ORD-008425,2025-09-21,Europe,Apparel,Web,Returning,4,39.68,0,158.72
ORD-008426,2025-09-21,North America,Home & Kitchen,Marketplace,Returning,3,33.55,15,85.55
ORD-008427,2025-09-21,North America,Apparel,Mobile app,Returning,1,41.47,15,35.25
ORD-008428,2025-09-21,Asia Pacific,Apparel,Mobile app,Returning,1,48.05,0,48.05
ORD-008429,2025-09-21,North America,Electronics,Mobile app,New,1,186.47,15,158.5
ORD-008430,2025-09-21,Asia Pacific,Electronics,Marketplace,Returning,4,98.69,5,375.02
ORD-008431,2025-09-21,Europe,Sports & Outdoors,Mobile app,Returning,1,165.45,10,148.91
ORD-008432,2025-09-21,North America,Toys,Mobile app,Returning,3,27.74,5,79.06
ORD-008433,2025-09-21,North America,Electronics,Web,Returning,1,145.43,0,145.43
ORD-008434,2025-09-21,Middle East & Africa,Toys,Web,Returning,3,32.01,0,96.03
ORD-008435,2025-09-21,Europe,Home & Kitchen,Mobile app,Returning,5,49.01,0,245.05
ORD-008436,2025-09-21,North America,Toys,Web,Returning,1,24.65,0,24.65
ORD-008437,2025-09-21,North America,Beauty,Mobile app,Returning,1,29.41,0,29.41
ORD-008438,2025-09-21,North America,Electronics,Web,New,3,173.29,0,519.87
ORD-008439,2025-09-21,North America,Electronics,Web,Returning,1,185.6,0,185.6
ORD-008440,2025-09-21,North America,Apparel,Marketplace,Returning,1,18.99,5,18.04
ORD-008441,2025-09-21,Europe,Apparel,Mobile app,Returning,1,57.61,0,57.61
ORD-008442,2025-09-21,Asia Pacific,Sports & Outdoors,Web,New,1,74.45,15,63.28
ORD-008443,2025-09-21,North America,Apparel,Web,Returning,1,30.41,0,30.41
ORD-008444,2025-09-21,Europe,Toys,Retail partner,New,1,24.61,5,23.38
ORD-008445,2025-09-21,Europe,Apparel,Web,Returning,1,38.07,0,38.07
ORD-008446,2025-09-21,Europe,Beauty,Web,New,1,29.29,0,29.29
ORD-008447,2025-09-21,Asia Pacific,Electronics,Mobile app,Returning,1,160.39,0,160.39
ORD-008448,2025-09-21,North America,Beauty,Marketplace,Returning,2,48.21,20,77.14
ORD-008449,2025-09-21,Europe,Beauty,Mobile app,Returning,1,20.3,5,19.29
ORD-008450,2025-09-21,North America,Home & Kitchen,Web,Returning,3,52.29,0,156.87
ORD-008451,2025-09-21,Asia Pacific,Home & Kitchen,Mobile app,Returning,2,59.96,0,119.92
ORD-008452,2025-09-21,North America,Apparel,Web,Returning,3,41.21,15,105.09
ORD-008453,2025-09-21,Latin America,Beauty,Web,Returning,2,20.53,5,39.01
ORD-008454,2025-09-21,North America,Electronics,Mobile app,New,1,169.46,0,169.46
ORD-008455,2025-09-21,North America,Home & Kitchen,Mobile app,Returning,2,131.85,0,263.7
ORD-008456,2025-09-21,Europe,Home & Kitchen,Mobile app,Returning,3,54.58,0,163.74
ORD-008457,2025-09-21,North America,Home & Kitchen,Mobile app,Returning,1,55.41,10,49.87
ORD-008458,2025-09-21,Europe,Beauty,Mobile app,Returning,1,26.85,15,22.82
ORD-008459,2025-09-21,Europe,Home & Kitchen,Web,Returning,1,55.52,15,47.19
ORD-008460,2025-09-21,Europe,Electronics,Marketplace,New,1,121.19,0,121.19
ORD-008461,2025-09-21,North America,Electronics,Web,Returning,5,270.14,0,1350.7
ORD-008462,2025-09-21,Asia Pacific,Sports & Outdoors,Mobile app,Returning,4,101.66,0,406.64
ORD-008463,2025-09-22,North America,Sports & Outdoors,Mobile app,Returning,1,117.68,10,105.91
ORD-008464,2025-09-22,North America,Sports & Outdoors,Web,New,1,62.49,20,49.99
ORD-008465,2025-09-22,Europe,Electronics,Mobile app,Returning,3,247.84,0,743.52
ORD-008466,2025-09-22,Latin America,Apparel,Web,Returning,1,72.02,0,72.02
ORD-008467,2025-09-22,North America,Sports & Outdoors,Mobile app,Returning,1,62.86,0,62.86
ORD-008468,2025-09-22,North America,Home & Kitchen,Web,Returning,1,42.33,0,42.33
ORD-008469,2025-09-22,North America,Electronics,Marketplace,New,1,95.6,0,95.6
ORD-008470,2025-09-22,Europe,Beauty,Mobile app,Returning,3,26.65,5,75.95
ORD-008471,2025-09-22,Asia Pacific,Apparel,Web,Returning,1,36.12,0,36.12
ORD-008472,2025-09-22,North America,Apparel,Web,New,1,63.77,0,63.77
ORD-008473,2025-09-22,Middle East & Africa,Toys,Mobile app,Returning,2,22.39,0,44.78
ORD-008474,2025-09-22,Europe,Electronics,Web,Returning,3,223.42,5,636.75
ORD-008475,2025-09-22,North America,Home & Kitchen,Mobile app,Returning,1,50.43,0,50.43
ORD-008476,2025-09-22,Asia Pacific,Electronics,Marketplace,Returning,3,200.11,0,600.33
ORD-008477,2025-09-22,Europe,Apparel,Web,Returning,4,38.8,0,155.2
ORD-008478,2025-09-22,North America,Beauty,Retail partner,Returning,1,31.42,15,26.71
ORD-008479,2025-09-22,Europe,Sports & Outdoors,Mobile app,New,2,111.74,15,189.96
ORD-008480,2025-09-22,Europe,Home & Kitchen,Marketplace,New,1,31.78,0,31.78
ORD-008481,2025-09-22,Asia Pacific,Home & Kitchen,Mobile app,Returning,1,56.73,0,56.73
ORD-008482,2025-09-22,Latin America,Toys,Retail partner,Returning,5,20.86,0,104.3
ORD-008483,2025-09-22,Asia Pacific,Home & Kitchen,Web,Returning,1,84.26,0,84.26
ORD-008484,2025-09-22,Europe,Electronics,Mobile app,Returning,1,151.14,0,151.14
ORD-008485,2025-09-22,Asia Pacific,Electronics,Web,New,1,251.36,15,213.66
ORD-008486,2025-09-22,North America,Home & Kitchen,Web,Returning,1,99.18,0,99.18
ORD-008487,2025-09-22,Asia Pacific,Electronics,Web,Returning,2,182.68,0,365.36
ORD-008488,2025-09-22,Europe,Apparel,Marketplace,Returning,2,46.23,10,83.21
ORD-008489,2025-09-22,Latin America,Electronics,Web,New,1,232.06,5,220.46
ORD-008490,2025-09-22,North America,Apparel,Mobile app,New,2,33.75,0,67.5
ORD-008491,2025-09-22,Europe,Electronics,Mobile app,Returning,1,149.44,0,149.44
ORD-008492,2025-09-22,Asia Pacific,Home & Kitchen,Retail partner,Returning,1,41.88,0,41.88
ORD-008493,2025-09-22,North America,Apparel,Mobile app,Returning,1,48.1,5,45.7
ORD-008494,2025-09-22,Europe,Toys,Web,Returning,1,53.36,0,53.36
ORD-008495,2025-09-22,North America,Electronics,Mobile app,Returning,3,94.74,10,255.8
ORD-008496,2025-09-22,Europe,Electronics,Mobile app,Returning,1,170.94,0,170.94
ORD-008497,2025-09-22,Europe,Beauty,Mobile app,Returning,1,36.02,0,36.02
ORD-008498,2025-09-22,North America,Electronics,Mobile app,Returning,1,184.83,5,175.59
ORD-008499,2025-09-22,North America,Beauty,Web,New,1,36.25,0,36.25
ORD-008500,2025-09-22,North America,Home & Kitchen,Web,Returning,2,110.45,0,220.9
ORD-008501,2025-09-22,Europe,Electronics,Web,Returning,1,277.24,5,263.38
ORD-008502,2025-09-23,Europe,Home & Kitchen,Mobile app,Returning,1,112.98,0,112.98
ORD-008503,2025-09-23,North America,Apparel,Web,New,5,35.34,0,176.7
ORD-008504,2025-09-23,Latin America,Home & Kitchen,Marketplace,Returning,4,60.43,0,241.72
ORD-008505,2025-09-23,Middle East & Africa,Apparel,Marketplace,Returning,1,23.32,0,23.32
ORD-008506,2025-09-23,Middle East & Africa,Beauty,Mobile app,New,2,20.52,5,38.99
ORD-008507,2025-09-23,Middle East & Africa,Home & Kitchen,Web,Returning,1,74.26,5,70.55
ORD-008508,2025-09-23,Asia Pacific,Electronics,Marketplace,Returning,3,198.2,0,594.6
ORD-008509,2025-09-23,Latin America,Toys,Web,New,1,31.14,0,31.14
ORD-008510,2025-09-23,North America,Apparel,Marketplace,Returning,1,59,10,53.1
ORD-008511,2025-09-23,North America,Beauty,Web,Returning,2,29.15,0,58.3
ORD-008512,2025-09-23,Asia Pacific,Sports & Outdoors,Mobile app,New,1,50.31,0,50.31
ORD-008513,2025-09-23,Europe,Home & Kitchen,Mobile app,New,1,53.25,0,53.25
ORD-008514,2025-09-23,Middle East & Africa,Apparel,Mobile app,New,1,41.45,0,41.45
ORD-008515,2025-09-23,Europe,Beauty,Mobile app,Returning,2,17.21,0,34.42
ORD-008516,2025-09-23,Europe,Home & Kitchen,Web,Returning,2,41.79,0,83.58
ORD-008517,2025-09-23,Asia Pacific,Apparel,Mobile app,Returning,3,46.04,0,138.12
ORD-008518,2025-09-23,Europe,Apparel,Web,Returning,1,24.15,0,24.15
ORD-008519,2025-09-23,Asia Pacific,Sports & Outdoors,Marketplace,Returning,1,60.96,0,60.96
ORD-008520,2025-09-23,Europe,Sports & Outdoors,Marketplace,New,1,87.3,15,74.21
ORD-008521,2025-09-23,Asia Pacific,Electronics,Mobile app,Returning,1,145.56,0,145.56
ORD-008522,2025-09-23,Asia Pacific,Home & Kitchen,Web,Returning,1,51.38,0,51.38
ORD-008523,2025-09-23,North America,Apparel,Marketplace,Returning,3,48.3,5,137.65
ORD-008524,2025-09-23,North America,Apparel,Mobile app,Returning,3,40.88,5,116.51
ORD-008525,2025-09-23,North America,Electronics,Web,Returning,1,200.42,0,200.42
ORD-008526,2025-09-23,Europe,Toys,Mobile app,New,1,46.33,0,46.33
ORD-008527,2025-09-23,Europe,Apparel,Web,Returning,3,74.73,10,201.77
ORD-008528,2025-09-23,Middle East & Africa,Sports & Outdoors,Web,Returning,1,83.16,0,83.16
ORD-008529,2025-09-23,Middle East & Africa,Apparel,Web,Returning,2,24.21,0,48.42
ORD-008530,2025-09-23,Europe,Electronics,Mobile app,Returning,2,253.53,15,431
ORD-008531,2025-09-23,Europe,Toys,Web,Returning,1,23.86,0,23.86
ORD-008532,2025-09-23,North America,Electronics,Web,Returning,3,452.24,10,1221.05
ORD-008533,2025-09-23,Middle East & Africa,Home & Kitchen,Marketplace,Returning,1,44.93,5,42.68
ORD-008534,2025-09-23,Asia Pacific,Home & Kitchen,Marketplace,Returning,2,38.21,0,76.42
ORD-008535,2025-09-23,Asia Pacific,Toys,Mobile app,New,3,28.62,0,85.86
ORD-008536,2025-09-23,Asia Pacific,Electronics,Mobile app,Returning,1,242.21,0,242.21
ORD-008537,2025-09-23,North America,Beauty,Web,New,1,24.54,0,24.54
ORD-008538,2025-09-23,Europe,Electronics,Mobile app,New,4,112.07,0,448.28
ORD-008539,2025-09-23,North America,Electronics,Web,New,1,254.99,0,254.99
ORD-008540,2025-09-23,Latin America,Electronics,Mobile app,Returning,1,114.35,0,114.35
ORD-008541,2025-09-23,Asia Pacific,Apparel,Web,Returning,3,37.4,10,100.98
ORD-008542,2025-09-24,Asia Pacific,Electronics,Mobile app,Returning,3,140.12,0,420.36
ORD-008543,2025-09-24,North America,Electronics,Web,Returning,1,143.57,5,136.39
ORD-008544,2025-09-24,Middle East & Africa,Electronics,Web,Returning,2,146.01,15,248.22
ORD-008545,2025-09-24,Europe,Home & Kitchen,Marketplace,New,3,61.76,15,157.49
ORD-008546,2025-09-24,North America,Apparel,Mobile app,Returning,1,35.38,0,35.38
ORD-008547,2025-09-24,Europe,Home & Kitchen,Web,New,3,47.74,0,143.22
ORD-008548,2025-09-24,North America,Electronics,Marketplace,Returning,1,299.45,10,269.51
ORD-008549,2025-09-24,North America,Electronics,Web,Returning,1,270.6,20,216.48
ORD-008550,2025-09-24,Europe,Sports & Outdoors,Web,New,1,40.28,0,40.28
ORD-008551,2025-09-24,North America,Beauty,Web,New,1,39.58,0,39.58
ORD-008552,2025-09-24,Europe,Home & Kitchen,Web,Returning,1,40.47,5,38.45
ORD-008553,2025-09-24,Europe,Electronics,Marketplace,Returning,2,220.23,10,396.41
ORD-008554,2025-09-24,Asia Pacific,Home & Kitchen,Mobile app,New,2,108.08,5,205.35
ORD-008555,2025-09-24,North America,Home & Kitchen,Marketplace,Returning,2,121.55,10,218.79
ORD-008556,2025-09-24,North America,Beauty,Mobile app,New,1,31.65,10,28.49
ORD-008557,2025-09-24,North America,Beauty,Mobile app,New,1,31.66,10,28.49
ORD-008558,2025-09-24,North America,Home & Kitchen,Web,Returning,1,65.29,0,65.29
ORD-008559,2025-09-24,North America,Electronics,Mobile app,Returning,1,208.7,5,198.27
ORD-008560,2025-09-24,Europe,Home & Kitchen,Web,New,1,58.83,0,58.83
ORD-008561,2025-09-24,Asia Pacific,Beauty,Web,Returning,2,23.09,10,41.56
ORD-008562,2025-09-24,North America,Electronics,Mobile app,Returning,1,125.06,0,125.06
ORD-008563,2025-09-24,Asia Pacific,Toys,Mobile app,Returning,2,34.52,0,69.04
ORD-008564,2025-09-24,North America,Apparel,Marketplace,Returning,1,56.12,0,56.12
ORD-008565,2025-09-24,Middle East & Africa,Home & Kitchen,Web,New,3,51.99,0,155.97
ORD-008566,2025-09-24,Asia Pacific,Toys,Marketplace,Returning,2,35.03,0,70.06
ORD-008567,2025-09-24,Middle East & Africa,Apparel,Mobile app,Returning,2,25.3,5,48.07
ORD-008568,2025-09-24,Asia Pacific,Toys,Web,Returning,1,30.58,0,30.58
ORD-008569,2025-09-24,North America,Home & Kitchen,Web,New,4,79.68,0,318.72
ORD-008570,2025-09-24,Latin America,Beauty,Marketplace,New,4,39.64,0,158.56
ORD-008571,2025-09-24,Asia Pacific,Electronics,Web,New,4,137.33,0,549.32
ORD-008572,2025-09-24,North America,Sports & Outdoors,Web,New,2,45.43,0,90.86
ORD-008573,2025-09-24,North America,Beauty,Web,Returning,1,33.17,5,31.51
ORD-008574,2025-09-24,North America,Toys,Retail partner,Returning,1,45.13,15,38.36
ORD-008575,2025-09-24,North America,Apparel,Retail partner,Returning,2,49.26,0,98.52
ORD-008576,2025-09-25,North America,Apparel,Web,New,3,25.28,5,72.05
ORD-008577,2025-09-25,Europe,Beauty,Marketplace,New,1,30.35,0,30.35
ORD-008578,2025-09-25,North America,Electronics,Web,Returning,1,178.77,0,178.77
ORD-008579,2025-09-25,Asia Pacific,Electronics,Web,Returning,3,124.12,0,372.36
ORD-008580,2025-09-25,Middle East & Africa,Home & Kitchen,Retail partner,Returning,1,84.01,0,84.01
ORD-008581,2025-09-25,Europe,Beauty,Web,New,1,13.97,0,13.97
ORD-008582,2025-09-25,North America,Electronics,Mobile app,Returning,5,151.21,10,680.45
ORD-008583,2025-09-25,Europe,Beauty,Retail partner,Returning,3,12.62,5,35.97
ORD-008584,2025-09-25,Latin America,Beauty,Web,Returning,1,36.17,0,36.17
ORD-008585,2025-09-25,Asia Pacific,Toys,Mobile app,Returning,2,49.36,15,83.91
ORD-008586,2025-09-25,North America,Home & Kitchen,Web,New,1,35.04,0,35.04
ORD-008587,2025-09-25,Middle East & Africa,Beauty,Web,New,2,32.65,15,55.51
ORD-008588,2025-09-25,Asia Pacific,Electronics,Retail partner,Returning,1,182.74,0,182.74
ORD-008589,2025-09-25,Middle East & Africa,Apparel,Web,New,3,41.68,0,125.04
ORD-008590,2025-09-25,Latin America,Toys,Retail partner,Returning,1,23.18,0,23.18
ORD-008591,2025-09-25,Europe,Sports & Outdoors,Web,Returning,1,56.98,15,48.43
ORD-008592,2025-09-25,North America,Beauty,Web,Returning,1,24.18,5,22.97
ORD-008593,2025-09-25,Europe,Electronics,Mobile app,Returning,1,323.29,5,307.13
ORD-008594,2025-09-25,Europe,Sports & Outdoors,Web,Returning,3,92.05,0,276.15
ORD-008595,2025-09-25,Asia Pacific,Apparel,Mobile app,Returning,3,45.65,0,136.95
ORD-008596,2025-09-25,Europe,Sports & Outdoors,Mobile app,New,1,91.58,15,77.84
ORD-008597,2025-09-25,Asia Pacific,Apparel,Web,New,1,55.8,0,55.8
ORD-008598,2025-09-25,Europe,Beauty,Marketplace,Returning,2,22.45,0,44.9
ORD-008599,2025-09-25,Latin America,Apparel,Mobile app,New,3,51.09,10,137.94
ORD-008600,2025-09-25,Middle East & Africa,Electronics,Web,Returning,3,211.19,0,633.57
ORD-008601,2025-09-25,Middle East & Africa,Electronics,Web,Returning,2,113.48,0,226.96
ORD-008602,2025-09-25,Europe,Home & Kitchen,Web,Returning,2,113.03,0,226.06
ORD-008603,2025-09-25,Latin America,Electronics,Retail partner,Returning,2,233.44,15,396.85
ORD-008604,2025-09-25,Asia Pacific,Toys,Web,Returning,3,23.36,10,63.07
ORD-008605,2025-09-25,Asia Pacific,Beauty,Web,New,1,27.49,0,27.49
ORD-008606,2025-09-25,Asia Pacific,Toys,Web,New,3,40.42,0,121.26
ORD-008607,2025-09-25,North America,Apparel,Mobile app,New,1,51.12,10,46.01
ORD-008608,2025-09-25,North America,Apparel,Mobile app,New,3,93.43,0,280.29
ORD-008609,2025-09-25,North America,Apparel,Mobile app,Returning,1,54.74,0,54.74
ORD-008610,2025-09-25,Europe,Beauty,Web,New,1,36.01,0,36.01
ORD-008611,2025-09-25,Europe,Beauty,Web,New,2,31.71,0,63.42
ORD-008612,2025-09-25,Middle East & Africa,Toys,Mobile app,Returning,1,30.15,5,28.64
ORD-008613,2025-09-26,Asia Pacific,Sports & Outdoors,Web,Returning,2,80.62,0,161.24
ORD-008614,2025-09-26,Asia Pacific,Toys,Mobile app,Returning,3,39.04,0,117.12
ORD-008615,2025-09-26,North America,Electronics,Retail partner,Returning,3,297.34,0,892.02
ORD-008616,2025-09-26,Europe,Beauty,Web,Returning,1,24.3,0,24.3
ORD-008617,2025-09-26,North America,Electronics,Retail partner,New,1,122.32,0,122.32
ORD-008618,2025-09-26,Europe,Electronics,Web,New,1,269.2,20,215.36
ORD-008619,2025-09-26,Europe,Electronics,Web,New,1,167.08,0,167.08
ORD-008620,2025-09-26,Asia Pacific,Home & Kitchen,Marketplace,Returning,2,54.75,0,109.5
ORD-008621,2025-09-26,Latin America,Apparel,Retail partner,Returning,2,56.67,0,113.34
ORD-008622,2025-09-26,Latin America,Home & Kitchen,Marketplace,New,1,67.32,15,57.22
ORD-008623,2025-09-26,North America,Electronics,Mobile app,New,1,166.31,0,166.31
ORD-008624,2025-09-26,Europe,Sports & Outdoors,Retail partner,Returning,1,82.34,0,82.34
ORD-008625,2025-09-26,North America,Electronics,Mobile app,New,1,249.14,5,236.68
ORD-008626,2025-09-26,North America,Apparel,Web,New,2,84.59,0,169.18
ORD-008627,2025-09-26,Middle East & Africa,Toys,Web,Returning,1,38.87,5,36.93
ORD-008628,2025-09-26,North America,Apparel,Mobile app,Returning,2,73.03,0,146.06
ORD-008629,2025-09-26,Asia Pacific,Beauty,Mobile app,New,1,37.55,0,37.55
ORD-008630,2025-09-26,North America,Home & Kitchen,Mobile app,Returning,1,103.11,5,97.95
ORD-008631,2025-09-26,Middle East & Africa,Electronics,Web,New,1,138.97,15,118.12
ORD-008632,2025-09-26,Europe,Electronics,Web,New,1,319.47,10,287.52
ORD-008633,2025-09-26,Europe,Home & Kitchen,Mobile app,New,1,48.8,0,48.8
ORD-008634,2025-09-26,Europe,Home & Kitchen,Web,Returning,2,68.84,20,110.14
ORD-008635,2025-09-26,North America,Beauty,Mobile app,Returning,2,29.78,0,59.56
ORD-008636,2025-09-26,Middle East & Africa,Sports & Outdoors,Mobile app,Returning,1,46.15,0,46.15
ORD-008637,2025-09-26,Europe,Sports & Outdoors,Marketplace,New,1,155.07,0,155.07
ORD-008638,2025-09-26,Middle East & Africa,Apparel,Web,New,1,64.94,5,61.69
ORD-008639,2025-09-26,Asia Pacific,Home & Kitchen,Mobile app,New,1,136.18,0,136.18
ORD-008640,2025-09-26,Europe,Apparel,Web,Returning,1,59.93,5,56.93
ORD-008641,2025-09-26,Latin America,Beauty,Mobile app,New,1,13.38,0,13.38
ORD-008642,2025-09-26,Asia Pacific,Apparel,Web,New,1,38.54,5,36.61
ORD-008643,2025-09-26,North America,Sports & Outdoors,Web,New,1,66.63,0,66.63
ORD-008644,2025-09-26,Asia Pacific,Sports & Outdoors,Mobile app,Returning,2,134.12,15,228
ORD-008645,2025-09-26,Middle East & Africa,Electronics,Web,New,2,237.2,0,474.4
ORD-008646,2025-09-26,Europe,Beauty,Mobile app,Returning,1,34.06,0,34.06
ORD-008647,2025-09-26,North America,Electronics,Mobile app,Returning,1,130.93,0,130.93
ORD-008648,2025-09-26,Europe,Apparel,Retail partner,New,1,52.62,0,52.62
ORD-008649,2025-09-27,Europe,Home & Kitchen,Web,Returning,1,80.16,15,68.14
ORD-008650,2025-09-27,Middle East & Africa,Home & Kitchen,Web,Returning,1,50.68,0,50.68
ORD-008651,2025-09-27,North America,Beauty,Marketplace,Returning,5,34.67,0,173.35
ORD-008652,2025-09-27,Europe,Apparel,Mobile app,Returning,1,51.12,5,48.56
ORD-008653,2025-09-27,Asia Pacific,Apparel,Mobile app,New,1,42.04,0,42.04
ORD-008654,2025-09-27,Asia Pacific,Sports & Outdoors,Marketplace,New,1,62.48,10,56.23
ORD-008655,2025-09-27,North America,Sports & Outdoors,Mobile app,Returning,4,58.19,0,232.76
ORD-008656,2025-09-27,Europe,Electronics,Mobile app,New,3,157.29,20,377.5
ORD-008657,2025-09-27,North America,Electronics,Marketplace,Returning,1,76.04,0,76.04
ORD-008658,2025-09-27,Europe,Home & Kitchen,Mobile app,Returning,1,84.81,15,72.09
ORD-008659,2025-09-27,Latin America,Home & Kitchen,Web,Returning,2,78.64,0,157.28
ORD-008660,2025-09-27,Latin America,Sports & Outdoors,Marketplace,New,1,97.31,0,97.31
ORD-008661,2025-09-27,Europe,Beauty,Mobile app,New,1,18.25,15,15.51
ORD-008662,2025-09-27,North America,Electronics,Mobile app,New,3,117.79,0,353.37
ORD-008663,2025-09-27,North America,Apparel,Mobile app,Returning,1,59.88,0,59.88
ORD-008664,2025-09-27,North America,Electronics,Mobile app,Returning,5,117.5,15,499.38
ORD-008665,2025-09-27,Asia Pacific,Home & Kitchen,Mobile app,Returning,1,42.23,0,42.23
ORD-008666,2025-09-27,Europe,Beauty,Web,New,1,36.6,0,36.6
ORD-008667,2025-09-27,North America,Sports & Outdoors,Marketplace,Returning,3,103.62,0,310.86
ORD-008668,2025-09-27,North America,Apparel,Web,Returning,1,34.88,0,34.88
ORD-008669,2025-09-27,Europe,Sports & Outdoors,Mobile app,New,1,65.19,0,65.19
ORD-008670,2025-09-27,Asia Pacific,Electronics,Mobile app,Returning,1,180.85,0,180.85
ORD-008671,2025-09-27,North America,Electronics,Marketplace,New,1,232.65,0,232.65
ORD-008672,2025-09-27,Latin America,Home & Kitchen,Mobile app,Returning,1,59.81,0,59.81
ORD-008673,2025-09-27,Latin America,Apparel,Web,Returning,2,53.97,10,97.15
ORD-008674,2025-09-27,Europe,Home & Kitchen,Mobile app,Returning,4,52.9,0,211.6
ORD-008675,2025-09-27,North America,Home & Kitchen,Mobile app,New,1,91.91,5,87.31
ORD-008676,2025-09-27,North America,Home & Kitchen,Marketplace,New,1,55.22,0,55.22
ORD-008677,2025-09-27,North America,Beauty,Web,New,1,17.79,0,17.79
ORD-008678,2025-09-27,Asia Pacific,Beauty,Mobile app,Returning,1,25.5,20,20.4
ORD-008679,2025-09-27,Europe,Apparel,Web,Returning,2,31.57,10,56.83
ORD-008680,2025-09-27,North America,Apparel,Web,New,1,72.27,0,72.27
ORD-008681,2025-09-27,North America,Home & Kitchen,Web,Returning,1,67.24,10,60.52
ORD-008682,2025-09-27,Middle East & Africa,Home & Kitchen,Marketplace,New,1,142.45,5,135.33
ORD-008683,2025-09-27,Asia Pacific,Apparel,Web,Returning,2,65.52,5,124.49
ORD-008684,2025-09-27,North America,Sports & Outdoors,Web,Returning,2,50.03,0,100.06
ORD-008685,2025-09-27,Europe,Electronics,Mobile app,New,2,156.68,0,313.36
ORD-008686,2025-09-27,Europe,Toys,Web,Returning,5,36.82,20,147.28
ORD-008687,2025-09-27,Europe,Electronics,Mobile app,New,1,139.92,10,125.93
ORD-008688,2025-09-28,Europe,Home & Kitchen,Web,Returning,1,71.09,5,67.54
ORD-008689,2025-09-28,Middle East & Africa,Home & Kitchen,Web,Returning,2,64.86,20,103.78
ORD-008690,2025-09-28,Asia Pacific,Beauty,Retail partner,Returning,1,31.97,5,30.37
ORD-008691,2025-09-28,Europe,Beauty,Web,New,5,29.04,0,145.2
ORD-008692,2025-09-28,North America,Apparel,Web,New,1,28.18,5,26.77
ORD-008693,2025-09-28,Latin America,Home & Kitchen,Web,Returning,2,43.05,10,77.49
ORD-008694,2025-09-28,Middle East & Africa,Electronics,Web,New,2,257.05,5,488.4
ORD-008695,2025-09-28,Europe,Apparel,Web,New,4,48.85,0,195.4
ORD-008696,2025-09-28,Asia Pacific,Home & Kitchen,Web,New,2,92.29,0,184.58
ORD-008697,2025-09-28,North America,Home & Kitchen,Mobile app,Returning,1,68.92,20,55.14
ORD-008698,2025-09-28,North America,Apparel,Mobile app,New,2,70.58,15,119.99
ORD-008699,2025-09-28,North America,Home & Kitchen,Web,Returning,1,87.99,0,87.99
ORD-008700,2025-09-28,Asia Pacific,Electronics,Web,Returning,1,241.12,0,241.12
ORD-008701,2025-09-28,Europe,Beauty,Web,New,1,28.22,0,28.22
ORD-008702,2025-09-28,North America,Toys,Web,Returning,1,28.67,5,27.24
ORD-008703,2025-09-28,North America,Home & Kitchen,Retail partner,New,3,51.77,0,155.31
ORD-008704,2025-09-28,Middle East & Africa,Electronics,Web,New,2,197.65,5,375.54
ORD-008705,2025-09-28,Latin America,Apparel,Mobile app,Returning,5,36.02,0,180.1
ORD-008706,2025-09-28,Europe,Electronics,Web,Returning,2,222.64,0,445.28
ORD-008707,2025-09-28,North America,Toys,Web,New,2,40.53,0,81.06
ORD-008708,2025-09-28,Asia Pacific,Home & Kitchen,Web,Returning,3,53.66,15,136.83
ORD-008709,2025-09-28,North America,Sports & Outdoors,Web,New,2,60.07,0,120.14
ORD-008710,2025-09-28,North America,Beauty,Web,New,1,25.93,10,23.34
ORD-008711,2025-09-28,North America,Home & Kitchen,Web,Returning,1,51.23,0,51.23
ORD-008712,2025-09-28,Europe,Home & Kitchen,Web,Returning,1,64.68,10,58.21
ORD-008713,2025-09-28,Asia Pacific,Beauty,Mobile app,Returning,2,27,5,51.3
ORD-008714,2025-09-28,Europe,Apparel,Web,Returning,1,60.85,0,60.85
ORD-008715,2025-09-28,North America,Electronics,Web,Returning,5,170.72,5,810.92
ORD-008716,2025-09-28,Asia Pacific,Home & Kitchen,Mobile app,Returning,1,75.45,0,75.45
ORD-008717,2025-09-28,North America,Apparel,Mobile app,New,1,121.31,0,121.31
ORD-008718,2025-09-29,Europe,Home & Kitchen,Mobile app,Returning,2,76.4,0,152.8
ORD-008719,2025-09-29,Europe,Electronics,Mobile app,Returning,2,264.38,10,475.88
ORD-008720,2025-09-29,North America,Apparel,Mobile app,New,2,29.47,5,55.99
ORD-008721,2025-09-29,North America,Home & Kitchen,Mobile app,Returning,3,70.2,15,179.01
ORD-008722,2025-09-29,Latin America,Apparel,Mobile app,Returning,2,46.55,20,74.48
ORD-008723,2025-09-29,Europe,Apparel,Web,Returning,1,32.62,5,30.99
ORD-008724,2025-09-29,Middle East & Africa,Home & Kitchen,Retail partner,New,3,70.9,15,180.8
ORD-008725,2025-09-29,North America,Home & Kitchen,Web,Returning,1,68.72,0,68.72
ORD-008726,2025-09-29,Europe,Electronics,Marketplace,New,2,272.98,5,518.66
ORD-008727,2025-09-29,Asia Pacific,Sports & Outdoors,Web,Returning,2,72.87,20,116.59
ORD-008728,2025-09-29,North America,Electronics,Web,Returning,3,433.04,5,1234.16
ORD-008729,2025-09-29,Asia Pacific,Home & Kitchen,Web,Returning,1,92.14,0,92.14
ORD-008730,2025-09-29,Latin America,Beauty,Web,Returning,4,19.91,0,79.64
ORD-008731,2025-09-29,Asia Pacific,Electronics,Marketplace,Returning,1,567.35,5,538.98
ORD-008732,2025-09-29,Europe,Sports & Outdoors,Mobile app,New,1,64.04,15,54.43
ORD-008733,2025-09-29,Latin America,Home & Kitchen,Mobile app,Returning,1,33.01,0,33.01
ORD-008734,2025-09-29,Asia Pacific,Toys,Web,Returning,2,42.86,5,81.43
ORD-008735,2025-09-29,Europe,Home & Kitchen,Web,Returning,1,67.44,0,67.44
ORD-008736,2025-09-29,North America,Beauty,Marketplace,Returning,3,29.67,5,84.56
ORD-008737,2025-09-29,North America,Electronics,Web,Returning,2,143.05,0,286.1
ORD-008738,2025-09-29,Asia Pacific,Toys,Retail partner,Returning,1,25.09,0,25.09
ORD-008739,2025-09-29,Europe,Home & Kitchen,Mobile app,Returning,1,60.54,0,60.54
ORD-008740,2025-09-29,North America,Apparel,Web,Returning,1,45.31,5,43.04
ORD-008741,2025-09-29,Latin America,Toys,Web,Returning,1,21.39,0,21.39
ORD-008742,2025-09-29,Middle East & Africa,Apparel,Web,Returning,1,50.65,0,50.65
ORD-008743,2025-09-29,North America,Sports & Outdoors,Marketplace,New,1,90.32,0,90.32
ORD-008744,2025-09-29,North America,Beauty,Mobile app,New,4,30.83,5,117.15
ORD-008745,2025-09-29,Europe,Electronics,Web,Returning,2,237.45,0,474.9
ORD-008746,2025-09-29,Middle East & Africa,Electronics,Mobile app,Returning,1,487.29,0,487.29
ORD-008747,2025-09-29,North America,Beauty,Web,Returning,1,31.85,0,31.85
ORD-008748,2025-09-29,Europe,Home & Kitchen,Mobile app,Returning,1,90.34,5,85.82
ORD-008749,2025-09-29,North America,Electronics,Mobile app,New,1,213.45,0,213.45
ORD-008750,2025-09-29,Asia Pacific,Home & Kitchen,Mobile app,Returning,1,53.15,15,45.18
ORD-008751,2025-09-29,North America,Apparel,Mobile app,New,1,46.07,0,46.07
ORD-008752,2025-09-30,Latin America,Beauty,Web,New,1,30.38,10,27.34
ORD-008753,2025-09-30,Latin America,Beauty,Web,Returning,2,41.97,0,83.94
ORD-008754,2025-09-30,Asia Pacific,Apparel,Mobile app,Returning,2,53.46,0,106.92
ORD-008755,2025-09-30,Latin America,Electronics,Mobile app,New,1,220.41,5,209.39
ORD-008756,2025-09-30,Europe,Toys,Mobile app,New,4,27.25,0,109
ORD-008757,2025-09-30,Europe,Apparel,Marketplace,New,2,50.47,15,85.8
ORD-008758,2025-09-30,Latin America,Electronics,Web,Returning,1,268.16,0,268.16
ORD-008759,2025-09-30,North America,Apparel,Web,New,1,55.68,0,55.68
ORD-008760,2025-09-30,Europe,Toys,Web,Returning,2,36.47,0,72.94
ORD-008761,2025-09-30,Europe,Electronics,Web,Returning,1,151.22,10,136.1
ORD-008762,2025-09-30,Asia Pacific,Electronics,Retail partner,Returning,1,118.84,0,118.84
ORD-008763,2025-09-30,Europe,Beauty,Mobile app,New,1,30.59,0,30.59
ORD-008764,2025-09-30,Asia Pacific,Toys,Web,Returning,5,22.71,10,102.2
ORD-008765,2025-09-30,Europe,Toys,Marketplace,Returning,3,21.8,0,65.4
ORD-008766,2025-09-30,Europe,Toys,Mobile app,New,1,39.75,0,39.75
ORD-008767,2025-09-30,Asia Pacific,Sports & Outdoors,Web,Returning,1,169.5,0,169.5
ORD-008768,2025-09-30,North America,Home & Kitchen,Marketplace,Returning,2,60.97,0,121.94
ORD-008769,2025-09-30,Europe,Apparel,Web,Returning,1,71.95,0,71.95
ORD-008770,2025-09-30,North America,Apparel,Web,New,2,35.51,0,71.02
ORD-008771,2025-09-30,North America,Home & Kitchen,Mobile app,Returning,1,89.11,20,71.29
ORD-008772,2025-09-30,North America,Toys,Marketplace,Returning,3,37.14,0,111.42
ORD-008773,2025-09-30,Europe,Sports & Outdoors,Web,New,2,58.35,0,116.7
ORD-008774,2025-09-30,Europe,Home & Kitchen,Web,Returning,3,52.1,5,148.49
ORD-008775,2025-09-30,North America,Beauty,Web,New,1,48.45,0,48.45
ORD-008776,2025-09-30,North America,Beauty,Web,Returning,1,21.84,0,21.84
ORD-008777,2025-09-30,Europe,Beauty,Mobile app,Returning,1,21.63,0,21.63
ORD-008778,2025-09-30,Middle East & Africa,Beauty,Retail partner,New,2,24.33,0,48.66
ORD-008779,2025-09-30,Latin America,Electronics,Web,Returning,2,198.16,5,376.5
ORD-008780,2025-09-30,Europe,Beauty,Mobile app,Returning,1,35.06,0,35.06
ORD-008781,2025-09-30,Europe,Electronics,Web,Returning,2,244.45,5,464.46
ORD-008782,2025-09-30,Europe,Sports & Outdoors,Web,Returning,1,53.17,0,53.17
ORD-008783,2025-09-30,North America,Home & Kitchen,Mobile app,Returning,1,41.2,10,37.08
ORD-008784,2025-09-30,North America,Apparel,Marketplace,Returning,1,39.06,0,39.06
ORD-008785,2025-09-30,Europe,Sports & Outdoors,Web,New,1,67.33,0,67.33
ORD-008786,2025-09-30,Asia Pacific,Electronics,Mobile app,New,1,177.43,0,177.43
ORD-008787,2025-10-01,Latin America,Sports & Outdoors,Web,New,2,65.9,0,131.8
ORD-008788,2025-10-01,North America,Sports & Outdoors,Mobile app,New,2,88.03,0,176.06
ORD-008789,2025-10-01,North America,Home & Kitchen,Web,New,4,80.65,10,290.34
ORD-008790,2025-10-01,North America,Apparel,Web,Returning,1,44.49,0,44.49
ORD-008791,2025-10-01,Middle East & Africa,Electronics,Web,Returning,3,164.19,10,443.31
ORD-008792,2025-10-01,North America,Apparel,Web,New,1,32.26,10,29.03
ORD-008793,2025-10-01,North America,Home & Kitchen,Mobile app,Returning,1,96.96,0,96.96
ORD-008794,2025-10-01,Asia Pacific,Home & Kitchen,Web,Returning,1,53.58,0,53.58
ORD-008795,2025-10-01,Middle East & Africa,Apparel,Mobile app,New,2,103.39,0,206.78
ORD-008796,2025-10-01,Latin America,Electronics,Web,New,1,232.1,0,232.1
ORD-008797,2025-10-01,Asia Pacific,Home & Kitchen,Mobile app,Returning,4,37.94,0,151.76
ORD-008798,2025-10-01,North America,Electronics,Mobile app,New,1,177.34,10,159.61
ORD-008799,2025-10-01,Europe,Apparel,Marketplace,Returning,1,26.02,5,24.72
ORD-008800,2025-10-01,Middle East & Africa,Home & Kitchen,Web,New,1,51.2,0,51.2
ORD-008801,2025-10-01,North America,Beauty,Web,Returning,1,26.78,0,26.78
ORD-008802,2025-10-01,North America,Home & Kitchen,Web,Returning,1,53.13,15,45.16
ORD-008803,2025-10-01,North America,Apparel,Web,New,4,39.17,0,156.68
ORD-008804,2025-10-01,North America,Home & Kitchen,Retail partner,Returning,2,45.17,0,90.34
ORD-008805,2025-10-01,Asia Pacific,Sports & Outdoors,Marketplace,Returning,1,102.13,0,102.13
ORD-008806,2025-10-01,Europe,Home & Kitchen,Web,New,1,61.36,5,58.29
ORD-008807,2025-10-01,Europe,Beauty,Mobile app,New,1,50.68,5,48.15
ORD-008808,2025-10-01,North America,Home & Kitchen,Web,Returning,1,89.27,0,89.27
ORD-008809,2025-10-01,Asia Pacific,Beauty,Mobile app,Returning,4,48.97,10,176.29
ORD-008810,2025-10-01,Asia Pacific,Apparel,Mobile app,Returning,1,47.65,0,47.65
ORD-008811,2025-10-01,North America,Home & Kitchen,Marketplace,Returning,1,49.64,0,49.64
ORD-008812,2025-10-01,Europe,Toys,Mobile app,New,1,31.22,0,31.22
ORD-008813,2025-10-01,Asia Pacific,Home & Kitchen,Web,Returning,1,61.15,15,51.98
ORD-008814,2025-10-01,Europe,Electronics,Mobile app,Returning,1,146.37,0,146.37
ORD-008815,2025-10-01,Europe,Toys,Web,New,1,34.67,0,34.67
ORD-008816,2025-10-01,Europe,Home & Kitchen,Mobile app,Returning,1,32.64,0,32.64
ORD-008817,2025-10-01,Europe,Beauty,Web,Returning,1,44.32,5,42.1
ORD-008818,2025-10-01,Asia Pacific,Beauty,Mobile app,Returning,1,25.36,0,25.36
ORD-008819,2025-10-01,Europe,Apparel,Mobile app,Returning,1,46.76,0,46.76
ORD-008820,2025-10-02,Europe,Home & Kitchen,Web,Returning,2,110.18,0,220.36
ORD-008821,2025-10-02,North America,Home & Kitchen,Web,Returning,1,61.84,0,61.84
ORD-008822,2025-10-02,North America,Electronics,Mobile app,New,1,110.48,0,110.48
ORD-008823,2025-10-02,Asia Pacific,Sports & Outdoors,Marketplace,Returning,1,55.82,0,55.82
ORD-008824,2025-10-02,Asia Pacific,Beauty,Web,New,2,31.48,0,62.96
ORD-008825,2025-10-02,Asia Pacific,Electronics,Marketplace,Returning,1,100.49,0,100.49
ORD-008826,2025-10-02,Asia Pacific,Apparel,Retail partner,Returning,1,52.84,0,52.84
ORD-008827,2025-10-02,Europe,Electronics,Mobile app,New,1,267.54,5,254.16
ORD-008828,2025-10-02,Asia Pacific,Sports & Outdoors,Web,New,1,92.92,0,92.92
ORD-008829,2025-10-02,North America,Apparel,Mobile app,Returning,3,58.51,15,149.2
ORD-008830,2025-10-02,Europe,Home & Kitchen,Web,Returning,3,28.08,0,84.24
ORD-008831,2025-10-02,Europe,Electronics,Mobile app,New,4,293.8,0,1175.2
ORD-008832,2025-10-02,Middle East & Africa,Home & Kitchen,Web,Returning,1,108.36,5,102.94
ORD-008833,2025-10-02,Asia Pacific,Home & Kitchen,Marketplace,Returning,2,68.59,5,130.32
ORD-008834,2025-10-02,North America,Sports & Outdoors,Web,Returning,1,38.49,10,34.64
ORD-008835,2025-10-02,Latin America,Beauty,Mobile app,Returning,1,25.97,0,25.97
ORD-008836,2025-10-02,North America,Electronics,Mobile app,Returning,1,141.1,0,141.1
ORD-008837,2025-10-02,Middle East & Africa,Beauty,Retail partner,Returning,2,23.34,10,42.01
ORD-008838,2025-10-02,Europe,Apparel,Mobile app,Returning,1,40.81,5,38.77
ORD-008839,2025-10-02,Asia Pacific,Electronics,Web,New,2,187.49,0,374.98
ORD-008840,2025-10-02,North America,Beauty,Mobile app,New,2,34.13,0,68.26
ORD-008841,2025-10-02,Europe,Beauty,Marketplace,New,2,25.04,5,47.58
ORD-008842,2025-10-02,North America,Electronics,Web,New,2,93.2,15,158.44
ORD-008843,2025-10-02,Europe,Beauty,Mobile app,Returning,1,30.48,10,27.43
ORD-008844,2025-10-02,Europe,Electronics,Mobile app,New,2,156.37,5,297.1
ORD-008845,2025-10-02,North America,Electronics,Mobile app,Returning,1,114.67,0,114.67
ORD-008846,2025-10-02,Asia Pacific,Home & Kitchen,Web,Returning,2,23.37,0,46.74
ORD-008847,2025-10-02,Latin America,Beauty,Web,Returning,2,30.44,10,54.79
ORD-008848,2025-10-02,North America,Electronics,Mobile app,Returning,1,126.05,0,126.05
ORD-008849,2025-10-02,Europe,Home & Kitchen,Web,Returning,1,45.71,0,45.71
ORD-008850,2025-10-02,Latin America,Electronics,Web,Returning,2,83.4,10,150.12
ORD-008851,2025-10-02,Europe,Toys,Mobile app,Returning,1,37.49,0,37.49
ORD-008852,2025-10-02,Europe,Apparel,Web,New,1,43.72,0,43.72
ORD-008853,2025-10-02,North America,Beauty,Mobile app,New,2,33.64,0,67.28
ORD-008854,2025-10-02,Europe,Electronics,Web,Returning,1,148.6,5,141.17
ORD-008855,2025-10-02,Europe,Home & Kitchen,Mobile app,New,1,81.15,0,81.15
ORD-008856,2025-10-02,Europe,Apparel,Marketplace,Returning,1,32.09,0,32.09
ORD-008857,2025-10-02,Asia Pacific,Toys,Web,Returning,1,24.14,0,24.14
ORD-008858,2025-10-02,Asia Pacific,Home & Kitchen,Mobile app,Returning,2,104.58,10,188.24
ORD-008859,2025-10-03,Asia Pacific,Beauty,Web,New,1,35.08,10,31.57
ORD-008860,2025-10-03,Europe,Apparel,Mobile app,Returning,4,45.25,0,181
ORD-008861,2025-10-03,North America,Beauty,Web,New,1,48.82,15,41.5
ORD-008862,2025-10-03,North America,Beauty,Web,New,2,28.93,5,54.97
ORD-008863,2025-10-03,Europe,Home & Kitchen,Marketplace,New,1,55.84,5,53.05
ORD-008864,2025-10-03,North America,Beauty,Mobile app,Returning,3,10.11,0,30.33
ORD-008865,2025-10-03,Asia Pacific,Sports & Outdoors,Web,New,1,72.04,0,72.04
ORD-008866,2025-10-03,North America,Home & Kitchen,Web,Returning,2,90.81,0,181.62
ORD-008867,2025-10-03,Europe,Home & Kitchen,Web,Returning,1,34.39,15,29.23
ORD-008868,2025-10-03,Middle East & Africa,Home & Kitchen,Web,Returning,2,118.94,0,237.88
ORD-008869,2025-10-03,Europe,Apparel,Web,Returning,1,55.37,0,55.37
ORD-008870,2025-10-03,Europe,Electronics,Mobile app,Returning,1,108.36,0,108.36
ORD-008871,2025-10-03,North America,Apparel,Mobile app,New,1,36.52,0,36.52
ORD-008872,2025-10-03,Europe,Sports & Outdoors,Web,Returning,1,95.06,0,95.06
ORD-008873,2025-10-03,Middle East & Africa,Toys,Web,Returning,3,40.78,5,116.22
ORD-008874,2025-10-03,Europe,Sports & Outdoors,Marketplace,New,2,42.08,0,84.16
ORD-008875,2025-10-03,North America,Sports & Outdoors,Marketplace,New,1,109.81,0,109.81
ORD-008876,2025-10-03,Middle East & Africa,Sports & Outdoors,Web,Returning,1,82.78,0,82.78
ORD-008877,2025-10-03,North America,Apparel,Web,New,1,28.33,10,25.5
ORD-008878,2025-10-03,North America,Home & Kitchen,Web,New,1,104.74,0,104.74
ORD-008879,2025-10-03,North America,Toys,Mobile app,Returning,1,41.46,0,41.46
ORD-008880,2025-10-03,Asia Pacific,Sports & Outdoors,Web,New,1,71.71,0,71.71
ORD-008881,2025-10-03,Europe,Electronics,Web,New,2,154.07,5,292.73
ORD-008882,2025-10-03,North America,Apparel,Web,New,1,40.02,0,40.02
ORD-008883,2025-10-03,Asia Pacific,Electronics,Web,Returning,2,240.68,0,481.36
ORD-008884,2025-10-03,Europe,Electronics,Mobile app,Returning,1,179.73,15,152.77
ORD-008885,2025-10-03,Asia Pacific,Electronics,Web,Returning,3,183.12,0,549.36
ORD-008886,2025-10-03,Europe,Electronics,Mobile app,Returning,3,92.72,0,278.16
ORD-008887,2025-10-03,Asia Pacific,Home & Kitchen,Web,Returning,4,42.72,0,170.88
ORD-008888,2025-10-03,Asia Pacific,Home & Kitchen,Web,Returning,1,52.11,0,52.11
ORD-008889,2025-10-03,North America,Sports & Outdoors,Web,Returning,1,70.24,10,63.22
ORD-008890,2025-10-03,Europe,Apparel,Marketplace,New,1,33.5,5,31.83
ORD-008891,2025-10-03,North America,Sports & Outdoors,Marketplace,New,1,52.29,0,52.29
ORD-008892,2025-10-03,Latin America,Electronics,Mobile app,New,1,267.81,0,267.81
ORD-008893,2025-10-03,North America,Apparel,Retail partner,Returning,1,67.62,20,54.1
ORD-008894,2025-10-03,Middle East & Africa,Electronics,Mobile app,Returning,3,235.68,10,636.34
ORD-008895,2025-10-03,North America,Electronics,Mobile app,Returning,1,130.69,0,130.69
ORD-008896,2025-10-03,Europe,Beauty,Mobile app,New,1,20.9,0,20.9
ORD-008897,2025-10-03,Asia Pacific,Sports & Outdoors,Retail partner,New,1,84.67,0,84.67
ORD-008898,2025-10-03,Middle East & Africa,Home & Kitchen,Mobile app,Returning,2,43.65,5,82.93
ORD-008899,2025-10-03,North America,Beauty,Web,New,1,34.66,0,34.66
ORD-008900,2025-10-04,Europe,Home & Kitchen,Mobile app,Returning,2,86.49,0,172.98
ORD-008901,2025-10-04,North America,Beauty,Web,Returning,3,28.28,0,84.84
ORD-008902,2025-10-04,Middle East & Africa,Toys,Web,Returning,1,31.03,5,29.48
ORD-008903,2025-10-04,Asia Pacific,Sports & Outdoors,Mobile app,Returning,1,66.47,0,66.47
ORD-008904,2025-10-04,North America,Home & Kitchen,Mobile app,Returning,1,88.84,5,84.4
ORD-008905,2025-10-04,Latin America,Apparel,Web,Returning,3,48.05,0,144.15
ORD-008906,2025-10-04,Europe,Apparel,Web,New,2,33.49,10,60.28
ORD-008907,2025-10-04,Latin America,Apparel,Mobile app,Returning,1,31.66,5,30.08
ORD-008908,2025-10-04,Latin America,Apparel,Marketplace,Returning,2,51.72,15,87.92
ORD-008909,2025-10-04,Asia Pacific,Apparel,Mobile app,Returning,1,52.83,5,50.19
ORD-008910,2025-10-04,Europe,Electronics,Web,Returning,1,179.2,0,179.2
ORD-008911,2025-10-04,Asia Pacific,Sports & Outdoors,Web,Returning,2,68.84,15,117.03
ORD-008912,2025-10-04,Middle East & Africa,Apparel,Web,Returning,1,23.16,5,22
ORD-008913,2025-10-04,Asia Pacific,Home & Kitchen,Marketplace,Returning,3,81.46,10,219.94
ORD-008914,2025-10-04,Europe,Beauty,Mobile app,Returning,3,30.06,0,90.18
ORD-008915,2025-10-04,Asia Pacific,Apparel,Retail partner,Returning,1,20.96,0,20.96
ORD-008916,2025-10-04,North America,Beauty,Web,Returning,5,18.49,10,83.21
ORD-008917,2025-10-04,Europe,Toys,Mobile app,Returning,4,32.95,0,131.8
ORD-008918,2025-10-04,Europe,Electronics,Web,New,2,155.93,0,311.86
ORD-008919,2025-10-04,Middle East & Africa,Apparel,Mobile app,Returning,1,65.65,0,65.65
ORD-008920,2025-10-04,North America,Beauty,Retail partner,Returning,2,20.49,0,40.98
ORD-008921,2025-10-04,Middle East & Africa,Toys,Web,Returning,2,50.86,5,96.63
ORD-008922,2025-10-04,Asia Pacific,Home & Kitchen,Web,Returning,3,44.03,0,132.09
ORD-008923,2025-10-04,Europe,Toys,Mobile app,Returning,1,58.25,10,52.43
ORD-008924,2025-10-04,Europe,Home & Kitchen,Web,Returning,3,67.54,5,192.49
ORD-008925,2025-10-04,Asia Pacific,Home & Kitchen,Mobile app,Returning,2,41.4,0,82.8
ORD-008926,2025-10-04,Europe,Electronics,Web,Returning,1,178.71,10,160.84
ORD-008927,2025-10-04,Europe,Electronics,Marketplace,New,1,113.45,5,107.78
ORD-008928,2025-10-04,North America,Apparel,Web,Returning,3,60.13,0,180.39
ORD-008929,2025-10-04,Asia Pacific,Electronics,Mobile app,New,5,130.97,10,589.37
ORD-008930,2025-10-04,Latin America,Home & Kitchen,Web,New,1,80.86,0,80.86
ORD-008931,2025-10-04,North America,Electronics,Web,New,5,221.57,0,1107.85
ORD-008932,2025-10-04,Asia Pacific,Sports & Outdoors,Mobile app,New,2,74.94,0,149.88
ORD-008933,2025-10-04,Europe,Home & Kitchen,Web,New,4,40.33,0,161.32
ORD-008934,2025-10-04,Latin America,Toys,Web,New,1,25.13,0,25.13
ORD-008935,2025-10-04,North America,Home & Kitchen,Web,New,2,26.64,5,50.62
ORD-008936,2025-10-04,Europe,Home & Kitchen,Web,Returning,1,63.37,0,63.37
ORD-008937,2025-10-04,Middle East & Africa,Apparel,Mobile app,Returning,1,44.43,15,37.77
ORD-008938,2025-10-04,North America,Apparel,Mobile app,New,4,56.35,0,225.4
ORD-008939,2025-10-04,Asia Pacific,Sports & Outdoors,Web,Returning,1,27.75,0,27.75
ORD-008940,2025-10-05,Latin America,Home & Kitchen,Mobile app,Returning,3,96.51,0,289.53
ORD-008941,2025-10-05,Europe,Electronics,Mobile app,Returning,1,310.62,10,279.56
ORD-008942,2025-10-05,North America,Electronics,Marketplace,Returning,2,107.35,10,193.23
ORD-008943,2025-10-05,Europe,Sports & Outdoors,Web,New,3,58.4,15,148.92
ORD-008944,2025-10-05,Middle East & Africa,Beauty,Mobile app,Returning,1,34,0,34
ORD-008945,2025-10-05,Asia Pacific,Apparel,Marketplace,New,2,45.75,5,86.93
ORD-008946,2025-10-05,North America,Apparel,Web,New,1,82.81,0,82.81
ORD-008947,2025-10-05,Latin America,Home & Kitchen,Mobile app,Returning,1,55.91,0,55.91
ORD-008948,2025-10-05,Europe,Home & Kitchen,Mobile app,New,3,62.79,0,188.37
ORD-008949,2025-10-05,North America,Electronics,Web,New,1,91.69,0,91.69
ORD-008950,2025-10-05,North America,Sports & Outdoors,Mobile app,New,1,69.98,20,55.98
ORD-008951,2025-10-05,Europe,Electronics,Web,Returning,3,214.4,0,643.2
ORD-008952,2025-10-05,Europe,Home & Kitchen,Web,Returning,1,58.16,5,55.25
ORD-008953,2025-10-05,Asia Pacific,Home & Kitchen,Mobile app,Returning,3,80.6,0,241.8
ORD-008954,2025-10-05,North America,Apparel,Mobile app,New,3,27.81,0,83.43
ORD-008955,2025-10-05,North America,Sports & Outdoors,Mobile app,Returning,1,45.23,10,40.71
ORD-008956,2025-10-05,North America,Electronics,Web,Returning,2,170.74,20,273.18
ORD-008957,2025-10-05,Europe,Beauty,Mobile app,New,2,29.81,0,59.62
ORD-008958,2025-10-05,North America,Apparel,Web,Returning,1,48.22,20,38.58
ORD-008959,2025-10-05,Asia Pacific,Home & Kitchen,Mobile app,Returning,2,41.39,10,74.5
ORD-008960,2025-10-05,Asia Pacific,Home & Kitchen,Mobile app,Returning,1,93.38,10,84.04
ORD-008961,2025-10-05,Europe,Sports & Outdoors,Mobile app,Returning,2,111.88,0,223.76
ORD-008962,2025-10-05,Europe,Toys,Mobile app,Returning,1,30.9,0,30.9
ORD-008963,2025-10-05,Latin America,Toys,Mobile app,Returning,1,21.39,0,21.39
ORD-008964,2025-10-05,Latin America,Electronics,Web,New,1,190.07,0,190.07
ORD-008965,2025-10-05,Latin America,Apparel,Mobile app,Returning,1,22.68,15,19.28
ORD-008966,2025-10-05,North America,Beauty,Web,New,1,28.04,0,28.04
ORD-008967,2025-10-05,Latin America,Home & Kitchen,Web,New,4,178.5,0,714
ORD-008968,2025-10-05,North America,Electronics,Mobile app,Returning,1,290.44,10,261.4
ORD-008969,2025-10-05,Europe,Beauty,Web,New,2,28.62,5,54.38
ORD-008970,2025-10-05,Latin America,Apparel,Web,Returning,2,39.79,0,79.58
ORD-008971,2025-10-05,Europe,Toys,Retail partner,New,2,27.57,5,52.38
ORD-008972,2025-10-05,Europe,Beauty,Web,Returning,5,18.81,10,84.65
ORD-008973,2025-10-05,North America,Electronics,Mobile app,Returning,1,120.2,0,120.2
ORD-008974,2025-10-06,Asia Pacific,Toys,Web,Returning,1,50.76,0,50.76
ORD-008975,2025-10-06,Asia Pacific,Apparel,Marketplace,New,2,53.49,0,106.98
ORD-008976,2025-10-06,Middle East & Africa,Toys,Marketplace,New,2,20.41,0,40.82
ORD-008977,2025-10-06,Middle East & Africa,Apparel,Web,Returning,1,48.72,0,48.72
ORD-008978,2025-10-06,North America,Electronics,Mobile app,New,1,146.81,0,146.81
ORD-008979,2025-10-06,Middle East & Africa,Beauty,Web,Returning,1,14.5,5,13.77
ORD-008980,2025-10-06,North America,Electronics,Web,New,3,187.09,5,533.21
ORD-008981,2025-10-06,Europe,Beauty,Mobile app,New,2,28.42,0,56.84
ORD-008982,2025-10-06,North America,Electronics,Web,New,1,206.61,0,206.61
ORD-008983,2025-10-06,North America,Beauty,Marketplace,New,2,23.63,0,47.26
ORD-008984,2025-10-06,Europe,Sports & Outdoors,Web,Returning,1,48.55,5,46.12
ORD-008985,2025-10-06,Europe,Electronics,Mobile app,Returning,2,122.63,10,220.73
ORD-008986,2025-10-06,Middle East & Africa,Sports & Outdoors,Web,Returning,1,48.72,0,48.72
ORD-008987,2025-10-06,Europe,Electronics,Web,Returning,1,104.53,20,83.62
ORD-008988,2025-10-06,Latin America,Beauty,Marketplace,Returning,1,27.42,10,24.68
ORD-008989,2025-10-06,Middle East & Africa,Home & Kitchen,Mobile app,New,2,62.4,0,124.8
ORD-008990,2025-10-06,Europe,Home & Kitchen,Mobile app,Returning,1,68.24,0,68.24
ORD-008991,2025-10-06,Europe,Electronics,Marketplace,New,1,215.48,15,183.16
ORD-008992,2025-10-06,Asia Pacific,Electronics,Web,Returning,2,187.92,5,357.05
ORD-008993,2025-10-06,North America,Sports & Outdoors,Marketplace,New,5,81.51,0,407.55
ORD-008994,2025-10-06,Latin America,Sports & Outdoors,Web,Returning,1,53.15,0,53.15
ORD-008995,2025-10-06,Asia Pacific,Beauty,Mobile app,Returning,2,25.45,5,48.36
ORD-008996,2025-10-06,Latin America,Electronics,Mobile app,Returning,1,145.09,0,145.09
ORD-008997,2025-10-06,Latin America,Electronics,Retail partner,Returning,2,230.49,0,460.98
ORD-008998,2025-10-06,North America,Home & Kitchen,Web,New,1,70,0,70
ORD-008999,2025-10-06,Latin America,Electronics,Web,New,2,197.76,20,316.42
ORD-009000,2025-10-06,North America,Apparel,Mobile app,New,2,74.49,0,148.98
ORD-009001,2025-10-06,Europe,Beauty,Web,Returning,3,43.26,0,129.78
ORD-009002,2025-10-07,North America,Beauty,Mobile app,New,1,35.87,0,35.87
ORD-009003,2025-10-07,Asia Pacific,Sports & Outdoors,Mobile app,New,4,54.91,5,208.66
ORD-009004,2025-10-07,Latin America,Toys,Web,Returning,2,23.59,0,47.18
ORD-009005,2025-10-07,North America,Home & Kitchen,Web,New,1,38.33,0,38.33
ORD-009006,2025-10-07,Latin America,Apparel,Web,New,1,39.51,10,35.56
ORD-009007,2025-10-07,North America,Home & Kitchen,Web,New,2,75.26,0,150.52
ORD-009008,2025-10-07,Europe,Apparel,Web,Returning,2,24.95,0,49.9
ORD-009009,2025-10-07,North America,Sports & Outdoors,Web,Returning,1,82.8,10,74.52
ORD-009010,2025-10-07,Asia Pacific,Beauty,Web,Returning,4,30.02,5,114.08
ORD-009011,2025-10-07,Middle East & Africa,Apparel,Web,New,1,22.99,0,22.99
ORD-009012,2025-10-07,Europe,Apparel,Mobile app,Returning,2,45.52,10,81.94
ORD-009013,2025-10-07,Asia Pacific,Electronics,Mobile app,New,1,187.33,0,187.33
ORD-009014,2025-10-07,Europe,Home & Kitchen,Mobile app,Returning,1,62.53,0,62.53
ORD-009015,2025-10-07,North America,Beauty,Mobile app,New,1,18.14,10,16.33
ORD-009016,2025-10-07,North America,Sports & Outdoors,Web,New,4,68.74,0,274.96
ORD-009017,2025-10-07,North America,Sports & Outdoors,Mobile app,Returning,1,138.63,15,117.84
ORD-009018,2025-10-07,Europe,Apparel,Mobile app,New,2,75.1,5,142.69
ORD-009019,2025-10-07,North America,Home & Kitchen,Web,New,2,64.67,0,129.34
ORD-009020,2025-10-07,Asia Pacific,Apparel,Web,New,2,41.02,0,82.04
ORD-009021,2025-10-07,Europe,Home & Kitchen,Web,Returning,1,51.91,0,51.91
ORD-009022,2025-10-07,North America,Home & Kitchen,Web,Returning,1,61.66,0,61.66
ORD-009023,2025-10-07,Latin America,Beauty,Web,Returning,3,14.75,20,35.4
ORD-009024,2025-10-07,North America,Beauty,Web,New,4,21,10,75.6
ORD-009025,2025-10-07,Latin America,Beauty,Mobile app,Returning,2,23.5,0,47
ORD-009026,2025-10-07,North America,Apparel,Mobile app,Returning,2,66.71,5,126.75
ORD-009027,2025-10-07,North America,Electronics,Marketplace,Returning,1,227.54,0,227.54
ORD-009028,2025-10-07,Latin America,Apparel,Web,Returning,2,31.82,0,63.64
ORD-009029,2025-10-07,Europe,Beauty,Mobile app,New,2,36.23,10,65.21
ORD-009030,2025-10-07,North America,Apparel,Web,Returning,3,19.81,0,59.43
ORD-009031,2025-10-07,North America,Home & Kitchen,Web,New,1,74.74,5,71
ORD-009032,2025-10-07,Latin America,Apparel,Marketplace,Returning,3,36.84,0,110.52
ORD-009033,2025-10-07,Europe,Home & Kitchen,Mobile app,Returning,1,87.02,0,87.02
ORD-009034,2025-10-07,Europe,Electronics,Mobile app,Returning,1,219.17,15,186.29
ORD-009035,2025-10-07,Asia Pacific,Beauty,Web,New,1,33.86,5,32.17
ORD-009036,2025-10-07,North America,Apparel,Web,Returning,1,57.2,10,51.48
ORD-009037,2025-10-08,North America,Electronics,Mobile app,Returning,3,220.28,0,660.84
ORD-009038,2025-10-08,Asia Pacific,Toys,Web,Returning,1,30.15,0,30.15
ORD-009039,2025-10-08,Europe,Home & Kitchen,Web,Returning,1,41.1,5,39.05
ORD-009040,2025-10-08,Europe,Electronics,Web,New,3,354.17,10,956.26
ORD-009041,2025-10-08,Asia Pacific,Sports & Outdoors,Web,New,3,62.31,0,186.93
ORD-009042,2025-10-08,Middle East & Africa,Electronics,Mobile app,Returning,3,147.12,0,441.36
ORD-009043,2025-10-08,Middle East & Africa,Home & Kitchen,Mobile app,Returning,1,97.79,0,97.79
ORD-009044,2025-10-08,North America,Beauty,Mobile app,New,1,20.58,5,19.55
ORD-009045,2025-10-08,Latin America,Home & Kitchen,Web,New,1,66.44,0,66.44
ORD-009046,2025-10-08,North America,Apparel,Mobile app,Returning,3,52.76,0,158.28
ORD-009047,2025-10-08,Europe,Electronics,Web,Returning,1,167.8,5,159.41
ORD-009048,2025-10-08,Asia Pacific,Home & Kitchen,Web,Returning,1,43.27,0,43.27
ORD-009049,2025-10-08,Middle East & Africa,Sports & Outdoors,Web,Returning,1,55.86,0,55.86
ORD-009050,2025-10-08,Middle East & Africa,Home & Kitchen,Mobile app,New,2,56.5,10,101.7
ORD-009051,2025-10-08,North America,Home & Kitchen,Retail partner,Returning,3,47.39,0,142.17
ORD-009052,2025-10-08,Latin America,Electronics,Web,New,4,95.74,5,363.81
ORD-009053,2025-10-08,Middle East & Africa,Toys,Retail partner,Returning,2,23.81,15,40.48
ORD-009054,2025-10-08,Europe,Toys,Marketplace,Returning,2,22.99,20,36.78
ORD-009055,2025-10-08,North America,Sports & Outdoors,Web,Returning,3,146.47,10,395.47
ORD-009056,2025-10-08,North America,Beauty,Web,Returning,1,24.49,5,23.27
ORD-009057,2025-10-08,Europe,Electronics,Web,New,1,157.85,0,157.85
ORD-009058,2025-10-08,Europe,Beauty,Marketplace,Returning,1,25.65,5,24.37
ORD-009059,2025-10-08,North America,Beauty,Web,New,1,43.69,15,37.14
ORD-009060,2025-10-08,North America,Sports & Outdoors,Mobile app,New,5,66.89,20,267.56
ORD-009061,2025-10-09,North America,Beauty,Web,Returning,1,21.13,20,16.9
ORD-009062,2025-10-09,Asia Pacific,Apparel,Mobile app,Returning,1,27.45,10,24.71
ORD-009063,2025-10-09,Asia Pacific,Home & Kitchen,Web,Returning,2,61.05,0,122.1
ORD-009064,2025-10-09,North America,Beauty,Web,Returning,1,34.56,0,34.56
ORD-009065,2025-10-09,North America,Toys,Mobile app,New,1,35.98,5,34.18
ORD-009066,2025-10-09,Middle East & Africa,Beauty,Mobile app,Returning,1,31.05,15,26.39
ORD-009067,2025-10-09,Asia Pacific,Electronics,Mobile app,New,2,195.77,0,391.54
ORD-009068,2025-10-09,Europe,Apparel,Mobile app,New,3,67.36,0,202.08
ORD-009069,2025-10-09,Asia Pacific,Home & Kitchen,Web,Returning,2,78.94,0,157.88
ORD-009070,2025-10-09,North America,Home & Kitchen,Web,New,1,49.54,0,49.54
ORD-009071,2025-10-09,Middle East & Africa,Beauty,Mobile app,Returning,3,44.8,0,134.4
ORD-009072,2025-10-09,North America,Electronics,Web,Returning,3,255.42,0,766.26
ORD-009073,2025-10-09,Europe,Home & Kitchen,Web,Returning,2,102.38,0,204.76
ORD-009074,2025-10-09,North America,Electronics,Web,New,1,154.65,5,146.92
ORD-009075,2025-10-09,Europe,Electronics,Web,Returning,1,226.01,0,226.01
ORD-009076,2025-10-09,North America,Sports & Outdoors,Retail partner,Returning,4,49.52,0,198.08
ORD-009077,2025-10-09,North America,Beauty,Web,Returning,1,44.3,0,44.3
ORD-009078,2025-10-09,Middle East & Africa,Electronics,Web,Returning,4,158.86,0,635.44
ORD-009079,2025-10-09,North America,Home & Kitchen,Mobile app,Returning,1,110.01,0,110.01
ORD-009080,2025-10-09,Middle East & Africa,Electronics,Mobile app,Returning,3,108.48,0,325.44
ORD-009081,2025-10-09,Asia Pacific,Apparel,Mobile app,Returning,1,49.97,10,44.97
ORD-009082,2025-10-09,Asia Pacific,Apparel,Web,New,1,49.58,0,49.58
ORD-009083,2025-10-09,Europe,Sports & Outdoors,Mobile app,New,1,57.13,5,54.27
ORD-009084,2025-10-09,North America,Apparel,Mobile app,Returning,1,25.21,0,25.21
ORD-009085,2025-10-09,Asia Pacific,Home & Kitchen,Mobile app,Returning,2,61.16,0,122.32
ORD-009086,2025-10-09,Europe,Sports & Outdoors,Mobile app,Returning,2,78.87,10,141.97
ORD-009087,2025-10-09,North America,Sports & Outdoors,Web,Returning,1,89.46,5,84.99
ORD-009088,2025-10-09,North America,Electronics,Web,Returning,1,135.57,5,128.79
ORD-009089,2025-10-09,North America,Electronics,Mobile app,Returning,2,220.42,0,440.84
ORD-009090,2025-10-09,Asia Pacific,Home & Kitchen,Mobile app,Returning,2,119.81,10,215.66
ORD-009091,2025-10-09,Latin America,Apparel,Retail partner,New,1,27.88,5,26.49
ORD-009092,2025-10-09,Middle East & Africa,Apparel,Web,Returning,2,50.65,0,101.3
ORD-009093,2025-10-09,Latin America,Electronics,Marketplace,New,3,194.35,20,466.44
ORD-009094,2025-10-10,Middle East & Africa,Apparel,Web,Returning,4,46.26,5,175.79
ORD-009095,2025-10-10,Middle East & Africa,Electronics,Web,New,3,207.36,10,559.87
ORD-009096,2025-10-10,North America,Electronics,Mobile app,New,2,282.7,10,508.86
ORD-009097,2025-10-10,Asia Pacific,Electronics,Mobile app,Returning,1,246.34,0,246.34
ORD-009098,2025-10-10,Europe,Home & Kitchen,Web,Returning,2,43.66,0,87.32
ORD-009099,2025-10-10,Europe,Apparel,Marketplace,Returning,2,35.9,20,57.44
ORD-009100,2025-10-10,Europe,Apparel,Web,Returning,1,36.33,20,29.06
ORD-009101,2025-10-10,Latin America,Beauty,Mobile app,New,1,43.07,10,38.76
ORD-009102,2025-10-10,North America,Home & Kitchen,Mobile app,New,1,54.7,0,54.7
ORD-009103,2025-10-10,Europe,Home & Kitchen,Mobile app,Returning,1,75.21,0,75.21
ORD-009104,2025-10-10,Europe,Home & Kitchen,Web,Returning,1,45.19,10,40.67
ORD-009105,2025-10-10,North America,Sports & Outdoors,Mobile app,New,4,84.4,0,337.6
ORD-009106,2025-10-10,Asia Pacific,Toys,Web,Returning,1,43.61,10,39.25
ORD-009107,2025-10-10,North America,Home & Kitchen,Mobile app,Returning,2,87.28,15,148.38
ORD-009108,2025-10-10,Europe,Electronics,Marketplace,New,3,174.96,5,498.64
ORD-009109,2025-10-10,Latin America,Home & Kitchen,Web,Returning,1,48.63,0,48.63
ORD-009110,2025-10-10,Asia Pacific,Apparel,Web,Returning,1,22.1,15,18.79
ORD-009111,2025-10-10,Asia Pacific,Sports & Outdoors,Mobile app,Returning,1,49.99,15,42.49
ORD-009112,2025-10-10,North America,Toys,Web,Returning,2,42.68,0,85.36
ORD-009113,2025-10-10,North America,Home & Kitchen,Marketplace,Returning,1,54.3,0,54.3
ORD-009114,2025-10-10,Europe,Toys,Web,Returning,1,36.31,15,30.86
ORD-009115,2025-10-10,Asia Pacific,Electronics,Marketplace,Returning,2,163.76,0,327.52
ORD-009116,2025-10-10,North America,Beauty,Mobile app,New,1,24.01,0,24.01
ORD-009117,2025-10-10,North America,Beauty,Web,Returning,2,32.17,0,64.34
ORD-009118,2025-10-10,North America,Beauty,Web,New,2,44.7,5,84.93
ORD-009119,2025-10-10,Asia Pacific,Beauty,Web,Returning,1,24.11,0,24.11
ORD-009120,2025-10-10,Latin America,Electronics,Mobile app,Returning,1,205.62,0,205.62
ORD-009121,2025-10-10,North America,Electronics,Web,New,2,196.64,0,393.28
ORD-009122,2025-10-10,Europe,Electronics,Web,New,1,138.62,0,138.62
ORD-009123,2025-10-10,Europe,Beauty,Web,Returning,1,51.76,0,51.76
ORD-009124,2025-10-10,North America,Electronics,Web,New,3,135.15,5,385.18
ORD-009125,2025-10-10,Latin America,Sports & Outdoors,Web,Returning,2,92.06,10,165.71
ORD-009126,2025-10-10,Latin America,Electronics,Web,Returning,4,87.34,5,331.89
ORD-009127,2025-10-10,Europe,Electronics,Retail partner,New,1,168.26,0,168.26
ORD-009128,2025-10-10,North America,Apparel,Web,Returning,1,60.91,10,54.82
ORD-009129,2025-10-10,North America,Home & Kitchen,Web,Returning,3,59.57,20,142.97
ORD-009130,2025-10-10,North America,Electronics,Mobile app,Returning,2,228.65,5,434.44
ORD-009131,2025-10-10,Europe,Sports & Outdoors,Marketplace,New,3,50.8,0,152.4
ORD-009132,2025-10-10,Latin America,Home & Kitchen,Marketplace,Returning,1,52.8,15,44.88
ORD-009133,2025-10-11,Asia Pacific,Apparel,Marketplace,New,1,56.41,0,56.41
ORD-009134,2025-10-11,North America,Electronics,Web,Returning,2,124.25,0,248.5
ORD-009135,2025-10-11,Europe,Apparel,Mobile app,Returning,1,29.56,15,25.13
ORD-009136,2025-10-11,Europe,Apparel,Mobile app,Returning,3,24.52,0,73.56
ORD-009137,2025-10-11,Asia Pacific,Home & Kitchen,Web,Returning,1,54.68,5,51.95
ORD-009138,2025-10-11,Asia Pacific,Apparel,Marketplace,Returning,3,31.98,5,91.14
ORD-009139,2025-10-11,Latin America,Toys,Web,Returning,1,66.1,0,66.1
ORD-009140,2025-10-11,Latin America,Apparel,Web,New,2,44.18,10,79.52
ORD-009141,2025-10-11,Europe,Electronics,Web,New,1,161.29,10,145.16
ORD-009142,2025-10-11,Latin America,Home & Kitchen,Web,Returning,1,103.73,10,93.36
ORD-009143,2025-10-11,Asia Pacific,Toys,Marketplace,Returning,4,38.11,0,152.44
ORD-009144,2025-10-11,Asia Pacific,Sports & Outdoors,Mobile app,New,2,46.1,5,87.59
ORD-009145,2025-10-11,North America,Toys,Web,New,2,35.28,15,59.98
ORD-009146,2025-10-11,Europe,Electronics,Web,New,3,277.84,0,833.52
ORD-009147,2025-10-11,North America,Toys,Mobile app,Returning,1,45.99,5,43.69
ORD-009148,2025-10-11,Europe,Beauty,Web,New,1,81.61,15,69.37
ORD-009149,2025-10-11,Europe,Apparel,Retail partner,New,1,38.46,0,38.46
ORD-009150,2025-10-11,Europe,Apparel,Web,New,1,29.37,15,24.96
ORD-009151,2025-10-11,Asia Pacific,Electronics,Web,New,2,149.06,0,298.12
ORD-009152,2025-10-11,Asia Pacific,Beauty,Web,Returning,1,30.29,0,30.29
ORD-009153,2025-10-11,Europe,Home & Kitchen,Mobile app,Returning,1,85.22,0,85.22
ORD-009154,2025-10-11,North America,Home & Kitchen,Web,Returning,4,42.16,5,160.21
ORD-009155,2025-10-11,Asia Pacific,Apparel,Web,Returning,1,49.83,0,49.83
ORD-009156,2025-10-11,Latin America,Apparel,Web,Returning,1,37.32,0,37.32
ORD-009157,2025-10-11,Latin America,Beauty,Web,Returning,2,34.76,0,69.52
ORD-009158,2025-10-11,Middle East & Africa,Electronics,Mobile app,New,1,143.59,0,143.59
ORD-009159,2025-10-11,North America,Apparel,Web,New,1,33,10,29.7
ORD-009160,2025-10-11,Europe,Home & Kitchen,Web,New,4,64.57,0,258.28
ORD-009161,2025-10-11,North America,Beauty,Web,Returning,1,29.61,10,26.65
ORD-009162,2025-10-11,Latin America,Toys,Web,Returning,1,40.9,10,36.81
ORD-009163,2025-10-11,North America,Beauty,Mobile app,Returning,1,37.24,5,35.38
ORD-009164,2025-10-11,Europe,Toys,Web,Returning,1,38.34,0,38.34
ORD-009165,2025-10-11,Europe,Electronics,Web,New,1,182.48,0,182.48
ORD-009166,2025-10-11,Europe,Electronics,Mobile app,Returning,2,212.53,10,382.55
ORD-009167,2025-10-11,North America,Apparel,Web,Returning,1,25.88,0,25.88
ORD-009168,2025-10-11,Europe,Home & Kitchen,Mobile app,Returning,2,60.48,0,120.96
ORD-009169,2025-10-11,North America,Toys,Mobile app,Returning,2,24.07,5,45.73
ORD-009170,2025-10-11,Asia Pacific,Sports & Outdoors,Web,New,3,97.92,20,235.01
ORD-009171,2025-10-11,Europe,Apparel,Web,New,2,29.24,15,49.71
ORD-009172,2025-10-11,North America,Toys,Mobile app,Returning,3,27.21,5,77.55
ORD-009173,2025-10-11,Europe,Home & Kitchen,Retail partner,Returning,4,88.73,5,337.17
ORD-009174,2025-10-11,North America,Electronics,Mobile app,Returning,2,227.63,0,455.26
ORD-009175,2025-10-11,Latin America,Home & Kitchen,Retail partner,Returning,1,104.82,20,83.86
ORD-009176,2025-10-12,North America,Home & Kitchen,Web,Returning,2,53,0,106
ORD-009177,2025-10-12,North America,Apparel,Web,Returning,1,51.15,0,51.15
ORD-009178,2025-10-12,Latin America,Apparel,Mobile app,Returning,1,99.62,15,84.68
ORD-009179,2025-10-12,Latin America,Electronics,Marketplace,Returning,1,219.42,0,219.42
ORD-009180,2025-10-12,Europe,Apparel,Marketplace,Returning,5,42.21,5,200.5
ORD-009181,2025-10-12,North America,Beauty,Web,Returning,2,24.69,10,44.44
ORD-009182,2025-10-12,Asia Pacific,Beauty,Web,New,1,27.75,0,27.75
ORD-009183,2025-10-12,Europe,Sports & Outdoors,Retail partner,Returning,1,73.73,5,70.04
ORD-009184,2025-10-12,Latin America,Toys,Web,Returning,2,20.73,0,41.46
ORD-009185,2025-10-12,Asia Pacific,Beauty,Mobile app,New,1,35.37,5,33.6
ORD-009186,2025-10-12,Europe,Beauty,Mobile app,New,1,24.22,5,23.01
ORD-009187,2025-10-12,Middle East & Africa,Apparel,Mobile app,New,1,45.3,0,45.3
ORD-009188,2025-10-12,North America,Apparel,Mobile app,Returning,2,40.27,0,80.54
ORD-009189,2025-10-12,Europe,Home & Kitchen,Retail partner,Returning,2,36.04,0,72.08
ORD-009190,2025-10-12,North America,Apparel,Mobile app,New,2,17.56,0,35.12
ORD-009191,2025-10-12,Asia Pacific,Beauty,Web,Returning,1,20.33,5,19.31
ORD-009192,2025-10-12,Europe,Electronics,Web,Returning,2,202.75,0,405.5
ORD-009193,2025-10-12,North America,Electronics,Mobile app,Returning,1,121.95,0,121.95
ORD-009194,2025-10-12,Asia Pacific,Toys,Mobile app,New,2,80.44,0,160.88
ORD-009195,2025-10-12,North America,Home & Kitchen,Web,Returning,1,44.9,0,44.9
ORD-009196,2025-10-12,Europe,Beauty,Mobile app,Returning,4,38.44,0,153.76
ORD-009197,2025-10-12,Europe,Home & Kitchen,Mobile app,New,4,55.73,5,211.77
ORD-009198,2025-10-12,North America,Toys,Web,Returning,3,26.17,0,78.51
ORD-009199,2025-10-12,Middle East & Africa,Sports & Outdoors,Web,New,1,77.86,20,62.29
ORD-009200,2025-10-12,Latin America,Electronics,Retail partner,Returning,1,136.17,5,129.36
ORD-009201,2025-10-12,Europe,Electronics,Mobile app,Returning,2,128.73,10,231.71
ORD-009202,2025-10-12,Asia Pacific,Apparel,Web,Returning,2,44.87,5,85.25
ORD-009203,2025-10-12,Europe,Home & Kitchen,Mobile app,New,1,64.51,5,61.28
ORD-009204,2025-10-12,Asia Pacific,Home & Kitchen,Web,Returning,1,59.51,0,59.51
ORD-009205,2025-10-12,Asia Pacific,Home & Kitchen,Mobile app,Returning,3,50.08,15,127.7
ORD-009206,2025-10-12,Europe,Apparel,Web,Returning,1,28.39,0,28.39
ORD-009207,2025-10-12,Europe,Sports & Outdoors,Web,Returning,1,63.6,5,60.42
ORD-009208,2025-10-12,North America,Home & Kitchen,Mobile app,Returning,1,107.91,0,107.91
ORD-009209,2025-10-12,Europe,Beauty,Mobile app,Returning,1,29.92,5,28.42
ORD-009210,2025-10-13,Asia Pacific,Sports & Outdoors,Web,New,1,82.76,0,82.76
ORD-009211,2025-10-13,Asia Pacific,Toys,Marketplace,Returning,1,19.74,0,19.74
ORD-009212,2025-10-13,North America,Toys,Mobile app,New,1,23.79,20,19.03
ORD-009213,2025-10-13,North America,Home & Kitchen,Web,Returning,1,72.86,0,72.86
ORD-009214,2025-10-13,North America,Home & Kitchen,Marketplace,Returning,1,104.69,0,104.69
ORD-009215,2025-10-13,North America,Home & Kitchen,Web,Returning,1,37.94,0,37.94
ORD-009216,2025-10-13,Middle East & Africa,Electronics,Retail partner,Returning,1,250.3,10,225.27
ORD-009217,2025-10-13,North America,Electronics,Web,Returning,1,178.95,5,170
ORD-009218,2025-10-13,Europe,Beauty,Web,Returning,4,35.8,5,136.04
ORD-009219,2025-10-13,Middle East & Africa,Home & Kitchen,Web,Returning,4,136.45,0,545.8
ORD-009220,2025-10-13,North America,Electronics,Mobile app,Returning,1,95.75,0,95.75
ORD-009221,2025-10-13,North America,Electronics,Web,New,4,279.52,0,1118.08
ORD-009222,2025-10-13,Europe,Beauty,Web,Returning,3,20.78,0,62.34
ORD-009223,2025-10-13,Europe,Home & Kitchen,Mobile app,Returning,2,38.17,0,76.34
ORD-009224,2025-10-13,Europe,Home & Kitchen,Web,Returning,1,58.55,0,58.55
ORD-009225,2025-10-13,Europe,Sports & Outdoors,Mobile app,Returning,1,51.01,5,48.46
ORD-009226,2025-10-13,Europe,Electronics,Web,New,1,180.19,0,180.19
ORD-009227,2025-10-13,Asia Pacific,Home & Kitchen,Web,New,1,109.87,0,109.87
ORD-009228,2025-10-13,North America,Electronics,Web,Returning,2,222.47,20,355.95
ORD-009229,2025-10-13,Middle East & Africa,Electronics,Marketplace,New,1,248.53,0,248.53
ORD-009230,2025-10-13,Europe,Home & Kitchen,Mobile app,Returning,2,52.24,0,104.48
ORD-009231,2025-10-13,Asia Pacific,Apparel,Mobile app,Returning,3,31.9,0,95.7
ORD-009232,2025-10-13,Middle East & Africa,Toys,Web,Returning,1,29.08,0,29.08
ORD-009233,2025-10-13,Europe,Apparel,Web,Returning,4,61.68,5,234.38
ORD-009234,2025-10-13,Asia Pacific,Sports & Outdoors,Web,New,2,52.97,5,100.64
ORD-009235,2025-10-13,Europe,Sports & Outdoors,Web,New,1,73.3,0,73.3
ORD-009236,2025-10-13,North America,Electronics,Web,Returning,3,191.1,0,573.3
ORD-009237,2025-10-13,North America,Apparel,Mobile app,Returning,1,42.03,10,37.83
ORD-009238,2025-10-13,North America,Apparel,Mobile app,Returning,1,37.42,0,37.42
ORD-009239,2025-10-13,Europe,Beauty,Mobile app,New,1,38.37,0,38.37
ORD-009240,2025-10-13,North America,Electronics,Web,Returning,4,279.26,0,1117.04
ORD-009241,2025-10-13,Europe,Home & Kitchen,Web,New,1,99.03,5,94.08
ORD-009242,2025-10-14,North America,Electronics,Mobile app,Returning,2,228.3,0,456.6
ORD-009243,2025-10-14,Europe,Electronics,Web,Returning,1,129.43,10,116.49
ORD-009244,2025-10-14,Latin America,Apparel,Web,Returning,2,55.63,5,105.7
ORD-009245,2025-10-14,Latin America,Beauty,Web,New,1,28.2,20,22.56
ORD-009246,2025-10-14,Asia Pacific,Apparel,Marketplace,Returning,1,53.68,5,51
ORD-009247,2025-10-14,North America,Home & Kitchen,Web,New,3,121.67,10,328.51
ORD-009248,2025-10-14,Europe,Apparel,Mobile app,Returning,3,59.77,20,143.45
ORD-009249,2025-10-14,Europe,Home & Kitchen,Mobile app,New,1,65.6,10,59.04
ORD-009250,2025-10-14,Asia Pacific,Electronics,Mobile app,Returning,1,83.59,0,83.59
ORD-009251,2025-10-14,Middle East & Africa,Home & Kitchen,Mobile app,Returning,1,39.26,0,39.26
ORD-009252,2025-10-14,Europe,Home & Kitchen,Web,New,4,70.77,0,283.08
ORD-009253,2025-10-14,Europe,Toys,Web,New,4,30.38,5,115.44
ORD-009254,2025-10-14,Europe,Apparel,Mobile app,Returning,1,45.3,15,38.5
ORD-009255,2025-10-14,Europe,Home & Kitchen,Marketplace,Returning,1,91.14,5,86.58
ORD-009256,2025-10-14,Europe,Beauty,Mobile app,Returning,2,21.46,10,38.63
ORD-009257,2025-10-14,Asia Pacific,Home & Kitchen,Web,New,1,73.74,0,73.74
ORD-009258,2025-10-14,Asia Pacific,Electronics,Marketplace,New,1,157.51,0,157.51
ORD-009259,2025-10-14,Europe,Apparel,Mobile app,New,3,24.79,0,74.37
ORD-009260,2025-10-14,Europe,Home & Kitchen,Mobile app,Returning,1,71.02,0,71.02
ORD-009261,2025-10-14,Europe,Sports & Outdoors,Web,New,1,28.52,0,28.52
ORD-009262,2025-10-14,Europe,Sports & Outdoors,Web,Returning,2,75.62,15,128.55
ORD-009263,2025-10-14,Asia Pacific,Home & Kitchen,Mobile app,Returning,3,82.21,0,246.63
ORD-009264,2025-10-14,Middle East & Africa,Apparel,Mobile app,Returning,1,18.12,0,18.12
ORD-009265,2025-10-14,Asia Pacific,Home & Kitchen,Mobile app,Returning,2,49.83,10,89.69
ORD-009266,2025-10-14,Europe,Home & Kitchen,Retail partner,New,2,40.48,0,80.96
ORD-009267,2025-10-14,North America,Sports & Outdoors,Web,Returning,1,96.71,0,96.71
ORD-009268,2025-10-14,North America,Sports & Outdoors,Web,Returning,3,58.28,10,157.36
ORD-009269,2025-10-14,North America,Sports & Outdoors,Marketplace,Returning,2,133.33,0,266.66
ORD-009270,2025-10-14,Europe,Beauty,Retail partner,Returning,1,23.21,10,20.89
ORD-009271,2025-10-14,North America,Electronics,Web,New,1,136.7,0,136.7
ORD-009272,2025-10-14,Europe,Home & Kitchen,Web,Returning,4,68.8,10,247.68
ORD-009273,2025-10-14,North America,Toys,Web,New,1,21.97,0,21.97
ORD-009274,2025-10-14,Europe,Beauty,Mobile app,Returning,2,32.27,5,61.31
ORD-009275,2025-10-14,Europe,Home & Kitchen,Mobile app,Returning,1,65.34,0,65.34
ORD-009276,2025-10-14,North America,Home & Kitchen,Web,Returning,1,65.17,15,55.39
ORD-009277,2025-10-14,Asia Pacific,Beauty,Marketplace,Returning,4,26.08,0,104.32
ORD-009278,2025-10-14,Asia Pacific,Electronics,Web,Returning,1,295.33,10,265.8
ORD-009279,2025-10-15,Europe,Toys,Web,Returning,1,32.4,20,25.92
ORD-009280,2025-10-15,Europe,Sports & Outdoors,Mobile app,Returning,2,62.87,0,125.74
ORD-009281,2025-10-15,Middle East & Africa,Home & Kitchen,Web,New,1,72.5,10,65.25
ORD-009282,2025-10-15,Asia Pacific,Toys,Mobile app,New,4,45.31,0,181.24
ORD-009283,2025-10-15,Latin America,Home & Kitchen,Web,New,2,47.14,5,89.57
ORD-009284,2025-10-15,Europe,Toys,Web,Returning,1,38.32,5,36.4
ORD-009285,2025-10-15,Asia Pacific,Home & Kitchen,Web,Returning,1,44.81,15,38.09
ORD-009286,2025-10-15,North America,Electronics,Web,New,1,145.06,10,130.55
ORD-009287,2025-10-15,Latin America,Apparel,Web,New,1,64.58,5,61.35
ORD-009288,2025-10-15,Europe,Apparel,Marketplace,New,1,49.15,0,49.15
ORD-009289,2025-10-15,North America,Electronics,Web,Returning,2,160.05,0,320.1
ORD-009290,2025-10-15,North America,Apparel,Web,Returning,1,30.66,0,30.66
ORD-009291,2025-10-15,Asia Pacific,Home & Kitchen,Web,Returning,1,61.72,0,61.72
ORD-009292,2025-10-15,Europe,Sports & Outdoors,Marketplace,New,2,95.27,15,161.96
ORD-009293,2025-10-15,North America,Apparel,Web,Returning,2,43.63,15,74.17
ORD-009294,2025-10-15,North America,Sports & Outdoors,Web,Returning,1,60.93,0,60.93
ORD-009295,2025-10-15,North America,Electronics,Retail partner,Returning,1,100.96,0,100.96
ORD-009296,2025-10-15,Europe,Electronics,Web,New,1,191.11,5,181.55
ORD-009297,2025-10-15,Asia Pacific,Home & Kitchen,Web,Returning,2,74.38,0,148.76
ORD-009298,2025-10-15,Europe,Apparel,Mobile app,Returning,2,50.59,10,91.06
ORD-009299,2025-10-15,Asia Pacific,Electronics,Web,Returning,2,143.46,10,258.23
ORD-009300,2025-10-15,North America,Sports & Outdoors,Retail partner,New,3,69.33,0,207.99
ORD-009301,2025-10-15,Europe,Home & Kitchen,Marketplace,Returning,4,62.55,0,250.2
ORD-009302,2025-10-15,Europe,Electronics,Retail partner,Returning,3,331.73,5,945.43
ORD-009303,2025-10-15,North America,Beauty,Web,Returning,4,34.88,5,132.54
ORD-009304,2025-10-15,Europe,Sports & Outdoors,Retail partner,Returning,2,102.87,0,205.74
ORD-009305,2025-10-15,Europe,Apparel,Mobile app,New,2,39.96,0,79.92
ORD-009306,2025-10-15,Europe,Beauty,Marketplace,Returning,2,53.33,0,106.66
ORD-009307,2025-10-15,Europe,Electronics,Web,Returning,1,173.37,0,173.37
ORD-009308,2025-10-15,North America,Apparel,Retail partner,Returning,5,46,0,230
ORD-009309,2025-10-15,North America,Sports & Outdoors,Web,Returning,1,49.52,10,44.57
ORD-009310,2025-10-15,Asia Pacific,Beauty,Web,New,1,20.64,5,19.61
ORD-009311,2025-10-15,North America,Electronics,Marketplace,Returning,1,179.26,10,161.33
ORD-009312,2025-10-15,Asia Pacific,Apparel,Web,Returning,1,58.45,0,58.45
ORD-009313,2025-10-15,Asia Pacific,Apparel,Web,Returning,1,52.29,5,49.68
ORD-009314,2025-10-15,Europe,Home & Kitchen,Marketplace,Returning,1,60.86,0,60.86
ORD-009315,2025-10-15,Asia Pacific,Beauty,Mobile app,Returning,1,23.19,0,23.19
ORD-009316,2025-10-15,Asia Pacific,Electronics,Mobile app,Returning,1,188.37,0,188.37
ORD-009317,2025-10-15,Europe,Apparel,Web,New,2,25.39,5,48.24
ORD-009318,2025-10-15,Middle East & Africa,Home & Kitchen,Marketplace,Returning,1,71.83,10,64.65
ORD-009319,2025-10-15,Latin America,Home & Kitchen,Web,New,2,97.52,0,195.04
ORD-009320,2025-10-15,Asia Pacific,Home & Kitchen,Mobile app,Returning,1,60.29,0,60.29
ORD-009321,2025-10-15,Europe,Electronics,Web,New,1,388.36,0,388.36
ORD-009322,2025-10-15,Europe,Home & Kitchen,Web,Returning,1,94.5,15,80.33
ORD-009323,2025-10-15,Europe,Apparel,Retail partner,New,3,59.26,5,168.89
ORD-009324,2025-10-15,Latin America,Apparel,Web,Returning,1,25.55,0,25.55
ORD-009325,2025-10-15,North America,Home & Kitchen,Mobile app,Returning,4,72.54,0,290.16
ORD-009326,2025-10-15,Latin America,Sports & Outdoors,Web,Returning,3,95.78,5,272.97
ORD-009327,2025-10-16,North America,Toys,Mobile app,New,1,47.39,10,42.65
ORD-009328,2025-10-16,Asia Pacific,Apparel,Web,Returning,5,51.53,0,257.65
ORD-009329,2025-10-16,North America,Electronics,Mobile app,New,1,221.6,0,221.6
ORD-009330,2025-10-16,Latin America,Sports & Outdoors,Retail partner,New,2,90.96,5,172.82
ORD-009331,2025-10-16,North America,Electronics,Mobile app,Returning,1,175.65,10,158.09
ORD-009332,2025-10-16,Europe,Home & Kitchen,Web,New,1,81.95,0,81.95
ORD-009333,2025-10-16,North America,Beauty,Web,Returning,1,33.16,5,31.5
ORD-009334,2025-10-16,North America,Home & Kitchen,Marketplace,Returning,1,67.36,15,57.26
ORD-009335,2025-10-16,Latin America,Home & Kitchen,Web,Returning,1,42.12,0,42.12
ORD-009336,2025-10-16,Europe,Home & Kitchen,Web,Returning,4,47.84,5,181.79
ORD-009337,2025-10-16,Asia Pacific,Toys,Marketplace,Returning,1,33.44,0,33.44
ORD-009338,2025-10-16,Asia Pacific,Apparel,Mobile app,New,1,74.8,0,74.8
ORD-009339,2025-10-16,North America,Apparel,Mobile app,Returning,1,37.59,0,37.59
ORD-009340,2025-10-16,North America,Apparel,Web,Returning,1,82.43,0,82.43
ORD-009341,2025-10-16,Latin America,Beauty,Web,New,2,44.75,0,89.5
ORD-009342,2025-10-16,Latin America,Apparel,Mobile app,Returning,2,45.91,0,91.82
ORD-009343,2025-10-16,Europe,Beauty,Mobile app,Returning,1,25.46,5,24.19
ORD-009344,2025-10-16,Latin America,Apparel,Web,Returning,1,54.79,5,52.05
ORD-009345,2025-10-16,Europe,Beauty,Web,Returning,2,16.29,0,32.58
ORD-009346,2025-10-16,Europe,Sports & Outdoors,Web,Returning,1,173.62,5,164.94
ORD-009347,2025-10-16,North America,Beauty,Mobile app,New,5,31.89,0,159.45
ORD-009348,2025-10-16,North America,Toys,Web,Returning,2,24.69,15,41.97
ORD-009349,2025-10-16,Europe,Apparel,Web,New,2,50.66,0,101.32
ORD-009350,2025-10-16,Middle East & Africa,Apparel,Web,Returning,2,51.93,0,103.86
ORD-009351,2025-10-16,Latin America,Beauty,Web,Returning,1,23.24,0,23.24
ORD-009352,2025-10-16,Europe,Apparel,Web,New,3,27.28,0,81.84
ORD-009353,2025-10-17,Europe,Apparel,Mobile app,Returning,1,60.61,0,60.61
ORD-009354,2025-10-17,North America,Home & Kitchen,Web,New,2,30.78,5,58.48
ORD-009355,2025-10-17,Europe,Sports & Outdoors,Web,Returning,1,85.79,0,85.79
ORD-009356,2025-10-17,North America,Apparel,Mobile app,Returning,1,101.73,0,101.73
ORD-009357,2025-10-17,North America,Apparel,Mobile app,Returning,1,50.21,5,47.7
ORD-009358,2025-10-17,Europe,Electronics,Mobile app,New,1,182.56,0,182.56
ORD-009359,2025-10-17,North America,Beauty,Mobile app,Returning,1,31.94,0,31.94
ORD-009360,2025-10-17,North America,Toys,Web,Returning,5,57.24,0,286.2
ORD-009361,2025-10-17,Europe,Electronics,Web,Returning,1,174.61,0,174.61
ORD-009362,2025-10-17,Middle East & Africa,Sports & Outdoors,Web,Returning,3,93.54,0,280.62
ORD-009363,2025-10-17,North America,Toys,Web,Returning,4,48.68,0,194.72
ORD-009364,2025-10-17,North America,Toys,Web,Returning,4,19.6,0,78.4
ORD-009365,2025-10-17,North America,Apparel,Mobile app,Returning,1,36.81,15,31.29
ORD-009366,2025-10-17,Europe,Beauty,Web,New,1,27.24,0,27.24
ORD-009367,2025-10-17,Latin America,Home & Kitchen,Mobile app,Returning,1,44.44,0,44.44
ORD-009368,2025-10-17,Europe,Apparel,Mobile app,Returning,2,64.13,15,109.02
ORD-009369,2025-10-17,Europe,Home & Kitchen,Marketplace,Returning,1,54.34,0,54.34
ORD-009370,2025-10-17,North America,Sports & Outdoors,Web,Returning,1,48.87,0,48.87
ORD-009371,2025-10-17,Latin America,Home & Kitchen,Web,New,1,54.95,0,54.95
ORD-009372,2025-10-17,Asia Pacific,Electronics,Mobile app,Returning,2,345.58,0,691.16
ORD-009373,2025-10-17,Latin America,Beauty,Mobile app,Returning,3,23.11,0,69.33
ORD-009374,2025-10-17,Europe,Apparel,Mobile app,Returning,1,36.16,5,34.35
ORD-009375,2025-10-17,Europe,Home & Kitchen,Web,Returning,2,56.93,0,113.86
ORD-009376,2025-10-17,Middle East & Africa,Beauty,Web,Returning,1,17.17,10,15.45
ORD-009377,2025-10-17,Europe,Electronics,Retail partner,Returning,3,134.3,0,402.9
ORD-009378,2025-10-17,Asia Pacific,Home & Kitchen,Web,Returning,1,58.18,0,58.18
ORD-009379,2025-10-17,Asia Pacific,Beauty,Retail partner,Returning,3,28.5,0,85.5
ORD-009380,2025-10-17,Europe,Home & Kitchen,Retail partner,Returning,4,52.17,0,208.68
ORD-009381,2025-10-17,Asia Pacific,Apparel,Mobile app,Returning,2,34.6,5,65.74
ORD-009382,2025-10-17,Latin America,Sports & Outdoors,Mobile app,New,4,104.17,0,416.68
ORD-009383,2025-10-17,North America,Sports & Outdoors,Mobile app,New,1,89.49,0,89.49
ORD-009384,2025-10-17,North America,Home & Kitchen,Mobile app,Returning,1,75.11,0,75.11
ORD-009385,2025-10-17,Asia Pacific,Sports & Outdoors,Web,Returning,1,63.26,0,63.26
ORD-009386,2025-10-17,Europe,Apparel,Mobile app,New,3,21.66,10,58.48
ORD-009387,2025-10-17,Europe,Electronics,Mobile app,Returning,1,166.11,0,166.11
ORD-009388,2025-10-18,North America,Sports & Outdoors,Web,Returning,1,45.47,0,45.47
ORD-009389,2025-10-18,Europe,Toys,Web,Returning,3,30.6,15,78.03
ORD-009390,2025-10-18,Asia Pacific,Sports & Outdoors,Web,Returning,2,82.59,0,165.18
ORD-009391,2025-10-18,North America,Apparel,Web,New,2,57.18,15,97.21
ORD-009392,2025-10-18,Asia Pacific,Beauty,Mobile app,Returning,3,62.6,10,169.02
ORD-009393,2025-10-18,Asia Pacific,Beauty,Mobile app,Returning,1,32.67,0,32.67
ORD-009394,2025-10-18,Middle East & Africa,Beauty,Web,Returning,1,28.08,0,28.08
ORD-009395,2025-10-18,North America,Home & Kitchen,Web,Returning,3,59.23,20,142.15
ORD-009396,2025-10-18,Europe,Apparel,Web,Returning,3,42.63,0,127.89
ORD-009397,2025-10-18,Europe,Sports & Outdoors,Mobile app,Returning,3,57.96,5,165.19
ORD-009398,2025-10-18,North America,Beauty,Web,Returning,1,21.03,10,18.93
ORD-009399,2025-10-18,North America,Home & Kitchen,Marketplace,Returning,1,69.84,0,69.84
ORD-009400,2025-10-18,North America,Apparel,Mobile app,Returning,1,56.04,15,47.63
ORD-009401,2025-10-18,North America,Electronics,Mobile app,Returning,2,270.97,0,541.94
ORD-009402,2025-10-18,Middle East & Africa,Sports & Outdoors,Mobile app,Returning,3,80.81,10,218.19
ORD-009403,2025-10-18,Europe,Home & Kitchen,Marketplace,Returning,1,41.33,5,39.26
ORD-009404,2025-10-18,Asia Pacific,Beauty,Mobile app,New,1,22.06,0,22.06
ORD-009405,2025-10-18,Europe,Apparel,Web,Returning,1,76.38,0,76.38
ORD-009406,2025-10-18,Europe,Apparel,Web,New,1,29.29,15,24.9
ORD-009407,2025-10-18,Asia Pacific,Electronics,Mobile app,New,1,95.4,0,95.4
ORD-009408,2025-10-18,North America,Electronics,Mobile app,New,1,172.9,0,172.9
ORD-009409,2025-10-18,North America,Toys,Mobile app,Returning,1,38.89,0,38.89
ORD-009410,2025-10-18,North America,Home & Kitchen,Marketplace,Returning,1,60.8,0,60.8
ORD-009411,2025-10-18,Europe,Electronics,Web,Returning,2,222.52,10,400.54
ORD-009412,2025-10-18,North America,Apparel,Mobile app,New,2,39.4,0,78.8
ORD-009413,2025-10-18,Asia Pacific,Apparel,Mobile app,Returning,2,54.79,0,109.58
ORD-009414,2025-10-18,Middle East & Africa,Home & Kitchen,Web,New,1,49.19,0,49.19
ORD-009415,2025-10-18,Middle East & Africa,Sports & Outdoors,Web,New,4,60.95,5,231.61
ORD-009416,2025-10-18,North America,Apparel,Web,Returning,1,62.55,10,56.3
ORD-009417,2025-10-18,Middle East & Africa,Apparel,Retail partner,New,3,52.47,0,157.41
ORD-009418,2025-10-18,Europe,Apparel,Marketplace,New,5,51.97,0,259.85
ORD-009419,2025-10-18,Middle East & Africa,Home & Kitchen,Web,Returning,1,76.24,10,68.62
ORD-009420,2025-10-18,Asia Pacific,Beauty,Mobile app,New,2,29.86,0,59.72
ORD-009421,2025-10-18,North America,Home & Kitchen,Web,Returning,5,76.66,0,383.3
ORD-009422,2025-10-18,Europe,Sports & Outdoors,Web,New,2,81.49,10,146.68
ORD-009423,2025-10-18,Europe,Home & Kitchen,Mobile app,Returning,1,59.8,0,59.8
ORD-009424,2025-10-18,Europe,Home & Kitchen,Mobile app,New,3,83.66,0,250.98
ORD-009425,2025-10-18,Europe,Electronics,Web,Returning,1,338.03,0,338.03
ORD-009426,2025-10-18,North America,Apparel,Web,New,1,43.86,0,43.86
ORD-009427,2025-10-18,North America,Apparel,Web,New,1,33.81,5,32.12
ORD-009428,2025-10-18,North America,Electronics,Web,Returning,1,147.3,0,147.3
ORD-009429,2025-10-18,Asia Pacific,Sports & Outdoors,Web,Returning,2,105.49,15,179.33
ORD-009430,2025-10-18,Middle East & Africa,Toys,Mobile app,Returning,1,23.02,0,23.02
ORD-009431,2025-10-18,Middle East & Africa,Electronics,Mobile app,Returning,2,170.39,0,340.78
ORD-009432,2025-10-18,North America,Beauty,Mobile app,Returning,1,36.49,5,34.67
ORD-009433,2025-10-19,North America,Home & Kitchen,Mobile app,Returning,5,46.16,20,184.64
ORD-009434,2025-10-19,North America,Electronics,Mobile app,Returning,4,94.41,20,302.11
ORD-009435,2025-10-19,Middle East & Africa,Home & Kitchen,Web,Returning,4,87.62,5,332.96
ORD-009436,2025-10-19,North America,Apparel,Web,Returning,1,65.72,0,65.72
ORD-009437,2025-10-19,Asia Pacific,Apparel,Mobile app,Returning,4,33.36,5,126.77
ORD-009438,2025-10-19,North America,Apparel,Marketplace,Returning,1,39.08,0,39.08
ORD-009439,2025-10-19,North America,Electronics,Mobile app,Returning,1,246.46,15,209.49
ORD-009440,2025-10-19,Asia Pacific,Electronics,Mobile app,Returning,3,111.81,10,301.89
ORD-009441,2025-10-19,North America,Beauty,Mobile app,New,1,45.03,0,45.03
ORD-009442,2025-10-19,Asia Pacific,Apparel,Web,New,1,34.84,5,33.1
ORD-009443,2025-10-19,North America,Apparel,Marketplace,Returning,2,61.67,0,123.34
ORD-009444,2025-10-19,North America,Home & Kitchen,Web,New,2,65.98,15,112.17
ORD-009445,2025-10-19,North America,Sports & Outdoors,Mobile app,New,1,62.06,10,55.85
ORD-009446,2025-10-19,North America,Sports & Outdoors,Mobile app,Returning,1,80.09,0,80.09
ORD-009447,2025-10-19,Asia Pacific,Toys,Mobile app,Returning,3,81.58,5,232.5
ORD-009448,2025-10-19,Europe,Beauty,Mobile app,Returning,1,16.87,5,16.03
ORD-009449,2025-10-19,Europe,Electronics,Web,Returning,1,165.95,0,165.95
ORD-009450,2025-10-19,Europe,Electronics,Marketplace,Returning,4,212.36,0,849.44
ORD-009451,2025-10-19,Asia Pacific,Beauty,Marketplace,New,2,44.73,5,84.99
ORD-009452,2025-10-19,Europe,Toys,Mobile app,New,1,44.24,0,44.24
ORD-009453,2025-10-19,Latin America,Home & Kitchen,Mobile app,New,1,96.21,0,96.21
ORD-009454,2025-10-19,North America,Home & Kitchen,Mobile app,New,3,75.7,0,227.1
ORD-009455,2025-10-19,North America,Sports & Outdoors,Mobile app,Returning,2,48.74,5,92.61
ORD-009456,2025-10-19,Asia Pacific,Electronics,Web,Returning,1,152.86,0,152.86
ORD-009457,2025-10-19,North America,Beauty,Web,Returning,4,15.88,0,63.52
ORD-009458,2025-10-19,North America,Beauty,Web,Returning,3,17.59,0,52.77
ORD-009459,2025-10-19,Europe,Apparel,Retail partner,New,5,32.42,20,129.68
ORD-009460,2025-10-19,Asia Pacific,Apparel,Mobile app,Returning,2,26.88,0,53.76
ORD-009461,2025-10-19,Asia Pacific,Electronics,Web,Returning,2,257.84,0,515.68
ORD-009462,2025-10-19,Middle East & Africa,Beauty,Retail partner,New,2,23.01,0,46.02
ORD-009463,2025-10-19,Europe,Electronics,Mobile app,New,1,250.99,0,250.99
ORD-009464,2025-10-19,Europe,Electronics,Mobile app,New,1,161.76,0,161.76
ORD-009465,2025-10-19,Europe,Electronics,Mobile app,Returning,1,215.01,5,204.26
ORD-009466,2025-10-19,Middle East & Africa,Electronics,Web,Returning,1,178.14,0,178.14
ORD-009467,2025-10-19,North America,Home & Kitchen,Web,Returning,2,61.57,5,116.98
ORD-009468,2025-10-19,Europe,Electronics,Marketplace,New,5,111.25,5,528.44
ORD-009469,2025-10-19,North America,Beauty,Retail partner,New,2,21.49,0,42.98
ORD-009470,2025-10-20,Europe,Home & Kitchen,Mobile app,Returning,1,36.93,0,36.93
ORD-009471,2025-10-20,North America,Apparel,Marketplace,Returning,2,42.74,10,76.93
ORD-009472,2025-10-20,Europe,Apparel,Web,Returning,1,46.23,5,43.92
ORD-009473,2025-10-20,Latin America,Home & Kitchen,Web,Returning,1,46.21,0,46.21
ORD-009474,2025-10-20,Latin America,Toys,Marketplace,New,1,36.62,10,32.96
ORD-009475,2025-10-20,North America,Sports & Outdoors,Web,Returning,3,82.91,0,248.73
ORD-009476,2025-10-20,Europe,Home & Kitchen,Mobile app,New,1,43.95,0,43.95
ORD-009477,2025-10-20,Asia Pacific,Sports & Outdoors,Marketplace,New,2,89.1,0,178.2
ORD-009478,2025-10-20,Asia Pacific,Home & Kitchen,Mobile app,New,1,108.08,0,108.08
ORD-009479,2025-10-20,North America,Electronics,Web,Returning,1,180.35,15,153.3
ORD-009480,2025-10-20,Europe,Beauty,Web,Returning,5,29.85,0,149.25
ORD-009481,2025-10-20,Middle East & Africa,Electronics,Mobile app,New,1,305.15,15,259.38
ORD-009482,2025-10-20,North America,Sports & Outdoors,Web,New,2,57.59,5,109.42
ORD-009483,2025-10-20,North America,Apparel,Web,Returning,2,30.22,0,60.44
ORD-009484,2025-10-20,North America,Home & Kitchen,Mobile app,New,1,103.67,0,103.67
ORD-009485,2025-10-20,Middle East & Africa,Apparel,Web,Returning,2,45.09,20,72.14
ORD-009486,2025-10-20,North America,Electronics,Web,Returning,1,208.84,0,208.84
ORD-009487,2025-10-20,Europe,Beauty,Mobile app,Returning,1,22.09,5,20.99
ORD-009488,2025-10-20,North America,Apparel,Mobile app,New,1,61.07,0,61.07
ORD-009489,2025-10-20,Latin America,Apparel,Mobile app,Returning,1,20.74,5,19.7
ORD-009490,2025-10-20,Europe,Home & Kitchen,Mobile app,Returning,1,28.31,0,28.31
ORD-009491,2025-10-20,North America,Apparel,Mobile app,Returning,5,66.69,5,316.78
ORD-009492,2025-10-20,Latin America,Beauty,Web,Returning,2,40.9,0,81.8
ORD-009493,2025-10-20,Middle East & Africa,Apparel,Retail partner,New,5,66.2,0,331
ORD-009494,2025-10-20,Europe,Beauty,Mobile app,New,2,20.55,15,34.94
ORD-009495,2025-10-20,North America,Beauty,Mobile app,Returning,2,22.94,0,45.88
ORD-009496,2025-10-20,Middle East & Africa,Beauty,Web,Returning,2,25.35,0,50.7
ORD-009497,2025-10-20,North America,Apparel,Marketplace,Returning,1,24.21,0,24.21
ORD-009498,2025-10-20,North America,Home & Kitchen,Mobile app,New,1,65.08,0,65.08
ORD-009499,2025-10-20,North America,Beauty,Web,New,1,20.9,0,20.9
ORD-009500,2025-10-20,Middle East & Africa,Home & Kitchen,Web,New,4,77.71,0,310.84
ORD-009501,2025-10-20,Middle East & Africa,Apparel,Mobile app,Returning,5,41.46,0,207.3
ORD-009502,2025-10-20,Europe,Home & Kitchen,Retail partner,Returning,1,65.54,10,58.99
ORD-009503,2025-10-20,North America,Apparel,Web,Returning,1,24.32,15,20.67
ORD-009504,2025-10-20,Europe,Home & Kitchen,Mobile app,Returning,3,57.03,0,171.09
ORD-009505,2025-10-20,Middle East & Africa,Beauty,Web,New,1,18.31,20,14.65
ORD-009506,2025-10-20,Latin America,Sports & Outdoors,Marketplace,New,1,67.32,0,67.32
ORD-009507,2025-10-20,North America,Toys,Marketplace,Returning,1,30.49,0,30.49
ORD-009508,2025-10-20,Latin America,Home & Kitchen,Web,New,1,54.52,0,54.52
ORD-009509,2025-10-21,Europe,Toys,Retail partner,New,3,44.58,20,106.99
ORD-009510,2025-10-21,Europe,Home & Kitchen,Web,Returning,2,36.45,0,72.9
ORD-009511,2025-10-21,Asia Pacific,Home & Kitchen,Web,Returning,1,129.82,0,129.82
ORD-009512,2025-10-21,Asia Pacific,Electronics,Mobile app,Returning,3,136.71,0,410.13
ORD-009513,2025-10-21,North America,Home & Kitchen,Retail partner,New,2,53.39,0,106.78
ORD-009514,2025-10-21,North America,Apparel,Retail partner,New,1,30.93,5,29.38
ORD-009515,2025-10-21,North America,Home & Kitchen,Mobile app,Returning,1,65.98,10,59.38
ORD-009516,2025-10-21,Europe,Apparel,Web,Returning,1,56.54,5,53.71
ORD-009517,2025-10-21,Asia Pacific,Electronics,Mobile app,Returning,2,177.93,10,320.27
ORD-009518,2025-10-21,Europe,Apparel,Marketplace,New,1,42.35,0,42.35
ORD-009519,2025-10-21,Middle East & Africa,Electronics,Mobile app,Returning,3,125.71,15,320.56
ORD-009520,2025-10-21,Asia Pacific,Electronics,Web,Returning,2,188.62,0,377.24
ORD-009521,2025-10-21,Asia Pacific,Apparel,Retail partner,New,2,34.64,0,69.28
ORD-009522,2025-10-21,Latin America,Apparel,Web,New,2,58.81,0,117.62
ORD-009523,2025-10-21,Europe,Electronics,Mobile app,Returning,2,125.03,0,250.06
ORD-009524,2025-10-21,Europe,Home & Kitchen,Web,Returning,2,80.53,10,144.95
ORD-009525,2025-10-21,Asia Pacific,Electronics,Web,Returning,2,185.55,0,371.1
ORD-009526,2025-10-21,North America,Electronics,Web,New,1,159.47,5,151.5
ORD-009527,2025-10-21,Asia Pacific,Apparel,Mobile app,New,2,21.29,0,42.58
ORD-009528,2025-10-21,Middle East & Africa,Beauty,Web,Returning,1,18.52,5,17.59
ORD-009529,2025-10-21,Europe,Apparel,Web,New,2,30.5,0,61
ORD-009530,2025-10-21,Europe,Electronics,Web,New,1,181.69,0,181.69
ORD-009531,2025-10-21,Middle East & Africa,Beauty,Web,New,3,21.07,5,60.05
ORD-009532,2025-10-21,Europe,Electronics,Web,Returning,1,224.02,0,224.02
ORD-009533,2025-10-21,Middle East & Africa,Beauty,Marketplace,New,1,40.46,10,36.41
ORD-009534,2025-10-21,North America,Apparel,Marketplace,New,3,21.14,0,63.42
ORD-009535,2025-10-21,North America,Beauty,Web,Returning,1,20.17,0,20.17
ORD-009536,2025-10-21,Asia Pacific,Apparel,Web,Returning,1,27.36,5,25.99
ORD-009537,2025-10-21,Asia Pacific,Electronics,Web,Returning,2,154.81,10,278.66
ORD-009538,2025-10-21,Middle East & Africa,Apparel,Marketplace,Returning,1,85.1,0,85.1
ORD-009539,2025-10-21,Asia Pacific,Apparel,Web,Returning,2,50.64,0,101.28
ORD-009540,2025-10-21,North America,Electronics,Mobile app,New,2,224.69,0,449.38
ORD-009541,2025-10-21,North America,Electronics,Web,New,5,101.64,0,508.2
ORD-009542,2025-10-21,North America,Electronics,Web,New,1,168.76,10,151.88
ORD-009543,2025-10-21,Europe,Sports & Outdoors,Web,Returning,1,57.96,5,55.06
ORD-009544,2025-10-21,North America,Apparel,Mobile app,Returning,2,29.19,0,58.38
ORD-009545,2025-10-21,North America,Apparel,Marketplace,Returning,1,30.89,0,30.89
ORD-009546,2025-10-21,Latin America,Home & Kitchen,Web,Returning,1,19.58,15,16.64
ORD-009547,2025-10-21,Europe,Sports & Outdoors,Mobile app,Returning,1,65.89,0,65.89
ORD-009548,2025-10-21,Latin America,Home & Kitchen,Web,New,3,44.4,10,119.88
ORD-009549,2025-10-22,Latin America,Sports & Outdoors,Mobile app,New,1,96.96,0,96.96
ORD-009550,2025-10-22,Europe,Apparel,Marketplace,New,1,44.45,10,40.01
ORD-009551,2025-10-22,Europe,Beauty,Web,Returning,1,22.55,0,22.55
ORD-009552,2025-10-22,North America,Beauty,Web,Returning,1,32.97,0,32.97
ORD-009553,2025-10-22,North America,Apparel,Marketplace,Returning,1,56.28,0,56.28
ORD-009554,2025-10-22,Latin America,Electronics,Marketplace,New,2,203.22,0,406.44
ORD-009555,2025-10-22,North America,Home & Kitchen,Marketplace,Returning,2,40.57,10,73.03
ORD-009556,2025-10-22,Asia Pacific,Apparel,Retail partner,New,2,50.63,0,101.26
ORD-009557,2025-10-22,North America,Electronics,Mobile app,Returning,2,286.68,5,544.69
ORD-009558,2025-10-22,North America,Apparel,Marketplace,Returning,1,48.85,10,43.97
ORD-009559,2025-10-22,Asia Pacific,Beauty,Web,Returning,2,28.28,10,50.9
ORD-009560,2025-10-22,Asia Pacific,Electronics,Mobile app,New,1,125.17,0,125.17
ORD-009561,2025-10-22,Europe,Beauty,Retail partner,Returning,1,51.33,0,51.33
ORD-009562,2025-10-22,Asia Pacific,Electronics,Web,Returning,2,77.19,5,146.66
ORD-009563,2025-10-22,North America,Home & Kitchen,Mobile app,New,1,40.25,20,32.2
ORD-009564,2025-10-22,Asia Pacific,Electronics,Web,Returning,1,159.52,0,159.52
ORD-009565,2025-10-22,Europe,Electronics,Web,New,2,82.47,5,156.69
ORD-009566,2025-10-22,Asia Pacific,Home & Kitchen,Mobile app,New,2,74.03,0,148.06
ORD-009567,2025-10-22,North America,Home & Kitchen,Web,Returning,1,94.28,10,84.85
ORD-009568,2025-10-22,North America,Apparel,Web,New,1,52.98,0,52.98
ORD-009569,2025-10-22,Middle East & Africa,Electronics,Marketplace,Returning,3,181.51,0,544.53
ORD-009570,2025-10-22,North America,Apparel,Mobile app,Returning,1,70.93,0,70.93
ORD-009571,2025-10-22,Latin America,Toys,Mobile app,Returning,5,28.01,0,140.05
ORD-009572,2025-10-22,North America,Beauty,Mobile app,New,1,36.51,0,36.51
ORD-009573,2025-10-22,North America,Sports & Outdoors,Web,New,1,85.52,10,76.97
ORD-009574,2025-10-22,Asia Pacific,Beauty,Mobile app,Returning,1,37.35,0,37.35
ORD-009575,2025-10-22,Asia Pacific,Home & Kitchen,Marketplace,New,1,116.4,0,116.4
ORD-009576,2025-10-22,Europe,Apparel,Web,Returning,1,63.3,0,63.3
ORD-009577,2025-10-22,North America,Toys,Marketplace,Returning,1,41.92,0,41.92
ORD-009578,2025-10-22,North America,Home & Kitchen,Web,New,3,94.3,5,268.75
ORD-009579,2025-10-22,North America,Home & Kitchen,Marketplace,New,1,85.61,0,85.61
ORD-009580,2025-10-23,Latin America,Home & Kitchen,Marketplace,New,1,81.05,0,81.05
ORD-009581,2025-10-23,Europe,Electronics,Mobile app,New,1,148.47,0,148.47
ORD-009582,2025-10-23,North America,Apparel,Mobile app,Returning,1,30.87,0,30.87
ORD-009583,2025-10-23,Latin America,Home & Kitchen,Web,Returning,2,108.28,5,205.73
ORD-009584,2025-10-23,Europe,Electronics,Web,Returning,1,171.28,15,145.59
ORD-009585,2025-10-23,Asia Pacific,Electronics,Web,New,2,272.15,0,544.3
ORD-009586,2025-10-23,Asia Pacific,Beauty,Web,Returning,2,26.02,5,49.44
ORD-009587,2025-10-23,Asia Pacific,Home & Kitchen,Marketplace,Returning,2,65.29,10,117.52
ORD-009588,2025-10-23,Asia Pacific,Electronics,Web,Returning,1,192.81,20,154.25
ORD-009589,2025-10-23,Asia Pacific,Toys,Marketplace,Returning,3,31.51,10,85.08
ORD-009590,2025-10-23,North America,Beauty,Retail partner,Returning,1,29.08,5,27.63
ORD-009591,2025-10-23,Latin America,Electronics,Mobile app,Returning,1,215.77,0,215.77
ORD-009592,2025-10-23,North America,Electronics,Mobile app,New,2,200.27,5,380.51
ORD-009593,2025-10-23,Europe,Electronics,Web,Returning,1,157.75,0,157.75
ORD-009594,2025-10-23,North America,Apparel,Mobile app,Returning,3,36.55,10,98.68
ORD-009595,2025-10-23,Asia Pacific,Apparel,Web,Returning,1,42.23,15,35.9
ORD-009596,2025-10-23,Europe,Apparel,Mobile app,Returning,2,50.91,10,91.64
ORD-009597,2025-10-23,Asia Pacific,Apparel,Mobile app,Returning,1,51.31,15,43.61
ORD-009598,2025-10-23,Asia Pacific,Sports & Outdoors,Web,Returning,1,90.62,0,90.62
ORD-009599,2025-10-23,North America,Home & Kitchen,Web,New,1,36.95,10,33.26
ORD-009600,2025-10-23,Middle East & Africa,Home & Kitchen,Marketplace,New,2,60.45,15,102.77
ORD-009601,2025-10-23,Middle East & Africa,Home & Kitchen,Mobile app,Returning,3,32.56,15,83.03
ORD-009602,2025-10-24,Asia Pacific,Electronics,Mobile app,New,1,177.3,0,177.3
ORD-009603,2025-10-24,Middle East & Africa,Electronics,Web,New,1,144.59,0,144.59
ORD-009604,2025-10-24,Middle East & Africa,Electronics,Marketplace,Returning,2,98.79,0,197.58
ORD-009605,2025-10-24,Europe,Electronics,Marketplace,New,1,198.45,5,188.53
ORD-009606,2025-10-24,North America,Beauty,Web,Returning,2,28.15,0,56.3
ORD-009607,2025-10-24,North America,Home & Kitchen,Web,New,4,71.09,10,255.92
ORD-009608,2025-10-24,Europe,Beauty,Web,New,2,19.62,5,37.28
ORD-009609,2025-10-24,Europe,Apparel,Web,Returning,1,45.35,0,45.35
ORD-009610,2025-10-24,Middle East & Africa,Electronics,Web,New,2,215.16,0,430.32
ORD-009611,2025-10-24,North America,Home & Kitchen,Web,Returning,3,88.23,10,238.22
ORD-009612,2025-10-24,Middle East & Africa,Home & Kitchen,Web,Returning,1,36.14,0,36.14
ORD-009613,2025-10-24,Middle East & Africa,Electronics,Web,Returning,1,346.57,0,346.57
ORD-009614,2025-10-24,Latin America,Electronics,Mobile app,New,1,173.38,0,173.38
ORD-009615,2025-10-24,Europe,Apparel,Mobile app,Returning,3,83.81,0,251.43
ORD-009616,2025-10-24,Asia Pacific,Home & Kitchen,Mobile app,Returning,2,65.93,0,131.86
ORD-009617,2025-10-24,North America,Home & Kitchen,Mobile app,Returning,4,88.51,0,354.04
ORD-009618,2025-10-24,Asia Pacific,Home & Kitchen,Mobile app,Returning,3,49.38,0,148.14
ORD-009619,2025-10-24,Europe,Beauty,Web,Returning,2,25.37,0,50.74
ORD-009620,2025-10-24,Asia Pacific,Sports & Outdoors,Mobile app,Returning,2,115.08,0,230.16
ORD-009621,2025-10-24,North America,Apparel,Web,New,2,40.83,0,81.66
ORD-009622,2025-10-24,Europe,Apparel,Web,New,2,49.68,0,99.36
ORD-009623,2025-10-24,North America,Sports & Outdoors,Retail partner,New,1,83.95,0,83.95
ORD-009624,2025-10-24,Europe,Electronics,Web,New,4,153.97,10,554.29
ORD-009625,2025-10-24,Latin America,Toys,Mobile app,Returning,2,34.62,0,69.24
ORD-009626,2025-10-24,North America,Electronics,Web,New,1,198.44,10,178.6
ORD-009627,2025-10-24,North America,Electronics,Mobile app,Returning,1,151.73,0,151.73
ORD-009628,2025-10-24,Latin America,Home & Kitchen,Mobile app,Returning,1,37.77,0,37.77
ORD-009629,2025-10-24,North America,Apparel,Marketplace,Returning,1,34.75,0,34.75
ORD-009630,2025-10-25,Asia Pacific,Beauty,Mobile app,Returning,3,37.32,0,111.96
ORD-009631,2025-10-25,Latin America,Home & Kitchen,Web,New,1,65.53,0,65.53
ORD-009632,2025-10-25,Latin America,Toys,Mobile app,New,1,41.44,5,39.37
ORD-009633,2025-10-25,Asia Pacific,Electronics,Web,New,1,164.94,0,164.94
ORD-009634,2025-10-25,Middle East & Africa,Home & Kitchen,Web,Returning,1,51.96,15,44.17
ORD-009635,2025-10-25,Europe,Apparel,Web,New,2,34.12,20,54.59
ORD-009636,2025-10-25,North America,Toys,Web,New,1,63.52,5,60.34
ORD-009637,2025-10-25,North America,Home & Kitchen,Marketplace,Returning,1,106.18,15,90.25
ORD-009638,2025-10-25,North America,Apparel,Web,New,2,33.56,0,67.12
ORD-009639,2025-10-25,Asia Pacific,Beauty,Web,Returning,2,14.51,0,29.02
ORD-009640,2025-10-25,North America,Electronics,Web,Returning,1,220.65,10,198.59
ORD-009641,2025-10-25,Europe,Home & Kitchen,Mobile app,Returning,1,71.49,0,71.49
ORD-009642,2025-10-25,North America,Apparel,Mobile app,New,2,31.53,0,63.06
ORD-009643,2025-10-25,North America,Toys,Web,Returning,1,59.16,0,59.16
ORD-009644,2025-10-25,Latin America,Sports & Outdoors,Web,New,1,58.81,0,58.81
ORD-009645,2025-10-25,Middle East & Africa,Home & Kitchen,Web,New,5,53.98,0,269.9
ORD-009646,2025-10-25,North America,Electronics,Mobile app,Returning,1,117.07,15,99.51
ORD-009647,2025-10-25,North America,Apparel,Mobile app,Returning,1,24.87,10,22.38
ORD-009648,2025-10-25,Asia Pacific,Electronics,Marketplace,Returning,1,181.41,0,181.41
ORD-009649,2025-10-25,North America,Sports & Outdoors,Web,New,3,72.58,0,217.74
ORD-009650,2025-10-25,North America,Sports & Outdoors,Web,Returning,1,87.55,0,87.55
ORD-009651,2025-10-25,Asia Pacific,Beauty,Marketplace,Returning,3,31.8,10,85.86
ORD-009652,2025-10-25,Middle East & Africa,Home & Kitchen,Mobile app,Returning,2,49.44,0,98.88
ORD-009653,2025-10-25,Europe,Electronics,Mobile app,New,4,105.08,0,420.32
ORD-009654,2025-10-25,Asia Pacific,Home & Kitchen,Marketplace,Returning,1,32.23,10,29.01
ORD-009655,2025-10-25,North America,Apparel,Mobile app,New,2,40.54,0,81.08
ORD-009656,2025-10-25,Europe,Electronics,Mobile app,Returning,1,136.49,0,136.49
ORD-009657,2025-10-25,North America,Apparel,Mobile app,New,2,58.7,5,111.53
ORD-009658,2025-10-25,Europe,Home & Kitchen,Marketplace,Returning,1,84.45,10,76.01
ORD-009659,2025-10-25,North America,Electronics,Web,Returning,2,202.57,5,384.88
ORD-009660,2025-10-25,Asia Pacific,Electronics,Mobile app,Returning,1,160.85,0,160.85
ORD-009661,2025-10-25,Middle East & Africa,Home & Kitchen,Web,New,4,20.89,0,83.56
ORD-009662,2025-10-25,North America,Apparel,Web,Returning,1,36.32,0,36.32
ORD-009663,2025-10-26,North America,Home & Kitchen,Marketplace,Returning,1,72.27,5,68.66
ORD-009664,2025-10-26,Latin America,Sports & Outdoors,Mobile app,New,1,76.92,0,76.92
ORD-009665,2025-10-26,Europe,Apparel,Web,New,1,51.02,0,51.02
ORD-009666,2025-10-26,North America,Electronics,Mobile app,New,2,225.05,0,450.1
ORD-009667,2025-10-26,Europe,Electronics,Mobile app,Returning,3,185.72,0,557.16
ORD-009668,2025-10-26,Asia Pacific,Apparel,Marketplace,Returning,2,51.32,5,97.51
ORD-009669,2025-10-26,Europe,Home & Kitchen,Mobile app,Returning,5,51.96,0,259.8
ORD-009670,2025-10-26,Latin America,Apparel,Marketplace,Returning,1,26.06,20,20.85
ORD-009671,2025-10-26,Asia Pacific,Home & Kitchen,Marketplace,Returning,2,71.92,10,129.46
ORD-009672,2025-10-26,Europe,Beauty,Marketplace,Returning,1,18.79,10,16.91
ORD-009673,2025-10-26,North America,Home & Kitchen,Mobile app,New,1,39.47,0,39.47
ORD-009674,2025-10-26,North America,Home & Kitchen,Mobile app,Returning,1,24.55,0,24.55
ORD-009675,2025-10-26,Asia Pacific,Apparel,Marketplace,New,2,36.08,10,64.94
ORD-009676,2025-10-26,North America,Electronics,Marketplace,Returning,1,169.78,0,169.78
ORD-009677,2025-10-26,North America,Electronics,Web,Returning,1,225.46,0,225.46
ORD-009678,2025-10-26,North America,Sports & Outdoors,Web,New,1,67.64,0,67.64
ORD-009679,2025-10-26,Europe,Beauty,Marketplace,Returning,1,51.1,0,51.1
ORD-009680,2025-10-26,Europe,Electronics,Web,Returning,1,233.01,15,198.06
ORD-009681,2025-10-26,North America,Sports & Outdoors,Mobile app,Returning,1,98.53,10,88.68
ORD-009682,2025-10-26,Europe,Beauty,Web,New,2,29.51,0,59.02
ORD-009683,2025-10-26,Latin America,Electronics,Web,Returning,2,117.12,0,234.24
ORD-009684,2025-10-26,Europe,Home & Kitchen,Mobile app,Returning,1,118.52,0,118.52
ORD-009685,2025-10-26,Asia Pacific,Home & Kitchen,Web,Returning,1,40.59,20,32.47
ORD-009686,2025-10-26,Europe,Beauty,Web,Returning,1,22.86,0,22.86
ORD-009687,2025-10-26,North America,Apparel,Web,New,1,35.06,0,35.06
ORD-009688,2025-10-26,North America,Home & Kitchen,Web,Returning,1,122.49,0,122.49
ORD-009689,2025-10-26,North America,Electronics,Mobile app,Returning,4,315.36,5,1198.37
ORD-009690,2025-10-26,Europe,Electronics,Web,New,1,346.39,0,346.39
ORD-009691,2025-10-26,Asia Pacific,Apparel,Web,New,1,46.18,5,43.87
ORD-009692,2025-10-26,Asia Pacific,Apparel,Web,Returning,3,31.18,0,93.54
ORD-009693,2025-10-26,Europe,Beauty,Web,Returning,1,23.19,10,20.87
ORD-009694,2025-10-26,North America,Beauty,Web,Returning,1,51.85,5,49.26
ORD-009695,2025-10-26,Latin America,Beauty,Mobile app,Returning,1,20.8,15,17.68
ORD-009696,2025-10-26,Asia Pacific,Sports & Outdoors,Mobile app,Returning,3,86.09,0,258.27
ORD-009697,2025-10-26,North America,Apparel,Web,Returning,2,50.88,0,101.76
ORD-009698,2025-10-26,Europe,Apparel,Retail partner,New,1,55.18,0,55.18
ORD-009699,2025-10-26,North America,Beauty,Mobile app,Returning,1,23.8,10,21.42
ORD-009700,2025-10-26,North America,Toys,Mobile app,Returning,2,31.8,0,63.6
ORD-009701,2025-10-26,Asia Pacific,Electronics,Web,New,2,172.51,0,345.02
ORD-009702,2025-10-26,Middle East & Africa,Apparel,Marketplace,Returning,2,45.55,0,91.1
ORD-009703,2025-10-26,Latin America,Toys,Mobile app,New,1,20.33,20,16.26
ORD-009704,2025-10-26,North America,Apparel,Marketplace,Returning,3,52.69,0,158.07
ORD-009705,2025-10-26,North America,Apparel,Retail partner,Returning,1,66.99,0,66.99
ORD-009706,2025-10-26,Asia Pacific,Electronics,Web,New,1,175.71,0,175.71
ORD-009707,2025-10-26,Europe,Sports & Outdoors,Web,Returning,1,65.11,5,61.85
ORD-009708,2025-10-27,North America,Toys,Marketplace,Returning,1,36.6,5,34.77
ORD-009709,2025-10-27,Asia Pacific,Beauty,Retail partner,Returning,1,31.15,0,31.15
ORD-009710,2025-10-27,North America,Home & Kitchen,Web,New,1,55.25,0,55.25
ORD-009711,2025-10-27,Asia Pacific,Beauty,Mobile app,New,1,21.94,5,20.84
ORD-009712,2025-10-27,North America,Electronics,Web,Returning,2,337.8,0,675.6
ORD-009713,2025-10-27,Europe,Home & Kitchen,Mobile app,New,2,78.86,0,157.72
ORD-009714,2025-10-27,Middle East & Africa,Electronics,Mobile app,New,1,233.59,5,221.91
ORD-009715,2025-10-27,North America,Apparel,Marketplace,New,2,34.68,0,69.36
ORD-009716,2025-10-27,North America,Home & Kitchen,Mobile app,Returning,1,62.3,20,49.84
ORD-009717,2025-10-27,Asia Pacific,Beauty,Mobile app,New,2,27.34,0,54.68
ORD-009718,2025-10-27,Asia Pacific,Home & Kitchen,Mobile app,Returning,1,71.91,10,64.72
ORD-009719,2025-10-27,Europe,Sports & Outdoors,Web,Returning,1,86,0,86
ORD-009720,2025-10-27,North America,Home & Kitchen,Mobile app,New,1,108.12,5,102.71
ORD-009721,2025-10-27,Europe,Apparel,Web,New,3,52.63,5,150
ORD-009722,2025-10-27,Asia Pacific,Home & Kitchen,Retail partner,Returning,1,71.48,15,60.76
ORD-009723,2025-10-27,Asia Pacific,Electronics,Web,New,1,146.58,0,146.58
ORD-009724,2025-10-27,North America,Sports & Outdoors,Web,Returning,1,86.76,0,86.76
ORD-009725,2025-10-27,North America,Home & Kitchen,Marketplace,Returning,2,45.26,5,85.99
ORD-009726,2025-10-27,Europe,Electronics,Web,Returning,2,186.91,10,336.44
ORD-009727,2025-10-27,North America,Toys,Web,Returning,2,25.69,0,51.38
ORD-009728,2025-10-27,Europe,Sports & Outdoors,Mobile app,New,2,109.29,0,218.58
ORD-009729,2025-10-27,Asia Pacific,Home & Kitchen,Web,New,2,97.26,0,194.52
ORD-009730,2025-10-27,Asia Pacific,Home & Kitchen,Web,Returning,3,81.16,0,243.48
ORD-009731,2025-10-27,Europe,Apparel,Web,Returning,1,42.81,0,42.81
ORD-009732,2025-10-27,North America,Beauty,Web,New,2,14.39,0,28.78
ORD-009733,2025-10-27,Europe,Sports & Outdoors,Web,New,1,102.64,0,102.64
ORD-009734,2025-10-27,North America,Toys,Web,Returning,1,25.14,10,22.63
ORD-009735,2025-10-27,Latin America,Home & Kitchen,Marketplace,Returning,2,44.04,10,79.27
ORD-009736,2025-10-27,Europe,Toys,Marketplace,Returning,1,40.68,0,40.68
ORD-009737,2025-10-27,Asia Pacific,Apparel,Mobile app,New,5,80.59,0,402.95
ORD-009738,2025-10-28,Europe,Electronics,Mobile app,New,3,184.64,10,498.53
ORD-009739,2025-10-28,North America,Beauty,Web,New,3,17.13,0,51.39
ORD-009740,2025-10-28,Europe,Toys,Web,New,2,32.38,0,64.76
ORD-009741,2025-10-28,Europe,Apparel,Marketplace,Returning,3,67.7,0,203.1
ORD-009742,2025-10-28,Middle East & Africa,Apparel,Web,Returning,1,34.14,5,32.43
ORD-009743,2025-10-28,Asia Pacific,Electronics,Mobile app,New,3,232.37,5,662.25
ORD-009744,2025-10-28,Middle East & Africa,Sports & Outdoors,Web,Returning,2,100.12,0,200.24
ORD-009745,2025-10-28,Europe,Sports & Outdoors,Web,New,1,71.57,10,64.41
ORD-009746,2025-10-28,North America,Toys,Mobile app,New,1,37.49,5,35.62
ORD-009747,2025-10-28,North America,Electronics,Web,New,3,105.62,0,316.86
ORD-009748,2025-10-28,Asia Pacific,Apparel,Web,Returning,1,58.27,10,52.44
ORD-009749,2025-10-28,Europe,Apparel,Mobile app,New,1,18.71,10,16.84
ORD-009750,2025-10-28,Asia Pacific,Electronics,Retail partner,Returning,1,165.78,10,149.2
ORD-009751,2025-10-28,North America,Electronics,Mobile app,Returning,1,152.09,0,152.09
ORD-009752,2025-10-28,North America,Apparel,Mobile app,Returning,3,21.8,0,65.4
ORD-009753,2025-10-28,Asia Pacific,Home & Kitchen,Web,Returning,2,69.23,0,138.46
ORD-009754,2025-10-28,Latin America,Home & Kitchen,Mobile app,Returning,1,43.62,15,37.08
ORD-009755,2025-10-28,North America,Home & Kitchen,Web,Returning,3,96.41,0,289.23
ORD-009756,2025-10-28,Asia Pacific,Electronics,Marketplace,New,1,180.92,0,180.92
ORD-009757,2025-10-28,North America,Beauty,Web,New,1,35.3,10,31.77
ORD-009758,2025-10-28,Asia Pacific,Sports & Outdoors,Web,Returning,1,62.03,0,62.03
ORD-009759,2025-10-28,Europe,Electronics,Mobile app,Returning,1,215.47,5,204.7
ORD-009760,2025-10-28,North America,Sports & Outdoors,Mobile app,New,1,66.14,5,62.83
ORD-009761,2025-10-28,Europe,Electronics,Web,Returning,3,200.4,0,601.2
ORD-009762,2025-10-29,Asia Pacific,Home & Kitchen,Web,New,3,65.25,0,195.75
ORD-009763,2025-10-29,Latin America,Electronics,Marketplace,New,1,245.22,0,245.22
ORD-009764,2025-10-29,North America,Toys,Web,New,1,45.71,0,45.71
ORD-009765,2025-10-29,Europe,Sports & Outdoors,Mobile app,Returning,3,100.86,0,302.58
ORD-009766,2025-10-29,Europe,Home & Kitchen,Web,Returning,1,76.09,0,76.09
ORD-009767,2025-10-29,Middle East & Africa,Home & Kitchen,Web,Returning,2,73.97,10,133.15
ORD-009768,2025-10-29,Asia Pacific,Home & Kitchen,Mobile app,New,3,95.12,0,285.36
ORD-009769,2025-10-29,Latin America,Apparel,Web,New,3,34.05,5,97.04
ORD-009770,2025-10-29,Europe,Electronics,Web,New,1,304.41,5,289.19
ORD-009771,2025-10-29,North America,Apparel,Mobile app,Returning,2,29.77,15,50.61
ORD-009772,2025-10-29,North America,Electronics,Web,New,2,136.08,10,244.94
ORD-009773,2025-10-29,North America,Sports & Outdoors,Web,Returning,1,96.31,0,96.31
ORD-009774,2025-10-29,Asia Pacific,Beauty,Mobile app,Returning,4,33.78,5,128.36
ORD-009775,2025-10-29,Europe,Apparel,Web,New,1,51.08,0,51.08
ORD-009776,2025-10-29,Asia Pacific,Beauty,Web,Returning,3,22.94,20,55.06
ORD-009777,2025-10-29,Europe,Electronics,Retail partner,Returning,1,130.4,0,130.4
ORD-009778,2025-10-29,North America,Sports & Outdoors,Mobile app,New,2,83.46,0,166.92
ORD-009779,2025-10-29,Europe,Electronics,Mobile app,Returning,1,162.71,0,162.71
ORD-009780,2025-10-29,North America,Apparel,Web,Returning,1,34.93,0,34.93
ORD-009781,2025-10-29,North America,Beauty,Web,Returning,3,25.39,5,72.36
ORD-009782,2025-10-29,North America,Sports & Outdoors,Mobile app,Returning,1,113.52,0,113.52
ORD-009783,2025-10-29,North America,Home & Kitchen,Mobile app,Returning,1,54.53,5,51.8
ORD-009784,2025-10-29,Asia Pacific,Electronics,Web,New,1,204.83,5,194.59
ORD-009785,2025-10-29,Europe,Home & Kitchen,Mobile app,New,1,55.77,0,55.77
ORD-009786,2025-10-29,Europe,Apparel,Marketplace,New,2,28.49,0,56.98
ORD-009787,2025-10-29,North America,Beauty,Web,Returning,1,42.57,0,42.57
ORD-009788,2025-10-29,North America,Home & Kitchen,Web,New,1,61.95,5,58.85
ORD-009789,2025-10-30,North America,Apparel,Mobile app,New,1,85.85,0,85.85
ORD-009790,2025-10-30,Europe,Toys,Mobile app,Returning,1,24.86,15,21.13
ORD-009791,2025-10-30,North America,Electronics,Web,Returning,1,182.88,5,173.74
ORD-009792,2025-10-30,Europe,Beauty,Web,Returning,1,21.97,10,19.77
ORD-009793,2025-10-30,Asia Pacific,Home & Kitchen,Web,Returning,1,64.01,5,60.81
ORD-009794,2025-10-30,North America,Toys,Web,Returning,1,36.4,0,36.4
ORD-009795,2025-10-30,Europe,Apparel,Mobile app,New,1,62.02,0,62.02
ORD-009796,2025-10-30,Europe,Toys,Mobile app,Returning,1,20.01,15,17.01
ORD-009797,2025-10-30,North America,Apparel,Web,Returning,3,41.39,0,124.17
ORD-009798,2025-10-30,Latin America,Apparel,Web,Returning,1,39.17,0,39.17
ORD-009799,2025-10-30,Latin America,Sports & Outdoors,Web,New,1,95.05,5,90.3
ORD-009800,2025-10-30,North America,Home & Kitchen,Mobile app,New,2,46.74,0,93.48
ORD-009801,2025-10-30,North America,Apparel,Mobile app,New,2,41.89,0,83.78
ORD-009802,2025-10-30,North America,Sports & Outdoors,Mobile app,New,3,50.72,0,152.16
ORD-009803,2025-10-30,Asia Pacific,Home & Kitchen,Web,Returning,1,30.88,20,24.7
ORD-009804,2025-10-30,Middle East & Africa,Electronics,Web,Returning,1,85.43,0,85.43
ORD-009805,2025-10-30,North America,Electronics,Web,New,2,355.26,0,710.52
ORD-009806,2025-10-30,North America,Beauty,Marketplace,Returning,1,15.64,0,15.64
ORD-009807,2025-10-30,Asia Pacific,Electronics,Marketplace,Returning,1,285.98,10,257.38
ORD-009808,2025-10-30,North America,Electronics,Mobile app,New,2,144.63,0,289.26
ORD-009809,2025-10-30,Asia Pacific,Beauty,Web,Returning,1,69.21,10,62.29
ORD-009810,2025-10-30,Europe,Sports & Outdoors,Mobile app,Returning,4,48.38,5,183.84
ORD-009811,2025-10-30,Middle East & Africa,Beauty,Web,New,3,26.83,0,80.49
ORD-009812,2025-10-30,North America,Toys,Web,New,1,30.16,0,30.16
ORD-009813,2025-10-30,North America,Electronics,Web,Returning,1,320.61,0,320.61
ORD-009814,2025-10-30,Europe,Sports & Outdoors,Web,Returning,1,30.76,0,30.76
ORD-009815,2025-10-30,Europe,Sports & Outdoors,Marketplace,Returning,1,127.66,15,108.51
ORD-009816,2025-10-30,Latin America,Electronics,Web,Returning,2,233.04,0,466.08
ORD-009817,2025-10-30,Europe,Beauty,Marketplace,New,1,28.67,5,27.24
ORD-009818,2025-10-30,Europe,Electronics,Web,Returning,2,430.21,5,817.4
ORD-009819,2025-10-30,Middle East & Africa,Home & Kitchen,Web,Returning,3,70.38,0,211.14
ORD-009820,2025-10-30,North America,Toys,Web,New,2,36.63,5,69.6
ORD-009821,2025-10-30,Asia Pacific,Electronics,Mobile app,New,2,148.42,0,296.84
ORD-009822,2025-10-30,North America,Home & Kitchen,Mobile app,Returning,2,83.38,0,166.76
ORD-009823,2025-10-30,Europe,Sports & Outdoors,Marketplace,Returning,1,41.74,5,39.65
ORD-009824,2025-10-30,Europe,Home & Kitchen,Web,Returning,1,65.95,20,52.76
ORD-009825,2025-10-30,Asia Pacific,Electronics,Retail partner,Returning,3,176.48,0,529.44
ORD-009826,2025-10-30,Asia Pacific,Electronics,Web,New,1,139.62,0,139.62
ORD-009827,2025-10-30,North America,Apparel,Mobile app,Returning,1,48.76,10,43.88
ORD-009828,2025-10-30,North America,Toys,Mobile app,New,2,32.32,0,64.64
ORD-009829,2025-10-31,Asia Pacific,Electronics,Mobile app,Returning,2,192.24,0,384.48
ORD-009830,2025-10-31,North America,Beauty,Retail partner,New,2,34.62,0,69.24
ORD-009831,2025-10-31,North America,Electronics,Mobile app,Returning,1,119.42,15,101.51
ORD-009832,2025-10-31,Europe,Apparel,Web,Returning,5,37.85,0,189.25
ORD-009833,2025-10-31,Latin America,Electronics,Web,Returning,1,229.98,0,229.98
ORD-009834,2025-10-31,Middle East & Africa,Electronics,Mobile app,Returning,3,77.13,0,231.39
ORD-009835,2025-10-31,Asia Pacific,Apparel,Web,New,1,23.87,0,23.87
ORD-009836,2025-10-31,Europe,Apparel,Mobile app,Returning,2,55.97,0,111.94
ORD-009837,2025-10-31,Europe,Toys,Web,New,1,31.34,5,29.77
ORD-009838,2025-10-31,Latin America,Sports & Outdoors,Marketplace,Returning,1,71.15,5,67.59
ORD-009839,2025-10-31,North America,Beauty,Mobile app,New,1,46.13,10,41.52
ORD-009840,2025-10-31,North America,Electronics,Mobile app,Returning,1,295.34,0,295.34
ORD-009841,2025-10-31,Middle East & Africa,Electronics,Mobile app,Returning,1,195.37,0,195.37
ORD-009842,2025-10-31,North America,Electronics,Mobile app,Returning,1,197.51,0,197.51
ORD-009843,2025-10-31,North America,Home & Kitchen,Mobile app,Returning,2,53.33,0,106.66
ORD-009844,2025-10-31,North America,Electronics,Mobile app,Returning,1,122.99,0,122.99
ORD-009845,2025-10-31,Asia Pacific,Apparel,Mobile app,Returning,1,40.75,0,40.75
ORD-009846,2025-10-31,North America,Beauty,Mobile app,Returning,2,17.67,20,28.27
ORD-009847,2025-10-31,Europe,Electronics,Web,Returning,1,256.77,15,218.25
ORD-009848,2025-10-31,North America,Beauty,Mobile app,Returning,2,42.5,5,80.75
ORD-009849,2025-10-31,Asia Pacific,Electronics,Web,Returning,1,276.16,5,262.35
ORD-009850,2025-10-31,North America,Electronics,Mobile app,New,1,84.52,10,76.07
ORD-009851,2025-10-31,Asia Pacific,Apparel,Web,Returning,2,45.76,5,86.94
ORD-009852,2025-10-31,North America,Electronics,Mobile app,Returning,2,177.62,5,337.48
ORD-009853,2025-10-31,Middle East & Africa,Electronics,Web,New,1,167.13,5,158.77
ORD-009854,2025-10-31,Latin America,Toys,Retail partner,Returning,1,26.78,0,26.78
ORD-009855,2025-10-31,Europe,Home & Kitchen,Mobile app,Returning,2,58.8,15,99.96
ORD-009856,2025-10-31,Europe,Apparel,Mobile app,Returning,4,51.79,5,196.8
ORD-009857,2025-10-31,Asia Pacific,Beauty,Mobile app,Returning,1,44.34,0,44.34
ORD-009858,2025-10-31,Europe,Sports & Outdoors,Web,New,1,69.43,15,59.02
ORD-009859,2025-10-31,Europe,Sports & Outdoors,Mobile app,New,1,65.8,15,55.93
ORD-009860,2025-10-31,Asia Pacific,Electronics,Web,New,2,222.22,5,422.22
ORD-009861,2025-10-31,North America,Beauty,Mobile app,Returning,1,24.43,0,24.43
ORD-009862,2025-10-31,Asia Pacific,Apparel,Mobile app,Returning,2,34.59,0,69.18
ORD-009863,2025-10-31,Asia Pacific,Apparel,Web,Returning,1,31.92,5,30.32
ORD-009864,2025-10-31,North America,Home & Kitchen,Web,Returning,4,53.97,10,194.29
ORD-009865,2025-10-31,Europe,Electronics,Web,New,4,262.59,10,945.32
ORD-009866,2025-11-01,Europe,Apparel,Marketplace,Returning,5,57.49,0,287.45
ORD-009867,2025-11-01,North America,Beauty,Mobile app,Returning,1,9.61,5,9.13
ORD-009868,2025-11-01,North America,Electronics,Mobile app,New,1,228.91,0,228.91
ORD-009869,2025-11-01,North America,Electronics,Web,Returning,1,164.84,5,156.6
ORD-009870,2025-11-01,Latin America,Apparel,Marketplace,New,2,58.65,5,111.43
ORD-009871,2025-11-01,Asia Pacific,Electronics,Mobile app,Returning,3,258.87,0,776.61
ORD-009872,2025-11-01,North America,Home & Kitchen,Mobile app,New,3,47.12,0,141.36
ORD-009873,2025-11-01,North America,Beauty,Marketplace,Returning,1,25.41,5,24.14
ORD-009874,2025-11-01,Latin America,Apparel,Web,Returning,4,32.68,0,130.72
ORD-009875,2025-11-01,Europe,Apparel,Mobile app,Returning,1,80.39,5,76.37
ORD-009876,2025-11-01,North America,Apparel,Web,Returning,1,45.53,0,45.53
ORD-009877,2025-11-01,North America,Home & Kitchen,Mobile app,Returning,3,62.68,10,169.24
ORD-009878,2025-11-01,North America,Home & Kitchen,Web,New,1,58.48,5,55.56
ORD-009879,2025-11-01,Asia Pacific,Electronics,Retail partner,Returning,1,166.65,0,166.65
ORD-009880,2025-11-01,Asia Pacific,Electronics,Web,New,1,289.59,5,275.11
ORD-009881,2025-11-01,Europe,Sports & Outdoors,Retail partner,New,2,102.31,10,184.16
ORD-009882,2025-11-01,Asia Pacific,Apparel,Web,Returning,1,46.38,15,39.42
ORD-009883,2025-11-01,Asia Pacific,Electronics,Marketplace,Returning,1,113.67,20,90.94
ORD-009884,2025-11-01,Europe,Apparel,Web,New,1,31.77,0,31.77
ORD-009885,2025-11-01,North America,Electronics,Marketplace,New,1,145.49,15,123.67
ORD-009886,2025-11-01,North America,Apparel,Mobile app,Returning,4,28.52,0,114.08
ORD-009887,2025-11-01,Asia Pacific,Beauty,Web,New,1,21.51,0,21.51
ORD-009888,2025-11-01,Europe,Apparel,Marketplace,New,5,60.89,0,304.45
ORD-009889,2025-11-01,Middle East & Africa,Sports & Outdoors,Mobile app,Returning,1,56.92,0,56.92
ORD-009890,2025-11-01,Latin America,Sports & Outdoors,Web,New,2,99.87,0,199.74
ORD-009891,2025-11-01,Asia Pacific,Beauty,Mobile app,Returning,2,23.91,0,47.82
ORD-009892,2025-11-01,Asia Pacific,Home & Kitchen,Web,Returning,2,64.17,0,128.34
ORD-009893,2025-11-01,North America,Electronics,Mobile app,Returning,2,170.74,20,273.18
ORD-009894,2025-11-01,Latin America,Toys,Web,New,1,51.03,15,43.38
ORD-009895,2025-11-01,North America,Electronics,Web,Returning,1,194.81,0,194.81
ORD-009896,2025-11-01,Middle East & Africa,Beauty,Mobile app,Returning,2,46.44,0,92.88
ORD-009897,2025-11-01,North America,Apparel,Web,Returning,1,51.92,0,51.92
ORD-009898,2025-11-01,North America,Electronics,Web,New,2,227.84,0,455.68
ORD-009899,2025-11-01,Europe,Apparel,Web,Returning,1,43.8,0,43.8
ORD-009900,2025-11-01,North America,Apparel,Retail partner,New,3,23.41,5,66.72
ORD-009901,2025-11-01,North America,Electronics,Mobile app,Returning,1,305.87,10,275.28
ORD-009902,2025-11-01,North America,Electronics,Marketplace,New,1,104.98,0,104.98
ORD-009903,2025-11-01,North America,Apparel,Mobile app,Returning,3,65.41,20,156.98
ORD-009904,2025-11-01,North America,Electronics,Web,Returning,5,145.81,0,729.05
ORD-009905,2025-11-01,North America,Electronics,Web,Returning,1,313.76,0,313.76
ORD-009906,2025-11-01,Middle East & Africa,Home & Kitchen,Mobile app,New,1,58.65,0,58.65
ORD-009907,2025-11-01,Europe,Apparel,Web,New,1,53.55,0,53.55
ORD-009908,2025-11-01,Europe,Toys,Web,Returning,1,34.37,0,34.37
ORD-009909,2025-11-01,Middle East & Africa,Sports & Outdoors,Web,Returning,2,52.38,15,89.05
ORD-009910,2025-11-01,Europe,Home & Kitchen,Web,Returning,2,78.31,0,156.62
ORD-009911,2025-11-01,North America,Beauty,Web,Returning,5,36.22,0,181.1
ORD-009912,2025-11-01,North America,Toys,Mobile app,Returning,2,28.1,0,56.2
ORD-009913,2025-11-02,Europe,Home & Kitchen,Mobile app,New,1,102.61,10,92.35
ORD-009914,2025-11-02,North America,Beauty,Mobile app,New,1,28.23,0,28.23
ORD-009915,2025-11-02,Europe,Electronics,Web,New,3,277.99,5,792.27
ORD-009916,2025-11-02,Europe,Electronics,Web,New,1,233.63,0,233.63
ORD-009917,2025-11-02,Asia Pacific,Beauty,Web,Returning,1,12.19,0,12.19
ORD-009918,2025-11-02,Middle East & Africa,Home & Kitchen,Mobile app,New,1,60.58,5,57.55
ORD-009919,2025-11-02,Europe,Apparel,Web,Returning,1,42.97,5,40.82
ORD-009920,2025-11-02,Latin America,Home & Kitchen,Mobile app,Returning,2,49.04,0,98.08
ORD-009921,2025-11-02,Latin America,Home & Kitchen,Web,New,1,136.62,5,129.79
ORD-009922,2025-11-02,Middle East & Africa,Home & Kitchen,Web,Returning,1,71.42,0,71.42
ORD-009923,2025-11-02,North America,Toys,Mobile app,Returning,1,24.54,0,24.54
ORD-009924,2025-11-02,Europe,Beauty,Mobile app,Returning,5,13.74,15,58.4
ORD-009925,2025-11-02,Europe,Home & Kitchen,Web,Returning,1,63.4,10,57.06
ORD-009926,2025-11-02,Europe,Toys,Web,Returning,3,24.84,0,74.52
ORD-009927,2025-11-02,Asia Pacific,Beauty,Mobile app,Returning,1,48.88,0,48.88
ORD-009928,2025-11-02,North America,Sports & Outdoors,Mobile app,Returning,1,56.01,0,56.01
ORD-009929,2025-11-02,Asia Pacific,Sports & Outdoors,Retail partner,Returning,1,78.61,5,74.68
ORD-009930,2025-11-02,North America,Apparel,Web,New,1,59.44,0,59.44
ORD-009931,2025-11-02,Asia Pacific,Beauty,Marketplace,Returning,1,20,15,17
ORD-009932,2025-11-02,Europe,Home & Kitchen,Web,Returning,1,50.61,10,45.55
ORD-009933,2025-11-02,North America,Sports & Outdoors,Marketplace,New,2,73.91,0,147.82
ORD-009934,2025-11-02,North America,Apparel,Mobile app,Returning,1,67.07,5,63.72
ORD-009935,2025-11-02,Europe,Sports & Outdoors,Mobile app,New,1,76.76,10,69.08
ORD-009936,2025-11-02,North America,Electronics,Web,Returning,2,153.12,5,290.93
ORD-009937,2025-11-02,Asia Pacific,Home & Kitchen,Web,Returning,2,135.09,0,270.18
ORD-009938,2025-11-02,Europe,Apparel,Web,New,3,78.01,0,234.03
ORD-009939,2025-11-02,Europe,Electronics,Mobile app,Returning,2,245.42,0,490.84
ORD-009940,2025-11-02,North America,Toys,Web,Returning,2,17.04,10,30.67
ORD-009941,2025-11-02,Europe,Home & Kitchen,Mobile app,New,1,83.31,10,74.98
ORD-009942,2025-11-03,North America,Sports & Outdoors,Marketplace,Returning,4,67.67,0,270.68
ORD-009943,2025-11-03,North America,Toys,Web,New,5,27.19,10,122.36
ORD-009944,2025-11-03,North America,Sports & Outdoors,Web,Returning,1,169.81,15,144.34
ORD-009945,2025-11-03,Europe,Home & Kitchen,Mobile app,Returning,1,52.5,0,52.5
ORD-009946,2025-11-03,Europe,Home & Kitchen,Web,New,1,76.41,0,76.41
ORD-009947,2025-11-03,Middle East & Africa,Home & Kitchen,Web,Returning,4,85.28,0,341.12
ORD-009948,2025-11-03,Europe,Home & Kitchen,Mobile app,New,1,67.62,0,67.62
ORD-009949,2025-11-03,North America,Home & Kitchen,Web,Returning,2,34.96,0,69.92
ORD-009950,2025-11-03,North America,Home & Kitchen,Mobile app,Returning,5,61.41,15,260.99
ORD-009951,2025-11-03,Asia Pacific,Electronics,Web,Returning,1,255.01,15,216.76
ORD-009952,2025-11-03,North America,Home & Kitchen,Web,New,2,94.74,0,189.48
ORD-009953,2025-11-03,North America,Sports & Outdoors,Web,New,1,63.91,0,63.91
ORD-009954,2025-11-03,Latin America,Electronics,Web,New,2,153.73,5,292.09
ORD-009955,2025-11-03,Latin America,Apparel,Web,Returning,1,70.41,0,70.41
ORD-009956,2025-11-03,Europe,Home & Kitchen,Marketplace,Returning,2,41.41,0,82.82
ORD-009957,2025-11-03,Asia Pacific,Home & Kitchen,Mobile app,Returning,1,47.56,0,47.56
ORD-009958,2025-11-03,Asia Pacific,Electronics,Web,New,1,190.71,0,190.71
ORD-009959,2025-11-03,Europe,Beauty,Web,Returning,1,43.87,0,43.87
ORD-009960,2025-11-03,North America,Electronics,Mobile app,New,1,242.71,5,230.57
ORD-009961,2025-11-03,Europe,Toys,Web,Returning,2,22.32,0,44.64
ORD-009962,2025-11-03,Asia Pacific,Electronics,Web,New,1,171,0,171
ORD-009963,2025-11-03,Asia Pacific,Beauty,Mobile app,Returning,1,35.14,0,35.14
ORD-009964,2025-11-03,North America,Sports & Outdoors,Web,Returning,3,118.68,10,320.44
ORD-009965,2025-11-03,North America,Home & Kitchen,Web,Returning,2,31.59,0,63.18
ORD-009966,2025-11-03,North America,Apparel,Web,Returning,1,80.87,0,80.87
ORD-009967,2025-11-03,Middle East & Africa,Electronics,Marketplace,New,1,189.3,0,189.3
ORD-009968,2025-11-03,Europe,Electronics,Marketplace,New,1,106.58,5,101.25
ORD-009969,2025-11-03,Latin America,Home & Kitchen,Mobile app,Returning,1,63.34,15,53.84
ORD-009970,2025-11-03,Middle East & Africa,Beauty,Web,Returning,2,23.32,0,46.64
ORD-009971,2025-11-03,Middle East & Africa,Beauty,Web,Returning,2,33.25,10,59.85
ORD-009972,2025-11-03,Europe,Sports & Outdoors,Marketplace,Returning,1,38.26,10,34.43
ORD-009973,2025-11-03,Asia Pacific,Home & Kitchen,Web,Returning,2,51.8,0,103.6
ORD-009974,2025-11-03,Europe,Beauty,Web,Returning,3,31.12,10,84.02
ORD-009975,2025-11-03,North America,Toys,Marketplace,New,2,30.74,0,61.48
ORD-009976,2025-11-03,North America,Apparel,Retail partner,Returning,1,32.84,10,29.56
ORD-009977,2025-11-04,Latin America,Beauty,Mobile app,New,1,31.96,5,30.36
ORD-009978,2025-11-04,Middle East & Africa,Sports & Outdoors,Marketplace,Returning,2,54.87,15,93.28
ORD-009979,2025-11-04,North America,Electronics,Web,Returning,2,144.87,0,289.74
ORD-009980,2025-11-04,North America,Toys,Web,Returning,1,26.99,0,26.99
ORD-009981,2025-11-04,Latin America,Home & Kitchen,Marketplace,Returning,2,97.7,0,195.4
ORD-009982,2025-11-04,Europe,Toys,Web,New,4,62.31,0,249.24
ORD-009983,2025-11-04,Europe,Electronics,Marketplace,Returning,1,221.61,15,188.37
ORD-009984,2025-11-04,Asia Pacific,Home & Kitchen,Web,New,2,120.44,20,192.7
ORD-009985,2025-11-04,Europe,Apparel,Mobile app,New,1,55.84,0,55.84
ORD-009986,2025-11-04,Asia Pacific,Beauty,Marketplace,New,1,33.21,5,31.55
ORD-009987,2025-11-04,Latin America,Beauty,Marketplace,Returning,1,26.26,5,24.95
ORD-009988,2025-11-04,North America,Electronics,Web,New,2,133.43,0,266.86
ORD-009989,2025-11-04,Europe,Home & Kitchen,Mobile app,Returning,1,75.36,0,75.36
ORD-009990,2025-11-04,Europe,Home & Kitchen,Marketplace,New,3,49,0,147
ORD-009991,2025-11-04,Latin America,Sports & Outdoors,Marketplace,Returning,1,53.95,10,48.56
ORD-009992,2025-11-04,Latin America,Beauty,Web,New,3,42.99,0,128.97
ORD-009993,2025-11-04,Latin America,Electronics,Mobile app,New,1,189.44,5,179.97
ORD-009994,2025-11-04,North America,Home & Kitchen,Web,Returning,2,43.13,0,86.26
ORD-009995,2025-11-04,Europe,Home & Kitchen,Mobile app,Returning,1,49.27,0,49.27
ORD-009996,2025-11-04,Europe,Sports & Outdoors,Mobile app,New,2,62.06,0,124.12
ORD-009997,2025-11-04,Asia Pacific,Toys,Web,New,1,42.49,0,42.49
ORD-009998,2025-11-04,North America,Apparel,Mobile app,Returning,3,79.21,0,237.63
ORD-009999,2025-11-04,Europe,Toys,Marketplace,New,1,32.35,5,30.73
ORD-010000,2025-11-04,North America,Electronics,Web,New,1,135.13,0,135.13
ORD-010001,2025-11-04,Europe,Apparel,Mobile app,Returning,2,37.21,10,66.98
ORD-010002,2025-11-04,Europe,Toys,Mobile app,New,3,40.37,0,121.11
ORD-010003,2025-11-05,Asia Pacific,Sports & Outdoors,Mobile app,New,4,65.97,0,263.88
ORD-010004,2025-11-05,North America,Sports & Outdoors,Mobile app,New,1,57.69,0,57.69
ORD-010005,2025-11-05,Asia Pacific,Sports & Outdoors,Web,New,3,98.94,0,296.82
ORD-010006,2025-11-05,Europe,Sports & Outdoors,Web,New,2,41.58,5,79
ORD-010007,2025-11-05,North America,Electronics,Web,New,1,231.03,20,184.82
ORD-010008,2025-11-05,North America,Toys,Web,New,1,32.71,0,32.71
ORD-010009,2025-11-05,Europe,Apparel,Mobile app,Returning,1,68.6,0,68.6
ORD-010010,2025-11-05,North America,Home & Kitchen,Web,Returning,2,24.39,0,48.78
ORD-010011,2025-11-05,Latin America,Toys,Web,New,1,67.22,5,63.86
ORD-010012,2025-11-05,North America,Apparel,Mobile app,Returning,2,49.12,5,93.33
ORD-010013,2025-11-05,North America,Toys,Web,Returning,5,32.25,0,161.25
ORD-010014,2025-11-05,North America,Sports & Outdoors,Marketplace,Returning,1,38.67,5,36.74
ORD-010015,2025-11-05,Middle East & Africa,Home & Kitchen,Mobile app,New,1,49.64,5,47.16
ORD-010016,2025-11-05,Europe,Apparel,Mobile app,Returning,1,43.95,15,37.36
ORD-010017,2025-11-05,North America,Sports & Outdoors,Web,Returning,3,109.72,0,329.16
ORD-010018,2025-11-05,North America,Electronics,Web,Returning,2,229.31,5,435.69
ORD-010019,2025-11-05,Europe,Beauty,Mobile app,Returning,1,29.58,0,29.58
ORD-010020,2025-11-05,Latin America,Electronics,Mobile app,Returning,1,93.49,0,93.49
ORD-010021,2025-11-05,Europe,Home & Kitchen,Marketplace,Returning,2,55.9,10,100.62
ORD-010022,2025-11-05,Europe,Home & Kitchen,Marketplace,Returning,1,97.88,10,88.09
ORD-010023,2025-11-05,Middle East & Africa,Beauty,Mobile app,Returning,1,36.7,0,36.7
ORD-010024,2025-11-05,Asia Pacific,Sports & Outdoors,Web,Returning,1,140.81,0,140.81
ORD-010025,2025-11-05,Asia Pacific,Sports & Outdoors,Web,Returning,5,66.61,0,333.05
ORD-010026,2025-11-05,North America,Beauty,Web,Returning,1,23.61,15,20.07
ORD-010027,2025-11-05,Europe,Electronics,Mobile app,Returning,4,132.29,15,449.79
ORD-010028,2025-11-05,North America,Apparel,Mobile app,New,1,22.75,0,22.75
ORD-010029,2025-11-05,North America,Electronics,Mobile app,New,1,199.78,5,189.79
ORD-010030,2025-11-05,North America,Beauty,Web,Returning,2,16.84,5,32
ORD-010031,2025-11-05,North America,Electronics,Retail partner,Returning,1,133.71,15,113.65
ORD-010032,2025-11-05,Asia Pacific,Sports & Outdoors,Retail partner,New,1,117.07,5,111.22
ORD-010033,2025-11-05,Latin America,Home & Kitchen,Web,Returning,2,72.9,0,145.8
ORD-010034,2025-11-06,North America,Electronics,Marketplace,Returning,1,235.16,10,211.64
ORD-010035,2025-11-06,Asia Pacific,Sports & Outdoors,Web,Returning,3,98.79,0,296.37
ORD-010036,2025-11-06,Asia Pacific,Electronics,Mobile app,New,1,383.36,0,383.36
ORD-010037,2025-11-06,North America,Electronics,Mobile app,New,2,290.75,5,552.42
ORD-010038,2025-11-06,Middle East & Africa,Sports & Outdoors,Mobile app,Returning,1,40.53,0,40.53
ORD-010039,2025-11-06,North America,Apparel,Mobile app,Returning,2,48.33,0,96.66
ORD-010040,2025-11-06,Asia Pacific,Home & Kitchen,Web,Returning,1,53.07,10,47.76
ORD-010041,2025-11-06,Asia Pacific,Beauty,Marketplace,Returning,1,31.35,10,28.22
ORD-010042,2025-11-06,North America,Beauty,Mobile app,Returning,1,20.75,0,20.75
ORD-010043,2025-11-06,Asia Pacific,Toys,Mobile app,Returning,1,26.84,5,25.5
ORD-010044,2025-11-06,Asia Pacific,Toys,Web,Returning,1,39.92,10,35.93
ORD-010045,2025-11-06,North America,Sports & Outdoors,Web,New,1,121.17,10,109.05
ORD-010046,2025-11-06,Europe,Apparel,Web,New,1,26.53,0,26.53
ORD-010047,2025-11-06,Asia Pacific,Electronics,Web,New,4,341.34,5,1297.09
ORD-010048,2025-11-06,Middle East & Africa,Electronics,Web,Returning,5,216.03,0,1080.15
ORD-010049,2025-11-06,Europe,Electronics,Mobile app,New,1,246.25,0,246.25
ORD-010050,2025-11-06,Middle East & Africa,Home & Kitchen,Mobile app,Returning,2,51.28,5,97.43
ORD-010051,2025-11-06,Europe,Home & Kitchen,Web,New,1,86.37,10,77.73
ORD-010052,2025-11-06,Asia Pacific,Apparel,Web,Returning,1,26.94,0,26.94
ORD-010053,2025-11-06,North America,Electronics,Mobile app,Returning,1,182.83,0,182.83
ORD-010054,2025-11-06,Asia Pacific,Home & Kitchen,Web,Returning,1,31.72,0,31.72
ORD-010055,2025-11-06,North America,Electronics,Web,New,4,106.08,0,424.32
ORD-010056,2025-11-06,North America,Sports & Outdoors,Web,New,5,88.44,0,442.2
ORD-010057,2025-11-06,North America,Beauty,Marketplace,Returning,1,26.74,5,25.4
ORD-010058,2025-11-06,Europe,Electronics,Web,Returning,1,244.17,5,231.96
ORD-010059,2025-11-06,Europe,Beauty,Web,Returning,1,19.46,0,19.46
ORD-010060,2025-11-06,North America,Home & Kitchen,Mobile app,Returning,1,57.63,0,57.63
ORD-010061,2025-11-06,North America,Home & Kitchen,Web,Returning,1,46.11,5,43.8
ORD-010062,2025-11-06,North America,Electronics,Web,Returning,1,112.67,15,95.77
ORD-010063,2025-11-06,Europe,Toys,Web,Returning,1,33.66,0,33.66
ORD-010064,2025-11-06,Asia Pacific,Electronics,Retail partner,New,1,194.89,0,194.89
ORD-010065,2025-11-06,North America,Beauty,Marketplace,New,2,18.25,10,32.85
ORD-010066,2025-11-06,Europe,Electronics,Web,New,1,243.46,10,219.11
ORD-010067,2025-11-06,North America,Home & Kitchen,Marketplace,Returning,2,66.64,0,133.28
ORD-010068,2025-11-06,Latin America,Home & Kitchen,Marketplace,Returning,1,70.77,0,70.77
ORD-010069,2025-11-06,Latin America,Sports & Outdoors,Web,Returning,1,110.61,0,110.61
ORD-010070,2025-11-07,North America,Home & Kitchen,Mobile app,Returning,2,67.26,0,134.52
ORD-010071,2025-11-07,North America,Sports & Outdoors,Mobile app,Returning,1,70.96,0,70.96
ORD-010072,2025-11-07,North America,Electronics,Mobile app,New,2,501.81,5,953.44
ORD-010073,2025-11-07,Europe,Home & Kitchen,Retail partner,Returning,3,55.36,5,157.78
ORD-010074,2025-11-07,North America,Sports & Outdoors,Web,New,1,43.93,0,43.93
ORD-010075,2025-11-07,North America,Home & Kitchen,Marketplace,New,4,73.56,5,279.53
ORD-010076,2025-11-07,Europe,Apparel,Mobile app,New,1,40.85,5,38.81
ORD-010077,2025-11-07,Asia Pacific,Home & Kitchen,Web,New,1,31.03,10,27.93
ORD-010078,2025-11-07,Asia Pacific,Beauty,Mobile app,Returning,1,42.22,5,40.11
ORD-010079,2025-11-07,Latin America,Electronics,Marketplace,New,2,251.26,0,502.52
ORD-010080,2025-11-07,Europe,Home & Kitchen,Web,New,3,79.44,5,226.4
ORD-010081,2025-11-07,North America,Electronics,Marketplace,Returning,2,178.61,10,321.5
ORD-010082,2025-11-07,Europe,Beauty,Web,Returning,1,19.96,5,18.96
ORD-010083,2025-11-07,Europe,Apparel,Web,Returning,2,41.74,15,70.96
ORD-010084,2025-11-07,Latin America,Toys,Mobile app,Returning,3,21.78,0,65.34
ORD-010085,2025-11-07,North America,Electronics,Mobile app,Returning,1,224.84,10,202.36
ORD-010086,2025-11-07,Europe,Home & Kitchen,Mobile app,Returning,2,54.82,0,109.64
ORD-010087,2025-11-07,Middle East & Africa,Home & Kitchen,Web,Returning,3,42.25,20,101.4
ORD-010088,2025-11-07,North America,Apparel,Web,Returning,1,81.85,0,81.85
ORD-010089,2025-11-07,Asia Pacific,Toys,Mobile app,New,2,67.02,0,134.04
ORD-010090,2025-11-07,Europe,Electronics,Web,Returning,1,104.14,0,104.14
ORD-010091,2025-11-07,Asia Pacific,Beauty,Retail partner,Returning,1,34.14,5,32.43
ORD-010092,2025-11-07,North America,Sports & Outdoors,Web,New,1,108.51,0,108.51
ORD-010093,2025-11-07,Europe,Home & Kitchen,Web,New,2,41.39,0,82.78
ORD-010094,2025-11-07,North America,Home & Kitchen,Web,Returning,3,39.09,0,117.27
ORD-010095,2025-11-07,Middle East & Africa,Home & Kitchen,Marketplace,New,1,55.34,0,55.34
ORD-010096,2025-11-07,North America,Beauty,Mobile app,Returning,1,34.33,0,34.33
ORD-010097,2025-11-07,North America,Apparel,Mobile app,New,1,59.74,10,53.77
ORD-010098,2025-11-07,North America,Home & Kitchen,Mobile app,Returning,5,57.13,0,285.65
ORD-010099,2025-11-07,Middle East & Africa,Home & Kitchen,Mobile app,Returning,1,72.93,15,61.99
ORD-010100,2025-11-07,Asia Pacific,Electronics,Mobile app,Returning,1,179.83,0,179.83
ORD-010101,2025-11-08,Latin America,Home & Kitchen,Mobile app,Returning,1,59.83,0,59.83
ORD-010102,2025-11-08,Europe,Electronics,Web,New,1,104.53,15,88.85
ORD-010103,2025-11-08,Latin America,Sports & Outdoors,Web,New,2,84.8,0,169.6
ORD-010104,2025-11-08,Europe,Electronics,Mobile app,New,4,178.87,0,715.48
ORD-010105,2025-11-08,Latin America,Electronics,Marketplace,New,2,327.68,0,655.36
ORD-010106,2025-11-08,Europe,Electronics,Mobile app,Returning,1,336.83,10,303.15
ORD-010107,2025-11-08,Europe,Apparel,Marketplace,Returning,1,24.71,0,24.71
ORD-010108,2025-11-08,North America,Apparel,Retail partner,New,1,37.64,0,37.64
ORD-010109,2025-11-08,North America,Electronics,Web,New,1,123.62,0,123.62
ORD-010110,2025-11-08,Asia Pacific,Apparel,Web,New,4,78.11,0,312.44
ORD-010111,2025-11-08,Asia Pacific,Beauty,Web,New,1,29.29,0,29.29
ORD-010112,2025-11-08,Europe,Apparel,Mobile app,Returning,1,55.23,0,55.23
ORD-010113,2025-11-08,North America,Sports & Outdoors,Mobile app,New,1,106.62,0,106.62
ORD-010114,2025-11-08,North America,Electronics,Web,New,1,196.38,0,196.38
ORD-010115,2025-11-08,Europe,Electronics,Web,Returning,1,196.9,0,196.9
ORD-010116,2025-11-08,North America,Home & Kitchen,Mobile app,Returning,1,77.71,0,77.71
ORD-010117,2025-11-08,North America,Home & Kitchen,Mobile app,Returning,1,35.37,5,33.6
ORD-010118,2025-11-08,North America,Electronics,Web,New,2,100.55,15,170.94
ORD-010119,2025-11-08,Asia Pacific,Home & Kitchen,Mobile app,Returning,5,64.89,0,324.45
ORD-010120,2025-11-08,Asia Pacific,Beauty,Mobile app,Returning,2,36.07,0,72.14
ORD-010121,2025-11-08,Europe,Electronics,Marketplace,Returning,3,178.37,0,535.11
ORD-010122,2025-11-08,North America,Apparel,Mobile app,Returning,2,44.9,5,85.31
ORD-010123,2025-11-08,North America,Electronics,Mobile app,Returning,3,298.88,20,717.31
ORD-010124,2025-11-08,Europe,Home & Kitchen,Retail partner,New,1,72.04,15,61.23
ORD-010125,2025-11-08,Europe,Apparel,Retail partner,New,1,78.21,5,74.3
ORD-010126,2025-11-08,North America,Electronics,Web,New,4,183.51,5,697.34
ORD-010127,2025-11-08,North America,Apparel,Web,Returning,1,43.86,0,43.86
ORD-010128,2025-11-08,Asia Pacific,Beauty,Web,Returning,2,36.46,5,69.27
ORD-010129,2025-11-08,Asia Pacific,Beauty,Web,Returning,1,27.82,0,27.82
ORD-010130,2025-11-08,North America,Sports & Outdoors,Web,New,2,89.67,0,179.34
ORD-010131,2025-11-08,Asia Pacific,Electronics,Mobile app,New,1,219.03,0,219.03
ORD-010132,2025-11-08,Europe,Apparel,Web,Returning,2,46.57,10,83.83
ORD-010133,2025-11-08,North America,Toys,Mobile app,Returning,5,56.42,5,268
ORD-010134,2025-11-08,Europe,Apparel,Mobile app,Returning,1,48.41,0,48.41
ORD-010135,2025-11-08,North America,Electronics,Web,Returning,3,253.81,0,761.43
ORD-010136,2025-11-09,North America,Electronics,Retail partner,Returning,1,199.26,0,199.26
ORD-010137,2025-11-09,Middle East & Africa,Apparel,Mobile app,Returning,2,30.53,0,61.06
ORD-010138,2025-11-09,Latin America,Electronics,Marketplace,New,5,171.57,5,814.96
ORD-010139,2025-11-09,North America,Beauty,Retail partner,Returning,1,33.43,15,28.42
ORD-010140,2025-11-09,North America,Home & Kitchen,Retail partner,New,3,71.36,0,214.08
ORD-010141,2025-11-09,North America,Electronics,Mobile app,Returning,2,176.19,0,352.38
ORD-010142,2025-11-09,Europe,Apparel,Mobile app,Returning,1,36.07,0,36.07
ORD-010143,2025-11-09,Latin America,Sports & Outdoors,Web,New,3,99.9,0,299.7
ORD-010144,2025-11-09,North America,Toys,Retail partner,Returning,1,32.04,15,27.23
ORD-010145,2025-11-09,North America,Home & Kitchen,Web,New,2,54.66,0,109.32
ORD-010146,2025-11-09,North America,Electronics,Mobile app,Returning,1,212.27,15,180.43
ORD-010147,2025-11-09,North America,Electronics,Web,Returning,1,113.84,15,96.76
ORD-010148,2025-11-09,Europe,Home & Kitchen,Mobile app,Returning,2,62.11,0,124.22
ORD-010149,2025-11-09,Europe,Sports & Outdoors,Marketplace,Returning,4,58.91,5,223.86
ORD-010150,2025-11-09,Latin America,Home & Kitchen,Mobile app,New,1,61.63,0,61.63
ORD-010151,2025-11-09,Europe,Electronics,Marketplace,New,1,183.08,10,164.77
ORD-010152,2025-11-09,Europe,Sports & Outdoors,Web,Returning,2,92.13,0,184.26
ORD-010153,2025-11-09,Asia Pacific,Electronics,Web,New,1,239.31,15,203.41
ORD-010154,2025-11-09,Middle East & Africa,Electronics,Web,Returning,1,144.11,5,136.9
ORD-010155,2025-11-09,Asia Pacific,Electronics,Web,New,1,294.81,5,280.07
ORD-010156,2025-11-09,Latin America,Toys,Mobile app,New,1,43.31,5,41.14
ORD-010157,2025-11-09,North America,Apparel,Web,New,1,54.1,0,54.1
ORD-010158,2025-11-09,Europe,Apparel,Mobile app,New,5,49.07,0,245.35
ORD-010159,2025-11-09,North America,Apparel,Web,Returning,1,36.68,0,36.68
ORD-010160,2025-11-09,Asia Pacific,Sports & Outdoors,Mobile app,Returning,1,48.32,5,45.9
ORD-010161,2025-11-09,Asia Pacific,Sports & Outdoors,Retail partner,Returning,1,52.59,0,52.59
ORD-010162,2025-11-09,Europe,Electronics,Web,Returning,1,117.77,10,105.99
ORD-010163,2025-11-09,North America,Home & Kitchen,Mobile app,Returning,1,93.47,0,93.47
ORD-010164,2025-11-09,Latin America,Apparel,Mobile app,New,3,38.49,5,109.7
ORD-010165,2025-11-09,Europe,Apparel,Web,Returning,1,49.28,10,44.35
ORD-010166,2025-11-09,North America,Apparel,Mobile app,New,3,44.06,0,132.18
ORD-010167,2025-11-09,North America,Electronics,Web,Returning,1,193.42,0,193.42
ORD-010168,2025-11-09,Asia Pacific,Electronics,Web,Returning,1,176.6,0,176.6
ORD-010169,2025-11-09,Asia Pacific,Apparel,Web,Returning,2,110.02,0,220.04
ORD-010170,2025-11-09,Europe,Sports & Outdoors,Marketplace,Returning,4,63.83,0,255.32
ORD-010171,2025-11-09,North America,Beauty,Marketplace,Returning,2,38.61,0,77.22
ORD-010172,2025-11-09,Europe,Apparel,Web,Returning,3,39.26,5,111.89
ORD-010173,2025-11-09,North America,Beauty,Web,New,2,37.7,0,75.4
ORD-010174,2025-11-09,Latin America,Toys,Mobile app,Returning,1,41.73,0,41.73
ORD-010175,2025-11-10,Middle East & Africa,Apparel,Mobile app,Returning,2,67.96,10,122.33
ORD-010176,2025-11-10,Europe,Home & Kitchen,Marketplace,New,3,59.48,0,178.44
ORD-010177,2025-11-10,Latin America,Toys,Web,Returning,1,67.32,5,63.95
ORD-010178,2025-11-10,North America,Sports & Outdoors,Web,New,1,93.41,5,88.74
ORD-010179,2025-11-10,Latin America,Home & Kitchen,Web,Returning,5,51.43,15,218.58
ORD-010180,2025-11-10,Europe,Sports & Outdoors,Web,Returning,1,89.37,15,75.96
ORD-010181,2025-11-10,Asia Pacific,Electronics,Web,Returning,1,143.62,0,143.62
ORD-010182,2025-11-10,North America,Home & Kitchen,Web,Returning,3,109.42,0,328.26
ORD-010183,2025-11-10,Europe,Toys,Web,New,1,34.6,0,34.6
ORD-010184,2025-11-10,Middle East & Africa,Electronics,Mobile app,Returning,3,121.29,0,363.87
ORD-010185,2025-11-10,North America,Toys,Mobile app,Returning,2,21.38,20,34.21
ORD-010186,2025-11-10,North America,Home & Kitchen,Mobile app,New,1,51.71,0,51.71
ORD-010187,2025-11-10,North America,Sports & Outdoors,Mobile app,New,1,89.64,5,85.16
ORD-010188,2025-11-10,North America,Home & Kitchen,Mobile app,New,1,24.85,0,24.85
ORD-010189,2025-11-10,Asia Pacific,Apparel,Web,New,2,55.21,0,110.42
ORD-010190,2025-11-10,North America,Apparel,Marketplace,Returning,2,54.02,0,108.04
ORD-010191,2025-11-10,North America,Apparel,Marketplace,New,1,37.01,0,37.01
ORD-010192,2025-11-10,Latin America,Home & Kitchen,Web,Returning,1,115.46,0,115.46
ORD-010193,2025-11-10,Europe,Beauty,Mobile app,Returning,1,18.7,5,17.76
ORD-010194,2025-11-10,Europe,Home & Kitchen,Mobile app,Returning,2,73.38,5,139.42
ORD-010195,2025-11-10,Middle East & Africa,Electronics,Web,Returning,2,145.98,5,277.36
ORD-010196,2025-11-10,Asia Pacific,Beauty,Web,Returning,1,24.32,10,21.89
ORD-010197,2025-11-10,Latin America,Beauty,Web,New,2,31.74,0,63.48
ORD-010198,2025-11-10,North America,Home & Kitchen,Marketplace,Returning,1,93.75,0,93.75
ORD-010199,2025-11-10,Europe,Apparel,Mobile app,Returning,2,55.5,5,105.45
ORD-010200,2025-11-10,Asia Pacific,Home & Kitchen,Web,Returning,1,84.8,5,80.56
ORD-010201,2025-11-10,Middle East & Africa,Sports & Outdoors,Web,Returning,3,92.76,0,278.28
ORD-010202,2025-11-10,North America,Electronics,Mobile app,New,3,293.71,20,704.9
ORD-010203,2025-11-10,Latin America,Home & Kitchen,Mobile app,New,1,55.55,10,50
ORD-010204,2025-11-10,North America,Electronics,Web,Returning,1,169.02,20,135.22
ORD-010205,2025-11-10,Asia Pacific,Home & Kitchen,Mobile app,New,1,39.11,20,31.29
ORD-010206,2025-11-10,Asia Pacific,Home & Kitchen,Web,Returning,1,54.55,0,54.55
ORD-010207,2025-11-11,North America,Apparel,Mobile app,New,5,38.02,0,190.1
ORD-010208,2025-11-11,Asia Pacific,Sports & Outdoors,Mobile app,New,2,64.19,0,128.38
ORD-010209,2025-11-11,Latin America,Apparel,Web,Returning,5,55.37,5,263.01
ORD-010210,2025-11-11,Europe,Electronics,Marketplace,Returning,3,120.39,20,288.94
ORD-010211,2025-11-11,Europe,Electronics,Mobile app,New,4,166.12,0,664.48
ORD-010212,2025-11-11,Middle East & Africa,Beauty,Mobile app,New,2,41.09,0,82.18
ORD-010213,2025-11-11,Latin America,Electronics,Web,New,2,145.59,0,291.18
ORD-010214,2025-11-11,Europe,Apparel,Web,New,4,61.26,0,245.04
ORD-010215,2025-11-11,Middle East & Africa,Home & Kitchen,Mobile app,Returning,2,85.27,0,170.54
ORD-010216,2025-11-11,North America,Apparel,Marketplace,Returning,1,57.06,0,57.06
ORD-010217,2025-11-11,North America,Home & Kitchen,Marketplace,Returning,1,56.66,5,53.83
ORD-010218,2025-11-11,Latin America,Sports & Outdoors,Web,Returning,1,114.31,0,114.31
ORD-010219,2025-11-11,North America,Sports & Outdoors,Mobile app,New,1,92.56,0,92.56
ORD-010220,2025-11-11,North America,Home & Kitchen,Mobile app,Returning,5,52.84,10,237.78
ORD-010221,2025-11-11,Middle East & Africa,Beauty,Web,Returning,1,33.46,15,28.44
ORD-010222,2025-11-11,Europe,Home & Kitchen,Web,Returning,1,85.31,5,81.04
ORD-010223,2025-11-11,Europe,Apparel,Web,Returning,3,24.48,0,73.44
ORD-010224,2025-11-11,North America,Electronics,Mobile app,Returning,1,155.1,5,147.35
ORD-010225,2025-11-11,Europe,Apparel,Web,Returning,1,52.33,0,52.33
ORD-010226,2025-11-11,Europe,Electronics,Retail partner,Returning,3,246.85,0,740.55
ORD-010227,2025-11-11,Asia Pacific,Home & Kitchen,Web,Returning,3,55.62,0,166.86
ORD-010228,2025-11-11,North America,Toys,Retail partner,Returning,2,42.9,15,72.93
ORD-010229,2025-11-11,North America,Home & Kitchen,Mobile app,Returning,1,79.65,10,71.69
ORD-010230,2025-11-11,Latin America,Sports & Outdoors,Mobile app,New,3,146.66,0,439.98
ORD-010231,2025-11-11,Asia Pacific,Home & Kitchen,Web,Returning,1,53.76,10,48.38
ORD-010232,2025-11-11,Asia Pacific,Electronics,Web,Returning,1,203.61,0,203.61
ORD-010233,2025-11-11,North America,Apparel,Retail partner,Returning,1,28.81,5,27.37
ORD-010234,2025-11-11,North America,Home & Kitchen,Web,Returning,1,90.44,10,81.4
ORD-010235,2025-11-11,Europe,Apparel,Web,New,3,34.48,10,93.1
ORD-010236,2025-11-12,Europe,Electronics,Web,Returning,2,123.84,0,247.68
ORD-010237,2025-11-12,North America,Home & Kitchen,Marketplace,Returning,1,118.8,0,118.8
ORD-010238,2025-11-12,Asia Pacific,Electronics,Web,Returning,2,312.88,5,594.47
ORD-010239,2025-11-12,Latin America,Electronics,Web,Returning,2,145.06,15,246.6
ORD-010240,2025-11-12,Middle East & Africa,Beauty,Web,Returning,1,15.46,0,15.46
ORD-010241,2025-11-12,North America,Home & Kitchen,Web,Returning,2,41.33,5,78.53
ORD-010242,2025-11-12,North America,Home & Kitchen,Mobile app,New,5,149.99,5,712.45
ORD-010243,2025-11-12,Europe,Sports & Outdoors,Web,New,2,68.08,0,136.16
ORD-010244,2025-11-12,Latin America,Home & Kitchen,Mobile app,New,1,48.95,0,48.95
ORD-010245,2025-11-12,Latin America,Toys,Marketplace,New,1,28.71,0,28.71
ORD-010246,2025-11-12,Europe,Electronics,Web,Returning,2,156.86,0,313.72
ORD-010247,2025-11-12,North America,Home & Kitchen,Mobile app,New,1,72.64,0,72.64
ORD-010248,2025-11-12,Latin America,Electronics,Web,New,2,121.52,5,230.89
ORD-010249,2025-11-12,Europe,Electronics,Mobile app,New,1,148.98,0,148.98
ORD-010250,2025-11-12,North America,Apparel,Web,Returning,5,90.71,10,408.2
ORD-010251,2025-11-12,North America,Electronics,Web,Returning,2,130.88,5,248.67
ORD-010252,2025-11-12,Latin America,Home & Kitchen,Marketplace,New,1,73.42,0,73.42
ORD-010253,2025-11-12,Europe,Home & Kitchen,Web,New,1,94.7,0,94.7
ORD-010254,2025-11-12,North America,Electronics,Mobile app,New,5,250.16,0,1250.8
ORD-010255,2025-11-12,Europe,Sports & Outdoors,Web,New,4,117.89,0,471.56
ORD-010256,2025-11-12,Latin America,Apparel,Web,Returning,1,30.62,15,26.03
ORD-010257,2025-11-12,North America,Apparel,Web,New,3,41.13,0,123.39
ORD-010258,2025-11-12,North America,Home & Kitchen,Mobile app,Returning,1,86.05,20,68.84
ORD-010259,2025-11-12,Latin America,Electronics,Mobile app,New,4,134.03,0,536.12
ORD-010260,2025-11-12,Latin America,Electronics,Web,Returning,1,146.45,0,146.45
ORD-010261,2025-11-12,Europe,Beauty,Mobile app,Returning,1,32.3,0,32.3
ORD-010262,2025-11-13,North America,Sports & Outdoors,Web,New,1,33.04,5,31.39
ORD-010263,2025-11-13,Middle East & Africa,Beauty,Web,Returning,1,42.65,0,42.65
ORD-010264,2025-11-13,Europe,Home & Kitchen,Mobile app,Returning,1,80.75,10,72.68
ORD-010265,2025-11-13,Europe,Apparel,Mobile app,Returning,1,46.86,5,44.52
ORD-010266,2025-11-13,North America,Sports & Outdoors,Web,New,1,52.99,0,52.99
ORD-010267,2025-11-13,North America,Electronics,Mobile app,Returning,2,129.93,0,259.86
ORD-010268,2025-11-13,North America,Electronics,Web,New,3,391.4,0,1174.2
ORD-010269,2025-11-13,Asia Pacific,Toys,Retail partner,Returning,1,36.42,0,36.42
ORD-010270,2025-11-13,North America,Apparel,Marketplace,New,2,31.09,5,59.07
ORD-010271,2025-11-13,Europe,Apparel,Marketplace,Returning,1,42.13,0,42.13
ORD-010272,2025-11-13,North America,Sports & Outdoors,Retail partner,Returning,1,78.12,0,78.12
ORD-010273,2025-11-13,North America,Home & Kitchen,Web,Returning,1,53.29,0,53.29
ORD-010274,2025-11-13,Europe,Electronics,Web,New,4,92.27,5,350.63
ORD-010275,2025-11-13,North America,Electronics,Web,Returning,4,243.43,0,973.72
ORD-010276,2025-11-13,Asia Pacific,Electronics,Web,New,1,167.02,10,150.32
ORD-010277,2025-11-13,Europe,Apparel,Web,New,3,53.02,20,127.25
ORD-010278,2025-11-13,North America,Toys,Marketplace,New,2,42.38,0,84.76
ORD-010279,2025-11-13,Asia Pacific,Apparel,Web,Returning,2,67.32,10,121.18
ORD-010280,2025-11-13,Latin America,Electronics,Web,Returning,2,257.94,0,515.88
ORD-010281,2025-11-13,North America,Apparel,Web,New,2,33.2,0,66.4
ORD-010282,2025-11-13,Latin America,Electronics,Web,Returning,1,176.51,0,176.51
ORD-010283,2025-11-13,North America,Electronics,Web,Returning,2,132.53,0,265.06
ORD-010284,2025-11-13,North America,Electronics,Mobile app,New,1,221.06,0,221.06
ORD-010285,2025-11-13,North America,Sports & Outdoors,Marketplace,Returning,2,51.38,0,102.76
ORD-010286,2025-11-13,Asia Pacific,Electronics,Marketplace,Returning,4,179.05,0,716.2
ORD-010287,2025-11-13,Middle East & Africa,Home & Kitchen,Mobile app,New,2,40.29,0,80.58
ORD-010288,2025-11-13,North America,Home & Kitchen,Web,New,1,44.2,0,44.2
ORD-010289,2025-11-13,Latin America,Electronics,Mobile app,New,5,234.06,5,1111.78
ORD-010290,2025-11-13,North America,Home & Kitchen,Web,New,1,72.27,0,72.27
ORD-010291,2025-11-13,Europe,Apparel,Web,Returning,3,40.03,0,120.09
ORD-010292,2025-11-13,Asia Pacific,Electronics,Web,Returning,1,135.17,0,135.17
ORD-010293,2025-11-13,Europe,Home & Kitchen,Mobile app,Returning,2,94.68,0,189.36
ORD-010294,2025-11-13,Europe,Apparel,Web,Returning,1,60.53,0,60.53
ORD-010295,2025-11-13,Asia Pacific,Electronics,Mobile app,Returning,1,174.79,0,174.79
ORD-010296,2025-11-13,Europe,Apparel,Web,Returning,1,37.51,0,37.51
ORD-010297,2025-11-13,North America,Electronics,Mobile app,Returning,3,220.32,0,660.96
ORD-010298,2025-11-13,North America,Home & Kitchen,Mobile app,Returning,5,101.12,0,505.6
ORD-010299,2025-11-13,North America,Home & Kitchen,Web,New,3,80,5,228
ORD-010300,2025-11-13,Asia Pacific,Sports & Outdoors,Web,New,1,76.65,0,76.65
ORD-010301,2025-11-13,North America,Apparel,Web,New,4,57.47,5,218.39
ORD-010302,2025-11-13,Asia Pacific,Electronics,Web,New,3,184.35,0,553.05
ORD-010303,2025-11-14,Europe,Sports & Outdoors,Web,Returning,1,62.78,0,62.78
ORD-010304,2025-11-14,Asia Pacific,Sports & Outdoors,Mobile app,Returning,2,32.86,10,59.15
ORD-010305,2025-11-14,Europe,Electronics,Web,Returning,1,183.38,10,165.04
ORD-010306,2025-11-14,North America,Home & Kitchen,Web,Returning,5,73.42,5,348.75
ORD-010307,2025-11-14,North America,Electronics,Mobile app,New,3,140.36,5,400.03
ORD-010308,2025-11-14,Europe,Home & Kitchen,Web,Returning,2,90.08,0,180.16
ORD-010309,2025-11-14,North America,Electronics,Retail partner,Returning,3,141.27,0,423.81
ORD-010310,2025-11-14,North America,Apparel,Web,Returning,1,39.88,5,37.89
ORD-010311,2025-11-14,North America,Apparel,Mobile app,New,1,108.08,0,108.08
ORD-010312,2025-11-14,North America,Home & Kitchen,Marketplace,Returning,1,47.36,10,42.62
ORD-010313,2025-11-14,Europe,Toys,Mobile app,Returning,1,51.63,10,46.47
ORD-010314,2025-11-14,Latin America,Beauty,Web,New,1,21.92,0,21.92
ORD-010315,2025-11-14,North America,Home & Kitchen,Web,Returning,1,66.94,0,66.94
ORD-010316,2025-11-14,Middle East & Africa,Home & Kitchen,Mobile app,Returning,4,48.48,10,174.53
ORD-010317,2025-11-14,Europe,Electronics,Mobile app,New,1,139.8,5,132.81
ORD-010318,2025-11-14,Europe,Beauty,Web,Returning,1,35.03,5,33.28
ORD-010319,2025-11-14,Europe,Home & Kitchen,Web,Returning,3,73.24,15,186.76
ORD-010320,2025-11-14,Asia Pacific,Home & Kitchen,Mobile app,Returning,2,75.49,0,150.98
ORD-010321,2025-11-14,Europe,Toys,Web,Returning,2,26.23,10,47.21
ORD-010322,2025-11-14,North America,Apparel,Mobile app,New,1,55.62,0,55.62
ORD-010323,2025-11-14,Europe,Home & Kitchen,Mobile app,Returning,5,43.14,10,194.13
ORD-010324,2025-11-14,Europe,Home & Kitchen,Web,New,1,44.84,0,44.84
ORD-010325,2025-11-14,North America,Home & Kitchen,Web,Returning,1,51.28,0,51.28
ORD-010326,2025-11-14,North America,Apparel,Retail partner,New,1,31.74,0,31.74
ORD-010327,2025-11-14,North America,Electronics,Web,New,1,69.56,5,66.08
ORD-010328,2025-11-14,North America,Toys,Web,Returning,1,17.37,5,16.5
ORD-010329,2025-11-14,Asia Pacific,Apparel,Mobile app,Returning,1,41.82,0,41.82
ORD-010330,2025-11-14,Latin America,Beauty,Web,Returning,2,42.61,15,72.44
ORD-010331,2025-11-14,Europe,Sports & Outdoors,Mobile app,New,1,114.28,10,102.85
ORD-010332,2025-11-14,Europe,Electronics,Mobile app,Returning,2,127.01,0,254.02
ORD-010333,2025-11-14,North America,Toys,Web,Returning,2,36.18,5,68.74
ORD-010334,2025-11-14,Middle East & Africa,Electronics,Web,Returning,1,204.39,0,204.39
ORD-010335,2025-11-14,Middle East & Africa,Home & Kitchen,Mobile app,Returning,1,51.29,10,46.16
ORD-010336,2025-11-14,North America,Apparel,Web,New,1,48.1,0,48.1
ORD-010337,2025-11-14,Europe,Electronics,Web,New,1,174.19,0,174.19
ORD-010338,2025-11-14,North America,Electronics,Marketplace,Returning,1,304.66,0,304.66
ORD-010339,2025-11-14,Europe,Home & Kitchen,Mobile app,New,2,41.87,0,83.74
ORD-010340,2025-11-14,Europe,Sports & Outdoors,Mobile app,Returning,3,64.91,5,184.99
ORD-010341,2025-11-14,Middle East & Africa,Apparel,Web,Returning,1,40.55,0,40.55
ORD-010342,2025-11-15,Europe,Apparel,Web,Returning,1,30.6,20,24.48
ORD-010343,2025-11-15,Asia Pacific,Apparel,Mobile app,New,1,26.62,15,22.63
ORD-010344,2025-11-15,Latin America,Beauty,Web,Returning,1,39.42,10,35.48
ORD-010345,2025-11-15,Middle East & Africa,Beauty,Web,New,1,21.12,5,20.06
ORD-010346,2025-11-15,North America,Apparel,Mobile app,Returning,1,41.49,5,39.42
ORD-010347,2025-11-15,Asia Pacific,Home & Kitchen,Web,Returning,2,50.19,20,80.3
ORD-010348,2025-11-15,Middle East & Africa,Home & Kitchen,Mobile app,Returning,3,63.54,0,190.62
ORD-010349,2025-11-15,Asia Pacific,Home & Kitchen,Web,New,1,55.57,10,50.01
ORD-010350,2025-11-15,Asia Pacific,Home & Kitchen,Mobile app,Returning,1,38.08,0,38.08
ORD-010351,2025-11-15,North America,Apparel,Mobile app,Returning,2,64.57,0,129.14
ORD-010352,2025-11-15,Latin America,Apparel,Mobile app,Returning,1,61.5,5,58.43
ORD-010353,2025-11-15,Middle East & Africa,Apparel,Marketplace,New,5,31.42,5,149.25
ORD-010354,2025-11-15,Latin America,Home & Kitchen,Web,Returning,1,41.24,0,41.24
ORD-010355,2025-11-15,North America,Apparel,Web,New,3,47.39,0,142.17
ORD-010356,2025-11-15,Europe,Sports & Outdoors,Mobile app,New,3,73.02,0,219.06
ORD-010357,2025-11-15,Asia Pacific,Home & Kitchen,Retail partner,Returning,4,33.5,0,134
ORD-010358,2025-11-15,Asia Pacific,Beauty,Mobile app,New,1,51.07,0,51.07
ORD-010359,2025-11-15,North America,Home & Kitchen,Web,Returning,5,41.48,15,176.29
ORD-010360,2025-11-15,Europe,Electronics,Mobile app,Returning,2,398.22,0,796.44
ORD-010361,2025-11-15,Europe,Electronics,Web,New,2,122.66,0,245.32
ORD-010362,2025-11-15,Europe,Home & Kitchen,Mobile app,New,3,85.71,0,257.13
ORD-010363,2025-11-15,Europe,Beauty,Web,Returning,3,34.17,20,82.01
ORD-010364,2025-11-15,Europe,Sports & Outdoors,Retail partner,Returning,4,41.81,0,167.24
ORD-010365,2025-11-15,North America,Electronics,Mobile app,Returning,2,233.85,0,467.7
ORD-010366,2025-11-15,North America,Beauty,Mobile app,Returning,1,26,10,23.4
ORD-010367,2025-11-15,North America,Sports & Outdoors,Retail partner,New,2,59.3,0,118.6
ORD-010368,2025-11-15,Europe,Apparel,Web,Returning,4,28.93,0,115.72
ORD-010369,2025-11-15,North America,Sports & Outdoors,Mobile app,Returning,2,74.2,0,148.4
ORD-010370,2025-11-15,North America,Toys,Mobile app,Returning,3,38.05,0,114.15
ORD-010371,2025-11-15,Europe,Toys,Retail partner,New,2,49.12,0,98.24
ORD-010372,2025-11-15,North America,Apparel,Web,New,4,18.59,0,74.36
ORD-010373,2025-11-15,Europe,Apparel,Web,Returning,2,49.53,5,94.11
ORD-010374,2025-11-15,Asia Pacific,Home & Kitchen,Mobile app,Returning,3,123.88,0,371.64
ORD-010375,2025-11-15,Asia Pacific,Home & Kitchen,Web,New,3,36.23,15,92.39
ORD-010376,2025-11-15,North America,Electronics,Mobile app,Returning,1,189.51,0,189.51
ORD-010377,2025-11-15,Middle East & Africa,Beauty,Mobile app,Returning,1,38.83,20,31.06
ORD-010378,2025-11-15,North America,Electronics,Mobile app,New,1,117.11,10,105.4
ORD-010379,2025-11-15,North America,Electronics,Mobile app,New,1,144.92,15,123.18
ORD-010380,2025-11-15,North America,Home & Kitchen,Mobile app,Returning,3,70.24,5,200.18
ORD-010381,2025-11-15,Latin America,Home & Kitchen,Retail partner,New,1,56.96,10,51.26
ORD-010382,2025-11-15,North America,Beauty,Mobile app,New,1,16.04,10,14.44
ORD-010383,2025-11-15,Europe,Beauty,Web,New,1,33.1,0,33.1
ORD-010384,2025-11-16,Middle East & Africa,Electronics,Web,Returning,1,227.09,0,227.09
ORD-010385,2025-11-16,Asia Pacific,Home & Kitchen,Web,Returning,1,63.48,5,60.31
ORD-010386,2025-11-16,Europe,Apparel,Web,Returning,1,24.25,0,24.25
ORD-010387,2025-11-16,Latin America,Toys,Web,New,2,32.38,0,64.76
ORD-010388,2025-11-16,Asia Pacific,Sports & Outdoors,Mobile app,New,3,62.55,15,159.5
ORD-010389,2025-11-16,Europe,Sports & Outdoors,Mobile app,Returning,4,95.19,0,380.76
ORD-010390,2025-11-16,Europe,Home & Kitchen,Mobile app,Returning,1,76.79,0,76.79
ORD-010391,2025-11-16,Asia Pacific,Sports & Outdoors,Mobile app,Returning,1,75.22,0,75.22
ORD-010392,2025-11-16,North America,Electronics,Web,New,1,112.76,0,112.76
ORD-010393,2025-11-16,Asia Pacific,Apparel,Web,Returning,1,44.44,15,37.77
ORD-010394,2025-11-16,North America,Home & Kitchen,Web,New,1,70.37,0,70.37
ORD-010395,2025-11-16,Europe,Apparel,Mobile app,New,1,38.09,10,34.28
ORD-010396,2025-11-16,North America,Apparel,Web,Returning,1,57.03,5,54.18
ORD-010397,2025-11-16,North America,Home & Kitchen,Marketplace,Returning,4,46.32,0,185.28
ORD-010398,2025-11-16,Asia Pacific,Electronics,Web,Returning,1,154.23,5,146.52
ORD-010399,2025-11-16,Asia Pacific,Electronics,Mobile app,Returning,4,137.72,0,550.88
ORD-010400,2025-11-16,North America,Home & Kitchen,Web,Returning,5,53.02,10,238.59
ORD-010401,2025-11-16,Asia Pacific,Sports & Outdoors,Web,Returning,1,124.43,0,124.43
ORD-010402,2025-11-16,Middle East & Africa,Electronics,Mobile app,New,1,211.88,0,211.88
ORD-010403,2025-11-16,North America,Home & Kitchen,Web,Returning,1,57.59,0,57.59
ORD-010404,2025-11-16,Latin America,Electronics,Web,Returning,1,137.05,5,130.2
ORD-010405,2025-11-16,Asia Pacific,Sports & Outdoors,Web,New,1,38.66,0,38.66
ORD-010406,2025-11-16,North America,Electronics,Web,Returning,1,257.53,5,244.65
ORD-010407,2025-11-16,Europe,Electronics,Web,Returning,2,137.72,20,220.35
ORD-010408,2025-11-16,Europe,Electronics,Mobile app,Returning,1,130.2,5,123.69
ORD-010409,2025-11-16,Latin America,Home & Kitchen,Mobile app,New,1,63.83,15,54.26
ORD-010410,2025-11-16,Europe,Electronics,Web,Returning,2,104.08,0,208.16
ORD-010411,2025-11-16,North America,Apparel,Web,Returning,1,29.57,15,25.13
ORD-010412,2025-11-16,North America,Electronics,Web,Returning,1,274.81,15,233.59
ORD-010413,2025-11-16,North America,Apparel,Retail partner,Returning,4,26.95,0,107.8
ORD-010414,2025-11-16,North America,Electronics,Retail partner,New,1,179.36,0,179.36
ORD-010415,2025-11-16,Middle East & Africa,Beauty,Web,Returning,2,16.07,0,32.14
ORD-010416,2025-11-16,North America,Toys,Mobile app,New,1,34.45,0,34.45
ORD-010417,2025-11-16,North America,Beauty,Web,Returning,1,25.3,5,24.04
ORD-010418,2025-11-16,North America,Apparel,Mobile app,Returning,1,18.54,0,18.54
ORD-010419,2025-11-16,Europe,Apparel,Marketplace,Returning,2,48.46,0,96.92
ORD-010420,2025-11-16,Europe,Beauty,Web,New,2,20.71,5,39.35
ORD-010421,2025-11-16,Europe,Electronics,Mobile app,Returning,1,237.57,0,237.57
ORD-010422,2025-11-17,North America,Home & Kitchen,Web,Returning,1,85.26,5,81
ORD-010423,2025-11-17,Europe,Home & Kitchen,Web,Returning,5,107.06,0,535.3
ORD-010424,2025-11-17,Europe,Sports & Outdoors,Mobile app,New,1,71.55,0,71.55
ORD-010425,2025-11-17,Europe,Sports & Outdoors,Web,New,3,111.09,0,333.27
ORD-010426,2025-11-17,Europe,Sports & Outdoors,Web,New,2,123.64,15,210.19
ORD-010427,2025-11-17,Europe,Electronics,Mobile app,New,1,195.26,0,195.26
ORD-010428,2025-11-17,Europe,Home & Kitchen,Web,Returning,1,60.62,5,57.59
ORD-010429,2025-11-17,Asia Pacific,Apparel,Mobile app,Returning,2,53.63,0,107.26
ORD-010430,2025-11-17,North America,Apparel,Web,Returning,1,54.05,10,48.65
ORD-010431,2025-11-17,Asia Pacific,Home & Kitchen,Mobile app,New,4,116.24,0,464.96
ORD-010432,2025-11-17,Latin America,Home & Kitchen,Mobile app,Returning,2,49.87,0,99.74
ORD-010433,2025-11-17,Europe,Home & Kitchen,Mobile app,Returning,1,42.56,0,42.56
ORD-010434,2025-11-17,Middle East & Africa,Home & Kitchen,Mobile app,New,2,49.19,0,98.38
ORD-010435,2025-11-17,Europe,Home & Kitchen,Mobile app,Returning,4,68.41,0,273.64
ORD-010436,2025-11-17,North America,Home & Kitchen,Web,New,1,54.86,0,54.86
ORD-010437,2025-11-17,Asia Pacific,Apparel,Web,Returning,1,60.52,0,60.52
ORD-010438,2025-11-17,Europe,Apparel,Web,Returning,4,58.84,0,235.36
ORD-010439,2025-11-17,Asia Pacific,Home & Kitchen,Retail partner,Returning,2,136.02,20,217.63
ORD-010440,2025-11-17,Asia Pacific,Apparel,Mobile app,New,1,34.13,0,34.13
ORD-010441,2025-11-17,North America,Home & Kitchen,Mobile app,Returning,1,63.7,0,63.7
ORD-010442,2025-11-17,Latin America,Electronics,Mobile app,Returning,1,208.66,10,187.79
ORD-010443,2025-11-17,North America,Apparel,Marketplace,New,2,66.36,0,132.72
ORD-010444,2025-11-17,Asia Pacific,Electronics,Web,Returning,1,184.28,5,175.07
ORD-010445,2025-11-17,Europe,Electronics,Mobile app,New,1,157.21,0,157.21
ORD-010446,2025-11-17,Europe,Beauty,Web,Returning,1,28.34,0,28.34
ORD-010447,2025-11-17,Europe,Beauty,Mobile app,New,2,31.28,5,59.43
ORD-010448,2025-11-17,North America,Electronics,Web,New,1,161.32,5,153.25
ORD-010449,2025-11-17,North America,Beauty,Marketplace,Returning,1,24.42,0,24.42
ORD-010450,2025-11-17,North America,Apparel,Web,Returning,1,40.03,15,34.03
ORD-010451,2025-11-17,North America,Home & Kitchen,Web,Returning,1,113.29,0,113.29
ORD-010452,2025-11-18,North America,Electronics,Mobile app,New,3,137.73,5,392.53
ORD-010453,2025-11-18,Europe,Sports & Outdoors,Web,Returning,1,192.05,0,192.05
ORD-010454,2025-11-18,Asia Pacific,Sports & Outdoors,Web,Returning,2,79.32,0,158.64
ORD-010455,2025-11-18,North America,Home & Kitchen,Web,Returning,5,53.17,0,265.85
ORD-010456,2025-11-18,Europe,Beauty,Mobile app,Returning,3,47.17,0,141.51
ORD-010457,2025-11-18,Middle East & Africa,Electronics,Web,New,1,185.26,0,185.26
ORD-010458,2025-11-18,North America,Apparel,Web,Returning,1,25.48,0,25.48
ORD-010459,2025-11-18,North America,Sports & Outdoors,Web,Returning,1,67.64,5,64.26
ORD-010460,2025-11-18,Asia Pacific,Home & Kitchen,Mobile app,New,3,43.81,10,118.29
ORD-010461,2025-11-18,Europe,Home & Kitchen,Mobile app,Returning,1,87.56,0,87.56
ORD-010462,2025-11-18,North America,Sports & Outdoors,Retail partner,New,1,110.27,20,88.22
ORD-010463,2025-11-18,North America,Home & Kitchen,Web,Returning,2,70.1,5,133.19
ORD-010464,2025-11-18,North America,Apparel,Web,Returning,4,85.94,0,343.76
ORD-010465,2025-11-18,Europe,Home & Kitchen,Web,Returning,2,49.06,0,98.12
ORD-010466,2025-11-18,Asia Pacific,Electronics,Mobile app,Returning,1,177.9,5,169.01
ORD-010467,2025-11-18,Europe,Electronics,Marketplace,New,3,151.66,0,454.98
ORD-010468,2025-11-18,North America,Apparel,Mobile app,Returning,2,45.73,5,86.89
ORD-010469,2025-11-18,Europe,Toys,Web,Returning,3,23.99,0,71.97
ORD-010470,2025-11-18,Asia Pacific,Apparel,Marketplace,Returning,1,99.46,0,99.46
ORD-010471,2025-11-18,North America,Toys,Web,Returning,2,27.68,0,55.36
ORD-010472,2025-11-18,Asia Pacific,Home & Kitchen,Mobile app,New,4,95.31,5,362.18
ORD-010473,2025-11-18,North America,Beauty,Web,Returning,2,52.33,0,104.66
ORD-010474,2025-11-18,North America,Apparel,Mobile app,Returning,3,63.58,0,190.74
ORD-010475,2025-11-18,Latin America,Electronics,Mobile app,New,2,120.43,0,240.86
ORD-010476,2025-11-18,Europe,Electronics,Marketplace,New,2,118.69,0,237.38
ORD-010477,2025-11-18,North America,Home & Kitchen,Web,New,1,51.34,10,46.21
ORD-010478,2025-11-18,North America,Home & Kitchen,Web,Returning,1,50.63,0,50.63
ORD-010479,2025-11-18,North America,Apparel,Web,New,2,34.98,5,66.46
ORD-010480,2025-11-18,Middle East & Africa,Beauty,Web,Returning,2,44.6,5,84.74
ORD-010481,2025-11-18,Asia Pacific,Beauty,Web,Returning,1,23.36,0,23.36
ORD-010482,2025-11-18,Latin America,Apparel,Web,Returning,1,29.93,0,29.93
ORD-010483,2025-11-18,North America,Sports & Outdoors,Retail partner,Returning,1,77.42,15,65.81
ORD-010484,2025-11-18,Europe,Beauty,Marketplace,Returning,2,36.52,0,73.04
ORD-010485,2025-11-18,Asia Pacific,Home & Kitchen,Marketplace,New,3,85.39,0,256.17
ORD-010486,2025-11-18,Europe,Toys,Web,New,1,41.65,0,41.65
ORD-010487,2025-11-18,Asia Pacific,Apparel,Web,New,1,33.56,0,33.56
ORD-010488,2025-11-18,North America,Toys,Web,Returning,4,69.45,10,250.02
ORD-010489,2025-11-18,Middle East & Africa,Electronics,Mobile app,Returning,1,148.73,10,133.86
ORD-010490,2025-11-18,Europe,Apparel,Mobile app,New,1,73.4,0,73.4
ORD-010491,2025-11-18,Europe,Electronics,Web,Returning,1,140.36,0,140.36
ORD-010492,2025-11-18,Europe,Sports & Outdoors,Mobile app,Returning,2,58.47,0,116.94
ORD-010493,2025-11-18,Asia Pacific,Electronics,Marketplace,Returning,1,127.06,0,127.06
ORD-010494,2025-11-18,North America,Electronics,Marketplace,Returning,1,179,15,152.15
ORD-010495,2025-11-19,North America,Apparel,Mobile app,New,3,32.86,5,93.65
ORD-010496,2025-11-19,North America,Home & Kitchen,Mobile app,Returning,3,50.52,0,151.56
ORD-010497,2025-11-19,Middle East & Africa,Sports & Outdoors,Web,New,2,60.14,0,120.28
ORD-010498,2025-11-19,Europe,Electronics,Mobile app,Returning,1,225.47,0,225.47
ORD-010499,2025-11-19,Asia Pacific,Home & Kitchen,Mobile app,New,4,93.64,0,374.56
ORD-010500,2025-11-19,North America,Home & Kitchen,Web,Returning,1,75.16,10,67.64
ORD-010501,2025-11-19,Middle East & Africa,Beauty,Web,New,1,50.05,0,50.05
ORD-010502,2025-11-19,North America,Apparel,Mobile app,Returning,2,18.97,0,37.94
ORD-010503,2025-11-19,North America,Apparel,Web,Returning,3,32.33,0,96.99
ORD-010504,2025-11-19,Europe,Sports & Outdoors,Web,New,1,112.85,10,101.57
ORD-010505,2025-11-19,North America,Electronics,Retail partner,Returning,2,243.85,0,487.7
ORD-010506,2025-11-19,North America,Beauty,Mobile app,Returning,2,17.16,5,32.6
ORD-010507,2025-11-19,North America,Sports & Outdoors,Web,New,1,116.52,0,116.52
ORD-010508,2025-11-19,North America,Home & Kitchen,Retail partner,Returning,1,43.38,0,43.38
ORD-010509,2025-11-19,Europe,Electronics,Web,New,1,130.97,0,130.97
ORD-010510,2025-11-19,Europe,Apparel,Marketplace,New,2,36.1,10,64.98
ORD-010511,2025-11-19,Asia Pacific,Beauty,Mobile app,New,2,25.73,0,51.46
ORD-010512,2025-11-19,Europe,Electronics,Web,Returning,1,176.87,0,176.87
ORD-010513,2025-11-19,Asia Pacific,Beauty,Mobile app,New,1,14.44,10,13
ORD-010514,2025-11-19,Middle East & Africa,Beauty,Mobile app,New,2,23.01,0,46.02
ORD-010515,2025-11-19,North America,Sports & Outdoors,Web,Returning,1,48.52,0,48.52
ORD-010516,2025-11-19,Europe,Beauty,Mobile app,New,1,30.49,0,30.49
ORD-010517,2025-11-19,North America,Home & Kitchen,Web,New,3,90.65,0,271.95
ORD-010518,2025-11-19,North America,Electronics,Web,Returning,4,262.76,5,998.49
ORD-010519,2025-11-19,Europe,Electronics,Web,New,1,267.09,0,267.09
ORD-010520,2025-11-19,Europe,Electronics,Web,Returning,1,94.13,0,94.13
ORD-010521,2025-11-19,Europe,Electronics,Web,New,1,321.23,0,321.23
ORD-010522,2025-11-19,Latin America,Apparel,Web,Returning,3,51.36,10,138.67
ORD-010523,2025-11-19,Asia Pacific,Sports & Outdoors,Mobile app,Returning,1,66.98,0,66.98
ORD-010524,2025-11-19,North America,Sports & Outdoors,Mobile app,Returning,3,75.71,0,227.13
ORD-010525,2025-11-19,Latin America,Toys,Web,New,2,35.78,0,71.56
ORD-010526,2025-11-19,Europe,Sports & Outdoors,Web,Returning,1,66.05,0,66.05
ORD-010527,2025-11-20,Europe,Home & Kitchen,Web,New,2,57.93,0,115.86
ORD-010528,2025-11-20,Middle East & Africa,Apparel,Web,New,2,56.27,0,112.54
ORD-010529,2025-11-20,Europe,Sports & Outdoors,Web,New,4,36.83,0,147.32
ORD-010530,2025-11-20,Middle East & Africa,Electronics,Web,Returning,2,204.35,15,347.4
ORD-010531,2025-11-20,Europe,Home & Kitchen,Web,Returning,2,45.01,5,85.52
ORD-010532,2025-11-20,North America,Beauty,Web,Returning,1,31.21,10,28.09
ORD-010533,2025-11-20,Europe,Electronics,Mobile app,Returning,1,180.19,0,180.19
ORD-010534,2025-11-20,Europe,Sports & Outdoors,Mobile app,New,1,62.33,0,62.33
ORD-010535,2025-11-20,Latin America,Home & Kitchen,Mobile app,Returning,1,52.94,5,50.29
ORD-010536,2025-11-20,Latin America,Apparel,Web,New,5,57.13,5,271.37
ORD-010537,2025-11-20,Europe,Home & Kitchen,Retail partner,Returning,1,85.42,5,81.15
ORD-010538,2025-11-20,Europe,Home & Kitchen,Mobile app,New,1,61.02,5,57.97
ORD-010539,2025-11-20,North America,Apparel,Web,New,1,48.28,0,48.28
ORD-010540,2025-11-20,Europe,Apparel,Marketplace,Returning,2,37.38,10,67.28
ORD-010541,2025-11-20,North America,Apparel,Web,Returning,1,40.01,5,38.01
ORD-010542,2025-11-20,Asia Pacific,Apparel,Marketplace,Returning,1,31.44,0,31.44
ORD-010543,2025-11-20,North America,Home & Kitchen,Web,Returning,1,53.41,5,50.74
ORD-010544,2025-11-20,North America,Toys,Mobile app,Returning,1,28.91,10,26.02
ORD-010545,2025-11-20,North America,Apparel,Web,New,2,38.27,0,76.54
ORD-010546,2025-11-20,North America,Sports & Outdoors,Mobile app,Returning,4,52.34,0,209.36
ORD-010547,2025-11-20,Latin America,Apparel,Mobile app,New,1,43.01,0,43.01
ORD-010548,2025-11-20,North America,Home & Kitchen,Web,Returning,1,83.07,5,78.92
ORD-010549,2025-11-20,Europe,Home & Kitchen,Web,Returning,1,99.26,5,94.3
ORD-010550,2025-11-20,Middle East & Africa,Home & Kitchen,Mobile app,Returning,1,105.41,15,89.6
ORD-010551,2025-11-20,Asia Pacific,Apparel,Marketplace,Returning,4,34.68,0,138.72
ORD-010552,2025-11-20,North America,Electronics,Web,Returning,1,184,5,174.8
ORD-010553,2025-11-20,Asia Pacific,Electronics,Mobile app,New,4,393.19,0,1572.76
ORD-010554,2025-11-20,North America,Electronics,Web,Returning,1,116.83,0,116.83
ORD-010555,2025-11-20,Latin America,Electronics,Mobile app,New,2,148.59,5,282.32
ORD-010556,2025-11-20,Middle East & Africa,Sports & Outdoors,Web,Returning,2,89.93,0,179.86
ORD-010557,2025-11-20,North America,Home & Kitchen,Web,Returning,2,60.82,0,121.64
ORD-010558,2025-11-20,Middle East & Africa,Sports & Outdoors,Web,Returning,2,54.03,5,102.66
ORD-010559,2025-11-20,Asia Pacific,Electronics,Web,New,1,95.03,5,90.28
ORD-010560,2025-11-20,North America,Apparel,Marketplace,New,2,28.48,0,56.96
ORD-010561,2025-11-20,North America,Home & Kitchen,Web,Returning,2,66.79,0,133.58
ORD-010562,2025-11-20,North America,Apparel,Mobile app,New,3,40.97,0,122.91
ORD-010563,2025-11-20,Europe,Electronics,Web,Returning,2,229.64,0,459.28
ORD-010564,2025-11-20,Europe,Home & Kitchen,Web,New,2,66.23,0,132.46
ORD-010565,2025-11-21,North America,Toys,Mobile app,Returning,1,35.39,5,33.62
ORD-010566,2025-11-21,Latin America,Electronics,Web,New,2,207.67,0,415.34
ORD-010567,2025-11-21,Asia Pacific,Electronics,Mobile app,New,4,161.97,10,583.09
ORD-010568,2025-11-21,Latin America,Apparel,Web,Returning,1,48.25,0,48.25
ORD-010569,2025-11-21,North America,Home & Kitchen,Web,Returning,3,112.3,5,320.05
ORD-010570,2025-11-21,Asia Pacific,Home & Kitchen,Marketplace,New,1,70.77,0,70.77
ORD-010571,2025-11-21,Latin America,Beauty,Web,Returning,1,57.3,10,51.57
ORD-010572,2025-11-21,Middle East & Africa,Beauty,Web,New,1,47.49,0,47.49
ORD-010573,2025-11-21,North America,Toys,Web,Returning,3,39.08,0,117.24
ORD-010574,2025-11-21,Europe,Toys,Marketplace,New,1,52.45,5,49.83
ORD-010575,2025-11-21,Europe,Electronics,Web,New,1,137.39,0,137.39
ORD-010576,2025-11-21,Latin America,Home & Kitchen,Mobile app,Returning,3,60.32,0,180.96
ORD-010577,2025-11-21,North America,Apparel,Mobile app,Returning,1,46.83,0,46.83
ORD-010578,2025-11-21,North America,Electronics,Retail partner,New,1,203.51,20,162.81
ORD-010579,2025-11-21,North America,Beauty,Web,Returning,1,18.15,0,18.15
ORD-010580,2025-11-21,Asia Pacific,Home & Kitchen,Web,New,1,50.14,5,47.63
ORD-010581,2025-11-21,Europe,Beauty,Marketplace,Returning,1,17.92,0,17.92
ORD-010582,2025-11-21,Europe,Home & Kitchen,Mobile app,New,1,107.08,0,107.08
ORD-010583,2025-11-21,Asia Pacific,Sports & Outdoors,Retail partner,Returning,2,178.56,0,357.12
ORD-010584,2025-11-21,Middle East & Africa,Home & Kitchen,Mobile app,New,2,63.22,5,120.12
ORD-010585,2025-11-21,North America,Home & Kitchen,Web,New,1,100.47,0,100.47
ORD-010586,2025-11-21,Asia Pacific,Home & Kitchen,Retail partner,Returning,3,35.7,15,91.04
ORD-010587,2025-11-21,Asia Pacific,Beauty,Web,Returning,2,29.38,10,52.88
ORD-010588,2025-11-21,North America,Apparel,Mobile app,New,4,34.38,10,123.77
ORD-010589,2025-11-21,North America,Sports & Outdoors,Marketplace,Returning,1,98.98,0,98.98
ORD-010590,2025-11-21,North America,Sports & Outdoors,Web,Returning,1,66.5,0,66.5
ORD-010591,2025-11-21,Middle East & Africa,Beauty,Retail partner,New,1,22.92,0,22.92
ORD-010592,2025-11-21,Europe,Electronics,Mobile app,Returning,1,237.7,15,202.05
ORD-010593,2025-11-21,Europe,Apparel,Mobile app,New,1,49.27,5,46.81
ORD-010594,2025-11-21,Latin America,Apparel,Marketplace,Returning,1,19.7,0,19.7
ORD-010595,2025-11-21,North America,Home & Kitchen,Web,New,3,45.34,0,136.02
ORD-010596,2025-11-21,Latin America,Home & Kitchen,Mobile app,Returning,3,41.69,0,125.07
ORD-010597,2025-11-21,Asia Pacific,Apparel,Web,Returning,1,35.25,0,35.25
ORD-010598,2025-11-21,North America,Home & Kitchen,Marketplace,Returning,2,67.98,0,135.96
ORD-010599,2025-11-21,North America,Sports & Outdoors,Web,Returning,3,49.59,10,133.89
ORD-010600,2025-11-21,North America,Electronics,Mobile app,New,2,287.62,0,575.24
ORD-010601,2025-11-21,North America,Beauty,Mobile app,Returning,1,34.28,10,30.85
ORD-010602,2025-11-21,Middle East & Africa,Home & Kitchen,Mobile app,New,1,47.95,5,45.55
ORD-010603,2025-11-21,North America,Beauty,Mobile app,New,2,28.31,0,56.62
ORD-010604,2025-11-22,Latin America,Toys,Mobile app,Returning,1,26.45,0,26.45
ORD-010605,2025-11-22,Europe,Electronics,Mobile app,Returning,3,265.63,5,757.05
ORD-010606,2025-11-22,North America,Home & Kitchen,Web,New,4,139.12,0,556.48
ORD-010607,2025-11-22,Middle East & Africa,Electronics,Web,Returning,2,130.88,0,261.76
ORD-010608,2025-11-22,Europe,Beauty,Web,Returning,3,40.24,15,102.61
ORD-010609,2025-11-22,Middle East & Africa,Home & Kitchen,Web,Returning,1,40.8,15,34.68
ORD-010610,2025-11-22,Latin America,Electronics,Mobile app,Returning,3,268.14,15,683.76
ORD-010611,2025-11-22,Europe,Apparel,Web,Returning,1,39.35,15,33.45
ORD-010612,2025-11-22,Europe,Beauty,Web,New,2,18.82,0,37.64
ORD-010613,2025-11-22,Europe,Apparel,Web,New,1,57.24,0,57.24
ORD-010614,2025-11-22,North America,Sports & Outdoors,Web,New,4,36.1,0,144.4
ORD-010615,2025-11-22,Latin America,Beauty,Web,New,1,18.98,0,18.98
ORD-010616,2025-11-22,North America,Apparel,Marketplace,Returning,1,60.6,0,60.6
ORD-010617,2025-11-22,Europe,Toys,Web,Returning,2,23.81,5,45.24
ORD-010618,2025-11-22,North America,Electronics,Mobile app,Returning,5,254.85,0,1274.25
ORD-010619,2025-11-22,Middle East & Africa,Electronics,Web,New,1,187.63,0,187.63
ORD-010620,2025-11-22,Europe,Beauty,Web,Returning,3,71.08,0,213.24
ORD-010621,2025-11-22,Europe,Electronics,Mobile app,New,1,166.72,0,166.72
ORD-010622,2025-11-22,Europe,Electronics,Web,Returning,2,158.82,0,317.64
ORD-010623,2025-11-22,Europe,Sports & Outdoors,Mobile app,Returning,2,107.33,0,214.66
ORD-010624,2025-11-22,Europe,Electronics,Mobile app,Returning,1,142.8,0,142.8
ORD-010625,2025-11-22,Asia Pacific,Home & Kitchen,Mobile app,Returning,2,60.3,5,114.57
ORD-010626,2025-11-22,Asia Pacific,Home & Kitchen,Mobile app,New,1,55.26,0,55.26
ORD-010627,2025-11-22,Asia Pacific,Toys,Web,New,2,41.74,0,83.48
ORD-010628,2025-11-22,Latin America,Beauty,Web,Returning,1,21.15,0,21.15
ORD-010629,2025-11-22,North America,Home & Kitchen,Retail partner,New,2,49.27,0,98.54
ORD-010630,2025-11-22,Latin America,Electronics,Marketplace,New,2,245.1,10,441.18
ORD-010631,2025-11-22,North America,Apparel,Web,Returning,1,29.21,10,26.29
ORD-010632,2025-11-22,Asia Pacific,Electronics,Web,New,4,187.64,0,750.56
ORD-010633,2025-11-22,Latin America,Home & Kitchen,Mobile app,New,1,81.05,0,81.05
ORD-010634,2025-11-22,Europe,Beauty,Mobile app,New,1,37.39,15,31.78
ORD-010635,2025-11-22,Asia Pacific,Beauty,Mobile app,Returning,1,23.4,0,23.4
ORD-010636,2025-11-22,Asia Pacific,Toys,Web,Returning,2,42.58,0,85.16
ORD-010637,2025-11-22,North America,Home & Kitchen,Mobile app,Returning,1,82.2,0,82.2
ORD-010638,2025-11-22,Europe,Home & Kitchen,Web,Returning,3,48.05,0,144.15
ORD-010639,2025-11-23,Europe,Home & Kitchen,Mobile app,Returning,1,93.92,0,93.92
ORD-010640,2025-11-23,Asia Pacific,Apparel,Mobile app,Returning,1,53.22,0,53.22
ORD-010641,2025-11-23,Asia Pacific,Electronics,Marketplace,Returning,1,221.3,0,221.3
ORD-010642,2025-11-23,North America,Apparel,Web,New,2,45.47,0,90.94
ORD-010643,2025-11-23,Latin America,Beauty,Web,Returning,1,16.51,5,15.68
ORD-010644,2025-11-23,Asia Pacific,Beauty,Marketplace,New,2,39.13,0,78.26
ORD-010645,2025-11-23,Middle East & Africa,Apparel,Web,Returning,1,26.96,5,25.61
ORD-010646,2025-11-23,Europe,Home & Kitchen,Marketplace,Returning,3,66.34,10,179.12
ORD-010647,2025-11-23,Europe,Home & Kitchen,Web,Returning,1,54.36,0,54.36
ORD-010648,2025-11-23,North America,Beauty,Web,Returning,3,22.9,0,68.7
ORD-010649,2025-11-23,Asia Pacific,Electronics,Marketplace,Returning,1,174.37,0,174.37
ORD-010650,2025-11-23,North America,Home & Kitchen,Retail partner,Returning,1,89.65,0,89.65
ORD-010651,2025-11-23,Middle East & Africa,Electronics,Web,Returning,1,252.43,0,252.43
ORD-010652,2025-11-23,Middle East & Africa,Home & Kitchen,Web,New,1,43.53,0,43.53
ORD-010653,2025-11-23,North America,Home & Kitchen,Web,Returning,1,62.29,0,62.29
ORD-010654,2025-11-23,Europe,Electronics,Web,Returning,1,85.83,0,85.83
ORD-010655,2025-11-23,North America,Sports & Outdoors,Marketplace,Returning,1,80.3,15,68.26
ORD-010656,2025-11-23,Latin America,Electronics,Web,Returning,4,100.16,5,380.61
ORD-010657,2025-11-23,Europe,Electronics,Marketplace,Returning,1,173.25,10,155.93
ORD-010658,2025-11-23,Asia Pacific,Apparel,Web,Returning,1,61.03,5,57.98
ORD-010659,2025-11-23,Asia Pacific,Home & Kitchen,Marketplace,New,1,65.76,0,65.76
ORD-010660,2025-11-23,North America,Sports & Outdoors,Web,New,1,84.53,5,80.3
ORD-010661,2025-11-23,Asia Pacific,Beauty,Mobile app,Returning,2,77.48,0,154.96
ORD-010662,2025-11-23,Asia Pacific,Sports & Outdoors,Marketplace,Returning,1,183.61,15,156.07
ORD-010663,2025-11-23,Asia Pacific,Beauty,Mobile app,Returning,3,24.12,0,72.36
ORD-010664,2025-11-23,Asia Pacific,Beauty,Mobile app,New,1,30.62,5,29.09
ORD-010665,2025-11-23,Middle East & Africa,Apparel,Web,Returning,1,61.89,0,61.89
ORD-010666,2025-11-23,Europe,Sports & Outdoors,Web,Returning,3,100.14,5,285.4
ORD-010667,2025-11-23,Latin America,Apparel,Web,Returning,2,43.42,10,78.16
ORD-010668,2025-11-23,Middle East & Africa,Apparel,Mobile app,New,2,43.89,5,83.39
ORD-010669,2025-11-23,Middle East & Africa,Beauty,Web,New,1,13.32,0,13.32
ORD-010670,2025-11-23,North America,Sports & Outdoors,Web,Returning,2,110.24,0,220.48
ORD-010671,2025-11-23,Asia Pacific,Toys,Web,Returning,1,26.66,0,26.66
ORD-010672,2025-11-24,Europe,Beauty,Web,Returning,1,37.06,15,31.5
ORD-010673,2025-11-24,Asia Pacific,Electronics,Retail partner,New,1,143.58,0,143.58
ORD-010674,2025-11-24,Asia Pacific,Apparel,Web,New,1,32.9,0,32.9
ORD-010675,2025-11-24,Latin America,Apparel,Web,Returning,3,63.78,0,191.34
ORD-010676,2025-11-24,Europe,Home & Kitchen,Marketplace,New,1,90.89,0,90.89
ORD-010677,2025-11-24,Asia Pacific,Home & Kitchen,Mobile app,New,1,56.23,0,56.23
ORD-010678,2025-11-24,North America,Toys,Retail partner,New,1,30.39,0,30.39
ORD-010679,2025-11-24,North America,Apparel,Web,New,1,17.58,0,17.58
ORD-010680,2025-11-24,Asia Pacific,Electronics,Web,New,1,120.78,5,114.74
ORD-010681,2025-11-24,North America,Apparel,Mobile app,Returning,1,42,20,33.6
ORD-010682,2025-11-24,North America,Sports & Outdoors,Mobile app,Returning,1,68.48,15,58.21
ORD-010683,2025-11-24,Europe,Apparel,Marketplace,New,2,25.62,0,51.24
ORD-010684,2025-11-24,Middle East & Africa,Beauty,Web,New,2,31.21,0,62.42
ORD-010685,2025-11-24,Middle East & Africa,Apparel,Web,Returning,1,39.17,0,39.17
ORD-010686,2025-11-24,North America,Home & Kitchen,Marketplace,Returning,1,56.62,0,56.62
ORD-010687,2025-11-24,North America,Home & Kitchen,Mobile app,Returning,1,30.26,0,30.26
ORD-010688,2025-11-24,Europe,Sports & Outdoors,Web,Returning,1,87.02,0,87.02
ORD-010689,2025-11-24,Asia Pacific,Sports & Outdoors,Marketplace,Returning,1,79.94,0,79.94
ORD-010690,2025-11-24,North America,Toys,Mobile app,Returning,1,28.59,10,25.73
ORD-010691,2025-11-24,Asia Pacific,Apparel,Mobile app,Returning,1,30.47,5,28.95
ORD-010692,2025-11-24,Latin America,Sports & Outdoors,Web,New,1,96.32,10,86.69
ORD-010693,2025-11-24,Asia Pacific,Electronics,Web,New,3,222.01,0,666.03
ORD-010694,2025-11-24,North America,Apparel,Web,New,1,37.12,0,37.12
ORD-010695,2025-11-24,North America,Apparel,Web,Returning,2,25.11,0,50.22
ORD-010696,2025-11-24,Europe,Home & Kitchen,Web,Returning,2,40.58,0,81.16
ORD-010697,2025-11-25,Europe,Beauty,Retail partner,Returning,1,37.27,5,35.41
ORD-010698,2025-11-25,Latin America,Electronics,Web,Returning,4,202.61,10,729.4
ORD-010699,2025-11-25,Europe,Electronics,Marketplace,Returning,2,145.86,0,291.72
ORD-010700,2025-11-25,Europe,Beauty,Web,New,3,24.7,0,74.1
ORD-010701,2025-11-25,North America,Home & Kitchen,Web,New,1,83.37,0,83.37
ORD-010702,2025-11-25,North America,Electronics,Retail partner,Returning,1,147.59,0,147.59
ORD-010703,2025-11-25,Latin America,Beauty,Marketplace,New,3,32.15,15,81.98
ORD-010704,2025-11-25,Europe,Apparel,Mobile app,New,2,34.78,0,69.56
ORD-010705,2025-11-25,Latin America,Home & Kitchen,Mobile app,New,2,53.3,15,90.61
ORD-010706,2025-11-25,Latin America,Electronics,Web,Returning,1,213.05,0,213.05
ORD-010707,2025-11-25,North America,Toys,Web,New,2,50.36,0,100.72
ORD-010708,2025-11-25,Europe,Home & Kitchen,Mobile app,Returning,3,48.01,15,122.43
ORD-010709,2025-11-25,Asia Pacific,Home & Kitchen,Web,Returning,1,61.17,5,58.11
ORD-010710,2025-11-25,Asia Pacific,Home & Kitchen,Web,New,4,53.72,10,193.39
ORD-010711,2025-11-25,North America,Apparel,Web,Returning,4,59.95,0,239.8
ORD-010712,2025-11-25,Europe,Apparel,Mobile app,Returning,1,46.46,0,46.46
ORD-010713,2025-11-25,Asia Pacific,Home & Kitchen,Web,New,2,75.13,0,150.26
ORD-010714,2025-11-25,North America,Electronics,Mobile app,Returning,1,147.89,0,147.89
ORD-010715,2025-11-25,Europe,Sports & Outdoors,Marketplace,New,1,60.49,0,60.49
ORD-010716,2025-11-25,Europe,Electronics,Web,Returning,1,248.23,10,223.41
ORD-010717,2025-11-25,North America,Sports & Outdoors,Web,Returning,1,73.57,0,73.57
ORD-010718,2025-11-25,Asia Pacific,Electronics,Web,Returning,4,204.56,5,777.33
ORD-010719,2025-11-25,North America,Apparel,Mobile app,New,3,55.54,0,166.62
ORD-010720,2025-11-25,Asia Pacific,Home & Kitchen,Marketplace,Returning,4,34.87,0,139.48
ORD-010721,2025-11-25,Asia Pacific,Home & Kitchen,Mobile app,Returning,2,43.26,0,86.52
ORD-010722,2025-11-25,Asia Pacific,Apparel,Web,Returning,1,51.04,0,51.04
ORD-010723,2025-11-25,Middle East & Africa,Beauty,Marketplace,New,2,16.19,10,29.14
ORD-010724,2025-11-25,Latin America,Beauty,Marketplace,Returning,1,32.65,0,32.65
ORD-010725,2025-11-25,Asia Pacific,Sports & Outdoors,Mobile app,Returning,2,55.33,0,110.66
ORD-010726,2025-11-25,North America,Sports & Outdoors,Mobile app,New,2,98.56,0,197.12
ORD-010727,2025-11-25,Latin America,Sports & Outdoors,Web,Returning,1,90.78,0,90.78
ORD-010728,2025-11-26,Asia Pacific,Electronics,Mobile app,Returning,2,178.49,20,285.58
ORD-010729,2025-11-26,North America,Electronics,Mobile app,Returning,1,248.12,0,248.12
ORD-010730,2025-11-26,Asia Pacific,Beauty,Web,Returning,2,14.76,0,29.52
ORD-010731,2025-11-26,Asia Pacific,Beauty,Mobile app,New,3,33.47,0,100.41
ORD-010732,2025-11-26,Europe,Electronics,Mobile app,Returning,2,154.63,5,293.8
ORD-010733,2025-11-26,North America,Beauty,Marketplace,Returning,2,22.04,0,44.08
ORD-010734,2025-11-26,Latin America,Beauty,Web,Returning,3,28.03,0,84.09
ORD-010735,2025-11-26,North America,Apparel,Marketplace,New,2,34.04,15,57.87
ORD-010736,2025-11-26,North America,Apparel,Mobile app,Returning,1,31.81,10,28.63
ORD-010737,2025-11-26,Latin America,Sports & Outdoors,Web,New,1,109.97,20,87.98
ORD-010738,2025-11-26,Europe,Sports & Outdoors,Web,Returning,1,108.17,5,102.76
ORD-010739,2025-11-26,Latin America,Electronics,Mobile app,New,1,129.66,0,129.66
ORD-010740,2025-11-26,Europe,Beauty,Web,Returning,1,23.29,0,23.29
ORD-010741,2025-11-26,North America,Apparel,Web,New,4,47.01,20,150.43
ORD-010742,2025-11-26,Europe,Apparel,Web,New,1,55.13,5,52.37
ORD-010743,2025-11-26,Latin America,Sports & Outdoors,Web,New,2,69.64,0,139.28
ORD-010744,2025-11-26,Europe,Beauty,Web,New,2,26.03,0,52.06
ORD-010745,2025-11-26,Latin America,Electronics,Mobile app,Returning,2,168.13,0,336.26
ORD-010746,2025-11-26,North America,Sports & Outdoors,Web,Returning,1,84.38,5,80.16
ORD-010747,2025-11-26,North America,Electronics,Mobile app,New,1,198,0,198
ORD-010748,2025-11-26,Middle East & Africa,Beauty,Web,Returning,2,32.22,0,64.44
ORD-010749,2025-11-26,Asia Pacific,Home & Kitchen,Mobile app,New,1,72.4,0,72.4
ORD-010750,2025-11-26,Asia Pacific,Beauty,Retail partner,New,1,34.98,15,29.73
ORD-010751,2025-11-26,Europe,Beauty,Mobile app,Returning,1,52.16,5,49.55
ORD-010752,2025-11-26,Asia Pacific,Electronics,Marketplace,New,1,148.94,5,141.49
ORD-010753,2025-11-26,Europe,Electronics,Web,Returning,1,230.67,0,230.67
ORD-010754,2025-11-26,North America,Home & Kitchen,Web,New,1,91.57,10,82.41
ORD-010755,2025-11-26,Europe,Sports & Outdoors,Web,Returning,1,70.2,5,66.69
ORD-010756,2025-11-26,Asia Pacific,Electronics,Web,Returning,3,144.05,10,388.94
ORD-010757,2025-11-26,North America,Electronics,Marketplace,Returning,4,232.66,5,884.11
ORD-010758,2025-11-26,North America,Home & Kitchen,Web,Returning,2,39.42,0,78.84
ORD-010759,2025-11-26,Asia Pacific,Electronics,Marketplace,Returning,2,202.32,15,343.94
ORD-010760,2025-11-27,Asia Pacific,Apparel,Web,Returning,4,25.51,0,102.04
ORD-010761,2025-11-27,Asia Pacific,Beauty,Web,New,1,35.6,20,28.48
ORD-010762,2025-11-27,North America,Home & Kitchen,Retail partner,Returning,2,94.9,10,170.82
ORD-010763,2025-11-27,North America,Sports & Outdoors,Mobile app,New,1,56.86,5,54.02
ORD-010764,2025-11-27,North America,Electronics,Marketplace,Returning,3,260.7,5,742.99
ORD-010765,2025-11-27,North America,Electronics,Web,Returning,1,231.74,5,220.15
ORD-010766,2025-11-27,Asia Pacific,Apparel,Web,Returning,1,43.42,15,36.91
ORD-010767,2025-11-27,Europe,Electronics,Web,Returning,1,133.59,0,133.59
ORD-010768,2025-11-27,Middle East & Africa,Apparel,Web,New,1,43.42,0,43.42
ORD-010769,2025-11-27,Europe,Electronics,Marketplace,New,1,289.92,0,289.92
ORD-010770,2025-11-27,Europe,Apparel,Web,Returning,1,39.65,0,39.65
ORD-010771,2025-11-27,North America,Apparel,Marketplace,New,2,50.39,0,100.78
ORD-010772,2025-11-27,Europe,Electronics,Mobile app,Returning,1,222.49,0,222.49
ORD-010773,2025-11-27,Latin America,Apparel,Web,Returning,1,41.53,20,33.22
ORD-010774,2025-11-27,North America,Toys,Mobile app,New,1,18.97,0,18.97
ORD-010775,2025-11-27,Asia Pacific,Beauty,Mobile app,New,1,26.09,15,22.18
ORD-010776,2025-11-27,North America,Home & Kitchen,Marketplace,Returning,1,57.6,0,57.6
ORD-010777,2025-11-27,Middle East & Africa,Apparel,Web,New,2,49.05,15,83.39
ORD-010778,2025-11-27,North America,Toys,Mobile app,New,2,28.95,0,57.9
ORD-010779,2025-11-27,North America,Toys,Marketplace,New,1,41.43,0,41.43
ORD-010780,2025-11-27,Europe,Apparel,Mobile app,New,2,46.58,0,93.16
ORD-010781,2025-11-27,North America,Electronics,Mobile app,Returning,1,296.36,15,251.91
ORD-010782,2025-11-27,Europe,Sports & Outdoors,Web,Returning,3,69.38,0,208.14
ORD-010783,2025-11-27,Asia Pacific,Home & Kitchen,Web,Returning,1,54.6,5,51.87
ORD-010784,2025-11-27,Middle East & Africa,Beauty,Mobile app,Returning,1,21.22,0,21.22
ORD-010785,2025-11-27,Europe,Sports & Outdoors,Mobile app,Returning,2,70.92,0,141.84
ORD-010786,2025-11-27,North America,Home & Kitchen,Mobile app,Returning,5,94.79,10,426.56
ORD-010787,2025-11-27,Asia Pacific,Sports & Outdoors,Web,Returning,2,108.89,15,185.11
ORD-010788,2025-11-27,Europe,Apparel,Web,Returning,4,50.16,0,200.64
ORD-010789,2025-11-27,Europe,Toys,Web,Returning,1,34.91,0,34.91
ORD-010790,2025-11-27,North America,Apparel,Marketplace,New,1,42.76,0,42.76
ORD-010791,2025-11-27,Asia Pacific,Apparel,Web,Returning,2,34.98,0,69.96
ORD-010792,2025-11-27,Asia Pacific,Sports & Outdoors,Web,Returning,5,60.74,0,303.7
ORD-010793,2025-11-27,North America,Home & Kitchen,Mobile app,Returning,5,61.04,5,289.94
ORD-010794,2025-11-27,North America,Home & Kitchen,Mobile app,New,1,107.31,0,107.31
ORD-010795,2025-11-27,Europe,Home & Kitchen,Mobile app,New,1,67.87,0,67.87
ORD-010796,2025-11-27,Europe,Sports & Outdoors,Web,New,1,71.93,0,71.93
ORD-010797,2025-11-28,Latin America,Sports & Outdoors,Marketplace,Returning,2,74.42,30,104.19
ORD-010798,2025-11-28,North America,Electronics,Mobile app,Returning,3,191.47,30,402.09
ORD-010799,2025-11-28,Middle East & Africa,Toys,Mobile app,Returning,2,45.82,40,54.98
ORD-010800,2025-11-28,Europe,Sports & Outdoors,Web,Returning,3,87.33,20,209.59
ORD-010801,2025-11-28,Asia Pacific,Beauty,Web,Returning,2,16.03,20,25.65
ORD-010802,2025-11-28,Asia Pacific,Electronics,Mobile app,Returning,4,310.03,30,868.08
ORD-010803,2025-11-28,Latin America,Electronics,Web,Returning,1,259.83,20,207.86
ORD-010804,2025-11-28,North America,Electronics,Web,New,1,148.92,30,104.24
ORD-010805,2025-11-28,North America,Home & Kitchen,Web,Returning,4,72.23,30,202.24
ORD-010806,2025-11-28,Europe,Home & Kitchen,Marketplace,New,2,62.54,30,87.56
ORD-010807,2025-11-28,Asia Pacific,Apparel,Web,New,1,33.4,30,23.38
ORD-010808,2025-11-28,Asia Pacific,Apparel,Marketplace,Returning,2,38.67,20,61.87
ORD-010809,2025-11-28,Europe,Beauty,Retail partner,Returning,2,20.06,20,32.1
ORD-010810,2025-11-28,Asia Pacific,Beauty,Mobile app,Returning,2,59.1,20,94.56
ORD-010811,2025-11-28,Asia Pacific,Electronics,Web,Returning,1,280.64,20,224.51
ORD-010812,2025-11-28,Europe,Apparel,Web,New,1,49.72,20,39.78
ORD-010813,2025-11-28,Asia Pacific,Electronics,Web,New,4,112.46,20,359.87
ORD-010814,2025-11-28,Europe,Toys,Web,New,2,28.37,20,45.39
ORD-010815,2025-11-28,North America,Electronics,Web,Returning,4,118.02,20,377.66
ORD-010816,2025-11-28,Europe,Sports & Outdoors,Retail partner,New,3,82.11,30,172.43
ORD-010817,2025-11-28,Europe,Home & Kitchen,Web,New,2,107.35,30,150.29
ORD-010818,2025-11-28,Middle East & Africa,Beauty,Web,Returning,2,17.52,20,28.03
ORD-010819,2025-11-28,Middle East & Africa,Toys,Web,Returning,3,20.44,40,36.79
ORD-010820,2025-11-28,Europe,Apparel,Web,New,1,28.37,40,17.02
ORD-010821,2025-11-28,Europe,Toys,Mobile app,Returning,1,36.54,20,29.23
ORD-010822,2025-11-28,North America,Beauty,Mobile app,Returning,1,24.77,20,19.82
ORD-010823,2025-11-28,Europe,Toys,Web,New,2,33.06,30,46.28
ORD-010824,2025-11-28,North America,Beauty,Web,Returning,1,26.3,40,15.78
ORD-010825,2025-11-28,North America,Home & Kitchen,Web,New,2,45.2,20,72.32
ORD-010826,2025-11-28,North America,Home & Kitchen,Mobile app,New,2,88.12,30,123.37
ORD-010827,2025-11-28,North America,Toys,Web,Returning,2,58.32,30,81.65
ORD-010828,2025-11-28,Latin America,Home & Kitchen,Web,Returning,2,78.49,20,125.58
ORD-010829,2025-11-28,Latin America,Toys,Mobile app,Returning,1,29.74,20,23.79
ORD-010830,2025-11-28,Europe,Apparel,Mobile app,New,5,52.69,30,184.42
ORD-010831,2025-11-28,Europe,Apparel,Mobile app,Returning,2,30.6,30,42.84
ORD-010832,2025-11-28,Europe,Apparel,Mobile app,Returning,2,60.06,20,96.1
ORD-010833,2025-11-28,Asia Pacific,Electronics,Mobile app,New,1,131.01,20,104.81
ORD-010834,2025-11-28,North America,Apparel,Mobile app,New,1,42.13,30,29.49
ORD-010835,2025-11-28,North America,Electronics,Web,Returning,5,209.17,30,732.09
ORD-010836,2025-11-28,Europe,Beauty,Marketplace,New,2,26.89,20,43.02
ORD-010837,2025-11-28,Latin America,Electronics,Web,New,1,170.14,40,102.08
ORD-010838,2025-11-28,Europe,Electronics,Web,Returning,3,120.43,20,289.03
ORD-010839,2025-11-28,North America,Sports & Outdoors,Mobile app,New,2,72.01,20,115.22
ORD-010840,2025-11-28,Europe,Home & Kitchen,Mobile app,New,3,61.2,30,128.52
ORD-010841,2025-11-28,Europe,Electronics,Marketplace,Returning,1,93.7,20,74.96
ORD-010842,2025-11-28,Asia Pacific,Home & Kitchen,Web,Returning,3,41.6,40,74.88
ORD-010843,2025-11-28,North America,Beauty,Mobile app,New,1,34.83,20,27.86
ORD-010844,2025-11-28,North America,Sports & Outdoors,Mobile app,New,5,120.12,30,420.42
ORD-010845,2025-11-28,Asia Pacific,Home & Kitchen,Mobile app,New,2,68.01,40,81.61
ORD-010846,2025-11-28,Europe,Electronics,Marketplace,Returning,1,244.64,20,195.71
ORD-010847,2025-11-28,North America,Apparel,Web,Returning,3,45.5,40,81.9
ORD-010848,2025-11-28,Europe,Beauty,Mobile app,Returning,3,20.67,30,43.41
ORD-010849,2025-11-28,North America,Electronics,Mobile app,Returning,3,157.41,20,377.78
ORD-010850,2025-11-28,Asia Pacific,Electronics,Mobile app,Returning,1,252.21,20,201.77
ORD-010851,2025-11-28,Latin America,Electronics,Mobile app,New,2,79.67,20,127.47
ORD-010852,2025-11-28,Asia Pacific,Electronics,Mobile app,Returning,1,136.99,40,82.19
ORD-010853,2025-11-28,Latin America,Home & Kitchen,Web,New,1,73.89,30,51.72
ORD-010854,2025-11-28,Europe,Beauty,Mobile app,Returning,3,36.6,40,65.88
ORD-010855,2025-11-28,Europe,Beauty,Mobile app,Returning,2,37.76,20,60.42
ORD-010856,2025-11-28,North America,Electronics,Mobile app,New,1,145.05,30,101.54
ORD-010857,2025-11-28,North America,Electronics,Mobile app,Returning,1,246.88,30,172.82
ORD-010858,2025-11-28,Europe,Home & Kitchen,Mobile app,Returning,5,60.52,20,242.08
ORD-010859,2025-11-28,Europe,Electronics,Web,Returning,1,225.18,40,135.11
ORD-010860,2025-11-28,Europe,Home & Kitchen,Mobile app,Returning,1,53.14,20,42.51
ORD-010861,2025-11-28,Latin America,Beauty,Mobile app,Returning,1,33.12,20,26.5
ORD-010862,2025-11-28,Middle East & Africa,Home & Kitchen,Marketplace,Returning,1,101.24,30,70.87
ORD-010863,2025-11-28,North America,Electronics,Mobile app,New,2,345.34,40,414.41
ORD-010864,2025-11-28,North America,Home & Kitchen,Retail partner,Returning,1,35.75,40,21.45
ORD-010865,2025-11-28,Middle East & Africa,Home & Kitchen,Mobile app,Returning,1,102.71,40,61.63
ORD-010866,2025-11-28,Asia Pacific,Sports & Outdoors,Mobile app,New,1,84.2,40,50.52
ORD-010867,2025-11-28,North America,Electronics,Marketplace,New,4,234.78,30,657.38
ORD-010868,2025-11-28,North America,Beauty,Marketplace,Returning,1,27.87,30,19.51
ORD-010869,2025-11-28,Asia Pacific,Home & Kitchen,Web,Returning,2,35.87,20,57.39
ORD-010870,2025-11-28,Latin America,Home & Kitchen,Mobile app,New,4,38.7,40,92.88
ORD-010871,2025-11-28,Europe,Sports & Outdoors,Mobile app,Returning,2,119.04,20,190.46
ORD-010872,2025-11-28,Asia Pacific,Home & Kitchen,Web,Returning,1,54.98,20,43.98
ORD-010873,2025-11-28,North America,Electronics,Mobile app,New,1,190.33,40,114.2
ORD-010874,2025-11-28,Europe,Sports & Outdoors,Marketplace,Returning,2,99.35,20,158.96
ORD-010875,2025-11-28,North America,Beauty,Mobile app,Returning,1,47.73,20,38.18
ORD-010876,2025-11-28,Latin America,Toys,Mobile app,New,1,41.99,30,29.39
ORD-010877,2025-11-28,Asia Pacific,Home & Kitchen,Marketplace,Returning,3,45.09,20,108.22
ORD-010878,2025-11-28,Europe,Electronics,Web,New,3,228.45,20,548.28
ORD-010879,2025-11-28,Europe,Apparel,Retail partner,New,3,36.52,20,87.65
ORD-010880,2025-11-28,North America,Apparel,Marketplace,Returning,2,45.82,30,64.15
ORD-010881,2025-11-28,North America,Sports & Outdoors,Mobile app,Returning,2,82.35,30,115.29
ORD-010882,2025-11-28,Middle East & Africa,Sports & Outdoors,Web,Returning,1,43.31,20,34.65
ORD-010883,2025-11-28,Latin America,Electronics,Marketplace,Returning,1,199.47,40,119.68
ORD-010884,2025-11-28,North America,Electronics,Web,New,1,152.08,30,106.46
ORD-010885,2025-11-28,Middle East & Africa,Toys,Retail partner,Returning,2,44.94,20,71.9
ORD-010886,2025-11-28,Europe,Toys,Mobile app,Returning,4,20.53,20,65.7
ORD-010887,2025-11-28,Latin America,Home & Kitchen,Web,New,1,49.97,40,29.98
ORD-010888,2025-11-28,Europe,Apparel,Mobile app,New,1,49.37,30,34.56
ORD-010889,2025-11-28,Middle East & Africa,Beauty,Retail partner,New,2,38.91,20,62.26
ORD-010890,2025-11-28,Asia Pacific,Beauty,Web,New,1,17.82,20,14.26
ORD-010891,2025-11-28,Middle East & Africa,Home & Kitchen,Mobile app,New,1,95.89,30,67.12
ORD-010892,2025-11-28,Middle East & Africa,Toys,Mobile app,Returning,1,34.08,20,27.26
ORD-010893,2025-11-28,North America,Electronics,Web,Returning,1,133.81,20,107.05
ORD-010894,2025-11-28,Europe,Electronics,Web,Returning,4,157.28,20,503.3
ORD-010895,2025-11-28,Europe,Apparel,Web,New,1,50.23,30,35.16
ORD-010896,2025-11-28,Asia Pacific,Home & Kitchen,Mobile app,Returning,3,57.52,20,138.05
ORD-010897,2025-11-28,Europe,Apparel,Mobile app,New,3,55.17,30,115.86
ORD-010898,2025-11-28,Asia Pacific,Sports & Outdoors,Retail partner,Returning,3,42.03,30,88.26
ORD-010899,2025-11-28,Asia Pacific,Home & Kitchen,Mobile app,Returning,1,73.76,30,51.63
ORD-010900,2025-11-28,Latin America,Apparel,Web,New,1,61.16,30,42.81
ORD-010901,2025-11-28,Asia Pacific,Apparel,Web,New,2,36.31,40,43.57
ORD-010902,2025-11-28,North America,Electronics,Retail partner,New,1,183.14,30,128.2
ORD-010903,2025-11-28,Europe,Electronics,Retail partner,Returning,3,130.94,20,314.26
ORD-010904,2025-11-28,North America,Toys,Mobile app,New,1,29.53,20,23.62
ORD-010905,2025-11-28,Asia Pacific,Electronics,Mobile app,Returning,3,365.44,40,657.79
ORD-010906,2025-11-28,North America,Beauty,Web,Returning,3,34.21,20,82.1
ORD-010907,2025-11-28,North America,Electronics,Mobile app,New,1,114.22,30,79.95
ORD-010908,2025-11-28,Europe,Apparel,Web,Returning,2,33.2,20,53.12
ORD-010909,2025-11-28,Asia Pacific,Toys,Web,Returning,1,64.26,20,51.41
ORD-010910,2025-11-28,Latin America,Electronics,Web,New,3,110.01,40,198.02
ORD-010911,2025-11-28,Asia Pacific,Electronics,Web,Returning,2,122.44,20,195.9
ORD-010912,2025-11-28,Europe,Sports & Outdoors,Retail partner,New,1,80.18,20,64.14
ORD-010913,2025-11-28,Europe,Sports & Outdoors,Mobile app,New,1,37.88,30,26.52
ORD-010914,2025-11-28,Middle East & Africa,Beauty,Retail partner,Returning,2,37.92,40,45.5
ORD-010915,2025-11-28,Europe,Beauty,Retail partner,New,1,52.1,20,41.68
ORD-010916,2025-11-28,Europe,Beauty,Web,Returning,1,22.03,20,17.62
ORD-010917,2025-11-28,Europe,Electronics,Web,New,1,89.94,20,71.95
ORD-010918,2025-11-28,Asia Pacific,Home & Kitchen,Mobile app,New,1,86.62,20,69.3
ORD-010919,2025-11-28,Europe,Apparel,Web,Returning,1,71.65,40,42.99
ORD-010920,2025-11-28,North America,Beauty,Web,New,1,51.37,20,41.1
ORD-010921,2025-11-28,Europe,Toys,Mobile app,New,2,37.69,30,52.77
ORD-010922,2025-11-28,North America,Apparel,Mobile app,Returning,2,49.79,30,69.71
ORD-010923,2025-11-28,North America,Electronics,Mobile app,Returning,1,189.85,30,132.89
ORD-010924,2025-11-28,Europe,Home & Kitchen,Mobile app,New,1,27.14,20,21.71
ORD-010925,2025-11-28,Asia Pacific,Toys,Mobile app,Returning,1,23.05,20,18.44
ORD-010926,2025-11-28,North America,Electronics,Marketplace,Returning,2,148.88,30,208.43
ORD-010927,2025-11-28,North America,Home & Kitchen,Web,Returning,4,66.24,20,211.97
ORD-010928,2025-11-28,Asia Pacific,Electronics,Mobile app,Returning,1,204.48,30,143.14
ORD-010929,2025-11-28,North America,Sports & Outdoors,Web,New,1,86.7,40,52.02
ORD-010930,2025-11-28,Asia Pacific,Sports & Outdoors,Mobile app,Returning,1,118.69,20,94.95
ORD-010931,2025-11-28,Latin America,Apparel,Web,Returning,1,49.82,40,29.89
ORD-010932,2025-11-28,Europe,Apparel,Web,Returning,1,77.71,40,46.63
ORD-010933,2025-11-28,Europe,Sports & Outdoors,Web,Returning,1,47.35,30,33.14
ORD-010934,2025-11-28,Asia Pacific,Electronics,Web,Returning,2,122.03,20,195.25
ORD-010935,2025-11-28,Europe,Electronics,Mobile app,Returning,1,118.21,20,94.57
ORD-010936,2025-11-28,North America,Sports & Outdoors,Mobile app,New,5,56.02,20,224.08
ORD-010937,2025-11-28,North America,Home & Kitchen,Mobile app,Returning,4,42.28,20,135.3
ORD-010938,2025-11-28,Europe,Sports & Outdoors,Mobile app,New,2,92.67,30,129.74
ORD-010939,2025-11-28,Europe,Electronics,Mobile app,Returning,1,209.91,40,125.95
ORD-010940,2025-11-28,North America,Sports & Outdoors,Mobile app,Returning,3,54.4,20,130.56
ORD-010941,2025-11-29,Latin America,Apparel,Retail partner,Returning,1,67.06,5,63.71
ORD-010942,2025-11-29,Europe,Home & Kitchen,Web,New,2,41.34,5,78.55
ORD-010943,2025-11-29,Europe,Beauty,Web,Returning,1,19,15,16.15
ORD-010944,2025-11-29,Asia Pacific,Electronics,Retail partner,New,1,112.89,0,112.89
ORD-010945,2025-11-29,Europe,Toys,Mobile app,Returning,3,27.9,5,79.51
ORD-010946,2025-11-29,Europe,Sports & Outdoors,Retail partner,Returning,4,50.15,0,200.6
ORD-010947,2025-11-29,North America,Apparel,Mobile app,New,3,34.42,0,103.26
ORD-010948,2025-11-29,Middle East & Africa,Electronics,Web,Returning,3,159.76,0,479.28
ORD-010949,2025-11-29,North America,Electronics,Mobile app,Returning,2,170.34,10,306.61
ORD-010950,2025-11-29,North America,Beauty,Mobile app,New,3,35.62,0,106.86
ORD-010951,2025-11-29,North America,Apparel,Retail partner,Returning,3,65.55,0,196.65
ORD-010952,2025-11-29,Latin America,Apparel,Web,New,3,38.45,0,115.35
ORD-010953,2025-11-29,Asia Pacific,Electronics,Web,Returning,1,152.78,0,152.78
ORD-010954,2025-11-29,Europe,Beauty,Web,Returning,1,26.87,10,24.18
ORD-010955,2025-11-29,North America,Beauty,Mobile app,New,1,28.01,5,26.61
ORD-010956,2025-11-29,North America,Home & Kitchen,Mobile app,Returning,1,82.89,15,70.46
ORD-010957,2025-11-29,North America,Toys,Mobile app,Returning,2,14.6,0,29.2
ORD-010958,2025-11-29,North America,Apparel,Mobile app,New,2,53.7,0,107.4
ORD-010959,2025-11-29,Asia Pacific,Apparel,Mobile app,Returning,1,84.03,0,84.03
ORD-010960,2025-11-29,Latin America,Apparel,Web,Returning,1,39.26,0,39.26
ORD-010961,2025-11-29,Europe,Apparel,Marketplace,Returning,2,41.19,10,74.14
ORD-010962,2025-11-29,Asia Pacific,Beauty,Web,Returning,2,36.68,0,73.36
ORD-010963,2025-11-29,Europe,Electronics,Web,New,1,294.85,0,294.85
ORD-010964,2025-11-29,Asia Pacific,Electronics,Mobile app,Returning,1,239.76,15,203.8
ORD-010965,2025-11-29,Europe,Sports & Outdoors,Mobile app,New,5,56.39,0,281.95
ORD-010966,2025-11-29,North America,Beauty,Mobile app,Returning,3,16.15,0,48.45
ORD-010967,2025-11-29,North America,Home & Kitchen,Mobile app,Returning,1,84.43,0,84.43
ORD-010968,2025-11-29,North America,Sports & Outdoors,Web,Returning,1,165.51,10,148.96
ORD-010969,2025-11-29,Europe,Electronics,Web,Returning,1,273.93,5,260.23
ORD-010970,2025-11-29,Europe,Toys,Web,Returning,2,52.35,0,104.7
ORD-010971,2025-11-29,Middle East & Africa,Electronics,Web,Returning,1,223.67,0,223.67
ORD-010972,2025-11-29,Asia Pacific,Sports & Outdoors,Mobile app,Returning,3,49.63,0,148.89
ORD-010973,2025-11-29,Europe,Electronics,Marketplace,Returning,2,133.81,5,254.24
ORD-010974,2025-11-29,Asia Pacific,Apparel,Mobile app,Returning,2,38.84,0,77.68
ORD-010975,2025-11-29,Europe,Apparel,Mobile app,Returning,1,51.71,5,49.12
ORD-010976,2025-11-29,North America,Sports & Outdoors,Web,Returning,3,118.46,10,319.84
ORD-010977,2025-11-30,Latin America,Home & Kitchen,Retail partner,Returning,1,33.17,0,33.17
ORD-010978,2025-11-30,Latin America,Sports & Outdoors,Web,Returning,2,51.65,0,103.3
ORD-010979,2025-11-30,Asia Pacific,Apparel,Web,New,1,33.1,0,33.1
ORD-010980,2025-11-30,Europe,Electronics,Marketplace,Returning,1,137,0,137
ORD-010981,2025-11-30,Asia Pacific,Home & Kitchen,Web,New,1,103.17,0,103.17
ORD-010982,2025-11-30,Europe,Apparel,Marketplace,New,1,21.13,0,21.13
ORD-010983,2025-11-30,Asia Pacific,Toys,Mobile app,Returning,1,39.86,0,39.86
ORD-010984,2025-11-30,Europe,Home & Kitchen,Retail partner,New,1,44.28,20,35.42
ORD-010985,2025-11-30,Middle East & Africa,Toys,Web,New,2,36.47,0,72.94
ORD-010986,2025-11-30,Latin America,Apparel,Mobile app,New,2,36.09,15,61.35
ORD-010987,2025-11-30,Middle East & Africa,Home & Kitchen,Mobile app,Returning,1,82.84,0,82.84
ORD-010988,2025-11-30,Latin America,Home & Kitchen,Web,New,1,42.26,0,42.26
ORD-010989,2025-11-30,Europe,Electronics,Web,New,4,182.04,0,728.16
ORD-010990,2025-11-30,Europe,Apparel,Mobile app,Returning,3,56.55,0,169.65
ORD-010991,2025-11-30,Middle East & Africa,Sports & Outdoors,Web,Returning,1,59.15,0,59.15
ORD-010992,2025-11-30,North America,Toys,Web,Returning,1,25.21,0,25.21
ORD-010993,2025-11-30,North America,Electronics,Web,New,1,189.33,10,170.4
ORD-010994,2025-11-30,North America,Electronics,Mobile app,New,4,182.91,15,621.89
ORD-010995,2025-11-30,Asia Pacific,Apparel,Web,New,1,46.43,5,44.11
ORD-010996,2025-11-30,North America,Home & Kitchen,Mobile app,Returning,4,74.97,5,284.89
ORD-010997,2025-11-30,Europe,Toys,Web,New,1,23.98,0,23.98
ORD-010998,2025-11-30,Middle East & Africa,Beauty,Web,New,1,62.67,0,62.67
ORD-010999,2025-11-30,Europe,Sports & Outdoors,Retail partner,New,1,73.54,10,66.19
ORD-011000,2025-11-30,Asia Pacific,Home & Kitchen,Web,Returning,4,131.43,15,446.86
ORD-011001,2025-11-30,North America,Electronics,Web,New,4,161.19,0,644.76
ORD-011002,2025-11-30,Asia Pacific,Apparel,Mobile app,New,1,102.58,0,102.58
ORD-011003,2025-11-30,Middle East & Africa,Electronics,Web,Returning,1,296.53,5,281.7
ORD-011004,2025-11-30,Europe,Sports & Outdoors,Web,Returning,1,80.03,0,80.03
ORD-011005,2025-11-30,Europe,Home & Kitchen,Web,New,1,63.67,0,63.67
ORD-011006,2025-11-30,Europe,Home & Kitchen,Web,New,1,105.49,0,105.49
ORD-011007,2025-11-30,North America,Home & Kitchen,Web,Returning,1,54.39,5,51.67
ORD-011008,2025-11-30,North America,Electronics,Web,Returning,2,115.66,0,231.32
ORD-011009,2025-11-30,North America,Electronics,Mobile app,Returning,4,147.26,5,559.59
ORD-011010,2025-11-30,Asia Pacific,Beauty,Web,Returning,1,19.6,15,16.66
ORD-011011,2025-11-30,North America,Beauty,Web,Returning,1,54.63,10,49.17
ORD-011012,2025-11-30,Asia Pacific,Home & Kitchen,Web,Returning,1,108.48,0,108.48
ORD-011013,2025-11-30,Europe,Home & Kitchen,Marketplace,New,4,70.51,10,253.84
ORD-011014,2025-11-30,North America,Electronics,Marketplace,Returning,1,155.86,10,140.27
ORD-011015,2025-11-30,Asia Pacific,Electronics,Web,Returning,1,244.98,15,208.23
ORD-011016,2025-11-30,Europe,Toys,Web,Returning,1,35.61,5,33.83
ORD-011017,2025-11-30,Asia Pacific,Beauty,Retail partner,Returning,2,22.8,15,38.76
ORD-011018,2025-11-30,Europe,Toys,Web,Returning,1,20.86,10,18.77
ORD-011019,2025-11-30,Latin America,Beauty,Mobile app,New,1,37.28,10,33.55
ORD-011020,2025-11-30,Europe,Electronics,Web,New,1,145.4,0,145.4
ORD-011021,2025-11-30,Latin America,Beauty,Retail partner,Returning,3,27.86,10,75.22
ORD-011022,2025-11-30,Europe,Sports & Outdoors,Marketplace,Returning,2,109.02,15,185.33
ORD-011023,2025-11-30,Asia Pacific,Beauty,Web,Returning,1,24.39,0,24.39
ORD-011024,2025-12-01,Middle East & Africa,Electronics,Web,New,1,127.53,0,127.53
ORD-011025,2025-12-01,Europe,Sports & Outdoors,Web,Returning,1,68.15,0,68.15
ORD-011026,2025-12-01,North America,Electronics,Web,Returning,1,142.66,0,142.66
ORD-011027,2025-12-01,Asia Pacific,Apparel,Marketplace,New,1,33.65,0,33.65
ORD-011028,2025-12-01,Middle East & Africa,Sports & Outdoors,Web,New,3,103.34,0,310.02
ORD-011029,2025-12-01,Latin America,Electronics,Mobile app,New,1,126.62,0,126.62
ORD-011030,2025-12-01,Asia Pacific,Sports & Outdoors,Mobile app,New,1,115.82,0,115.82
ORD-011031,2025-12-01,North America,Beauty,Mobile app,New,1,28.89,0,28.89
ORD-011032,2025-12-01,North America,Apparel,Mobile app,Returning,5,49.87,10,224.42
ORD-011033,2025-12-01,Europe,Home & Kitchen,Web,New,1,85.42,0,85.42
ORD-011034,2025-12-01,Europe,Home & Kitchen,Mobile app,Returning,3,89.82,5,255.99
ORD-011035,2025-12-01,Europe,Sports & Outdoors,Mobile app,Returning,1,122.48,0,122.48
ORD-011036,2025-12-01,Europe,Beauty,Marketplace,Returning,1,31.19,0,31.19
ORD-011037,2025-12-01,North America,Electronics,Mobile app,New,2,176.07,5,334.53
ORD-011038,2025-12-01,Middle East & Africa,Beauty,Mobile app,New,2,82.5,5,156.75
ORD-011039,2025-12-01,North America,Home & Kitchen,Marketplace,Returning,1,61.53,0,61.53
ORD-011040,2025-12-01,Europe,Home & Kitchen,Web,Returning,3,88.41,15,225.45
ORD-011041,2025-12-01,Europe,Beauty,Web,Returning,4,29.16,0,116.64
ORD-011042,2025-12-01,Europe,Electronics,Web,New,3,146.31,0,438.93
ORD-011043,2025-12-01,Europe,Home & Kitchen,Marketplace,Returning,5,61.41,10,276.34
ORD-011044,2025-12-01,Europe,Electronics,Web,Returning,2,271.48,10,488.66
ORD-011045,2025-12-01,North America,Home & Kitchen,Web,New,5,49.94,0,249.7
ORD-011046,2025-12-01,Europe,Electronics,Web,New,1,172.18,0,172.18
ORD-011047,2025-12-01,Europe,Home & Kitchen,Retail partner,Returning,4,72.16,10,259.78
ORD-011048,2025-12-01,Asia Pacific,Apparel,Web,New,5,55.42,5,263.25
ORD-011049,2025-12-01,North America,Electronics,Web,Returning,3,150.13,0,450.39
ORD-011050,2025-12-01,Latin America,Sports & Outdoors,Web,Returning,1,153.07,0,153.07
ORD-011051,2025-12-01,Europe,Toys,Mobile app,Returning,5,40.48,0,202.4
ORD-011052,2025-12-01,North America,Electronics,Retail partner,New,2,216.3,5,410.97
ORD-011053,2025-12-01,Asia Pacific,Sports & Outdoors,Mobile app,Returning,1,58.92,0,58.92
ORD-011054,2025-12-01,Asia Pacific,Sports & Outdoors,Web,Returning,1,58.36,0,58.36
ORD-011055,2025-12-01,North America,Home & Kitchen,Mobile app,New,1,85.6,0,85.6
ORD-011056,2025-12-01,North America,Sports & Outdoors,Mobile app,Returning,1,86.88,10,78.19
ORD-011057,2025-12-01,North America,Sports & Outdoors,Marketplace,Returning,1,67.27,0,67.27
ORD-011058,2025-12-01,Europe,Home & Kitchen,Web,Returning,2,33.78,0,67.56
ORD-011059,2025-12-01,Middle East & Africa,Beauty,Web,New,3,34.21,0,102.63
ORD-011060,2025-12-01,Latin America,Apparel,Retail partner,New,1,31.66,0,31.66
ORD-011061,2025-12-01,North America,Sports & Outdoors,Web,New,1,42.73,5,40.59
ORD-011062,2025-12-01,North America,Home & Kitchen,Mobile app,Returning,1,68.61,0,68.61
ORD-011063,2025-12-01,Asia Pacific,Sports & Outdoors,Web,Returning,1,38.08,0,38.08
ORD-011064,2025-12-01,North America,Sports & Outdoors,Web,Returning,1,78.76,20,63.01
ORD-011065,2025-12-01,Europe,Beauty,Mobile app,Returning,1,26.11,10,23.5
ORD-011066,2025-12-01,North America,Apparel,Mobile app,New,1,128.55,5,122.12
ORD-011067,2025-12-01,Asia Pacific,Electronics,Mobile app,Returning,4,158.8,0,635.2
ORD-011068,2025-12-01,Europe,Toys,Mobile app,Returning,2,37.28,20,59.65
ORD-011069,2025-12-01,North America,Home & Kitchen,Mobile app,New,1,95.46,0,95.46
ORD-011070,2025-12-02,North America,Beauty,Web,New,1,28.88,0,28.88
ORD-011071,2025-12-02,North America,Electronics,Marketplace,New,2,149.36,10,268.85
ORD-011072,2025-12-02,Europe,Electronics,Web,New,2,226.42,20,362.27
ORD-011073,2025-12-02,North America,Home & Kitchen,Web,Returning,3,74.67,5,212.81
ORD-011074,2025-12-02,North America,Home & Kitchen,Marketplace,New,2,30.79,0,61.58
ORD-011075,2025-12-02,Asia Pacific,Electronics,Web,New,1,145.68,10,131.11
ORD-011076,2025-12-02,Latin America,Home & Kitchen,Web,New,4,65.64,0,262.56
ORD-011077,2025-12-02,Asia Pacific,Home & Kitchen,Web,Returning,1,108.43,5,103.01
ORD-011078,2025-12-02,North America,Electronics,Mobile app,Returning,1,225.23,5,213.97
ORD-011079,2025-12-02,Europe,Electronics,Marketplace,New,2,210.26,0,420.52
ORD-011080,2025-12-02,Europe,Toys,Marketplace,New,2,22.21,10,39.98
ORD-011081,2025-12-02,North America,Electronics,Web,Returning,1,195.75,0,195.75
ORD-011082,2025-12-02,North America,Home & Kitchen,Mobile app,Returning,1,81.97,10,73.77
ORD-011083,2025-12-02,Europe,Home & Kitchen,Web,New,1,66.33,5,63.01
ORD-011084,2025-12-02,Asia Pacific,Beauty,Web,Returning,1,29.54,5,28.06
ORD-011085,2025-12-02,North America,Home & Kitchen,Mobile app,New,4,59.23,5,225.07
ORD-011086,2025-12-02,Asia Pacific,Apparel,Marketplace,New,1,22.18,5,21.07
ORD-011087,2025-12-02,Europe,Electronics,Mobile app,Returning,1,287.69,0,287.69
ORD-011088,2025-12-02,North America,Electronics,Mobile app,New,1,165.67,5,157.39
ORD-011089,2025-12-02,Middle East & Africa,Home & Kitchen,Web,New,2,73.76,15,125.39
ORD-011090,2025-12-02,Middle East & Africa,Home & Kitchen,Mobile app,New,4,63.68,10,229.25
ORD-011091,2025-12-02,Latin America,Sports & Outdoors,Web,Returning,2,54.99,0,109.98
ORD-011092,2025-12-02,Europe,Beauty,Web,Returning,3,32.59,20,78.22
ORD-011093,2025-12-02,Asia Pacific,Sports & Outdoors,Web,Returning,1,74.37,5,70.65
ORD-011094,2025-12-02,North America,Beauty,Mobile app,Returning,1,40.22,0,40.22
ORD-011095,2025-12-02,North America,Sports & Outdoors,Web,Returning,1,105.25,0,105.25
ORD-011096,2025-12-02,Asia Pacific,Electronics,Mobile app,Returning,4,156.45,0,625.8
ORD-011097,2025-12-02,North America,Electronics,Marketplace,New,1,204.08,0,204.08
ORD-011098,2025-12-02,Europe,Home & Kitchen,Mobile app,New,2,41.5,0,83
ORD-011099,2025-12-02,North America,Home & Kitchen,Web,Returning,4,33.64,5,127.83
ORD-011100,2025-12-02,Asia Pacific,Sports & Outdoors,Mobile app,Returning,1,77.84,0,77.84
ORD-011101,2025-12-02,Asia Pacific,Toys,Mobile app,Returning,1,33.63,5,31.95
ORD-011102,2025-12-02,North America,Home & Kitchen,Mobile app,New,1,43.68,10,39.31
ORD-011103,2025-12-02,Asia Pacific,Apparel,Web,Returning,1,38.41,10,34.57
ORD-011104,2025-12-02,North America,Beauty,Mobile app,New,3,15.2,5,43.32
ORD-011105,2025-12-02,Middle East & Africa,Home & Kitchen,Mobile app,New,1,65.66,0,65.66
ORD-011106,2025-12-02,Middle East & Africa,Home & Kitchen,Mobile app,New,1,49.86,0,49.86
ORD-011107,2025-12-02,Europe,Home & Kitchen,Retail partner,Returning,2,50.43,5,95.82
ORD-011108,2025-12-02,Europe,Apparel,Mobile app,Returning,3,28.17,0,84.51
ORD-011109,2025-12-02,North America,Sports & Outdoors,Web,Returning,2,62.85,15,106.85
ORD-011110,2025-12-02,Europe,Beauty,Marketplace,Returning,2,31.39,0,62.78
ORD-011111,2025-12-02,Europe,Beauty,Web,Returning,2,20.38,15,34.65
ORD-011112,2025-12-02,North America,Toys,Web,New,1,58.49,0,58.49
ORD-011113,2025-12-03,Middle East & Africa,Home & Kitchen,Web,Returning,1,118.56,15,100.78
ORD-011114,2025-12-03,Europe,Home & Kitchen,Web,Returning,1,72.89,15,61.96
ORD-011115,2025-12-03,Latin America,Apparel,Web,Returning,1,20.91,10,18.82
ORD-011116,2025-12-03,Asia Pacific,Home & Kitchen,Marketplace,Returning,2,54.52,5,103.59
ORD-011117,2025-12-03,Middle East & Africa,Apparel,Web,New,1,51.22,0,51.22
ORD-011118,2025-12-03,Europe,Electronics,Mobile app,New,1,223.5,0,223.5
ORD-011119,2025-12-03,Europe,Sports & Outdoors,Mobile app,Returning,3,94.44,5,269.15
ORD-011120,2025-12-03,Europe,Electronics,Retail partner,New,4,103.78,5,394.36
ORD-011121,2025-12-03,North America,Beauty,Web,Returning,1,14.15,20,11.32
ORD-011122,2025-12-03,Europe,Electronics,Web,New,2,124.78,10,224.6
ORD-011123,2025-12-03,North America,Beauty,Retail partner,Returning,1,34.61,5,32.88
ORD-011124,2025-12-03,Middle East & Africa,Sports & Outdoors,Web,New,4,71.52,20,228.86
ORD-011125,2025-12-03,Europe,Home & Kitchen,Mobile app,New,1,54.32,0,54.32
ORD-011126,2025-12-03,Europe,Sports & Outdoors,Marketplace,New,1,121.05,0,121.05
ORD-011127,2025-12-03,North America,Apparel,Mobile app,Returning,1,55.03,10,49.53
ORD-011128,2025-12-03,Europe,Home & Kitchen,Mobile app,New,2,45.95,0,91.9
ORD-011129,2025-12-03,North America,Sports & Outdoors,Web,New,1,64.4,0,64.4
ORD-011130,2025-12-03,Asia Pacific,Apparel,Mobile app,Returning,5,26.62,15,113.14
ORD-011131,2025-12-03,North America,Sports & Outdoors,Marketplace,New,1,105.76,0,105.76
ORD-011132,2025-12-03,Europe,Toys,Web,Returning,1,33.87,5,32.18
ORD-011133,2025-12-03,North America,Home & Kitchen,Web,New,1,25.86,0,25.86
ORD-011134,2025-12-03,Latin America,Apparel,Marketplace,Returning,1,50.95,5,48.4
ORD-011135,2025-12-03,Latin America,Apparel,Web,Returning,1,53.51,0,53.51
ORD-011136,2025-12-03,Europe,Apparel,Mobile app,New,4,49.7,5,188.86
ORD-011137,2025-12-03,North America,Home & Kitchen,Mobile app,Returning,1,32.1,5,30.5
ORD-011138,2025-12-03,Europe,Apparel,Mobile app,Returning,1,100.94,0,100.94
ORD-011139,2025-12-03,North America,Toys,Mobile app,Returning,1,46.77,0,46.77
ORD-011140,2025-12-03,Middle East & Africa,Toys,Retail partner,Returning,2,26.76,0,53.52
ORD-011141,2025-12-03,Europe,Toys,Web,New,2,38.95,0,77.9
ORD-011142,2025-12-03,North America,Apparel,Marketplace,Returning,1,45.11,0,45.11
ORD-011143,2025-12-03,Middle East & Africa,Home & Kitchen,Web,Returning,1,46.2,0,46.2
ORD-011144,2025-12-03,Asia Pacific,Apparel,Web,Returning,1,19.88,0,19.88
ORD-011145,2025-12-03,Middle East & Africa,Apparel,Marketplace,New,4,52.15,0,208.6
ORD-011146,2025-12-03,North America,Apparel,Web,Returning,2,26.96,0,53.92
ORD-011147,2025-12-03,Asia Pacific,Home & Kitchen,Web,Returning,3,123.33,10,332.99
ORD-011148,2025-12-03,Europe,Electronics,Web,New,1,318.73,15,270.92
ORD-011149,2025-12-03,Middle East & Africa,Electronics,Retail partner,New,1,203.1,0,203.1
ORD-011150,2025-12-03,Asia Pacific,Electronics,Mobile app,New,1,112.04,0,112.04
ORD-011151,2025-12-03,North America,Apparel,Mobile app,New,1,38.85,5,36.91
ORD-011152,2025-12-03,North America,Apparel,Web,Returning,2,59.82,0,119.64
ORD-011153,2025-12-04,North America,Beauty,Web,New,2,27.11,0,54.22
ORD-011154,2025-12-04,North America,Home & Kitchen,Web,New,2,44.21,0,88.42
ORD-011155,2025-12-04,Latin America,Electronics,Marketplace,Returning,1,132.94,0,132.94
ORD-011156,2025-12-04,Latin America,Electronics,Mobile app,New,1,157.72,5,149.83
ORD-011157,2025-12-04,Latin America,Apparel,Web,New,5,52.96,10,238.32
ORD-011158,2025-12-04,Latin America,Electronics,Mobile app,New,1,128.97,0,128.97
ORD-011159,2025-12-04,Europe,Home & Kitchen,Web,New,1,81.52,0,81.52
ORD-011160,2025-12-04,Asia Pacific,Electronics,Web,New,2,110.77,5,210.46
ORD-011161,2025-12-04,Latin America,Home & Kitchen,Mobile app,Returning,1,44.85,0,44.85
ORD-011162,2025-12-04,North America,Beauty,Web,New,2,21.06,10,37.91
ORD-011163,2025-12-04,Asia Pacific,Beauty,Web,New,2,41.51,0,83.02
ORD-011164,2025-12-04,Europe,Electronics,Mobile app,Returning,3,110.01,0,330.03
ORD-011165,2025-12-04,Europe,Apparel,Mobile app,Returning,2,39.61,0,79.22
ORD-011166,2025-12-04,Asia Pacific,Home & Kitchen,Web,Returning,1,51.45,10,46.31
ORD-011167,2025-12-04,Middle East & Africa,Electronics,Mobile app,Returning,1,187.4,10,168.66
ORD-011168,2025-12-04,Asia Pacific,Electronics,Mobile app,Returning,1,448.96,5,426.51
ORD-011169,2025-12-04,Europe,Beauty,Web,Returning,1,49.8,0,49.8
ORD-011170,2025-12-04,North America,Electronics,Web,Returning,1,174.11,5,165.4
ORD-011171,2025-12-04,Europe,Beauty,Web,New,1,22.75,5,21.61
ORD-011172,2025-12-04,Europe,Beauty,Mobile app,Returning,1,54,10,48.6
ORD-011173,2025-12-04,Europe,Sports & Outdoors,Web,New,1,33.27,20,26.62
ORD-011174,2025-12-04,Europe,Home & Kitchen,Web,New,3,55.9,5,159.31
ORD-011175,2025-12-04,Europe,Apparel,Web,Returning,1,48.9,10,44.01
ORD-011176,2025-12-04,Asia Pacific,Sports & Outdoors,Web,New,2,58.93,0,117.86
ORD-011177,2025-12-04,North America,Apparel,Mobile app,Returning,3,55.56,0,166.68
ORD-011178,2025-12-04,North America,Electronics,Web,New,1,310.48,0,310.48
ORD-011179,2025-12-04,Europe,Home & Kitchen,Mobile app,Returning,1,50.65,0,50.65
ORD-011180,2025-12-04,Europe,Beauty,Web,Returning,3,21.13,0,63.39
ORD-011181,2025-12-04,Europe,Toys,Mobile app,New,1,26.6,5,25.27
ORD-011182,2025-12-04,Asia Pacific,Electronics,Web,New,3,248.64,0,745.92
ORD-011183,2025-12-04,North America,Electronics,Web,New,1,116.74,0,116.74
ORD-011184,2025-12-04,Latin America,Electronics,Retail partner,Returning,1,188.47,5,179.05
ORD-011185,2025-12-04,North America,Electronics,Web,Returning,5,91.01,0,455.05
ORD-011186,2025-12-04,North America,Electronics,Mobile app,New,2,143.89,5,273.39
ORD-011187,2025-12-05,North America,Sports & Outdoors,Web,Returning,4,116.13,10,418.07
ORD-011188,2025-12-05,North America,Beauty,Mobile app,Returning,1,20.72,0,20.72
ORD-011189,2025-12-05,Europe,Electronics,Mobile app,New,3,153.15,0,459.45
ORD-011190,2025-12-05,Latin America,Beauty,Web,Returning,1,52.93,10,47.64
ORD-011191,2025-12-05,Middle East & Africa,Electronics,Web,Returning,2,175.85,0,351.7
ORD-011192,2025-12-05,Asia Pacific,Electronics,Mobile app,New,1,177.93,15,151.24
ORD-011193,2025-12-05,Latin America,Toys,Web,Returning,2,49.11,15,83.49
ORD-011194,2025-12-05,Europe,Home & Kitchen,Web,New,1,59.35,0,59.35
ORD-011195,2025-12-05,Asia Pacific,Toys,Mobile app,Returning,1,31.4,10,28.26
ORD-011196,2025-12-05,Europe,Apparel,Mobile app,Returning,1,20.54,0,20.54
ORD-011197,2025-12-05,North America,Beauty,Web,New,1,71.51,5,67.93
ORD-011198,2025-12-05,Middle East & Africa,Electronics,Retail partner,Returning,1,206.5,0,206.5
ORD-011199,2025-12-05,North America,Apparel,Marketplace,New,1,61.68,0,61.68
ORD-011200,2025-12-05,Europe,Beauty,Marketplace,Returning,1,35.89,5,34.1
ORD-011201,2025-12-05,Asia Pacific,Home & Kitchen,Web,New,2,108.58,5,206.3
ORD-011202,2025-12-05,North America,Home & Kitchen,Marketplace,New,4,89.65,0,358.6
ORD-011203,2025-12-05,North America,Electronics,Marketplace,New,2,196.17,15,333.49
ORD-011204,2025-12-05,North America,Apparel,Web,Returning,1,44.6,0,44.6
ORD-011205,2025-12-05,Europe,Home & Kitchen,Web,Returning,1,38.51,0,38.51
ORD-011206,2025-12-05,North America,Electronics,Web,New,1,183.67,0,183.67
ORD-011207,2025-12-05,Latin America,Beauty,Mobile app,Returning,1,30.02,0,30.02
ORD-011208,2025-12-05,Europe,Sports & Outdoors,Web,Returning,1,86.16,0,86.16
ORD-011209,2025-12-05,North America,Beauty,Marketplace,New,3,23.4,0,70.2
ORD-011210,2025-12-05,North America,Beauty,Mobile app,Returning,2,36.2,10,65.16
ORD-011211,2025-12-05,Asia Pacific,Sports & Outdoors,Web,New,1,52.81,0,52.81
ORD-011212,2025-12-06,North America,Electronics,Web,New,5,148.01,5,703.05
ORD-011213,2025-12-06,Middle East & Africa,Apparel,Mobile app,Returning,1,26.97,10,24.27
ORD-011214,2025-12-06,North America,Apparel,Marketplace,Returning,3,33.76,5,96.22
ORD-011215,2025-12-06,North America,Apparel,Mobile app,Returning,5,54.54,5,259.07
ORD-011216,2025-12-06,Europe,Toys,Web,New,4,34.02,0,136.08
ORD-011217,2025-12-06,Asia Pacific,Apparel,Mobile app,New,4,110.33,0,441.32
ORD-011218,2025-12-06,Asia Pacific,Apparel,Mobile app,New,1,49.84,15,42.36
ORD-011219,2025-12-06,Europe,Electronics,Web,Returning,4,225.33,0,901.32
ORD-011220,2025-12-06,Middle East & Africa,Toys,Web,Returning,2,34.6,0,69.2
ORD-011221,2025-12-06,North America,Home & Kitchen,Web,New,1,49.42,0,49.42
ORD-011222,2025-12-06,North America,Toys,Web,New,2,12.67,0,25.34
ORD-011223,2025-12-06,Europe,Beauty,Web,Returning,3,39.07,5,111.35
ORD-011224,2025-12-06,North America,Electronics,Mobile app,Returning,3,268.93,10,726.11
ORD-011225,2025-12-06,North America,Apparel,Marketplace,Returning,3,42.54,0,127.62
ORD-011226,2025-12-06,Middle East & Africa,Sports & Outdoors,Web,Returning,3,84.17,5,239.88
ORD-011227,2025-12-06,North America,Apparel,Web,Returning,3,43.71,0,131.13
ORD-011228,2025-12-06,North America,Apparel,Web,Returning,5,55.34,0,276.7
ORD-011229,2025-12-06,Europe,Apparel,Mobile app,Returning,2,53.69,15,91.27
ORD-011230,2025-12-06,Asia Pacific,Beauty,Mobile app,New,1,39.63,0,39.63
ORD-011231,2025-12-06,Asia Pacific,Electronics,Web,New,1,178.36,0,178.36
ORD-011232,2025-12-06,Europe,Electronics,Web,Returning,1,328.74,0,328.74
ORD-011233,2025-12-06,Asia Pacific,Beauty,Web,New,2,23.23,0,46.46
ORD-011234,2025-12-06,Asia Pacific,Home & Kitchen,Retail partner,Returning,2,84.53,5,160.61
ORD-011235,2025-12-06,Europe,Home & Kitchen,Retail partner,Returning,1,63.33,5,60.16
ORD-011236,2025-12-06,Latin America,Beauty,Mobile app,New,2,21.47,0,42.94
ORD-011237,2025-12-06,North America,Home & Kitchen,Web,New,1,78.85,5,74.91
ORD-011238,2025-12-06,North America,Apparel,Mobile app,New,1,29.1,0,29.1
ORD-011239,2025-12-06,Asia Pacific,Home & Kitchen,Mobile app,Returning,1,98.68,0,98.68
ORD-011240,2025-12-06,North America,Home & Kitchen,Web,Returning,1,49.76,5,47.27
ORD-011241,2025-12-06,Europe,Electronics,Marketplace,New,2,164.99,15,280.48
ORD-011242,2025-12-06,Europe,Sports & Outdoors,Web,Returning,2,83.27,10,149.89
ORD-011243,2025-12-06,Middle East & Africa,Home & Kitchen,Web,Returning,1,37.45,15,31.83
ORD-011244,2025-12-06,Europe,Beauty,Mobile app,Returning,3,23.82,5,67.89
ORD-011245,2025-12-06,Europe,Home & Kitchen,Mobile app,Returning,1,73.75,15,62.69
ORD-011246,2025-12-06,North America,Home & Kitchen,Web,New,2,53.61,0,107.22
ORD-011247,2025-12-06,Latin America,Beauty,Web,Returning,1,29.58,0,29.58
ORD-011248,2025-12-06,Europe,Sports & Outdoors,Web,Returning,2,100.95,5,191.81
ORD-011249,2025-12-06,North America,Apparel,Mobile app,Returning,3,64.99,5,185.22
ORD-011250,2025-12-06,Asia Pacific,Apparel,Web,New,2,27.28,0,54.56
ORD-011251,2025-12-06,Middle East & Africa,Electronics,Web,New,2,174.53,0,349.06
ORD-011252,2025-12-06,North America,Home & Kitchen,Mobile app,New,1,23.42,0,23.42
ORD-011253,2025-12-06,Asia Pacific,Home & Kitchen,Mobile app,Returning,1,55,20,44
ORD-011254,2025-12-07,Asia Pacific,Electronics,Web,New,2,191.18,0,382.36
ORD-011255,2025-12-07,Asia Pacific,Beauty,Retail partner,New,2,20.45,10,36.81
ORD-011256,2025-12-07,Asia Pacific,Apparel,Web,Returning,2,46.08,5,87.55
ORD-011257,2025-12-07,North America,Electronics,Mobile app,Returning,2,196.84,0,393.68
ORD-011258,2025-12-07,North America,Sports & Outdoors,Web,Returning,2,71.7,5,136.23
ORD-011259,2025-12-07,North America,Apparel,Mobile app,Returning,1,35.95,0,35.95
ORD-011260,2025-12-07,Europe,Home & Kitchen,Mobile app,New,1,56.9,0,56.9
ORD-011261,2025-12-07,Europe,Electronics,Mobile app,New,1,241.38,10,217.24
ORD-011262,2025-12-07,Europe,Apparel,Web,New,1,89.58,0,89.58
ORD-011263,2025-12-07,North America,Home & Kitchen,Web,Returning,1,44.26,20,35.41
ORD-011264,2025-12-07,Asia Pacific,Electronics,Marketplace,Returning,2,266.6,0,533.2
ORD-011265,2025-12-07,North America,Apparel,Web,New,1,84.8,0,84.8
ORD-011266,2025-12-07,Asia Pacific,Apparel,Mobile app,New,1,48.42,5,46
ORD-011267,2025-12-07,Europe,Toys,Marketplace,Returning,1,59.05,0,59.05
ORD-011268,2025-12-07,North America,Electronics,Mobile app,Returning,3,99.41,10,268.41
ORD-011269,2025-12-07,Latin America,Toys,Web,New,4,38.05,5,144.59
ORD-011270,2025-12-07,North America,Apparel,Mobile app,Returning,2,34.13,0,68.26
ORD-011271,2025-12-07,Europe,Beauty,Mobile app,Returning,2,34.37,10,61.87
ORD-011272,2025-12-07,Europe,Beauty,Web,Returning,1,45.77,10,41.19
ORD-011273,2025-12-07,North America,Electronics,Web,New,2,263.4,0,526.8
ORD-011274,2025-12-07,North America,Toys,Web,New,3,36.39,0,109.17
ORD-011275,2025-12-07,Latin America,Apparel,Mobile app,Returning,1,36.58,5,34.75
ORD-011276,2025-12-07,Latin America,Home & Kitchen,Web,Returning,1,85.86,5,81.57
ORD-011277,2025-12-07,Europe,Beauty,Marketplace,Returning,2,28.65,0,57.3
ORD-011278,2025-12-07,Europe,Beauty,Mobile app,Returning,4,27.1,0,108.4
ORD-011279,2025-12-07,North America,Home & Kitchen,Web,New,1,71.62,0,71.62
ORD-011280,2025-12-07,Europe,Toys,Web,Returning,2,62.92,0,125.84
ORD-011281,2025-12-07,Europe,Beauty,Web,Returning,1,33.27,20,26.62
ORD-011282,2025-12-07,Middle East & Africa,Beauty,Mobile app,New,1,19.57,5,18.59
ORD-011283,2025-12-07,Asia Pacific,Apparel,Marketplace,Returning,3,42.32,5,120.61
ORD-011284,2025-12-07,Europe,Electronics,Web,Returning,1,281.51,0,281.51
ORD-011285,2025-12-07,North America,Apparel,Mobile app,New,2,61.88,5,117.57
ORD-011286,2025-12-07,North America,Electronics,Web,New,1,191.79,0,191.79
ORD-011287,2025-12-07,Europe,Electronics,Retail partner,Returning,3,284.98,0,854.94
ORD-011288,2025-12-07,Europe,Apparel,Web,New,1,43.15,0,43.15
ORD-011289,2025-12-07,Middle East & Africa,Toys,Web,New,2,27.48,15,46.72
ORD-011290,2025-12-07,Asia Pacific,Home & Kitchen,Mobile app,Returning,4,57.14,5,217.13
ORD-011291,2025-12-07,North America,Beauty,Web,New,2,39.02,0,78.04
ORD-011292,2025-12-07,Asia Pacific,Toys,Web,Returning,2,32.39,10,58.3
ORD-011293,2025-12-07,Latin America,Home & Kitchen,Mobile app,New,1,49.74,0,49.74
ORD-011294,2025-12-07,Latin America,Electronics,Web,New,1,219.72,5,208.73
ORD-011295,2025-12-07,Middle East & Africa,Home & Kitchen,Web,New,1,79.22,0,79.22
ORD-011296,2025-12-07,Asia Pacific,Electronics,Web,New,1,132.15,5,125.54
ORD-011297,2025-12-07,North America,Electronics,Web,Returning,1,120.6,0,120.6
ORD-011298,2025-12-07,Europe,Apparel,Mobile app,Returning,1,36,10,32.4
ORD-011299,2025-12-07,Asia Pacific,Electronics,Web,Returning,2,143.4,5,272.46
ORD-011300,2025-12-08,North America,Toys,Marketplace,Returning,1,41.47,5,39.4
ORD-011301,2025-12-08,Asia Pacific,Electronics,Web,Returning,2,241.66,0,483.32
ORD-011302,2025-12-08,North America,Electronics,Web,New,1,142.6,10,128.34
ORD-011303,2025-12-08,North America,Electronics,Marketplace,Returning,1,92.84,5,88.2
ORD-011304,2025-12-08,Europe,Home & Kitchen,Web,New,1,61.1,5,58.05
ORD-011305,2025-12-08,North America,Beauty,Web,New,3,62.35,0,187.05
ORD-011306,2025-12-08,Middle East & Africa,Electronics,Mobile app,Returning,1,183.11,15,155.64
ORD-011307,2025-12-08,Asia Pacific,Home & Kitchen,Web,Returning,1,44.46,0,44.46
ORD-011308,2025-12-08,North America,Home & Kitchen,Mobile app,Returning,1,91.1,0,91.1
ORD-011309,2025-12-08,North America,Beauty,Mobile app,New,2,28.7,5,54.53
ORD-011310,2025-12-08,Asia Pacific,Apparel,Mobile app,Returning,1,45.25,15,38.46
ORD-011311,2025-12-08,Asia Pacific,Electronics,Web,Returning,2,93.55,5,177.74
ORD-011312,2025-12-08,Asia Pacific,Beauty,Web,New,1,39.31,0,39.31
ORD-011313,2025-12-08,North America,Apparel,Web,Returning,3,51.1,0,153.3
ORD-011314,2025-12-08,Asia Pacific,Apparel,Marketplace,New,1,58.65,10,52.79
ORD-011315,2025-12-08,Europe,Electronics,Mobile app,New,1,183.1,0,183.1
ORD-011316,2025-12-08,Middle East & Africa,Beauty,Web,Returning,5,28.67,10,129.02
ORD-011317,2025-12-08,Latin America,Electronics,Web,New,4,157.6,5,598.88
ORD-011318,2025-12-08,Middle East & Africa,Electronics,Web,Returning,1,130.1,0,130.1
ORD-011319,2025-12-08,Latin America,Sports & Outdoors,Mobile app,Returning,1,78.16,5,74.25
ORD-011320,2025-12-08,North America,Toys,Web,New,3,41.85,0,125.55
ORD-011321,2025-12-08,North America,Beauty,Web,New,4,22.48,0,89.92
ORD-011322,2025-12-08,Europe,Electronics,Mobile app,New,2,283.56,5,538.76
ORD-011323,2025-12-08,North America,Electronics,Web,New,2,164.61,15,279.84
ORD-011324,2025-12-08,North America,Sports & Outdoors,Web,New,1,65.01,5,61.76
ORD-011325,2025-12-08,North America,Beauty,Mobile app,Returning,1,19.25,0,19.25
ORD-011326,2025-12-08,North America,Apparel,Web,Returning,1,39.58,0,39.58
ORD-011327,2025-12-08,Europe,Apparel,Web,New,1,40.71,0,40.71
ORD-011328,2025-12-08,Asia Pacific,Toys,Web,New,1,26.74,0,26.74
ORD-011329,2025-12-08,Latin America,Apparel,Web,New,2,63.44,0,126.88
ORD-011330,2025-12-08,Europe,Apparel,Mobile app,New,2,50.32,10,90.58
ORD-011331,2025-12-08,Europe,Electronics,Web,Returning,1,136.59,0,136.59
ORD-011332,2025-12-08,North America,Sports & Outdoors,Mobile app,Returning,2,50.48,5,95.91
ORD-011333,2025-12-08,Europe,Home & Kitchen,Mobile app,Returning,2,54.91,5,104.33
ORD-011334,2025-12-08,Latin America,Sports & Outdoors,Web,Returning,1,44.57,5,42.34
ORD-011335,2025-12-08,Europe,Electronics,Mobile app,Returning,1,103.39,0,103.39
ORD-011336,2025-12-09,Europe,Sports & Outdoors,Mobile app,New,3,91.32,0,273.96
ORD-011337,2025-12-09,Europe,Electronics,Mobile app,New,1,207.9,5,197.51
ORD-011338,2025-12-09,Latin America,Beauty,Web,Returning,2,23.45,0,46.9
ORD-011339,2025-12-09,Europe,Beauty,Web,Returning,1,44.51,5,42.28
ORD-011340,2025-12-09,Asia Pacific,Toys,Web,New,5,38.23,10,172.04
ORD-011341,2025-12-09,Middle East & Africa,Electronics,Marketplace,Returning,1,132.65,10,119.39
ORD-011342,2025-12-09,Asia Pacific,Electronics,Web,Returning,1,78.21,5,74.3
ORD-011343,2025-12-09,Europe,Apparel,Marketplace,Returning,2,73.51,0,147.02
ORD-011344,2025-12-09,Latin America,Beauty,Web,New,2,34.09,20,54.54
ORD-011345,2025-12-09,Asia Pacific,Apparel,Web,Returning,1,58.92,0,58.92
ORD-011346,2025-12-09,Europe,Sports & Outdoors,Web,Returning,1,33.43,0,33.43
ORD-011347,2025-12-09,Europe,Home & Kitchen,Web,Returning,3,91.28,0,273.84
ORD-011348,2025-12-09,Europe,Apparel,Marketplace,New,1,40.53,0,40.53
ORD-011349,2025-12-09,Europe,Sports & Outdoors,Web,Returning,3,51.78,0,155.34
ORD-011350,2025-12-09,North America,Beauty,Web,New,3,33.88,0,101.64
ORD-011351,2025-12-09,Europe,Electronics,Retail partner,New,2,97.44,0,194.88
ORD-011352,2025-12-09,North America,Home & Kitchen,Mobile app,Returning,4,64.44,10,231.98
ORD-011353,2025-12-09,Europe,Beauty,Web,Returning,1,29.84,0,29.84
ORD-011354,2025-12-09,North America,Apparel,Mobile app,Returning,2,30.82,10,55.48
ORD-011355,2025-12-09,Latin America,Electronics,Marketplace,Returning,3,96.92,20,232.61
ORD-011356,2025-12-09,Asia Pacific,Sports & Outdoors,Web,New,1,59.11,0,59.11
ORD-011357,2025-12-09,Europe,Electronics,Mobile app,New,1,230.03,0,230.03
ORD-011358,2025-12-09,North America,Electronics,Mobile app,New,1,196.13,10,176.52
ORD-011359,2025-12-09,Asia Pacific,Beauty,Marketplace,New,2,31,10,55.8
ORD-011360,2025-12-09,Middle East & Africa,Electronics,Mobile app,Returning,2,165.48,10,297.86
ORD-011361,2025-12-09,North America,Beauty,Web,New,1,28.11,5,26.7
ORD-011362,2025-12-09,Europe,Home & Kitchen,Web,Returning,5,66.46,5,315.68
ORD-011363,2025-12-09,North America,Electronics,Mobile app,Returning,1,152.06,0,152.06
ORD-011364,2025-12-10,Latin America,Sports & Outdoors,Web,Returning,1,74,5,70.3
ORD-011365,2025-12-10,Latin America,Home & Kitchen,Web,New,3,79.12,0,237.36
ORD-011366,2025-12-10,North America,Home & Kitchen,Mobile app,New,3,52.78,5,150.42
ORD-011367,2025-12-10,Europe,Apparel,Web,New,1,58.73,0,58.73
ORD-011368,2025-12-10,Middle East & Africa,Apparel,Web,New,1,18.94,0,18.94
ORD-011369,2025-12-10,North America,Apparel,Mobile app,Returning,1,45.99,5,43.69
ORD-011370,2025-12-10,Asia Pacific,Electronics,Mobile app,Returning,1,175.72,10,158.15
ORD-011371,2025-12-10,North America,Sports & Outdoors,Web,Returning,1,99.4,5,94.43
ORD-011372,2025-12-10,North America,Electronics,Web,New,1,116.36,0,116.36
ORD-011373,2025-12-10,Asia Pacific,Electronics,Web,New,2,391.38,5,743.62
ORD-011374,2025-12-10,North America,Apparel,Web,Returning,1,33.65,20,26.92
ORD-011375,2025-12-10,Asia Pacific,Apparel,Mobile app,Returning,1,37.37,0,37.37
ORD-011376,2025-12-10,North America,Sports & Outdoors,Mobile app,New,1,124.57,0,124.57
ORD-011377,2025-12-10,Europe,Electronics,Web,Returning,1,143.76,5,136.57
ORD-011378,2025-12-10,Latin America,Apparel,Mobile app,New,1,76.73,0,76.73
ORD-011379,2025-12-10,Europe,Beauty,Mobile app,Returning,3,28.33,0,84.99
ORD-011380,2025-12-10,North America,Apparel,Web,New,1,43.66,15,37.11
ORD-011381,2025-12-10,Europe,Beauty,Marketplace,New,1,35.75,5,33.96
ORD-011382,2025-12-10,North America,Apparel,Marketplace,Returning,1,21.43,0,21.43
ORD-011383,2025-12-10,Europe,Apparel,Marketplace,New,1,39.07,0,39.07
ORD-011384,2025-12-10,Europe,Home & Kitchen,Mobile app,New,1,131.69,5,125.11
ORD-011385,2025-12-10,North America,Electronics,Mobile app,New,1,120.49,0,120.49
ORD-011386,2025-12-10,Asia Pacific,Sports & Outdoors,Web,Returning,4,129.58,0,518.32
ORD-011387,2025-12-10,Europe,Home & Kitchen,Mobile app,New,2,65.63,10,118.13
ORD-011388,2025-12-10,North America,Home & Kitchen,Web,Returning,1,51.78,0,51.78
ORD-011389,2025-12-10,Europe,Apparel,Mobile app,Returning,1,36.77,0,36.77
ORD-011390,2025-12-10,Asia Pacific,Apparel,Web,New,1,52.8,0,52.8
ORD-011391,2025-12-10,Asia Pacific,Sports & Outdoors,Web,New,1,52.72,5,50.08
ORD-011392,2025-12-10,Asia Pacific,Electronics,Mobile app,Returning,1,144.88,0,144.88
ORD-011393,2025-12-10,Asia Pacific,Home & Kitchen,Web,Returning,3,75.48,15,192.47
ORD-011394,2025-12-10,Europe,Electronics,Mobile app,New,1,213.31,5,202.64
ORD-011395,2025-12-10,Latin America,Home & Kitchen,Mobile app,Returning,1,43.37,0,43.37
ORD-011396,2025-12-10,North America,Sports & Outdoors,Mobile app,New,1,78.72,0,78.72
ORD-011397,2025-12-10,North America,Home & Kitchen,Web,New,1,91.9,0,91.9
ORD-011398,2025-12-10,Europe,Electronics,Marketplace,New,1,133.33,0,133.33
ORD-011399,2025-12-10,Latin America,Electronics,Web,New,2,156.93,15,266.78
ORD-011400,2025-12-10,North America,Apparel,Web,Returning,1,23.95,10,21.56
ORD-011401,2025-12-10,Middle East & Africa,Sports & Outdoors,Mobile app,Returning,2,66.06,15,112.3
ORD-011402,2025-12-10,Middle East & Africa,Sports & Outdoors,Web,New,1,95.25,0,95.25
ORD-011403,2025-12-10,Asia Pacific,Sports & Outdoors,Web,Returning,2,68.53,0,137.06
ORD-011404,2025-12-10,Europe,Sports & Outdoors,Web,Returning,2,39.78,5,75.58
ORD-011405,2025-12-10,Europe,Electronics,Web,Returning,1,131.98,5,125.38
ORD-011406,2025-12-10,Latin America,Sports & Outdoors,Web,New,2,49.77,5,94.56
ORD-011407,2025-12-11,North America,Apparel,Mobile app,Returning,1,109.92,5,104.42
ORD-011408,2025-12-11,North America,Home & Kitchen,Mobile app,Returning,2,58.44,0,116.88
ORD-011409,2025-12-11,North America,Apparel,Mobile app,Returning,1,37.98,0,37.98
ORD-011410,2025-12-11,Latin America,Apparel,Mobile app,New,1,41.47,5,39.4
ORD-011411,2025-12-11,Asia Pacific,Electronics,Marketplace,Returning,1,150.33,0,150.33
ORD-011412,2025-12-11,North America,Home & Kitchen,Web,New,1,66.5,0,66.5
ORD-011413,2025-12-11,Europe,Sports & Outdoors,Web,New,3,85.58,0,256.74
ORD-011414,2025-12-11,Asia Pacific,Sports & Outdoors,Mobile app,New,2,63.06,0,126.12
ORD-011415,2025-12-11,Europe,Apparel,Web,New,1,35.32,0,35.32
ORD-011416,2025-12-11,Middle East & Africa,Home & Kitchen,Mobile app,Returning,3,64.99,0,194.97
ORD-011417,2025-12-11,Middle East & Africa,Beauty,Mobile app,New,2,45.72,0,91.44
ORD-011418,2025-12-11,North America,Home & Kitchen,Web,Returning,1,49.7,15,42.25
ORD-011419,2025-12-11,Europe,Apparel,Mobile app,New,1,48.91,15,41.57
ORD-011420,2025-12-11,North America,Electronics,Retail partner,Returning,1,167.96,0,167.96
ORD-011421,2025-12-11,Europe,Electronics,Marketplace,New,2,220.97,0,441.94
ORD-011422,2025-12-11,Europe,Electronics,Marketplace,New,2,176.33,0,352.66
ORD-011423,2025-12-11,Asia Pacific,Beauty,Web,New,4,32.97,0,131.88
ORD-011424,2025-12-11,Europe,Sports & Outdoors,Mobile app,Returning,1,67.53,0,67.53
ORD-011425,2025-12-11,North America,Electronics,Web,Returning,3,257.26,0,771.78
ORD-011426,2025-12-11,Latin America,Home & Kitchen,Mobile app,Returning,3,33.7,0,101.1
ORD-011427,2025-12-11,Europe,Home & Kitchen,Mobile app,Returning,3,59.85,5,170.57
ORD-011428,2025-12-11,North America,Electronics,Mobile app,Returning,1,150.68,0,150.68
ORD-011429,2025-12-11,Latin America,Electronics,Mobile app,New,1,190.1,0,190.1
ORD-011430,2025-12-11,North America,Electronics,Marketplace,New,3,239.92,0,719.76
ORD-011431,2025-12-11,Europe,Electronics,Mobile app,Returning,3,132.84,15,338.74
ORD-011432,2025-12-11,Asia Pacific,Home & Kitchen,Mobile app,Returning,2,90.93,0,181.86
ORD-011433,2025-12-11,Latin America,Toys,Web,Returning,1,61.74,0,61.74
ORD-011434,2025-12-11,North America,Home & Kitchen,Web,Returning,1,63.76,5,60.57
ORD-011435,2025-12-11,Europe,Home & Kitchen,Web,New,2,51.95,0,103.9
ORD-011436,2025-12-11,Asia Pacific,Toys,Web,Returning,2,39.23,0,78.46
ORD-011437,2025-12-11,Asia Pacific,Electronics,Mobile app,New,2,325.42,0,650.84
ORD-011438,2025-12-11,Asia Pacific,Sports & Outdoors,Web,Returning,1,82.66,20,66.13
ORD-011439,2025-12-11,Middle East & Africa,Apparel,Mobile app,Returning,1,34.81,0,34.81
ORD-011440,2025-12-12,Europe,Sports & Outdoors,Mobile app,New,2,65.53,0,131.06
ORD-011441,2025-12-12,Latin America,Apparel,Mobile app,Returning,1,32.71,5,31.07
ORD-011442,2025-12-12,North America,Home & Kitchen,Web,Returning,2,60.07,5,114.13
ORD-011443,2025-12-12,Middle East & Africa,Electronics,Mobile app,New,2,141.32,5,268.51
ORD-011444,2025-12-12,Europe,Beauty,Mobile app,Returning,1,16.52,0,16.52
ORD-011445,2025-12-12,Middle East & Africa,Electronics,Web,New,2,293.42,5,557.5
ORD-011446,2025-12-12,North America,Sports & Outdoors,Web,New,1,90.98,0,90.98
ORD-011447,2025-12-12,North America,Sports & Outdoors,Web,New,1,53.68,0,53.68
ORD-011448,2025-12-12,North America,Beauty,Web,New,4,27.69,0,110.76
ORD-011449,2025-12-12,Asia Pacific,Beauty,Web,New,4,32.68,0,130.72
ORD-011450,2025-12-12,Middle East & Africa,Beauty,Web,Returning,2,26.07,0,52.14
ORD-011451,2025-12-12,Asia Pacific,Home & Kitchen,Mobile app,New,2,68.92,10,124.06
ORD-011452,2025-12-12,North America,Electronics,Mobile app,Returning,1,151.77,0,151.77
ORD-011453,2025-12-12,Middle East & Africa,Apparel,Web,New,2,54.16,0,108.32
ORD-011454,2025-12-12,Asia Pacific,Electronics,Web,Returning,2,64.94,0,129.88
ORD-011455,2025-12-12,Europe,Home & Kitchen,Web,New,1,49.32,0,49.32
ORD-011456,2025-12-12,Europe,Sports & Outdoors,Mobile app,New,2,51.76,0,103.52
ORD-011457,2025-12-12,Latin America,Toys,Retail partner,Returning,4,28.66,0,114.64
ORD-011458,2025-12-12,Europe,Home & Kitchen,Mobile app,Returning,1,61.69,5,58.61
ORD-011459,2025-12-12,Asia Pacific,Sports & Outdoors,Web,Returning,3,93.99,5,267.87
ORD-011460,2025-12-12,North America,Home & Kitchen,Web,New,1,68.95,0,68.95
ORD-011461,2025-12-12,Europe,Home & Kitchen,Marketplace,New,2,53.37,0,106.74
ORD-011462,2025-12-12,North America,Home & Kitchen,Mobile app,Returning,2,66.79,0,133.58
ORD-011463,2025-12-12,Latin America,Electronics,Mobile app,Returning,1,154.25,0,154.25
ORD-011464,2025-12-12,North America,Electronics,Web,Returning,3,126.5,0,379.5
ORD-011465,2025-12-12,Europe,Beauty,Marketplace,Returning,1,31.61,5,30.03
ORD-011466,2025-12-12,Europe,Electronics,Mobile app,New,1,126.81,0,126.81
ORD-011467,2025-12-12,Europe,Sports & Outdoors,Mobile app,Returning,1,77.81,10,70.03
ORD-011468,2025-12-12,North America,Apparel,Marketplace,New,2,21.14,0,42.28
ORD-011469,2025-12-12,North America,Electronics,Web,Returning,3,414.23,15,1056.29
ORD-011470,2025-12-13,Latin America,Beauty,Web,New,1,18.43,0,18.43
ORD-011471,2025-12-13,Latin America,Beauty,Web,Returning,1,14.33,5,13.61
ORD-011472,2025-12-13,Latin America,Apparel,Web,New,1,40.69,0,40.69
ORD-011473,2025-12-13,North America,Apparel,Marketplace,Returning,3,56.08,0,168.24
ORD-011474,2025-12-13,Middle East & Africa,Home & Kitchen,Marketplace,Returning,1,87.01,0,87.01
ORD-011475,2025-12-13,Asia Pacific,Electronics,Web,Returning,1,282.65,0,282.65
ORD-011476,2025-12-13,North America,Electronics,Web,Returning,5,219.78,0,1098.9
ORD-011477,2025-12-13,Europe,Home & Kitchen,Mobile app,Returning,5,43.87,0,219.35
ORD-011478,2025-12-13,North America,Toys,Mobile app,New,4,32.62,10,117.43
ORD-011479,2025-12-13,Middle East & Africa,Apparel,Mobile app,New,1,84.52,0,84.52
ORD-011480,2025-12-13,North America,Electronics,Marketplace,Returning,5,210.87,10,948.92
ORD-011481,2025-12-13,Europe,Electronics,Web,New,1,262.84,0,262.84
ORD-011482,2025-12-13,Europe,Apparel,Mobile app,Returning,1,27.82,0,27.82
ORD-011483,2025-12-13,Europe,Apparel,Web,Returning,1,38.77,0,38.77
ORD-011484,2025-12-13,Europe,Apparel,Mobile app,Returning,1,58.38,5,55.46
ORD-011485,2025-12-13,North America,Electronics,Web,New,2,162.01,5,307.82
ORD-011486,2025-12-13,North America,Apparel,Mobile app,Returning,3,59.74,0,179.22
ORD-011487,2025-12-13,North America,Beauty,Mobile app,Returning,1,39.71,15,33.75
ORD-011488,2025-12-13,North America,Electronics,Marketplace,Returning,4,209.83,0,839.32
ORD-011489,2025-12-13,Europe,Home & Kitchen,Marketplace,Returning,3,57.35,5,163.45
ORD-011490,2025-12-13,North America,Toys,Marketplace,Returning,1,25.2,0,25.2
ORD-011491,2025-12-13,Latin America,Beauty,Mobile app,New,1,15.82,0,15.82
ORD-011492,2025-12-13,Europe,Apparel,Web,Returning,5,32.92,0,164.6
ORD-011493,2025-12-13,North America,Toys,Mobile app,Returning,3,39.11,10,105.6
ORD-011494,2025-12-13,North America,Sports & Outdoors,Web,New,1,29.04,0,29.04
ORD-011495,2025-12-13,North America,Beauty,Mobile app,New,2,22.44,0,44.88
ORD-011496,2025-12-13,Latin America,Toys,Web,New,4,48.12,10,173.23
ORD-011497,2025-12-13,North America,Sports & Outdoors,Mobile app,Returning,2,85.79,0,171.58
ORD-011498,2025-12-13,North America,Electronics,Web,Returning,2,229.53,5,436.11
ORD-011499,2025-12-13,Asia Pacific,Beauty,Marketplace,New,2,33.93,5,64.47
ORD-011500,2025-12-13,Latin America,Apparel,Marketplace,Returning,2,56.62,0,113.24
ORD-011501,2025-12-13,North America,Beauty,Retail partner,Returning,1,25.72,0,25.72
ORD-011502,2025-12-13,Latin America,Sports & Outdoors,Web,Returning,1,93.14,15,79.17
ORD-011503,2025-12-13,Middle East & Africa,Beauty,Mobile app,Returning,1,32.54,5,30.91
ORD-011504,2025-12-14,Europe,Sports & Outdoors,Web,Returning,3,75.63,20,181.51
ORD-011505,2025-12-14,Europe,Home & Kitchen,Mobile app,New,1,199.49,0,199.49
ORD-011506,2025-12-14,Middle East & Africa,Electronics,Web,New,1,128.32,0,128.32
ORD-011507,2025-12-14,North America,Electronics,Web,Returning,2,362.31,5,688.39
ORD-011508,2025-12-14,Latin America,Apparel,Web,New,1,43.29,0,43.29
ORD-011509,2025-12-14,Europe,Apparel,Web,New,2,44.55,0,89.1
ORD-011510,2025-12-14,North America,Toys,Web,Returning,1,23.21,10,20.89
ORD-011511,2025-12-14,Asia Pacific,Beauty,Marketplace,New,1,17.71,10,15.94
ORD-011512,2025-12-14,Latin America,Home & Kitchen,Retail partner,Returning,4,96.47,0,385.88
ORD-011513,2025-12-14,Europe,Electronics,Mobile app,Returning,1,182.46,10,164.21
ORD-011514,2025-12-14,North America,Home & Kitchen,Web,Returning,4,68.58,0,274.32
ORD-011515,2025-12-14,North America,Toys,Marketplace,Returning,2,27.43,10,49.37
ORD-011516,2025-12-14,North America,Electronics,Web,New,1,97.96,0,97.96
ORD-011517,2025-12-14,North America,Beauty,Web,New,1,48.46,0,48.46
ORD-011518,2025-12-14,Europe,Electronics,Mobile app,Returning,1,178.12,20,142.5
ORD-011519,2025-12-14,Europe,Apparel,Mobile app,Returning,1,54.51,0,54.51
ORD-011520,2025-12-14,Asia Pacific,Home & Kitchen,Web,Returning,2,47.9,10,86.22
ORD-011521,2025-12-14,North America,Electronics,Mobile app,Returning,3,215.5,5,614.17
ORD-011522,2025-12-14,Europe,Electronics,Web,New,1,165.61,0,165.61
ORD-011523,2025-12-14,Europe,Electronics,Web,New,1,109.93,0,109.93
ORD-011524,2025-12-14,Europe,Sports & Outdoors,Web,Returning,1,78.28,10,70.45
ORD-011525,2025-12-14,Asia Pacific,Sports & Outdoors,Web,Returning,1,61.47,5,58.4
ORD-011526,2025-12-14,Latin America,Beauty,Web,Returning,2,13.61,0,27.22
ORD-011527,2025-12-14,Europe,Toys,Web,Returning,3,17.04,10,46.01
ORD-011528,2025-12-14,Asia Pacific,Electronics,Mobile app,Returning,1,221.75,0,221.75
ORD-011529,2025-12-14,Asia Pacific,Electronics,Retail partner,Returning,1,231.5,0,231.5
ORD-011530,2025-12-14,North America,Home & Kitchen,Web,Returning,3,107.5,0,322.5
ORD-011531,2025-12-14,Asia Pacific,Electronics,Mobile app,Returning,2,181.45,5,344.75
ORD-011532,2025-12-14,Europe,Home & Kitchen,Mobile app,Returning,3,63.14,0,189.42
ORD-011533,2025-12-14,North America,Sports & Outdoors,Web,Returning,2,50.95,0,101.9
ORD-011534,2025-12-14,North America,Electronics,Mobile app,New,4,220.39,0,881.56
ORD-011535,2025-12-14,Asia Pacific,Apparel,Web,Returning,1,36.54,20,29.23
ORD-011536,2025-12-14,Europe,Apparel,Mobile app,Returning,4,18.07,5,68.67
ORD-011537,2025-12-14,Middle East & Africa,Electronics,Mobile app,New,1,170.68,0,170.68
ORD-011538,2025-12-14,Asia Pacific,Electronics,Mobile app,Returning,1,111.16,0,111.16
ORD-011539,2025-12-14,North America,Toys,Web,New,5,26.08,15,110.84
ORD-011540,2025-12-14,Europe,Home & Kitchen,Mobile app,Returning,1,40.2,10,36.18
ORD-011541,2025-12-14,North America,Beauty,Mobile app,Returning,2,23.16,10,41.69
ORD-011542,2025-12-14,Asia Pacific,Beauty,Marketplace,Returning,5,56.92,0,284.6
ORD-011543,2025-12-14,Latin America,Home & Kitchen,Mobile app,New,1,56.84,0,56.84
ORD-011544,2025-12-14,North America,Toys,Web,Returning,2,26.51,0,53.02
ORD-011545,2025-12-14,North America,Beauty,Web,Returning,3,23.31,0,69.93
ORD-011546,2025-12-15,Asia Pacific,Electronics,Mobile app,New,5,253.22,0,1266.1
ORD-011547,2025-12-15,Asia Pacific,Toys,Web,Returning,2,42.54,0,85.08
ORD-011548,2025-12-15,Asia Pacific,Sports & Outdoors,Marketplace,Returning,1,83.75,5,79.56
ORD-011549,2025-12-15,Asia Pacific,Apparel,Web,New,1,30.01,0,30.01
ORD-011550,2025-12-15,Asia Pacific,Toys,Mobile app,Returning,1,42.67,0,42.67
ORD-011551,2025-12-15,North America,Sports & Outdoors,Mobile app,Returning,2,56.29,15,95.69
ORD-011552,2025-12-15,Middle East & Africa,Electronics,Web,Returning,1,255.83,0,255.83
ORD-011553,2025-12-15,Asia Pacific,Beauty,Mobile app,Returning,1,19.43,10,17.49
ORD-011554,2025-12-15,Middle East & Africa,Electronics,Mobile app,Returning,1,169.62,5,161.14
ORD-011555,2025-12-15,North America,Apparel,Mobile app,Returning,2,44.34,0,88.68
ORD-011556,2025-12-15,Europe,Electronics,Web,New,2,124.83,0,249.66
ORD-011557,2025-12-15,Europe,Beauty,Web,Returning,1,19.91,10,17.92
ORD-011558,2025-12-15,North America,Beauty,Web,Returning,1,23.41,20,18.73
ORD-011559,2025-12-15,Asia Pacific,Toys,Web,Returning,5,24.8,0,124
ORD-011560,2025-12-15,Europe,Beauty,Web,Returning,3,21.54,10,58.16
ORD-011561,2025-12-15,Asia Pacific,Apparel,Mobile app,Returning,2,57.39,0,114.78
ORD-011562,2025-12-15,North America,Electronics,Web,New,4,164.8,0,659.2
ORD-011563,2025-12-15,North America,Beauty,Web,New,1,27.29,5,25.93
ORD-011564,2025-12-15,Latin America,Electronics,Web,Returning,1,142.33,0,142.33
ORD-011565,2025-12-15,North America,Beauty,Web,Returning,1,18.35,0,18.35
ORD-011566,2025-12-15,Europe,Home & Kitchen,Web,Returning,1,43.61,5,41.43
ORD-011567,2025-12-15,North America,Electronics,Mobile app,New,5,143.44,0,717.2
ORD-011568,2025-12-15,North America,Apparel,Web,Returning,1,25.04,5,23.79
ORD-011569,2025-12-15,North America,Sports & Outdoors,Web,New,1,93.77,5,89.08
ORD-011570,2025-12-15,Europe,Beauty,Web,Returning,3,15.44,0,46.32
ORD-011571,2025-12-15,North America,Electronics,Marketplace,New,4,323.84,0,1295.36
ORD-011572,2025-12-15,Europe,Electronics,Web,New,2,156.62,0,313.24
ORD-011573,2025-12-15,Europe,Electronics,Mobile app,Returning,1,157.22,0,157.22
ORD-011574,2025-12-15,Asia Pacific,Apparel,Web,New,1,23.81,0,23.81
ORD-011575,2025-12-15,Europe,Toys,Mobile app,Returning,1,33.83,0,33.83
ORD-011576,2025-12-15,North America,Home & Kitchen,Web,Returning,1,73.93,0,73.93
ORD-011577,2025-12-15,Latin America,Apparel,Web,New,2,87.61,5,166.46
ORD-011578,2025-12-15,North America,Home & Kitchen,Mobile app,New,1,88.69,0,88.69
ORD-011579,2025-12-15,Europe,Electronics,Web,New,1,113.46,0,113.46
ORD-011580,2025-12-15,Latin America,Beauty,Web,New,1,14.8,0,14.8
ORD-011581,2025-12-15,Middle East & Africa,Beauty,Web,New,1,17.32,5,16.45
ORD-011582,2025-12-15,Europe,Apparel,Mobile app,Returning,1,62.35,5,59.23
ORD-011583,2025-12-15,Europe,Apparel,Mobile app,Returning,4,87.34,10,314.42
ORD-011584,2025-12-15,Europe,Beauty,Web,Returning,1,26.73,0,26.73
ORD-011585,2025-12-15,North America,Apparel,Web,New,1,63.25,0,63.25
ORD-011586,2025-12-15,Asia Pacific,Home & Kitchen,Marketplace,Returning,1,52.61,0,52.61
ORD-011587,2025-12-15,Asia Pacific,Sports & Outdoors,Web,New,1,49.62,15,42.18
ORD-011588,2025-12-15,Asia Pacific,Home & Kitchen,Retail partner,New,1,64.67,10,58.2
ORD-011589,2025-12-15,Europe,Home & Kitchen,Mobile app,New,1,51.82,10,46.64
ORD-011590,2025-12-15,Europe,Beauty,Mobile app,Returning,1,23.77,0,23.77
ORD-011591,2025-12-15,Latin America,Home & Kitchen,Retail partner,New,1,82.94,0,82.94
ORD-011592,2025-12-15,Europe,Toys,Mobile app,New,4,61.74,0,246.96
ORD-011593,2025-12-15,North America,Beauty,Mobile app,New,2,25.74,0,51.48
ORD-011594,2025-12-15,Europe,Beauty,Web,New,1,25.15,10,22.64
ORD-011595,2025-12-15,Latin America,Apparel,Mobile app,New,2,39.07,0,78.14
ORD-011596,2025-12-15,Europe,Sports & Outdoors,Retail partner,New,1,89.87,5,85.38
ORD-011597,2025-12-16,Europe,Home & Kitchen,Mobile app,Returning,1,107.34,10,96.61
ORD-011598,2025-12-16,Europe,Electronics,Mobile app,New,2,254.82,0,509.64
ORD-011599,2025-12-16,North America,Home & Kitchen,Web,New,2,47.22,0,94.44
ORD-011600,2025-12-16,Latin America,Home & Kitchen,Web,New,4,30.33,15,103.12
ORD-011601,2025-12-16,Asia Pacific,Sports & Outdoors,Retail partner,Returning,4,130.34,0,521.36
ORD-011602,2025-12-16,Europe,Home & Kitchen,Web,New,1,74.63,10,67.17
ORD-011603,2025-12-16,Europe,Beauty,Marketplace,New,2,22.48,0,44.96
ORD-011604,2025-12-16,Asia Pacific,Electronics,Mobile app,Returning,2,140.67,0,281.34
ORD-011605,2025-12-16,North America,Home & Kitchen,Web,New,5,54.33,10,244.49
ORD-011606,2025-12-16,North America,Home & Kitchen,Mobile app,Returning,1,38.65,10,34.78
ORD-011607,2025-12-16,Europe,Electronics,Retail partner,New,1,216.75,0,216.75
ORD-011608,2025-12-16,North America,Apparel,Web,Returning,2,40.36,0,80.72
ORD-011609,2025-12-16,North America,Home & Kitchen,Retail partner,Returning,1,47.38,0,47.38
ORD-011610,2025-12-16,North America,Beauty,Marketplace,Returning,1,23.77,0,23.77
ORD-011611,2025-12-16,Middle East & Africa,Home & Kitchen,Mobile app,Returning,1,47.17,0,47.17
ORD-011612,2025-12-16,Europe,Beauty,Mobile app,Returning,3,38.14,0,114.42
ORD-011613,2025-12-16,Europe,Apparel,Web,New,1,71.61,0,71.61
ORD-011614,2025-12-16,North America,Electronics,Mobile app,New,1,174.79,10,157.31
ORD-011615,2025-12-16,Asia Pacific,Beauty,Web,New,2,35.8,5,68.02
ORD-011616,2025-12-16,North America,Beauty,Web,Returning,5,29.19,0,145.95
ORD-011617,2025-12-16,North America,Sports & Outdoors,Web,New,1,150.08,10,135.07
ORD-011618,2025-12-16,Asia Pacific,Home & Kitchen,Retail partner,Returning,1,144.47,0,144.47
ORD-011619,2025-12-16,Latin America,Home & Kitchen,Web,Returning,2,44.31,0,88.62
ORD-011620,2025-12-16,North America,Home & Kitchen,Mobile app,New,1,50.15,0,50.15
ORD-011621,2025-12-16,Europe,Electronics,Marketplace,Returning,2,244.12,5,463.83
ORD-011622,2025-12-16,Europe,Electronics,Web,Returning,1,178.44,0,178.44
ORD-011623,2025-12-16,Europe,Beauty,Web,New,1,24.62,0,24.62
ORD-011624,2025-12-16,North America,Sports & Outdoors,Marketplace,Returning,2,43.26,10,77.87
ORD-011625,2025-12-16,Europe,Toys,Mobile app,New,1,33.19,0,33.19
ORD-011626,2025-12-16,Asia Pacific,Apparel,Mobile app,Returning,1,51.4,15,43.69
ORD-011627,2025-12-16,North America,Home & Kitchen,Mobile app,New,3,52.74,10,142.4
ORD-011628,2025-12-16,Middle East & Africa,Home & Kitchen,Web,Returning,1,100.78,0,100.78
ORD-011629,2025-12-16,North America,Electronics,Marketplace,New,1,347.08,0,347.08
ORD-011630,2025-12-16,North America,Electronics,Mobile app,Returning,2,138.47,10,249.25
ORD-011631,2025-12-17,North America,Sports & Outdoors,Mobile app,Returning,3,81.74,5,232.96
ORD-011632,2025-12-17,Asia Pacific,Beauty,Mobile app,Returning,1,43.03,0,43.03
ORD-011633,2025-12-17,Asia Pacific,Apparel,Web,New,2,29.59,0,59.18
ORD-011634,2025-12-17,North America,Electronics,Marketplace,Returning,1,199.43,0,199.43
ORD-011635,2025-12-17,North America,Sports & Outdoors,Web,New,1,80.04,0,80.04
ORD-011636,2025-12-17,Asia Pacific,Apparel,Web,Returning,2,32.61,0,65.22
ORD-011637,2025-12-17,Europe,Apparel,Web,Returning,1,41.44,0,41.44
ORD-011638,2025-12-17,Latin America,Apparel,Mobile app,Returning,1,60.28,10,54.25
ORD-011639,2025-12-17,Europe,Electronics,Mobile app,New,3,283.3,0,849.9
ORD-011640,2025-12-17,North America,Electronics,Web,Returning,2,158.29,0,316.58
ORD-011641,2025-12-17,North America,Electronics,Marketplace,New,2,254.42,5,483.4
ORD-011642,2025-12-17,Middle East & Africa,Toys,Mobile app,Returning,1,36.78,0,36.78
ORD-011643,2025-12-17,Asia Pacific,Apparel,Web,New,2,91.67,10,165.01
ORD-011644,2025-12-17,Middle East & Africa,Beauty,Web,Returning,1,38.9,5,36.96
ORD-011645,2025-12-17,North America,Beauty,Web,Returning,5,28.97,0,144.85
ORD-011646,2025-12-17,Europe,Beauty,Mobile app,New,2,20.47,0,40.94
ORD-011647,2025-12-17,Asia Pacific,Apparel,Web,Returning,1,66.52,5,63.19
ORD-011648,2025-12-17,North America,Apparel,Web,Returning,1,47.34,0,47.34
ORD-011649,2025-12-17,Europe,Sports & Outdoors,Mobile app,Returning,1,35.07,0,35.07
ORD-011650,2025-12-17,Europe,Electronics,Retail partner,New,1,156.22,5,148.41
ORD-011651,2025-12-17,Asia Pacific,Electronics,Mobile app,Returning,1,145.41,0,145.41
ORD-011652,2025-12-17,Latin America,Electronics,Web,New,1,152.07,0,152.07
ORD-011653,2025-12-17,Europe,Beauty,Web,Returning,1,28.39,10,25.55
ORD-011654,2025-12-17,Asia Pacific,Beauty,Mobile app,Returning,2,23.07,0,46.14
ORD-011655,2025-12-17,Middle East & Africa,Toys,Mobile app,New,1,33.75,5,32.06
ORD-011656,2025-12-17,North America,Beauty,Mobile app,Returning,1,21.3,5,20.24
ORD-011657,2025-12-17,North America,Sports & Outdoors,Web,Returning,1,86.19,0,86.19
ORD-011658,2025-12-17,Europe,Home & Kitchen,Marketplace,Returning,1,67.33,0,67.33
ORD-011659,2025-12-17,Europe,Home & Kitchen,Mobile app,Returning,2,53.92,0,107.84
ORD-011660,2025-12-17,North America,Beauty,Web,New,3,39.8,0,119.4
ORD-011661,2025-12-17,Asia Pacific,Apparel,Mobile app,Returning,2,35.86,0,71.72
ORD-011662,2025-12-17,Latin America,Electronics,Web,New,5,151.08,0,755.4
ORD-011663,2025-12-17,Asia Pacific,Electronics,Web,Returning,2,231.97,10,417.55
ORD-011664,2025-12-17,Middle East & Africa,Electronics,Web,Returning,1,200.1,0,200.1
ORD-011665,2025-12-17,Asia Pacific,Apparel,Mobile app,Returning,1,30.92,10,27.83
ORD-011666,2025-12-17,North America,Home & Kitchen,Marketplace,Returning,1,58.1,0,58.1
ORD-011667,2025-12-18,Asia Pacific,Apparel,Marketplace,Returning,1,62.79,0,62.79
ORD-011668,2025-12-18,Europe,Electronics,Mobile app,Returning,2,199.19,0,398.38
ORD-011669,2025-12-18,North America,Sports & Outdoors,Mobile app,New,2,49.55,0,99.1
ORD-011670,2025-12-18,Europe,Beauty,Web,Returning,1,46.55,0,46.55
ORD-011671,2025-12-18,North America,Sports & Outdoors,Web,Returning,1,98.37,10,88.53
ORD-011672,2025-12-18,North America,Home & Kitchen,Marketplace,New,1,87.43,10,78.69
ORD-011673,2025-12-18,Asia Pacific,Sports & Outdoors,Marketplace,New,2,119.85,0,239.7
ORD-011674,2025-12-18,Asia Pacific,Toys,Web,New,3,35.38,0,106.14
ORD-011675,2025-12-18,Middle East & Africa,Home & Kitchen,Web,Returning,1,82.49,0,82.49
ORD-011676,2025-12-18,Europe,Electronics,Marketplace,Returning,3,191.38,10,516.73
ORD-011677,2025-12-18,Europe,Sports & Outdoors,Mobile app,New,4,74.48,20,238.34
ORD-011678,2025-12-18,Europe,Apparel,Web,New,1,29.01,0,29.01
ORD-011679,2025-12-18,Middle East & Africa,Home & Kitchen,Mobile app,Returning,1,40.62,10,36.56
ORD-011680,2025-12-18,Latin America,Home & Kitchen,Mobile app,New,2,40.93,0,81.86
ORD-011681,2025-12-18,Latin America,Electronics,Mobile app,New,3,113.04,0,339.12
ORD-011682,2025-12-18,Asia Pacific,Beauty,Web,Returning,2,15.35,0,30.7
ORD-011683,2025-12-18,Latin America,Electronics,Web,Returning,2,177.52,0,355.04
ORD-011684,2025-12-18,Middle East & Africa,Apparel,Mobile app,New,1,45.64,0,45.64
ORD-011685,2025-12-18,Europe,Sports & Outdoors,Mobile app,Returning,2,58.78,0,117.56
ORD-011686,2025-12-18,Asia Pacific,Home & Kitchen,Web,Returning,2,81.02,5,153.94
ORD-011687,2025-12-18,North America,Beauty,Web,Returning,1,25.64,0,25.64
ORD-011688,2025-12-18,North America,Electronics,Mobile app,Returning,1,257.39,0,257.39
ORD-011689,2025-12-18,Europe,Beauty,Mobile app,Returning,1,26.74,10,24.07
ORD-011690,2025-12-18,North America,Home & Kitchen,Mobile app,Returning,1,67.83,15,57.66
ORD-011691,2025-12-18,Europe,Electronics,Web,New,1,171.79,0,171.79
ORD-011692,2025-12-18,Europe,Apparel,Web,Returning,3,66.8,0,200.4
ORD-011693,2025-12-18,Asia Pacific,Apparel,Mobile app,Returning,2,24.88,0,49.76
ORD-011694,2025-12-18,Asia Pacific,Home & Kitchen,Mobile app,Returning,1,82.61,0,82.61
ORD-011695,2025-12-18,Latin America,Sports & Outdoors,Web,New,1,91.67,5,87.09
ORD-011696,2025-12-18,Latin America,Sports & Outdoors,Web,New,1,67.62,0,67.62
ORD-011697,2025-12-18,Europe,Sports & Outdoors,Mobile app,New,3,37.83,0,113.49
ORD-011698,2025-12-18,Europe,Toys,Mobile app,New,1,46.44,5,44.12
ORD-011699,2025-12-18,North America,Beauty,Web,Returning,4,29.31,0,117.24
ORD-011700,2025-12-18,Asia Pacific,Sports & Outdoors,Marketplace,Returning,1,104.54,0,104.54
ORD-011701,2025-12-18,Asia Pacific,Apparel,Retail partner,New,2,30.81,0,61.62
ORD-011702,2025-12-18,Asia Pacific,Toys,Mobile app,New,5,30.35,0,151.75
ORD-011703,2025-12-18,Middle East & Africa,Apparel,Web,Returning,1,26.75,0,26.75
ORD-011704,2025-12-18,Asia Pacific,Apparel,Web,Returning,3,54.71,0,164.13
ORD-011705,2025-12-19,Asia Pacific,Sports & Outdoors,Web,Returning,1,70.99,0,70.99
ORD-011706,2025-12-19,Europe,Electronics,Web,New,1,114.48,10,103.03
ORD-011707,2025-12-19,Asia Pacific,Home & Kitchen,Mobile app,Returning,1,59.17,5,56.21
ORD-011708,2025-12-19,North America,Toys,Mobile app,New,2,42.42,10,76.36
ORD-011709,2025-12-19,North America,Home & Kitchen,Marketplace,New,1,31.26,0,31.26
ORD-011710,2025-12-19,Asia Pacific,Toys,Mobile app,New,1,63.73,10,57.36
ORD-011711,2025-12-19,Europe,Electronics,Mobile app,New,2,122.25,0,244.5
ORD-011712,2025-12-19,North America,Beauty,Web,Returning,2,20.1,5,38.19
ORD-011713,2025-12-19,North America,Home & Kitchen,Web,Returning,3,56.78,0,170.34
ORD-011714,2025-12-19,Europe,Electronics,Mobile app,Returning,2,173.44,0,346.88
ORD-011715,2025-12-19,North America,Apparel,Web,New,2,37.54,0,75.08
ORD-011716,2025-12-19,North America,Home & Kitchen,Web,Returning,3,59.76,10,161.35
ORD-011717,2025-12-19,Latin America,Electronics,Mobile app,Returning,1,124.24,0,124.24
ORD-011718,2025-12-19,North America,Beauty,Mobile app,Returning,2,25.39,10,45.7
ORD-011719,2025-12-19,Europe,Toys,Mobile app,Returning,1,27.22,5,25.86
ORD-011720,2025-12-19,Europe,Home & Kitchen,Web,Returning,1,73.04,10,65.74
ORD-011721,2025-12-19,Asia Pacific,Apparel,Mobile app,New,1,40.8,0,40.8
ORD-011722,2025-12-19,Middle East & Africa,Electronics,Web,Returning,4,194.93,0,779.72
ORD-011723,2025-12-19,Latin America,Electronics,Mobile app,Returning,2,213.7,0,427.4
ORD-011724,2025-12-19,Europe,Beauty,Web,Returning,1,34.36,0,34.36
ORD-011725,2025-12-19,North America,Electronics,Marketplace,New,1,161.11,10,145
ORD-011726,2025-12-19,Latin America,Home & Kitchen,Web,New,4,80.3,0,321.2
ORD-011727,2025-12-19,North America,Beauty,Retail partner,New,2,24.21,15,41.16
ORD-011728,2025-12-19,Europe,Electronics,Retail partner,Returning,1,246.57,0,246.57
ORD-011729,2025-12-19,Europe,Electronics,Mobile app,Returning,1,144.15,0,144.15
ORD-011730,2025-12-19,North America,Sports & Outdoors,Web,Returning,1,94.06,5,89.36
ORD-011731,2025-12-19,North America,Home & Kitchen,Marketplace,Returning,4,61.89,5,235.18
ORD-011732,2025-12-19,Latin America,Beauty,Web,New,1,15.12,10,13.61
ORD-011733,2025-12-19,North America,Sports & Outdoors,Web,Returning,1,71.67,0,71.67
ORD-011734,2025-12-19,Middle East & Africa,Electronics,Web,Returning,2,283.92,0,567.84
ORD-011735,2025-12-19,Europe,Electronics,Marketplace,New,1,148,0,148
ORD-011736,2025-12-19,Europe,Beauty,Web,Returning,1,23.48,0,23.48
ORD-011737,2025-12-19,Asia Pacific,Toys,Marketplace,Returning,1,46.96,10,42.26
ORD-011738,2025-12-19,Europe,Home & Kitchen,Mobile app,New,1,69.56,5,66.08
ORD-011739,2025-12-19,North America,Toys,Web,Returning,1,36.97,10,33.27
ORD-011740,2025-12-19,North America,Home & Kitchen,Mobile app,Returning,1,55.32,0,55.32
ORD-011741,2025-12-19,North America,Sports & Outdoors,Marketplace,Returning,2,114.13,5,216.85
ORD-011742,2025-12-19,Europe,Apparel,Mobile app,Returning,1,57.83,0,57.83
ORD-011743,2025-12-19,Europe,Home & Kitchen,Retail partner,New,1,54.68,5,51.95
ORD-011744,2025-12-19,Latin America,Sports & Outdoors,Retail partner,Returning,1,48,20,38.4
ORD-011745,2025-12-19,Asia Pacific,Home & Kitchen,Web,Returning,1,50.6,20,40.48
ORD-011746,2025-12-19,Latin America,Beauty,Web,New,1,35.48,5,33.71
ORD-011747,2025-12-19,Europe,Electronics,Marketplace,Returning,2,316.08,0,632.16
ORD-011748,2025-12-19,North America,Toys,Retail partner,New,1,26.12,0,26.12
ORD-011749,2025-12-19,Asia Pacific,Sports & Outdoors,Mobile app,New,2,71.92,0,143.84
ORD-011750,2025-12-20,North America,Home & Kitchen,Web,Returning,1,56.31,0,56.31
ORD-011751,2025-12-20,North America,Toys,Mobile app,Returning,2,75.84,0,151.68
ORD-011752,2025-12-20,Asia Pacific,Home & Kitchen,Web,New,2,42.09,10,75.76
ORD-011753,2025-12-20,Europe,Home & Kitchen,Web,Returning,1,50.1,0,50.1
ORD-011754,2025-12-20,Europe,Home & Kitchen,Web,Returning,1,87.2,5,82.84
ORD-011755,2025-12-20,Latin America,Apparel,Web,Returning,1,63.29,5,60.13
ORD-011756,2025-12-20,Middle East & Africa,Electronics,Web,Returning,2,246.37,0,492.74
ORD-011757,2025-12-20,Middle East & Africa,Electronics,Web,Returning,1,228.89,0,228.89
ORD-011758,2025-12-20,Europe,Beauty,Retail partner,Returning,2,37.07,0,74.14
ORD-011759,2025-12-20,Europe,Apparel,Mobile app,Returning,2,57.1,0,114.2
ORD-011760,2025-12-20,North America,Electronics,Mobile app,New,2,472.58,0,945.16
ORD-011761,2025-12-20,North America,Home & Kitchen,Web,Returning,1,95.93,0,95.93
ORD-011762,2025-12-20,Asia Pacific,Apparel,Web,Returning,4,52.7,0,210.8
ORD-011763,2025-12-20,Europe,Beauty,Web,Returning,1,43.2,0,43.2
ORD-011764,2025-12-20,North America,Sports & Outdoors,Mobile app,New,2,48.19,0,96.38
ORD-011765,2025-12-20,Latin America,Home & Kitchen,Mobile app,New,2,62.36,0,124.72
ORD-011766,2025-12-20,North America,Apparel,Mobile app,New,5,66.46,10,299.07
ORD-011767,2025-12-20,North America,Electronics,Marketplace,Returning,2,224.75,5,427.03
ORD-011768,2025-12-20,Europe,Electronics,Mobile app,New,1,290.35,10,261.32
ORD-011769,2025-12-20,Europe,Toys,Web,Returning,1,39.6,0,39.6
ORD-011770,2025-12-20,Asia Pacific,Apparel,Web,Returning,1,80.01,0,80.01
ORD-011771,2025-12-20,Europe,Beauty,Web,Returning,1,48.61,0,48.61
ORD-011772,2025-12-20,North America,Beauty,Web,Returning,4,34.2,20,109.44
ORD-011773,2025-12-20,Europe,Home & Kitchen,Web,Returning,1,96.85,0,96.85
ORD-011774,2025-12-20,Europe,Apparel,Mobile app,Returning,1,24.61,10,22.15
ORD-011775,2025-12-20,Middle East & Africa,Apparel,Mobile app,Returning,1,60.28,15,51.24
ORD-011776,2025-12-20,North America,Apparel,Mobile app,Returning,1,21.8,5,20.71
ORD-011777,2025-12-20,Middle East & Africa,Home & Kitchen,Mobile app,New,1,47.65,10,42.89
ORD-011778,2025-12-20,North America,Electronics,Web,Returning,2,198.74,10,357.73
ORD-011779,2025-12-20,North America,Toys,Web,Returning,4,37.78,0,151.12
ORD-011780,2025-12-20,North America,Home & Kitchen,Web,New,2,101.17,0,202.34
ORD-011781,2025-12-20,North America,Electronics,Mobile app,Returning,3,143.68,5,409.49
ORD-011782,2025-12-20,Europe,Electronics,Web,Returning,1,186.3,0,186.3
ORD-011783,2025-12-20,Latin America,Beauty,Mobile app,New,1,44.01,15,37.41
ORD-011784,2025-12-20,Middle East & Africa,Electronics,Web,New,1,138.52,5,131.59
ORD-011785,2025-12-20,Europe,Home & Kitchen,Mobile app,New,1,115.6,0,115.6
ORD-011786,2025-12-20,Europe,Apparel,Mobile app,Returning,2,43.76,0,87.52
ORD-011787,2025-12-20,Middle East & Africa,Apparel,Mobile app,New,1,66.43,5,63.11
ORD-011788,2025-12-20,Asia Pacific,Apparel,Mobile app,Returning,3,46.93,0,140.79
ORD-011789,2025-12-20,North America,Apparel,Mobile app,New,1,49.23,0,49.23
ORD-011790,2025-12-20,Europe,Home & Kitchen,Web,Returning,1,30.82,0,30.82
ORD-011791,2025-12-20,Latin America,Beauty,Marketplace,New,1,30.44,5,28.92
ORD-011792,2025-12-20,North America,Sports & Outdoors,Mobile app,Returning,2,79.43,5,150.92
ORD-011793,2025-12-20,Latin America,Apparel,Web,New,1,30.12,0,30.12
ORD-011794,2025-12-20,North America,Apparel,Mobile app,New,1,35.66,5,33.88
ORD-011795,2025-12-20,Asia Pacific,Toys,Mobile app,Returning,1,21.59,0,21.59
ORD-011796,2025-12-20,Asia Pacific,Sports & Outdoors,Mobile app,New,2,101.01,15,171.72
ORD-011797,2025-12-20,Europe,Apparel,Web,New,5,44.37,5,210.76
ORD-011798,2025-12-20,North America,Home & Kitchen,Web,Returning,3,47.29,0,141.87
ORD-011799,2025-12-20,Asia Pacific,Apparel,Web,Returning,3,39.33,0,117.99
ORD-011800,2025-12-21,Asia Pacific,Home & Kitchen,Web,New,4,71.08,15,241.67
ORD-011801,2025-12-21,North America,Sports & Outdoors,Marketplace,Returning,2,136.38,0,272.76
ORD-011802,2025-12-21,Latin America,Apparel,Mobile app,New,1,30.55,0,30.55
ORD-011803,2025-12-21,North America,Sports & Outdoors,Web,New,1,97.16,5,92.3
ORD-011804,2025-12-21,Middle East & Africa,Toys,Web,Returning,1,15.32,0,15.32
ORD-011805,2025-12-21,North America,Sports & Outdoors,Web,Returning,4,168.14,0,672.56
ORD-011806,2025-12-21,Europe,Beauty,Web,New,1,29.97,0,29.97
ORD-011807,2025-12-21,Europe,Home & Kitchen,Web,New,1,66.59,10,59.93
ORD-011808,2025-12-21,Middle East & Africa,Electronics,Web,Returning,1,226.64,0,226.64
ORD-011809,2025-12-21,Asia Pacific,Electronics,Mobile app,New,1,259.33,5,246.36
ORD-011810,2025-12-21,North America,Beauty,Web,Returning,4,32.94,0,131.76
ORD-011811,2025-12-21,Asia Pacific,Sports & Outdoors,Web,Returning,2,64.49,0,128.98
ORD-011812,2025-12-21,North America,Home & Kitchen,Mobile app,New,1,75.69,0,75.69
ORD-011813,2025-12-21,Europe,Beauty,Mobile app,Returning,2,27.42,0,54.84
ORD-011814,2025-12-21,Europe,Beauty,Mobile app,Returning,4,21.02,5,79.88
ORD-011815,2025-12-21,Europe,Beauty,Web,Returning,1,45.61,0,45.61
ORD-011816,2025-12-21,Europe,Home & Kitchen,Retail partner,New,1,33.45,0,33.45
ORD-011817,2025-12-21,North America,Apparel,Marketplace,New,1,47.79,0,47.79
ORD-011818,2025-12-21,Asia Pacific,Sports & Outdoors,Web,Returning,1,110.13,0,110.13
ORD-011819,2025-12-21,North America,Home & Kitchen,Web,New,1,66.96,0,66.96
ORD-011820,2025-12-21,North America,Electronics,Web,New,2,93.82,0,187.64
ORD-011821,2025-12-21,North America,Electronics,Web,Returning,3,215.84,0,647.52
ORD-011822,2025-12-21,Latin America,Electronics,Web,Returning,4,213.93,0,855.72
ORD-011823,2025-12-21,Middle East & Africa,Electronics,Mobile app,New,1,211.65,0,211.65
ORD-011824,2025-12-21,Asia Pacific,Sports & Outdoors,Mobile app,Returning,2,72.95,0,145.9
ORD-011825,2025-12-21,Asia Pacific,Home & Kitchen,Mobile app,Returning,1,60.19,10,54.17
ORD-011826,2025-12-21,Asia Pacific,Toys,Marketplace,New,1,44.64,0,44.64
ORD-011827,2025-12-21,Europe,Home & Kitchen,Mobile app,New,2,86.14,5,163.67
ORD-011828,2025-12-21,Asia Pacific,Sports & Outdoors,Web,New,1,60.86,0,60.86
ORD-011829,2025-12-21,North America,Apparel,Mobile app,Returning,1,46.01,20,36.81
ORD-011830,2025-12-21,North America,Electronics,Web,Returning,1,157.54,0,157.54
ORD-011831,2025-12-21,North America,Apparel,Web,Returning,2,63.71,10,114.68
ORD-011832,2025-12-21,Asia Pacific,Home & Kitchen,Mobile app,Returning,2,43.69,0,87.38
ORD-011833,2025-12-21,Europe,Toys,Retail partner,Returning,4,24.03,5,91.31
ORD-011834,2025-12-21,North America,Apparel,Web,Returning,1,33.53,5,31.85
ORD-011835,2025-12-21,Europe,Home & Kitchen,Web,Returning,1,47.17,0,47.17
ORD-011836,2025-12-21,North America,Toys,Mobile app,New,2,29.3,5,55.67
ORD-011837,2025-12-21,Asia Pacific,Beauty,Web,Returning,1,18.37,15,15.61
ORD-011838,2025-12-21,Europe,Apparel,Mobile app,New,5,31,0,155
ORD-011839,2025-12-21,Asia Pacific,Beauty,Retail partner,Returning,2,23.01,0,46.02
ORD-011840,2025-12-22,Asia Pacific,Toys,Web,New,2,44.18,0,88.36
ORD-011841,2025-12-22,North America,Sports & Outdoors,Web,Returning,2,77.23,0,154.46
ORD-011842,2025-12-22,North America,Apparel,Mobile app,New,1,60.09,0,60.09
ORD-011843,2025-12-22,North America,Sports & Outdoors,Web,New,2,85.63,0,171.26
ORD-011844,2025-12-22,Asia Pacific,Electronics,Mobile app,New,2,145.33,0,290.66
ORD-011845,2025-12-22,Europe,Apparel,Mobile app,New,2,28.14,10,50.65
ORD-011846,2025-12-22,Latin America,Beauty,Retail partner,Returning,1,23.02,5,21.87
ORD-011847,2025-12-22,North America,Apparel,Web,New,2,24.32,15,41.34
ORD-011848,2025-12-22,Europe,Electronics,Web,Returning,3,119.25,10,321.98
ORD-011849,2025-12-22,Europe,Apparel,Web,Returning,5,36.31,5,172.47
ORD-011850,2025-12-22,North America,Apparel,Mobile app,Returning,1,43.34,0,43.34
ORD-011851,2025-12-22,North America,Beauty,Marketplace,Returning,3,28.05,10,75.74
ORD-011852,2025-12-22,Latin America,Toys,Mobile app,Returning,1,32.53,0,32.53
ORD-011853,2025-12-22,Europe,Apparel,Mobile app,New,2,55.28,15,93.98
ORD-011854,2025-12-22,North America,Electronics,Mobile app,New,1,168.56,0,168.56
ORD-011855,2025-12-22,North America,Electronics,Web,Returning,2,205.23,0,410.46
ORD-011856,2025-12-22,Asia Pacific,Electronics,Web,New,2,125.84,0,251.68
ORD-011857,2025-12-22,North America,Electronics,Mobile app,New,1,139.4,0,139.4
ORD-011858,2025-12-22,North America,Home & Kitchen,Web,Returning,3,79.92,0,239.76
ORD-011859,2025-12-22,Middle East & Africa,Electronics,Marketplace,Returning,2,231.63,5,440.1
ORD-011860,2025-12-22,North America,Beauty,Marketplace,Returning,1,39.47,5,37.5
ORD-011861,2025-12-22,Middle East & Africa,Electronics,Marketplace,Returning,3,273.19,10,737.61
ORD-011862,2025-12-22,North America,Beauty,Mobile app,Returning,2,45.08,5,85.65
ORD-011863,2025-12-22,Europe,Electronics,Marketplace,Returning,2,263.44,0,526.88
ORD-011864,2025-12-22,Europe,Toys,Mobile app,New,2,55.56,5,105.56
ORD-011865,2025-12-22,North America,Home & Kitchen,Marketplace,Returning,1,67.36,0,67.36
ORD-011866,2025-12-22,Asia Pacific,Home & Kitchen,Web,New,3,48.2,10,130.14
ORD-011867,2025-12-22,Middle East & Africa,Beauty,Retail partner,Returning,3,31.61,0,94.83
ORD-011868,2025-12-22,Europe,Toys,Mobile app,Returning,1,55.24,0,55.24
ORD-011869,2025-12-22,Middle East & Africa,Electronics,Mobile app,Returning,1,172.39,5,163.77
ORD-011870,2025-12-22,Latin America,Home & Kitchen,Mobile app,New,1,92.93,5,88.28
ORD-011871,2025-12-22,North America,Apparel,Mobile app,New,1,45.7,5,43.42
ORD-011872,2025-12-22,North America,Electronics,Marketplace,Returning,2,101.52,0,203.04
ORD-011873,2025-12-22,North America,Home & Kitchen,Mobile app,New,1,76.06,0,76.06
ORD-011874,2025-12-22,Europe,Electronics,Web,Returning,3,124,0,372
ORD-011875,2025-12-22,Asia Pacific,Sports & Outdoors,Web,Returning,1,67.57,10,60.81
ORD-011876,2025-12-22,Europe,Beauty,Web,Returning,2,18.38,0,36.76
ORD-011877,2025-12-22,Asia Pacific,Beauty,Web,Returning,2,41.09,15,69.85
ORD-011878,2025-12-22,Asia Pacific,Electronics,Mobile app,New,1,63.38,0,63.38
ORD-011879,2025-12-22,Latin America,Beauty,Mobile app,Returning,1,44.63,0,44.63
ORD-011880,2025-12-23,Asia Pacific,Electronics,Mobile app,Returning,1,177.98,0,177.98
ORD-011881,2025-12-23,Middle East & Africa,Apparel,Web,New,1,58.81,0,58.81
ORD-011882,2025-12-23,North America,Sports & Outdoors,Mobile app,Returning,1,71.51,0,71.51
ORD-011883,2025-12-23,Asia Pacific,Sports & Outdoors,Retail partner,New,1,61.71,0,61.71
ORD-011884,2025-12-23,Asia Pacific,Sports & Outdoors,Web,Returning,1,78.2,15,66.47
ORD-011885,2025-12-23,Asia Pacific,Home & Kitchen,Retail partner,New,3,87.89,5,250.49
ORD-011886,2025-12-23,North America,Apparel,Marketplace,New,4,41.73,0,166.92
ORD-011887,2025-12-23,Europe,Toys,Marketplace,New,1,54.25,0,54.25
ORD-011888,2025-12-23,North America,Electronics,Web,Returning,2,158.32,15,269.14
ORD-011889,2025-12-23,Europe,Apparel,Web,New,1,38.28,0,38.28
ORD-011890,2025-12-23,Latin America,Beauty,Web,Returning,1,21.65,0,21.65
ORD-011891,2025-12-23,North America,Sports & Outdoors,Mobile app,Returning,1,75.68,5,71.9
ORD-011892,2025-12-23,Europe,Toys,Marketplace,Returning,1,35.05,10,31.55
ORD-011893,2025-12-23,North America,Toys,Retail partner,New,1,28.64,5,27.21
ORD-011894,2025-12-23,Europe,Beauty,Retail partner,Returning,3,47.41,15,120.9
ORD-011895,2025-12-23,Asia Pacific,Electronics,Mobile app,Returning,3,184.93,0,554.79
ORD-011896,2025-12-23,Europe,Home & Kitchen,Web,Returning,3,116.44,0,349.32
ORD-011897,2025-12-23,Europe,Beauty,Mobile app,Returning,1,18.98,5,18.03
ORD-011898,2025-12-23,North America,Beauty,Marketplace,New,1,45.24,0,45.24
ORD-011899,2025-12-23,Europe,Toys,Web,Returning,1,50.73,20,40.58
ORD-011900,2025-12-23,Asia Pacific,Home & Kitchen,Web,New,1,76.27,10,68.64
ORD-011901,2025-12-23,Latin America,Home & Kitchen,Web,Returning,2,66.02,0,132.04
ORD-011902,2025-12-23,Latin America,Toys,Marketplace,Returning,1,34.17,0,34.17
ORD-011903,2025-12-23,North America,Beauty,Web,New,1,23.94,10,21.55
ORD-011904,2025-12-23,Europe,Electronics,Web,New,4,108.16,5,411.01
ORD-011905,2025-12-23,North America,Home & Kitchen,Web,New,2,70.37,20,112.59
ORD-011906,2025-12-23,Middle East & Africa,Apparel,Retail partner,Returning,1,66.82,0,66.82
ORD-011907,2025-12-23,Europe,Electronics,Mobile app,New,5,102.53,0,512.65
ORD-011908,2025-12-23,Asia Pacific,Electronics,Web,Returning,2,189.15,0,378.3
ORD-011909,2025-12-23,Europe,Apparel,Marketplace,Returning,3,67.49,0,202.47
ORD-011910,2025-12-23,Asia Pacific,Beauty,Web,Returning,1,27.58,5,26.2
ORD-011911,2025-12-23,Asia Pacific,Sports & Outdoors,Retail partner,Returning,1,85.28,10,76.75
ORD-011912,2025-12-23,Asia Pacific,Beauty,Mobile app,New,1,22.93,0,22.93
ORD-011913,2025-12-23,Europe,Electronics,Mobile app,Returning,1,163.4,0,163.4
ORD-011914,2025-12-23,North America,Electronics,Web,Returning,1,108.83,10,97.95
ORD-011915,2025-12-23,Asia Pacific,Beauty,Mobile app,New,1,18.72,0,18.72
ORD-011916,2025-12-23,Asia Pacific,Home & Kitchen,Mobile app,Returning,1,103.8,10,93.42
ORD-011917,2025-12-23,Asia Pacific,Electronics,Marketplace,New,2,76.24,0,152.48
ORD-011918,2025-12-23,Europe,Electronics,Mobile app,Returning,1,198.37,15,168.61
ORD-011919,2025-12-23,Asia Pacific,Home & Kitchen,Marketplace,Returning,1,59.2,5,56.24
ORD-011920,2025-12-23,Europe,Electronics,Web,Returning,5,240.4,0,1202
ORD-011921,2025-12-23,Europe,Electronics,Web,New,1,118.39,0,118.39
ORD-011922,2025-12-24,North America,Toys,Marketplace,Returning,1,26.19,0,26.19
ORD-011923,2025-12-24,Latin America,Apparel,Mobile app,Returning,3,53.51,10,144.48
ORD-011924,2025-12-24,Middle East & Africa,Sports & Outdoors,Marketplace,New,1,146.23,0,146.23
ORD-011925,2025-12-24,Europe,Apparel,Web,Returning,3,37.95,0,113.85
ORD-011926,2025-12-24,Asia Pacific,Home & Kitchen,Web,Returning,2,62.33,0,124.66
ORD-011927,2025-12-24,North America,Apparel,Mobile app,Returning,4,54.46,0,217.84
ORD-011928,2025-12-24,Asia Pacific,Electronics,Mobile app,Returning,3,157.02,0,471.06
ORD-011929,2025-12-24,Europe,Electronics,Retail partner,Returning,2,74.39,20,119.02
ORD-011930,2025-12-24,Europe,Apparel,Mobile app,Returning,1,30.49,5,28.97
ORD-011931,2025-12-24,Middle East & Africa,Apparel,Web,Returning,2,70.9,20,113.44
ORD-011932,2025-12-24,Latin America,Toys,Web,New,1,20.13,0,20.13
ORD-011933,2025-12-24,North America,Home & Kitchen,Mobile app,New,1,26.79,5,25.45
ORD-011934,2025-12-24,North America,Beauty,Mobile app,Returning,4,51.65,5,196.27
ORD-011935,2025-12-24,Europe,Toys,Marketplace,Returning,1,42.27,15,35.93
ORD-011936,2025-12-24,Europe,Beauty,Web,Returning,1,32.85,5,31.21
ORD-011937,2025-12-24,Europe,Sports & Outdoors,Marketplace,Returning,1,56.64,15,48.14
ORD-011938,2025-12-24,North America,Apparel,Web,Returning,3,40.57,0,121.71
ORD-011939,2025-12-24,Asia Pacific,Beauty,Web,New,1,28.66,15,24.36
ORD-011940,2025-12-24,Asia Pacific,Apparel,Marketplace,New,3,51.17,5,145.83
ORD-011941,2025-12-24,Asia Pacific,Electronics,Web,New,1,171.28,0,171.28
ORD-011942,2025-12-24,Asia Pacific,Beauty,Mobile app,Returning,3,61.68,0,185.04
ORD-011943,2025-12-24,Europe,Electronics,Retail partner,Returning,2,178.56,0,357.12
ORD-011944,2025-12-24,Europe,Sports & Outdoors,Web,New,4,46.08,0,184.32
ORD-011945,2025-12-24,North America,Electronics,Marketplace,Returning,1,230.83,5,219.29
ORD-011946,2025-12-24,Europe,Apparel,Web,Returning,1,50.75,15,43.14
ORD-011947,2025-12-24,Europe,Apparel,Mobile app,Returning,4,53.6,0,214.4
ORD-011948,2025-12-24,North America,Sports & Outdoors,Marketplace,Returning,1,121.53,20,97.22
ORD-011949,2025-12-24,Europe,Electronics,Mobile app,Returning,4,258.26,0,1033.04
ORD-011950,2025-12-24,Asia Pacific,Apparel,Mobile app,Returning,1,76.26,0,76.26
ORD-011951,2025-12-24,Europe,Apparel,Mobile app,New,2,29.01,0,58.02
ORD-011952,2025-12-24,Europe,Toys,Web,Returning,3,52.37,10,141.4
ORD-011953,2025-12-24,Europe,Toys,Mobile app,Returning,2,29.3,5,55.67
ORD-011954,2025-12-24,Europe,Home & Kitchen,Mobile app,Returning,3,47.38,15,120.82
ORD-011955,2025-12-24,Asia Pacific,Home & Kitchen,Web,New,1,65.66,0,65.66
ORD-011956,2025-12-24,Middle East & Africa,Electronics,Web,Returning,4,101.92,5,387.3
ORD-011957,2025-12-24,Asia Pacific,Beauty,Web,Returning,3,47.94,0,143.82
ORD-011958,2025-12-24,North America,Sports & Outdoors,Marketplace,Returning,2,104.06,5,197.71
ORD-011959,2025-12-24,North America,Home & Kitchen,Web,Returning,2,62.23,15,105.79
ORD-011960,2025-12-25,Europe,Beauty,Web,New,4,41.92,5,159.3
ORD-011961,2025-12-25,Asia Pacific,Electronics,Web,New,3,107.49,10,290.22
ORD-011962,2025-12-25,North America,Electronics,Retail partner,New,1,135.78,0,135.78
ORD-011963,2025-12-25,Latin America,Electronics,Mobile app,Returning,1,133.74,0,133.74
ORD-011964,2025-12-25,Europe,Toys,Mobile app,Returning,2,54.02,0,108.04
ORD-011965,2025-12-25,North America,Apparel,Mobile app,New,1,54.83,0,54.83
ORD-011966,2025-12-25,Europe,Beauty,Retail partner,New,2,45.25,0,90.5
ORD-011967,2025-12-25,Europe,Home & Kitchen,Mobile app,New,2,57.85,0,115.7
ORD-011968,2025-12-25,North America,Home & Kitchen,Mobile app,Returning,2,64.83,0,129.66
ORD-011969,2025-12-25,North America,Apparel,Mobile app,New,1,42.29,15,35.95
ORD-011970,2025-12-25,Europe,Electronics,Mobile app,Returning,1,315.34,0,315.34
ORD-011971,2025-12-25,Europe,Electronics,Web,New,1,250.15,10,225.14
ORD-011972,2025-12-25,Europe,Apparel,Mobile app,Returning,1,29.19,0,29.19
ORD-011973,2025-12-25,Europe,Electronics,Web,Returning,2,168.38,10,303.08
ORD-011974,2025-12-25,North America,Apparel,Mobile app,Returning,2,43.75,0,87.5
ORD-011975,2025-12-25,Asia Pacific,Electronics,Marketplace,New,1,204,0,204
ORD-011976,2025-12-25,Europe,Home & Kitchen,Web,New,2,87.74,0,175.48
ORD-011977,2025-12-25,North America,Electronics,Marketplace,New,4,284.8,15,968.32
ORD-011978,2025-12-25,Europe,Apparel,Web,New,1,39.21,0,39.21
ORD-011979,2025-12-25,Asia Pacific,Electronics,Mobile app,Returning,1,171.53,0,171.53
ORD-011980,2025-12-25,Middle East & Africa,Apparel,Web,New,1,61.45,0,61.45
ORD-011981,2025-12-25,Europe,Electronics,Mobile app,New,1,196.6,0,196.6
ORD-011982,2025-12-25,North America,Home & Kitchen,Web,Returning,1,78.78,5,74.84
ORD-011983,2025-12-25,Europe,Home & Kitchen,Web,Returning,1,71.93,5,68.33
ORD-011984,2025-12-25,Europe,Beauty,Web,Returning,1,41.01,10,36.91
ORD-011985,2025-12-25,Asia Pacific,Apparel,Web,New,4,27.52,0,110.08
ORD-011986,2025-12-25,Asia Pacific,Electronics,Mobile app,Returning,2,156.74,15,266.46
ORD-011987,2025-12-25,North America,Home & Kitchen,Web,New,1,77.3,0,77.3
ORD-011988,2025-12-25,Latin America,Apparel,Mobile app,Returning,4,30.63,15,104.14
ORD-011989,2025-12-25,North America,Apparel,Web,Returning,2,40.74,0,81.48
ORD-011990,2025-12-25,North America,Beauty,Mobile app,Returning,4,31.33,0,125.32
ORD-011991,2025-12-25,Latin America,Sports & Outdoors,Web,New,4,47.69,5,181.22
ORD-011992,2025-12-25,Europe,Sports & Outdoors,Web,Returning,1,60.51,0,60.51
ORD-011993,2025-12-25,Asia Pacific,Home & Kitchen,Web,Returning,4,47.62,0,190.48
ORD-011994,2025-12-25,North America,Electronics,Web,New,5,162.72,5,772.92
ORD-011995,2025-12-25,Europe,Electronics,Mobile app,New,1,76.74,0,76.74
ORD-011996,2025-12-25,Europe,Electronics,Web,Returning,5,253.77,15,1078.52
ORD-011997,2025-12-25,Europe,Sports & Outdoors,Web,Returning,3,82.13,0,246.39
ORD-011998,2025-12-25,North America,Sports & Outdoors,Mobile app,New,1,173.23,0,173.23
ORD-011999,2025-12-25,Europe,Sports & Outdoors,Mobile app,Returning,1,70.11,0,70.11
ORD-012000,2025-12-25,Middle East & Africa,Home & Kitchen,Web,Returning,2,59.12,0,118.24
ORD-012001,2025-12-26,North America,Electronics,Mobile app,New,1,159.35,15,135.45
ORD-012002,2025-12-26,North America,Home & Kitchen,Web,Returning,1,82.69,0,82.69
ORD-012003,2025-12-26,Europe,Electronics,Web,Returning,1,241.48,0,241.48
ORD-012004,2025-12-26,Latin America,Apparel,Web,Returning,1,41.56,5,39.48
ORD-012005,2025-12-26,Europe,Apparel,Mobile app,Returning,3,78.75,15,200.81
ORD-012006,2025-12-26,Asia Pacific,Home & Kitchen,Mobile app,Returning,1,108.46,20,86.77
ORD-012007,2025-12-26,Middle East & Africa,Home & Kitchen,Mobile app,Returning,1,82.97,5,78.82
ORD-012008,2025-12-26,North America,Electronics,Web,New,1,193.06,0,193.06
ORD-012009,2025-12-26,Europe,Apparel,Mobile app,New,1,46.56,0,46.56
ORD-012010,2025-12-26,Europe,Home & Kitchen,Marketplace,New,1,78.26,10,70.43
ORD-012011,2025-12-26,North America,Electronics,Web,Returning,2,199.25,0,398.5
ORD-012012,2025-12-26,North America,Electronics,Web,Returning,1,170.83,10,153.75
ORD-012013,2025-12-26,Europe,Sports & Outdoors,Web,Returning,4,109.19,10,393.08
ORD-012014,2025-12-26,Asia Pacific,Apparel,Retail partner,Returning,2,48.89,10,88
ORD-012015,2025-12-26,North America,Home & Kitchen,Mobile app,Returning,2,55.1,15,93.67
ORD-012016,2025-12-26,North America,Apparel,Web,New,1,62.01,10,55.81
ORD-012017,2025-12-26,North America,Electronics,Marketplace,New,1,154.96,5,147.21
ORD-012018,2025-12-26,Europe,Apparel,Mobile app,New,2,56.98,0,113.96
ORD-012019,2025-12-26,Europe,Beauty,Web,Returning,1,41.3,0,41.3
ORD-012020,2025-12-26,Asia Pacific,Electronics,Web,Returning,3,172.48,5,491.57
ORD-012021,2025-12-26,Asia Pacific,Beauty,Marketplace,New,1,38.34,10,34.51
ORD-012022,2025-12-26,North America,Beauty,Web,New,1,26.13,0,26.13
ORD-012023,2025-12-26,Europe,Home & Kitchen,Marketplace,Returning,1,43.35,5,41.18
ORD-012024,2025-12-26,Asia Pacific,Electronics,Web,Returning,2,367.78,0,735.56
ORD-012025,2025-12-26,Middle East & Africa,Beauty,Web,New,2,25.46,10,45.83
ORD-012026,2025-12-26,Europe,Electronics,Web,Returning,2,89.69,0,179.38
ORD-012027,2025-12-26,Latin America,Toys,Web,Returning,1,34.45,5,32.73
ORD-012028,2025-12-26,North America,Apparel,Web,Returning,1,22.55,0,22.55
ORD-012029,2025-12-26,North America,Beauty,Mobile app,Returning,1,31.07,5,29.52
ORD-012030,2025-12-27,North America,Home & Kitchen,Mobile app,New,3,60.67,0,182.01
ORD-012031,2025-12-27,Asia Pacific,Sports & Outdoors,Mobile app,Returning,1,66.88,10,60.19
ORD-012032,2025-12-27,North America,Electronics,Marketplace,Returning,1,269.15,10,242.24
ORD-012033,2025-12-27,Asia Pacific,Beauty,Web,New,1,37.13,10,33.42
ORD-012034,2025-12-27,Asia Pacific,Electronics,Retail partner,Returning,1,170.89,5,162.35
ORD-012035,2025-12-27,North America,Home & Kitchen,Web,Returning,1,50.43,0,50.43
ORD-012036,2025-12-27,North America,Home & Kitchen,Web,New,1,48.24,10,43.42
ORD-012037,2025-12-27,Europe,Toys,Retail partner,Returning,1,47.48,0,47.48
ORD-012038,2025-12-27,North America,Apparel,Retail partner,Returning,1,18.25,5,17.34
ORD-012039,2025-12-27,North America,Home & Kitchen,Web,Returning,1,48.02,5,45.62
ORD-012040,2025-12-27,North America,Home & Kitchen,Web,Returning,1,82.21,10,73.99
ORD-012041,2025-12-27,Europe,Home & Kitchen,Web,New,1,75.43,20,60.34
ORD-012042,2025-12-27,Latin America,Electronics,Web,New,2,194.13,0,388.26
ORD-012043,2025-12-27,Europe,Electronics,Web,New,3,197.87,0,593.61
ORD-012044,2025-12-27,Asia Pacific,Apparel,Marketplace,Returning,2,21.58,0,43.16
ORD-012045,2025-12-27,Asia Pacific,Home & Kitchen,Web,New,2,23.77,0,47.54
ORD-012046,2025-12-27,Middle East & Africa,Sports & Outdoors,Web,New,1,58.72,10,52.85
ORD-012047,2025-12-27,North America,Sports & Outdoors,Web,Returning,1,67.25,0,67.25
ORD-012048,2025-12-27,North America,Home & Kitchen,Web,New,2,61.02,5,115.94
ORD-012049,2025-12-27,Europe,Sports & Outdoors,Web,New,1,103.1,0,103.1
ORD-012050,2025-12-27,Asia Pacific,Electronics,Web,Returning,1,296.19,0,296.19
ORD-012051,2025-12-27,Asia Pacific,Home & Kitchen,Web,Returning,1,66.27,10,59.64
ORD-012052,2025-12-27,North America,Sports & Outdoors,Mobile app,Returning,1,94.59,10,85.13
ORD-012053,2025-12-27,Europe,Electronics,Web,Returning,3,144.81,0,434.43
ORD-012054,2025-12-27,Middle East & Africa,Electronics,Web,Returning,1,118.4,0,118.4
ORD-012055,2025-12-27,North America,Electronics,Web,Returning,1,170.6,0,170.6
ORD-012056,2025-12-27,Europe,Apparel,Web,Returning,1,52.51,0,52.51
ORD-012057,2025-12-27,Europe,Electronics,Mobile app,Returning,1,67.34,10,60.61
ORD-012058,2025-12-27,Asia Pacific,Home & Kitchen,Web,Returning,1,51.13,0,51.13
ORD-012059,2025-12-27,North America,Beauty,Web,New,2,37.78,10,68
ORD-012060,2025-12-27,North America,Beauty,Web,Returning,2,15.87,0,31.74
ORD-012061,2025-12-27,Europe,Sports & Outdoors,Web,New,2,50.08,0,100.16
ORD-012062,2025-12-27,Europe,Toys,Marketplace,Returning,2,25.06,0,50.12
ORD-012063,2025-12-27,North America,Toys,Web,New,3,27.99,5,79.77
ORD-012064,2025-12-27,Europe,Toys,Mobile app,Returning,1,40.1,0,40.1
ORD-012065,2025-12-27,Europe,Home & Kitchen,Mobile app,Returning,3,36.63,0,109.89
ORD-012066,2025-12-27,Middle East & Africa,Home & Kitchen,Mobile app,Returning,1,99.81,10,89.83
ORD-012067,2025-12-27,North America,Apparel,Retail partner,Returning,1,54.39,0,54.39
ORD-012068,2025-12-27,North America,Apparel,Mobile app,New,3,37.29,5,106.28
ORD-012069,2025-12-27,Europe,Electronics,Mobile app,Returning,1,139.4,0,139.4
ORD-012070,2025-12-27,North America,Home & Kitchen,Web,Returning,1,92.36,5,87.74
ORD-012071,2025-12-27,Europe,Electronics,Web,New,1,275.69,0,275.69
ORD-012072,2025-12-27,North America,Home & Kitchen,Web,New,1,47.47,15,40.35
ORD-012073,2025-12-27,Middle East & Africa,Electronics,Web,Returning,1,236.28,5,224.47
ORD-012074,2025-12-27,North America,Apparel,Web,Returning,3,48.53,10,131.03
ORD-012075,2025-12-27,North America,Home & Kitchen,Web,Returning,1,37.8,0,37.8
ORD-012076,2025-12-27,North America,Sports & Outdoors,Web,Returning,2,77.1,0,154.2
ORD-012077,2025-12-27,Europe,Sports & Outdoors,Mobile app,Returning,1,61.59,0,61.59
ORD-012078,2025-12-28,Europe,Electronics,Mobile app,New,2,170.48,0,340.96
ORD-012079,2025-12-28,Asia Pacific,Home & Kitchen,Web,New,1,89.81,10,80.83
ORD-012080,2025-12-28,Asia Pacific,Sports & Outdoors,Web,New,5,148.71,10,669.2
ORD-012081,2025-12-28,Latin America,Apparel,Web,Returning,1,51.39,10,46.25
ORD-012082,2025-12-28,Europe,Apparel,Mobile app,Returning,1,64.93,0,64.93
ORD-012083,2025-12-28,North America,Home & Kitchen,Web,Returning,1,65.3,0,65.3
ORD-012084,2025-12-28,Asia Pacific,Electronics,Mobile app,New,1,237.05,5,225.2
ORD-012085,2025-12-28,Asia Pacific,Apparel,Web,Returning,2,44.45,10,80.01
ORD-012086,2025-12-28,Europe,Toys,Web,Returning,1,28.17,0,28.17
ORD-012087,2025-12-28,Europe,Home & Kitchen,Web,New,1,48.17,0,48.17
ORD-012088,2025-12-28,Asia Pacific,Toys,Mobile app,New,2,17.73,5,33.69
ORD-012089,2025-12-28,Asia Pacific,Electronics,Mobile app,Returning,1,144.99,20,115.99
ORD-012090,2025-12-28,Europe,Electronics,Web,New,1,160.17,0,160.17
ORD-012091,2025-12-28,North America,Home & Kitchen,Web,New,1,71.04,0,71.04
ORD-012092,2025-12-28,Latin America,Electronics,Retail partner,Returning,2,99.87,5,189.75
ORD-012093,2025-12-28,Asia Pacific,Apparel,Web,New,3,40.4,5,115.14
ORD-012094,2025-12-28,North America,Apparel,Web,New,2,45.57,0,91.14
ORD-012095,2025-12-28,North America,Sports & Outdoors,Web,Returning,1,118.03,15,100.33
ORD-012096,2025-12-28,Asia Pacific,Beauty,Marketplace,Returning,1,24.1,5,22.9
ORD-012097,2025-12-28,North America,Home & Kitchen,Web,Returning,1,105.61,0,105.61
ORD-012098,2025-12-28,North America,Electronics,Web,Returning,1,142.32,0,142.32
ORD-012099,2025-12-28,Europe,Home & Kitchen,Web,Returning,1,67,10,60.3
ORD-012100,2025-12-28,Europe,Electronics,Marketplace,New,3,154.45,5,440.18
ORD-012101,2025-12-28,North America,Electronics,Mobile app,Returning,3,119.84,5,341.54
ORD-012102,2025-12-28,Europe,Beauty,Web,New,1,43.56,0,43.56
ORD-012103,2025-12-28,Europe,Home & Kitchen,Web,Returning,1,64.06,0,64.06
ORD-012104,2025-12-28,Middle East & Africa,Electronics,Web,Returning,1,248.81,5,236.37
ORD-012105,2025-12-28,Middle East & Africa,Sports & Outdoors,Mobile app,New,1,68.14,5,64.73
ORD-012106,2025-12-28,Latin America,Home & Kitchen,Mobile app,Returning,1,82.34,0,82.34
ORD-012107,2025-12-28,Latin America,Apparel,Web,Returning,2,17.03,0,34.06
ORD-012108,2025-12-28,North America,Electronics,Web,New,1,289.54,0,289.54
ORD-012109,2025-12-28,Europe,Sports & Outdoors,Web,New,1,69.44,15,59.02
ORD-012110,2025-12-28,Europe,Home & Kitchen,Mobile app,New,2,64.47,0,128.94
ORD-012111,2025-12-28,Asia Pacific,Toys,Web,Returning,2,24.41,0,48.82
ORD-012112,2025-12-28,Latin America,Apparel,Marketplace,Returning,3,38.02,10,102.65
ORD-012113,2025-12-28,Middle East & Africa,Apparel,Marketplace,New,2,35.93,5,68.27
ORD-012114,2025-12-28,North America,Apparel,Web,New,2,40.51,0,81.02
ORD-012115,2025-12-28,Middle East & Africa,Apparel,Mobile app,Returning,2,104.93,0,209.86
ORD-012116,2025-12-28,North America,Home & Kitchen,Retail partner,Returning,1,76.56,0,76.56
ORD-012117,2025-12-28,North America,Apparel,Web,New,2,90.31,5,171.59
ORD-012118,2025-12-28,Europe,Home & Kitchen,Retail partner,Returning,1,44.9,0,44.9
ORD-012119,2025-12-28,North America,Beauty,Mobile app,Returning,1,12.86,0,12.86
ORD-012120,2025-12-28,North America,Apparel,Web,Returning,2,38.72,0,77.44
ORD-012121,2025-12-28,Asia Pacific,Toys,Web,New,1,28.89,5,27.45
ORD-012122,2025-12-28,Europe,Electronics,Web,Returning,2,212.85,10,383.13
ORD-012123,2025-12-28,North America,Beauty,Web,Returning,1,25.3,0,25.3
ORD-012124,2025-12-29,Asia Pacific,Apparel,Web,Returning,2,32.55,20,52.08
ORD-012125,2025-12-29,Europe,Home & Kitchen,Web,New,1,57.53,0,57.53
ORD-012126,2025-12-29,Asia Pacific,Electronics,Web,New,1,366.03,0,366.03
ORD-012127,2025-12-29,North America,Toys,Marketplace,Returning,2,33.53,0,67.06
ORD-012128,2025-12-29,Europe,Apparel,Web,New,1,60.16,15,51.14
ORD-012129,2025-12-29,North America,Beauty,Mobile app,Returning,2,18.09,0,36.18
ORD-012130,2025-12-29,Middle East & Africa,Sports & Outdoors,Web,New,3,78.71,10,212.52
ORD-012131,2025-12-29,Europe,Apparel,Web,New,1,25.29,0,25.29
ORD-012132,2025-12-29,Europe,Apparel,Marketplace,Returning,2,41.89,0,83.78
ORD-012133,2025-12-29,Europe,Toys,Web,Returning,4,31.67,5,120.35
ORD-012134,2025-12-29,Europe,Electronics,Web,New,3,321.14,10,867.08
ORD-012135,2025-12-29,Europe,Electronics,Web,Returning,1,269.88,10,242.89
ORD-012136,2025-12-29,Asia Pacific,Apparel,Marketplace,Returning,2,24.79,0,49.58
ORD-012137,2025-12-29,Europe,Electronics,Web,Returning,2,189.57,0,379.14
ORD-012138,2025-12-29,Middle East & Africa,Electronics,Web,New,3,127.92,0,383.76
ORD-012139,2025-12-29,Latin America,Electronics,Web,Returning,2,131.4,20,210.24
ORD-012140,2025-12-29,Europe,Apparel,Mobile app,Returning,1,42.62,0,42.62
ORD-012141,2025-12-29,Latin America,Electronics,Web,New,3,203.68,5,580.49
ORD-012142,2025-12-29,North America,Beauty,Web,New,5,23.34,5,110.87
ORD-012143,2025-12-29,Asia Pacific,Home & Kitchen,Web,Returning,2,47.67,5,90.57
ORD-012144,2025-12-29,North America,Home & Kitchen,Web,Returning,2,78.15,0,156.3
ORD-012145,2025-12-29,North America,Beauty,Mobile app,New,2,39.95,5,75.91
ORD-012146,2025-12-29,Europe,Electronics,Web,New,1,323.81,20,259.05
ORD-012147,2025-12-29,Europe,Electronics,Web,Returning,2,144.12,0,288.24
ORD-012148,2025-12-29,Latin America,Electronics,Web,New,4,229.95,10,827.82
ORD-012149,2025-12-29,North America,Beauty,Marketplace,Returning,1,33.89,0,33.89
ORD-012150,2025-12-29,Middle East & Africa,Beauty,Web,Returning,1,19.65,0,19.65
ORD-012151,2025-12-29,North America,Electronics,Mobile app,Returning,1,195.46,0,195.46
ORD-012152,2025-12-29,Middle East & Africa,Apparel,Web,Returning,4,25.34,0,101.36
ORD-012153,2025-12-29,North America,Electronics,Marketplace,New,2,152.22,0,304.44
ORD-012154,2025-12-29,Asia Pacific,Apparel,Web,Returning,1,49.72,0,49.72
ORD-012155,2025-12-29,Asia Pacific,Beauty,Web,Returning,2,36.36,15,61.81
ORD-012156,2025-12-29,Europe,Toys,Mobile app,New,1,34.08,5,32.38
ORD-012157,2025-12-29,North America,Electronics,Mobile app,Returning,1,112.26,0,112.26
ORD-012158,2025-12-29,Asia Pacific,Apparel,Mobile app,Returning,1,77.5,10,69.75
ORD-012159,2025-12-29,Europe,Home & Kitchen,Mobile app,New,1,85.53,0,85.53
ORD-012160,2025-12-29,Asia Pacific,Home & Kitchen,Web,Returning,1,72.07,0,72.07
ORD-012161,2025-12-29,North America,Electronics,Mobile app,Returning,1,133.65,0,133.65
ORD-012162,2025-12-29,Latin America,Sports & Outdoors,Web,Returning,2,65.25,0,130.5
ORD-012163,2025-12-29,Middle East & Africa,Electronics,Web,Returning,1,92.48,0,92.48
ORD-012164,2025-12-29,Europe,Apparel,Retail partner,Returning,1,34.31,0,34.31
ORD-012165,2025-12-29,North America,Home & Kitchen,Web,Returning,1,53.11,0,53.11
ORD-012166,2025-12-29,Asia Pacific,Electronics,Web,Returning,2,121.23,0,242.46
ORD-012167,2025-12-29,Latin America,Toys,Retail partner,Returning,3,35.35,0,106.05
ORD-012168,2025-12-30,North America,Apparel,Web,New,2,47.55,0,95.1
ORD-012169,2025-12-30,Asia Pacific,Electronics,Marketplace,Returning,2,120.92,0,241.84
ORD-012170,2025-12-30,Middle East & Africa,Electronics,Web,New,3,305.16,10,823.93
ORD-012171,2025-12-30,North America,Toys,Web,New,1,45.94,0,45.94
ORD-012172,2025-12-30,North America,Home & Kitchen,Mobile app,Returning,1,45.61,0,45.61
ORD-012173,2025-12-30,Asia Pacific,Electronics,Web,Returning,2,237.95,0,475.9
ORD-012174,2025-12-30,North America,Apparel,Web,Returning,1,106.52,0,106.52
ORD-012175,2025-12-30,Latin America,Electronics,Marketplace,Returning,1,170.13,10,153.12
ORD-012176,2025-12-30,North America,Home & Kitchen,Mobile app,New,2,65.56,0,131.12
ORD-012177,2025-12-30,Asia Pacific,Home & Kitchen,Mobile app,Returning,2,54.57,0,109.14
ORD-012178,2025-12-30,Latin America,Electronics,Web,New,1,195.64,10,176.08
ORD-012179,2025-12-30,Asia Pacific,Apparel,Web,New,2,40.57,5,77.08
ORD-012180,2025-12-30,Europe,Electronics,Web,Returning,3,321.57,0,964.71
ORD-012181,2025-12-30,North America,Toys,Web,New,1,30.79,10,27.71
ORD-012182,2025-12-30,Latin America,Electronics,Web,Returning,1,136.76,0,136.76
ORD-012183,2025-12-30,Latin America,Toys,Mobile app,New,2,49.76,0,99.52
ORD-012184,2025-12-30,Asia Pacific,Apparel,Mobile app,New,1,40.93,0,40.93
ORD-012185,2025-12-30,North America,Toys,Web,Returning,1,42.76,0,42.76
ORD-012186,2025-12-30,Europe,Home & Kitchen,Web,New,2,65.62,0,131.24
ORD-012187,2025-12-30,Europe,Apparel,Web,Returning,1,52.72,0,52.72
ORD-012188,2025-12-30,North America,Electronics,Web,Returning,5,163.68,10,736.56
ORD-012189,2025-12-30,Latin America,Beauty,Mobile app,Returning,3,31.07,0,93.21
ORD-012190,2025-12-30,Middle East & Africa,Home & Kitchen,Retail partner,Returning,2,58.34,0,116.68
ORD-012191,2025-12-30,Europe,Beauty,Mobile app,Returning,1,19.62,0,19.62
ORD-012192,2025-12-30,Europe,Toys,Mobile app,Returning,1,18.37,0,18.37
ORD-012193,2025-12-30,North America,Beauty,Web,Returning,2,24.05,0,48.1
ORD-012194,2025-12-30,Asia Pacific,Apparel,Web,Returning,1,68.04,0,68.04
ORD-012195,2025-12-30,North America,Apparel,Marketplace,New,1,23.73,10,21.36
ORD-012196,2025-12-30,Asia Pacific,Apparel,Web,Returning,2,61.86,0,123.72
ORD-012197,2025-12-30,Europe,Beauty,Web,New,1,30.04,10,27.04
ORD-012198,2025-12-30,Asia Pacific,Sports & Outdoors,Mobile app,New,2,65.58,5,124.6
ORD-012199,2025-12-30,North America,Sports & Outdoors,Mobile app,Returning,4,77.16,0,308.64
ORD-012200,2025-12-30,Asia Pacific,Beauty,Mobile app,New,1,21.33,0,21.33
ORD-012201,2025-12-30,North America,Electronics,Mobile app,New,5,145.67,10,655.52
ORD-012202,2025-12-30,North America,Beauty,Mobile app,Returning,1,25.07,0,25.07
ORD-012203,2025-12-30,Europe,Apparel,Mobile app,Returning,1,42.22,10,38
ORD-012204,2025-12-30,Europe,Beauty,Mobile app,New,3,30.57,0,91.71
ORD-012205,2025-12-30,Europe,Electronics,Web,Returning,4,124.71,5,473.9
ORD-012206,2025-12-30,Europe,Toys,Mobile app,Returning,1,40.26,0,40.26
ORD-012207,2025-12-30,North America,Home & Kitchen,Web,New,1,63.82,0,63.82
ORD-012208,2025-12-30,Asia Pacific,Electronics,Mobile app,New,1,223.35,0,223.35
ORD-012209,2025-12-30,Asia Pacific,Home & Kitchen,Mobile app,Returning,3,56.24,10,151.85
ORD-012210,2025-12-30,Asia Pacific,Home & Kitchen,Mobile app,Returning,2,67.15,0,134.3
ORD-012211,2025-12-30,Europe,Beauty,Marketplace,New,2,33.25,15,56.53
ORD-012212,2025-12-31,Latin America,Apparel,Mobile app,New,2,44.98,20,71.97
ORD-012213,2025-12-31,Asia Pacific,Electronics,Retail partner,Returning,1,114.96,0,114.96
ORD-012214,2025-12-31,Latin America,Sports & Outdoors,Web,Returning,1,110.79,0,110.79
ORD-012215,2025-12-31,Europe,Electronics,Mobile app,Returning,1,225.57,0,225.57
ORD-012216,2025-12-31,Asia Pacific,Toys,Web,Returning,2,30.25,5,57.47
ORD-012217,2025-12-31,North America,Toys,Mobile app,Returning,4,39.3,10,141.48
ORD-012218,2025-12-31,Asia Pacific,Beauty,Mobile app,New,5,20.93,15,88.95
ORD-012219,2025-12-31,Europe,Electronics,Retail partner,Returning,1,162.88,15,138.45
ORD-012220,2025-12-31,Europe,Electronics,Mobile app,Returning,2,169.95,10,305.91
ORD-012221,2025-12-31,Asia Pacific,Electronics,Web,New,2,377.25,5,716.78
ORD-012222,2025-12-31,Europe,Apparel,Marketplace,Returning,1,32.06,15,27.25
ORD-012223,2025-12-31,Middle East & Africa,Electronics,Web,Returning,2,127.67,20,204.27
ORD-012224,2025-12-31,Middle East & Africa,Sports & Outdoors,Web,Returning,2,113.64,5,215.92
ORD-012225,2025-12-31,North America,Electronics,Web,New,1,197.41,0,197.41
ORD-012226,2025-12-31,North America,Electronics,Mobile app,Returning,1,113.09,0,113.09
ORD-012227,2025-12-31,Europe,Sports & Outdoors,Web,Returning,4,101.03,10,363.71
ORD-012228,2025-12-31,North America,Electronics,Web,Returning,1,179.58,5,170.6
ORD-012229,2025-12-31,Middle East & Africa,Sports & Outdoors,Mobile app,New,2,44.79,0,89.58
ORD-012230,2025-12-31,Europe,Sports & Outdoors,Mobile app,Returning,1,35.7,10,32.13
ORD-012231,2025-12-31,North America,Sports & Outdoors,Marketplace,New,1,64.97,5,61.72
ORD-012232,2025-12-31,Asia Pacific,Beauty,Marketplace,Returning,1,25.3,0,25.3
ORD-012233,2025-12-31,Europe,Home & Kitchen,Web,New,1,83.81,15,71.24
ORD-012234,2025-12-31,North America,Electronics,Mobile app,Returning,1,125.55,0,125.55
ORD-012235,2025-12-31,North America,Home & Kitchen,Marketplace,Returning,4,64.59,5,245.44
ORD-012236,2025-12-31,North America,Home & Kitchen,Web,New,1,46.54,0,46.54
ORD-012237,2025-12-31,Europe,Sports & Outdoors,Web,New,1,91.15,20,72.92
ORD-012238,2025-12-31,North America,Sports & Outdoors,Web,Returning,1,115.1,0,115.1
ORD-012239,2025-12-31,North America,Sports & Outdoors,Marketplace,Returning,1,78.1,10,70.29
ORD-012240,2025-12-31,Asia Pacific,Home & Kitchen,Retail partner,Returning,2,76.72,15,130.42
ORD-012241,2025-12-31,Europe,Apparel,Mobile app,Returning,3,33.71,0,101.13
ORD-012242,2025-12-31,Asia Pacific,Apparel,Mobile app,New,1,43.66,20,34.93
ORD-012243,2025-12-31,North America,Home & Kitchen,Web,Returning,2,79.85,20,127.76
ORD-012244,2025-12-31,North America,Electronics,Mobile app,New,1,468.8,0,468.8
ORD-012245,2025-12-31,North America,Home & Kitchen,Mobile app,Returning,4,59.99,0,239.96
ORD-012246,2025-12-31,Asia Pacific,Apparel,Mobile app,Returning,2,45.98,5,87.36
ORD-012247,2025-12-31,Asia Pacific,Electronics,Web,Returning,1,154.24,0,154.24
ORD-012248,2025-12-31,Latin America,Electronics,Web,Returning,1,113.49,5,107.82
ORD-012249,2025-12-31,North America,Home & Kitchen,Web,Returning,1,61.69,0,61.69
ORD-012250,2025-12-31,Asia Pacific,Home & Kitchen,Marketplace,Returning,2,66.8,0,133.6
ORD-012251,2025-12-31,Middle East & Africa,Beauty,Web,Returning,3,31.92,0,95.76
ORD-012252,2025-12-31,Middle East & Africa,Beauty,Marketplace,Returning,1,37.2,5,35.34
ORD-012253,2025-12-31,Middle East & Africa,Electronics,Web,Returning,1,207.98,0,207.98
