month,account_id,plan,country,seats,mrr,is_new,churned
2024-01-01,ACC-00001,Starter,United Kingdom,3,36,false,false
2024-01-01,ACC-00002,Scale,United States,119,7616,false,false
2024-01-01,ACC-00003,Scale,Germany,69,4416,false,false
2024-01-01,ACC-00004,Starter,United States,6,72,false,false
2024-01-01,ACC-00005,Growth,United States,18,522,false,false
2024-01-01,ACC-00006,Scale,Germany,53,3392,false,false
2024-01-01,ACC-00007,Starter,United States,4,48,false,false
2024-01-01,ACC-00008,Starter,United States,1,12,false,false
2024-01-01,ACC-00009,Growth,Canada,7,203,false,false
2024-01-01,ACC-00010,Starter,United States,4,48,false,false
2024-01-01,ACC-00011,Starter,United States,5,60,false,false
2024-01-01,ACC-00012,Starter,Germany,6,72,false,false
2024-01-01,ACC-00013,Growth,Canada,26,754,false,false
2024-01-01,ACC-00014,Growth,United States,26,754,false,false
2024-01-01,ACC-00015,Starter,Germany,2,24,false,false
2024-01-01,ACC-00016,Starter,United States,2,24,false,false
2024-01-01,ACC-00017,Starter,Canada,1,12,false,false
2024-01-01,ACC-00018,Starter,United States,4,48,false,false
2024-01-01,ACC-00019,Growth,India,15,435,false,false
2024-01-01,ACC-00020,Starter,United States,6,72,false,false
2024-01-01,ACC-00021,Starter,United States,4,48,false,false
2024-01-01,ACC-00022,Scale,Japan,49,3136,false,false
2024-01-01,ACC-00023,Growth,United States,25,725,false,false
2024-01-01,ACC-00024,Starter,United States,2,24,false,false
2024-01-01,ACC-00025,Starter,United States,2,24,false,false
2024-01-01,ACC-00026,Scale,United Kingdom,57,3648,false,false
2024-01-01,ACC-00027,Starter,United States,5,60,false,false
2024-01-01,ACC-00028,Starter,Japan,1,12,false,false
2024-01-01,ACC-00029,Starter,United States,6,72,false,false
2024-01-01,ACC-00030,Growth,Germany,22,638,false,false
2024-01-01,ACC-00031,Starter,United States,3,36,false,false
2024-01-01,ACC-00032,Growth,India,13,377,false,false
2024-01-01,ACC-00033,Growth,United States,29,841,false,false
2024-01-01,ACC-00034,Starter,United States,2,24,false,false
2024-01-01,ACC-00035,Starter,India,5,60,false,false
2024-01-01,ACC-00036,Growth,United States,7,203,false,false
2024-01-01,ACC-00037,Growth,India,8,232,false,false
2024-01-01,ACC-00038,Starter,Germany,2,24,false,false
2024-01-01,ACC-00039,Starter,India,2,24,false,false
2024-01-01,ACC-00040,Starter,Australia,2,24,false,false
2024-01-01,ACC-00041,Starter,India,2,24,false,false
2024-01-01,ACC-00042,Scale,United States,69,4416,false,false
2024-01-01,ACC-00043,Starter,United States,1,12,false,false
2024-01-01,ACC-00044,Growth,India,15,435,false,false
2024-01-01,ACC-00045,Growth,United Kingdom,12,348,false,false
2024-01-01,ACC-00046,Growth,India,29,841,false,false
2024-01-01,ACC-00047,Starter,Japan,4,48,false,false
2024-01-01,ACC-00048,Scale,Brazil,95,6080,false,false
2024-01-01,ACC-00049,Starter,United States,1,12,false,false
2024-01-01,ACC-00050,Starter,United Kingdom,2,24,false,false
2024-01-01,ACC-00051,Growth,India,25,725,false,false
2024-01-01,ACC-00052,Growth,Japan,12,348,false,false
2024-01-01,ACC-00053,Growth,United States,13,377,false,false
2024-01-01,ACC-00054,Starter,United Kingdom,3,36,false,false
2024-01-01,ACC-00055,Growth,United Kingdom,7,203,false,false
2024-01-01,ACC-00056,Growth,Brazil,26,754,false,false
2024-01-01,ACC-00057,Starter,Japan,5,60,false,false
2024-01-01,ACC-00058,Scale,Germany,111,7104,false,false
2024-01-01,ACC-00059,Starter,United States,6,72,false,false
2024-01-01,ACC-00060,Growth,Canada,23,667,false,false
2024-01-01,ACC-00061,Starter,Germany,1,12,false,false
2024-01-01,ACC-00062,Growth,Germany,9,261,false,false
2024-01-01,ACC-00063,Starter,Australia,3,36,false,false
2024-01-01,ACC-00064,Starter,United States,2,24,false,false
2024-01-01,ACC-00065,Growth,Brazil,6,174,false,false
2024-01-01,ACC-00066,Growth,Germany,7,203,false,false
2024-01-01,ACC-00067,Starter,United Kingdom,2,24,false,false
2024-01-01,ACC-00068,Starter,United States,4,48,false,false
2024-01-01,ACC-00069,Starter,United States,1,12,false,false
2024-01-01,ACC-00070,Growth,United States,29,841,false,false
2024-01-01,ACC-00071,Starter,Germany,3,36,false,false
2024-01-01,ACC-00072,Growth,United States,9,261,false,false
2024-01-01,ACC-00073,Starter,Australia,2,24,false,false
2024-01-01,ACC-00074,Growth,United States,6,174,false,false
2024-01-01,ACC-00075,Growth,United States,22,638,false,false
2024-01-01,ACC-00076,Starter,Australia,6,72,false,false
2024-01-01,ACC-00077,Starter,United States,1,12,false,false
2024-01-01,ACC-00078,Growth,United States,25,725,false,false
2024-01-01,ACC-00079,Scale,Brazil,51,3264,false,false
2024-01-01,ACC-00080,Scale,United States,98,6272,false,false
2024-01-01,ACC-00081,Starter,Australia,5,60,false,false
2024-01-01,ACC-00082,Starter,United Kingdom,5,60,false,false
2024-01-01,ACC-00083,Growth,Japan,29,841,false,false
2024-01-01,ACC-00084,Growth,Japan,12,348,false,false
2024-01-01,ACC-00085,Scale,Germany,92,5888,false,false
2024-01-01,ACC-00086,Starter,United States,5,60,false,false
2024-01-01,ACC-00087,Starter,United States,4,48,false,false
2024-01-01,ACC-00088,Starter,United Kingdom,3,36,false,false
2024-01-01,ACC-00089,Growth,United States,23,667,false,false
2024-01-01,ACC-00090,Starter,India,2,24,false,false
2024-01-01,ACC-00091,Starter,United States,1,12,false,false
2024-01-01,ACC-00092,Starter,India,2,24,false,false
2024-01-01,ACC-00093,Starter,United Kingdom,1,12,false,false
2024-01-01,ACC-00094,Growth,United States,15,435,false,false
2024-01-01,ACC-00095,Growth,United Kingdom,7,203,false,false
2024-01-01,ACC-00096,Starter,Canada,1,12,false,false
2024-01-01,ACC-00097,Growth,United States,12,348,false,false
2024-01-01,ACC-00098,Starter,India,6,72,false,false
2024-01-01,ACC-00099,Starter,United States,2,24,false,false
2024-01-01,ACC-00100,Starter,Germany,6,72,false,false
2024-01-01,ACC-00101,Scale,Japan,36,2304,false,false
2024-01-01,ACC-00102,Starter,United States,3,36,false,false
2024-01-01,ACC-00103,Starter,United States,5,60,false,false
2024-01-01,ACC-00104,Scale,United States,104,6656,false,false
2024-01-01,ACC-00105,Starter,United Kingdom,2,24,false,false
2024-01-01,ACC-00106,Growth,United States,8,232,false,false
2024-01-01,ACC-00107,Scale,United Kingdom,56,3584,false,false
2024-01-01,ACC-00108,Starter,United States,4,48,false,false
2024-01-01,ACC-00109,Growth,Brazil,19,551,false,false
2024-01-01,ACC-00110,Starter,United States,3,36,false,false
2024-01-01,ACC-00111,Starter,United States,1,12,false,false
2024-01-01,ACC-00112,Starter,United States,1,12,false,false
2024-01-01,ACC-00113,Growth,Germany,7,203,false,false
2024-01-01,ACC-00114,Starter,United Kingdom,1,12,false,false
2024-01-01,ACC-00115,Starter,Japan,5,60,false,false
2024-01-01,ACC-00116,Growth,United States,11,319,false,false
2024-01-01,ACC-00117,Growth,United States,9,261,false,false
2024-01-01,ACC-00118,Starter,United States,2,24,false,false
2024-01-01,ACC-00119,Scale,India,33,2112,false,false
2024-01-01,ACC-00120,Scale,Japan,111,7104,false,false
2024-01-01,ACC-00121,Starter,United States,5,60,false,false
2024-01-01,ACC-00122,Growth,United States,21,609,false,false
2024-01-01,ACC-00123,Starter,Brazil,1,12,false,false
2024-01-01,ACC-00124,Scale,United States,71,4544,false,true
2024-01-01,ACC-00125,Growth,United States,15,435,false,false
2024-01-01,ACC-00126,Growth,United States,23,667,false,false
2024-01-01,ACC-00127,Starter,United States,4,48,false,true
2024-01-01,ACC-00128,Starter,United States,1,12,false,false
2024-01-01,ACC-00129,Growth,Japan,17,493,false,false
2024-01-01,ACC-00130,Growth,Brazil,27,783,false,false
2024-01-01,ACC-00131,Starter,United States,5,60,false,false
2024-01-01,ACC-00132,Starter,United Kingdom,5,60,false,true
2024-01-01,ACC-00133,Growth,Canada,15,435,false,false
2024-01-01,ACC-00134,Growth,United States,15,435,false,false
2024-01-01,ACC-00135,Starter,United States,5,60,false,false
2024-01-01,ACC-00136,Growth,Germany,17,493,false,false
2024-01-01,ACC-00137,Starter,United States,1,12,false,false
2024-01-01,ACC-00138,Starter,Brazil,3,36,false,false
2024-01-01,ACC-00139,Starter,Japan,5,60,false,false
2024-01-01,ACC-00140,Growth,United States,14,406,false,false
2024-01-01,ACC-00141,Starter,Brazil,5,60,false,false
2024-01-01,ACC-00142,Starter,United Kingdom,6,72,false,true
2024-01-01,ACC-00143,Starter,Canada,2,24,false,false
2024-01-01,ACC-00144,Scale,United States,104,6656,false,false
2024-01-01,ACC-00145,Growth,India,10,290,false,false
2024-01-01,ACC-00146,Starter,Canada,1,12,false,false
2024-01-01,ACC-00147,Starter,Brazil,3,36,false,false
2024-01-01,ACC-00148,Growth,United States,26,754,false,false
2024-01-01,ACC-00149,Growth,United Kingdom,8,232,false,false
2024-01-01,ACC-00150,Starter,Germany,2,24,false,false
2024-01-01,ACC-00151,Growth,United States,22,638,false,false
2024-01-01,ACC-00152,Starter,India,5,60,false,false
2024-01-01,ACC-00153,Starter,United States,1,12,false,false
2024-01-01,ACC-00154,Starter,Germany,5,60,false,false
2024-01-01,ACC-00155,Growth,Canada,21,609,false,false
2024-01-01,ACC-00156,Starter,Canada,6,72,false,false
2024-01-01,ACC-00157,Starter,United Kingdom,4,48,false,false
2024-01-01,ACC-00158,Starter,United States,6,72,false,false
2024-01-01,ACC-00159,Starter,Japan,1,12,false,false
2024-01-01,ACC-00160,Starter,United Kingdom,1,12,false,false
2024-01-01,ACC-00161,Scale,Australia,52,3328,false,false
2024-01-01,ACC-00162,Starter,United States,6,72,false,false
2024-01-01,ACC-00163,Growth,Japan,17,493,false,false
2024-01-01,ACC-00164,Starter,United States,2,24,false,false
2024-01-01,ACC-00165,Starter,United States,2,24,false,false
2024-01-01,ACC-00166,Starter,United States,2,24,false,false
2024-01-01,ACC-00167,Starter,Germany,4,48,false,false
2024-01-01,ACC-00168,Growth,Germany,26,754,false,true
2024-01-01,ACC-00169,Growth,Japan,12,348,false,false
2024-01-01,ACC-00170,Starter,India,3,36,false,false
2024-01-01,ACC-00171,Growth,Canada,23,667,false,false
2024-01-01,ACC-00172,Starter,India,3,36,false,false
2024-01-01,ACC-00173,Growth,Germany,6,174,false,false
2024-01-01,ACC-00174,Starter,United Kingdom,3,36,false,false
2024-01-01,ACC-00175,Scale,Brazil,104,6656,false,false
2024-01-01,ACC-00176,Starter,Brazil,2,24,false,false
2024-01-01,ACC-00177,Starter,India,6,72,false,false
2024-01-01,ACC-00178,Growth,India,6,174,false,false
2024-01-01,ACC-00179,Scale,United States,57,3648,false,false
2024-01-01,ACC-00180,Growth,Japan,26,754,false,false
2024-01-01,ACC-00181,Starter,Germany,5,60,false,false
2024-01-01,ACC-00182,Starter,United States,6,72,false,true
2024-01-01,ACC-00183,Scale,United States,25,1600,false,false
2024-01-01,ACC-00184,Growth,United States,25,725,false,false
2024-01-01,ACC-00185,Starter,Brazil,2,24,false,false
2024-01-01,ACC-00186,Starter,United Kingdom,5,60,false,false
2024-01-01,ACC-00187,Starter,Australia,4,48,false,false
2024-01-01,ACC-00188,Growth,Brazil,26,754,false,false
2024-01-01,ACC-00189,Scale,Australia,79,5056,false,false
2024-01-01,ACC-00190,Starter,Australia,6,72,false,false
2024-01-01,ACC-00191,Starter,Japan,6,72,false,true
2024-01-01,ACC-00192,Growth,United States,12,348,false,false
2024-01-01,ACC-00193,Starter,Australia,4,48,false,false
2024-01-01,ACC-00194,Growth,United States,14,406,false,false
2024-01-01,ACC-00195,Starter,Brazil,4,48,false,false
2024-01-01,ACC-00196,Growth,Japan,30,870,false,false
2024-01-01,ACC-00197,Growth,United Kingdom,27,783,false,false
2024-01-01,ACC-00198,Starter,United States,2,24,false,false
2024-01-01,ACC-00199,Starter,United States,3,36,false,false
2024-01-01,ACC-00200,Starter,Germany,2,24,false,false
2024-01-01,ACC-00201,Starter,Germany,2,24,false,false
2024-01-01,ACC-00202,Starter,United States,5,60,false,false
2024-01-01,ACC-00203,Growth,United States,7,203,false,false
2024-01-01,ACC-00204,Growth,United States,13,377,false,false
2024-01-01,ACC-00205,Starter,United States,2,24,false,false
2024-01-01,ACC-00206,Growth,Australia,27,783,false,false
2024-01-01,ACC-00207,Scale,Japan,95,6080,false,false
2024-01-01,ACC-00208,Starter,United Kingdom,6,72,false,false
2024-01-01,ACC-00209,Scale,Australia,113,7232,false,false
2024-01-01,ACC-00210,Starter,India,3,36,false,false
2024-01-01,ACC-00211,Scale,Brazil,72,4608,false,false
2024-01-01,ACC-00212,Growth,India,14,406,false,false
2024-01-01,ACC-00213,Starter,Japan,3,36,false,true
2024-01-01,ACC-00214,Starter,Germany,2,24,false,false
2024-01-01,ACC-00215,Starter,Japan,1,12,false,false
2024-01-01,ACC-00216,Starter,Brazil,1,12,false,false
2024-01-01,ACC-00217,Growth,Australia,14,406,false,false
2024-01-01,ACC-00218,Starter,Germany,6,72,false,false
2024-01-01,ACC-00219,Starter,Canada,5,60,false,false
2024-01-01,ACC-00220,Scale,Germany,117,7488,false,false
2024-01-01,ACC-00221,Growth,Germany,30,870,false,false
2024-01-01,ACC-00222,Starter,United States,5,60,false,false
2024-01-01,ACC-00223,Starter,United States,6,72,false,false
2024-01-01,ACC-00224,Starter,Brazil,6,72,false,false
2024-01-01,ACC-00225,Growth,United States,30,870,false,false
2024-01-01,ACC-00226,Growth,United States,28,812,false,false
2024-01-01,ACC-00227,Starter,United States,5,60,false,false
2024-01-01,ACC-00228,Growth,United States,10,290,false,false
2024-01-01,ACC-00229,Starter,United States,3,36,false,false
2024-01-01,ACC-00230,Starter,India,2,24,false,false
2024-01-01,ACC-00231,Starter,Canada,3,36,false,false
2024-01-01,ACC-00232,Growth,Germany,10,290,false,false
2024-01-01,ACC-00233,Growth,United States,28,812,false,false
2024-01-01,ACC-00234,Growth,United States,25,725,false,false
2024-01-01,ACC-00235,Growth,United Kingdom,30,870,false,false
2024-01-01,ACC-00236,Starter,Germany,4,48,false,false
2024-01-01,ACC-00237,Starter,United States,2,24,false,false
2024-01-01,ACC-00238,Starter,Germany,6,72,false,false
2024-01-01,ACC-00239,Starter,Australia,5,60,false,false
2024-01-01,ACC-00240,Starter,United States,3,36,false,false
2024-01-01,ACC-00241,Growth,Brazil,6,174,false,false
2024-01-01,ACC-00242,Starter,India,6,72,false,false
2024-01-01,ACC-00243,Growth,United States,16,464,false,false
2024-01-01,ACC-00244,Growth,United States,29,841,false,false
2024-01-01,ACC-00245,Growth,United States,16,464,false,false
2024-01-01,ACC-00246,Starter,India,4,48,false,false
2024-01-01,ACC-00247,Scale,Australia,42,2688,false,false
2024-01-01,ACC-00248,Starter,Japan,6,72,false,false
2024-01-01,ACC-00249,Growth,Germany,21,609,false,false
2024-01-01,ACC-00250,Starter,United States,3,36,false,false
2024-01-01,ACC-00251,Starter,Brazil,2,24,true,false
2024-01-01,ACC-00252,Starter,United Kingdom,2,24,true,false
2024-01-01,ACC-00253,Starter,United Kingdom,6,72,true,false
2024-01-01,ACC-00254,Starter,United States,2,24,true,false
2024-01-01,ACC-00255,Starter,Brazil,5,60,true,false
2024-01-01,ACC-00256,Growth,United States,14,406,true,false
2024-01-01,ACC-00257,Starter,United States,1,12,true,false
2024-01-01,ACC-00258,Growth,United States,15,435,true,false
2024-01-01,ACC-00259,Starter,Canada,3,36,true,false
2024-01-01,ACC-00260,Starter,United Kingdom,6,72,true,false
2024-01-01,ACC-00261,Starter,United States,1,12,true,false
2024-01-01,ACC-00262,Starter,India,4,48,true,false
2024-01-01,ACC-00263,Starter,United States,3,36,true,false
2024-02-01,ACC-00001,Starter,United Kingdom,3,36,false,true
2024-02-01,ACC-00002,Scale,United States,119,7616,false,false
2024-02-01,ACC-00003,Scale,Germany,69,4416,false,false
2024-02-01,ACC-00004,Starter,United States,6,72,false,false
2024-02-01,ACC-00005,Growth,United States,18,522,false,false
2024-02-01,ACC-00006,Scale,Germany,53,3392,false,false
2024-02-01,ACC-00007,Starter,United States,4,48,false,false
2024-02-01,ACC-00008,Starter,United States,1,12,false,false
2024-02-01,ACC-00009,Growth,Canada,7,203,false,false
2024-02-01,ACC-00010,Starter,United States,4,48,false,false
2024-02-01,ACC-00011,Starter,United States,5,60,false,false
2024-02-01,ACC-00012,Starter,Germany,6,72,false,false
2024-02-01,ACC-00013,Growth,Canada,26,754,false,false
2024-02-01,ACC-00014,Growth,United States,26,754,false,false
2024-02-01,ACC-00015,Starter,Germany,2,24,false,false
2024-02-01,ACC-00016,Starter,United States,2,24,false,false
2024-02-01,ACC-00017,Starter,Canada,1,12,false,false
2024-02-01,ACC-00018,Starter,United States,4,48,false,true
2024-02-01,ACC-00019,Growth,India,15,435,false,false
2024-02-01,ACC-00020,Starter,United States,7,84,false,false
2024-02-01,ACC-00021,Starter,United States,4,48,false,false
2024-02-01,ACC-00022,Scale,Japan,49,3136,false,false
2024-02-01,ACC-00023,Growth,United States,25,725,false,false
2024-02-01,ACC-00024,Starter,United States,2,24,false,false
2024-02-01,ACC-00025,Starter,United States,2,24,false,false
2024-02-01,ACC-00026,Scale,United Kingdom,57,3648,false,false
2024-02-01,ACC-00027,Starter,United States,5,60,false,false
2024-02-01,ACC-00028,Starter,Japan,1,12,false,false
2024-02-01,ACC-00029,Starter,United States,6,72,false,false
2024-02-01,ACC-00030,Growth,Germany,22,638,false,false
2024-02-01,ACC-00031,Starter,United States,3,36,false,false
2024-02-01,ACC-00032,Growth,India,13,377,false,false
2024-02-01,ACC-00033,Growth,United States,29,841,false,false
2024-02-01,ACC-00034,Starter,United States,2,24,false,false
2024-02-01,ACC-00035,Starter,India,5,60,false,false
2024-02-01,ACC-00036,Growth,United States,7,203,false,false
2024-02-01,ACC-00037,Growth,India,8,232,false,false
2024-02-01,ACC-00038,Starter,Germany,2,24,false,false
2024-02-01,ACC-00039,Starter,India,2,24,false,false
2024-02-01,ACC-00040,Starter,Australia,2,24,false,false
2024-02-01,ACC-00041,Starter,India,2,24,false,false
2024-02-01,ACC-00042,Scale,United States,69,4416,false,false
2024-02-01,ACC-00043,Starter,United States,1,12,false,false
2024-02-01,ACC-00044,Growth,India,15,435,false,false
2024-02-01,ACC-00045,Growth,United Kingdom,13,377,false,false
2024-02-01,ACC-00046,Growth,India,29,841,false,false
2024-02-01,ACC-00047,Starter,Japan,4,48,false,true
2024-02-01,ACC-00048,Scale,Brazil,96,6144,false,false
2024-02-01,ACC-00049,Starter,United States,1,12,false,false
2024-02-01,ACC-00050,Starter,United Kingdom,2,24,false,false
2024-02-01,ACC-00051,Growth,India,26,754,false,false
2024-02-01,ACC-00052,Growth,Japan,12,348,false,false
2024-02-01,ACC-00053,Growth,United States,14,406,false,false
2024-02-01,ACC-00054,Starter,United Kingdom,3,36,false,false
2024-02-01,ACC-00055,Growth,United Kingdom,7,203,false,false
2024-02-01,ACC-00056,Growth,Brazil,26,754,false,false
2024-02-01,ACC-00057,Starter,Japan,5,60,false,false
2024-02-01,ACC-00058,Scale,Germany,111,7104,false,false
2024-02-01,ACC-00059,Starter,United States,6,72,false,false
2024-02-01,ACC-00060,Growth,Canada,23,667,false,false
2024-02-01,ACC-00061,Starter,Germany,2,24,false,false
2024-02-01,ACC-00062,Growth,Germany,9,261,false,false
2024-02-01,ACC-00063,Starter,Australia,3,36,false,false
2024-02-01,ACC-00064,Starter,United States,2,24,false,false
2024-02-01,ACC-00065,Growth,Brazil,6,174,false,false
2024-02-01,ACC-00066,Growth,Germany,7,203,false,false
2024-02-01,ACC-00067,Starter,United Kingdom,2,24,false,false
2024-02-01,ACC-00068,Starter,United States,4,48,false,false
2024-02-01,ACC-00069,Starter,United States,1,12,false,false
2024-02-01,ACC-00070,Growth,United States,29,841,false,false
2024-02-01,ACC-00071,Starter,Germany,3,36,false,false
2024-02-01,ACC-00072,Growth,United States,9,261,false,false
2024-02-01,ACC-00073,Starter,Australia,2,24,false,false
2024-02-01,ACC-00074,Growth,United States,6,174,false,false
2024-02-01,ACC-00075,Growth,United States,22,638,false,false
2024-02-01,ACC-00076,Starter,Australia,6,72,false,false
2024-02-01,ACC-00077,Starter,United States,1,12,false,false
2024-02-01,ACC-00078,Growth,United States,25,725,false,false
2024-02-01,ACC-00079,Scale,Brazil,51,3264,false,false
2024-02-01,ACC-00080,Scale,United States,98,6272,false,false
2024-02-01,ACC-00081,Starter,Australia,5,60,false,false
2024-02-01,ACC-00082,Starter,United Kingdom,5,60,false,false
2024-02-01,ACC-00083,Growth,Japan,29,841,false,false
2024-02-01,ACC-00084,Growth,Japan,12,348,false,false
2024-02-01,ACC-00085,Scale,Germany,92,5888,false,false
2024-02-01,ACC-00086,Starter,United States,5,60,false,false
2024-02-01,ACC-00087,Starter,United States,4,48,false,false
2024-02-01,ACC-00088,Starter,United Kingdom,3,36,false,false
2024-02-01,ACC-00089,Growth,United States,23,667,false,false
2024-02-01,ACC-00090,Starter,India,2,24,false,false
2024-02-01,ACC-00091,Starter,United States,1,12,false,true
2024-02-01,ACC-00092,Starter,India,2,24,false,false
2024-02-01,ACC-00093,Starter,United Kingdom,1,12,false,false
2024-02-01,ACC-00094,Growth,United States,15,435,false,false
2024-02-01,ACC-00095,Growth,United Kingdom,7,203,false,false
2024-02-01,ACC-00096,Starter,Canada,1,12,false,false
2024-02-01,ACC-00097,Growth,United States,12,348,false,false
2024-02-01,ACC-00098,Starter,India,6,72,false,false
2024-02-01,ACC-00099,Starter,United States,2,24,false,false
2024-02-01,ACC-00100,Starter,Germany,6,72,false,false
2024-02-01,ACC-00101,Scale,Japan,36,2304,false,false
2024-02-01,ACC-00102,Starter,United States,3,36,false,false
2024-02-01,ACC-00103,Starter,United States,5,60,false,false
2024-02-01,ACC-00104,Scale,United States,104,6656,false,false
2024-02-01,ACC-00105,Starter,United Kingdom,2,24,false,false
2024-02-01,ACC-00106,Growth,United States,8,232,false,false
2024-02-01,ACC-00107,Scale,United Kingdom,56,3584,false,false
2024-02-01,ACC-00108,Starter,United States,4,48,false,false
2024-02-01,ACC-00109,Growth,Brazil,19,551,false,false
2024-02-01,ACC-00110,Starter,United States,3,36,false,false
2024-02-01,ACC-00111,Starter,United States,1,12,false,false
2024-02-01,ACC-00112,Starter,United States,1,12,false,false
2024-02-01,ACC-00113,Growth,Germany,8,232,false,false
2024-02-01,ACC-00114,Starter,United Kingdom,1,12,false,false
2024-02-01,ACC-00115,Starter,Japan,5,60,false,false
2024-02-01,ACC-00116,Growth,United States,11,319,false,false
2024-02-01,ACC-00117,Growth,United States,9,261,false,false
2024-02-01,ACC-00118,Starter,United States,2,24,false,false
2024-02-01,ACC-00119,Scale,India,33,2112,false,false
2024-02-01,ACC-00120,Scale,Japan,111,7104,false,false
2024-02-01,ACC-00121,Starter,United States,6,72,false,false
2024-02-01,ACC-00122,Growth,United States,21,609,false,false
2024-02-01,ACC-00123,Starter,Brazil,1,12,false,false
2024-02-01,ACC-00125,Growth,United States,15,435,false,false
2024-02-01,ACC-00126,Growth,United States,23,667,false,false
2024-02-01,ACC-00128,Starter,United States,1,12,false,false
2024-02-01,ACC-00129,Growth,Japan,17,493,false,false
2024-02-01,ACC-00130,Growth,Brazil,27,783,false,false
2024-02-01,ACC-00131,Starter,United States,5,60,false,false
2024-02-01,ACC-00133,Growth,Canada,15,435,false,false
2024-02-01,ACC-00134,Growth,United States,15,435,false,false
2024-02-01,ACC-00135,Starter,United States,5,60,false,false
2024-02-01,ACC-00136,Growth,Germany,17,493,false,false
2024-02-01,ACC-00137,Starter,United States,1,12,false,false
2024-02-01,ACC-00138,Starter,Brazil,3,36,false,false
2024-02-01,ACC-00139,Starter,Japan,5,60,false,false
2024-02-01,ACC-00140,Growth,United States,14,406,false,false
2024-02-01,ACC-00141,Starter,Brazil,6,72,false,false
2024-02-01,ACC-00143,Starter,Canada,2,24,false,false
2024-02-01,ACC-00144,Scale,United States,104,6656,false,false
2024-02-01,ACC-00145,Growth,India,10,290,false,false
2024-02-01,ACC-00146,Starter,Canada,1,12,false,false
2024-02-01,ACC-00147,Starter,Brazil,3,36,false,false
2024-02-01,ACC-00148,Growth,United States,26,754,false,false
2024-02-01,ACC-00149,Growth,United Kingdom,8,232,false,false
2024-02-01,ACC-00150,Starter,Germany,2,24,false,false
2024-02-01,ACC-00151,Growth,United States,22,638,false,false
2024-02-01,ACC-00152,Starter,India,5,60,false,false
2024-02-01,ACC-00153,Starter,United States,1,12,false,false
2024-02-01,ACC-00154,Starter,Germany,5,60,false,false
2024-02-01,ACC-00155,Growth,Canada,21,609,false,false
2024-02-01,ACC-00156,Starter,Canada,6,72,false,false
2024-02-01,ACC-00157,Starter,United Kingdom,4,48,false,false
2024-02-01,ACC-00158,Starter,United States,6,72,false,false
2024-02-01,ACC-00159,Starter,Japan,1,12,false,false
2024-02-01,ACC-00160,Starter,United Kingdom,1,12,false,false
2024-02-01,ACC-00161,Scale,Australia,52,3328,false,false
2024-02-01,ACC-00162,Starter,United States,6,72,false,false
2024-02-01,ACC-00163,Growth,Japan,17,493,false,false
2024-02-01,ACC-00164,Starter,United States,2,24,false,false
2024-02-01,ACC-00165,Starter,United States,3,36,false,false
2024-02-01,ACC-00166,Starter,United States,2,24,false,false
2024-02-01,ACC-00167,Starter,Germany,4,48,false,false
2024-02-01,ACC-00169,Growth,Japan,12,348,false,false
2024-02-01,ACC-00170,Starter,India,4,48,false,false
2024-02-01,ACC-00171,Growth,Canada,23,667,false,false
2024-02-01,ACC-00172,Starter,India,3,36,false,false
2024-02-01,ACC-00173,Growth,Germany,6,174,false,false
2024-02-01,ACC-00174,Starter,United Kingdom,3,36,false,false
2024-02-01,ACC-00175,Scale,Brazil,104,6656,false,false
2024-02-01,ACC-00176,Starter,Brazil,2,24,false,false
2024-02-01,ACC-00177,Starter,India,6,72,false,false
2024-02-01,ACC-00178,Growth,India,6,174,false,false
2024-02-01,ACC-00179,Scale,United States,58,3712,false,false
2024-02-01,ACC-00180,Growth,Japan,26,754,false,true
2024-02-01,ACC-00181,Starter,Germany,5,60,false,false
2024-02-01,ACC-00183,Scale,United States,25,1600,false,false
2024-02-01,ACC-00184,Growth,United States,25,725,false,false
2024-02-01,ACC-00185,Starter,Brazil,2,24,false,false
2024-02-01,ACC-00186,Starter,United Kingdom,5,60,false,false
2024-02-01,ACC-00187,Starter,Australia,4,48,false,false
2024-02-01,ACC-00188,Growth,Brazil,26,754,false,false
2024-02-01,ACC-00189,Scale,Australia,80,5120,false,false
2024-02-01,ACC-00190,Starter,Australia,6,72,false,false
2024-02-01,ACC-00192,Growth,United States,12,348,false,false
2024-02-01,ACC-00193,Starter,Australia,5,60,false,false
2024-02-01,ACC-00194,Growth,United States,14,406,false,false
2024-02-01,ACC-00195,Starter,Brazil,4,48,false,false
2024-02-01,ACC-00196,Growth,Japan,30,870,false,true
2024-02-01,ACC-00197,Growth,United Kingdom,27,783,false,false
2024-02-01,ACC-00198,Starter,United States,2,24,false,false
2024-02-01,ACC-00199,Starter,United States,4,48,false,false
2024-02-01,ACC-00200,Starter,Germany,2,24,false,false
2024-02-01,ACC-00201,Starter,Germany,2,24,false,false
2024-02-01,ACC-00202,Starter,United States,5,60,false,true
2024-02-01,ACC-00203,Growth,United States,7,203,false,false
2024-02-01,ACC-00204,Growth,United States,13,377,false,false
2024-02-01,ACC-00205,Starter,United States,2,24,false,false
2024-02-01,ACC-00206,Growth,Australia,27,783,false,false
2024-02-01,ACC-00207,Scale,Japan,95,6080,false,false
2024-02-01,ACC-00208,Starter,United Kingdom,6,72,false,false
2024-02-01,ACC-00209,Scale,Australia,113,7232,false,false
2024-02-01,ACC-00210,Starter,India,3,36,false,false
2024-02-01,ACC-00211,Scale,Brazil,72,4608,false,false
2024-02-01,ACC-00212,Growth,India,14,406,false,false
2024-02-01,ACC-00214,Starter,Germany,3,36,false,false
2024-02-01,ACC-00215,Starter,Japan,2,24,false,false
2024-02-01,ACC-00216,Starter,Brazil,1,12,false,false
2024-02-01,ACC-00217,Growth,Australia,14,406,false,false
2024-02-01,ACC-00218,Starter,Germany,6,72,false,false
2024-02-01,ACC-00219,Starter,Canada,5,60,false,false
2024-02-01,ACC-00220,Scale,Germany,118,7552,false,false
2024-02-01,ACC-00221,Growth,Germany,30,870,false,false
2024-02-01,ACC-00222,Starter,United States,5,60,false,false
2024-02-01,ACC-00223,Starter,United States,6,72,false,false
2024-02-01,ACC-00224,Starter,Brazil,6,72,false,false
2024-02-01,ACC-00225,Growth,United States,30,870,false,false
2024-02-01,ACC-00226,Growth,United States,28,812,false,false
2024-02-01,ACC-00227,Starter,United States,5,60,false,false
2024-02-01,ACC-00228,Growth,United States,10,290,false,false
2024-02-01,ACC-00229,Starter,United States,3,36,false,false
2024-02-01,ACC-00230,Starter,India,2,24,false,false
2024-02-01,ACC-00231,Starter,Canada,3,36,false,true
2024-02-01,ACC-00232,Growth,Germany,10,290,false,false
2024-02-01,ACC-00233,Growth,United States,28,812,false,false
2024-02-01,ACC-00234,Growth,United States,25,725,false,false
2024-02-01,ACC-00235,Growth,United Kingdom,30,870,false,false
2024-02-01,ACC-00236,Starter,Germany,4,48,false,false
2024-02-01,ACC-00237,Starter,United States,2,24,false,false
2024-02-01,ACC-00238,Starter,Germany,6,72,false,false
2024-02-01,ACC-00239,Starter,Australia,5,60,false,false
2024-02-01,ACC-00240,Starter,United States,3,36,false,false
2024-02-01,ACC-00241,Growth,Brazil,6,174,false,false
2024-02-01,ACC-00242,Starter,India,6,72,false,false
2024-02-01,ACC-00243,Growth,United States,16,464,false,false
2024-02-01,ACC-00244,Growth,United States,30,870,false,false
2024-02-01,ACC-00245,Growth,United States,16,464,false,false
2024-02-01,ACC-00246,Starter,India,4,48,false,false
2024-02-01,ACC-00247,Scale,Australia,42,2688,false,false
2024-02-01,ACC-00248,Starter,Japan,6,72,false,false
2024-02-01,ACC-00249,Growth,Germany,21,609,false,false
2024-02-01,ACC-00250,Starter,United States,3,36,false,false
2024-02-01,ACC-00251,Starter,Brazil,2,24,false,false
2024-02-01,ACC-00252,Starter,United Kingdom,2,24,false,false
2024-02-01,ACC-00253,Starter,United Kingdom,6,72,false,false
2024-02-01,ACC-00254,Starter,United States,2,24,false,false
2024-02-01,ACC-00255,Starter,Brazil,5,60,false,false
2024-02-01,ACC-00256,Growth,United States,14,406,false,false
2024-02-01,ACC-00257,Starter,United States,1,12,false,false
2024-02-01,ACC-00258,Growth,United States,16,464,false,false
2024-02-01,ACC-00259,Starter,Canada,3,36,false,false
2024-02-01,ACC-00260,Starter,United Kingdom,7,84,false,false
2024-02-01,ACC-00261,Starter,United States,1,12,false,true
2024-02-01,ACC-00262,Starter,India,4,48,false,false
2024-02-01,ACC-00263,Starter,United States,3,36,false,false
2024-02-01,ACC-00264,Growth,Australia,12,348,true,false
2024-02-01,ACC-00265,Starter,Australia,6,72,true,false
2024-02-01,ACC-00266,Growth,United States,21,609,true,false
2024-02-01,ACC-00267,Growth,United States,20,580,true,false
2024-02-01,ACC-00268,Growth,United States,17,493,true,false
2024-02-01,ACC-00269,Growth,United States,22,638,true,false
2024-02-01,ACC-00270,Growth,Australia,30,870,true,false
2024-02-01,ACC-00271,Growth,Canada,16,464,true,false
2024-02-01,ACC-00272,Scale,United States,48,3072,true,false
2024-02-01,ACC-00273,Scale,India,81,5184,true,false
2024-02-01,ACC-00274,Growth,India,24,696,true,false
2024-02-01,ACC-00275,Starter,Canada,4,48,true,false
2024-02-01,ACC-00276,Starter,United States,6,72,true,false
2024-02-01,ACC-00277,Starter,United States,5,60,true,false
2024-02-01,ACC-00278,Starter,Germany,1,12,true,false
2024-02-01,ACC-00279,Scale,India,33,2112,true,false
2024-02-01,ACC-00280,Growth,Canada,11,319,true,false
2024-03-01,ACC-00002,Scale,United States,119,7616,false,false
2024-03-01,ACC-00003,Scale,Germany,69,4416,false,false
2024-03-01,ACC-00004,Starter,United States,6,72,false,false
2024-03-01,ACC-00005,Growth,United States,18,522,false,false
2024-03-01,ACC-00006,Scale,Germany,53,3392,false,false
2024-03-01,ACC-00007,Starter,United States,4,48,false,false
2024-03-01,ACC-00008,Starter,United States,1,12,false,false
2024-03-01,ACC-00009,Growth,Canada,7,203,false,false
2024-03-01,ACC-00010,Starter,United States,5,60,false,false
2024-03-01,ACC-00011,Starter,United States,5,60,false,false
2024-03-01,ACC-00012,Starter,Germany,6,72,false,true
2024-03-01,ACC-00013,Growth,Canada,26,754,false,false
2024-03-01,ACC-00014,Growth,United States,26,754,false,false
2024-03-01,ACC-00015,Starter,Germany,2,24,false,false
2024-03-01,ACC-00016,Starter,United States,2,24,false,false
2024-03-01,ACC-00017,Starter,Canada,1,12,false,false
2024-03-01,ACC-00019,Growth,India,15,435,false,false
2024-03-01,ACC-00020,Starter,United States,7,84,false,false
2024-03-01,ACC-00021,Starter,United States,4,48,false,false
2024-03-01,ACC-00022,Scale,Japan,49,3136,false,false
2024-03-01,ACC-00023,Growth,United States,25,725,false,false
2024-03-01,ACC-00024,Starter,United States,2,24,false,false
2024-03-01,ACC-00025,Starter,United States,2,24,false,false
2024-03-01,ACC-00026,Scale,United Kingdom,57,3648,false,false
2024-03-01,ACC-00027,Starter,United States,5,60,false,false
2024-03-01,ACC-00028,Starter,Japan,1,12,false,false
2024-03-01,ACC-00029,Starter,United States,6,72,false,false
2024-03-01,ACC-00030,Growth,Germany,22,638,false,false
2024-03-01,ACC-00031,Starter,United States,3,36,false,false
2024-03-01,ACC-00032,Growth,India,13,377,false,false
2024-03-01,ACC-00033,Growth,United States,29,841,false,false
2024-03-01,ACC-00034,Starter,United States,2,24,false,false
2024-03-01,ACC-00035,Starter,India,5,60,false,false
2024-03-01,ACC-00036,Growth,United States,7,203,false,false
2024-03-01,ACC-00037,Growth,India,8,232,false,false
2024-03-01,ACC-00038,Starter,Germany,2,24,false,false
2024-03-01,ACC-00039,Starter,India,3,36,false,false
2024-03-01,ACC-00040,Starter,Australia,2,24,false,false
2024-03-01,ACC-00041,Starter,India,2,24,false,false
2024-03-01,ACC-00042,Scale,United States,69,4416,false,false
2024-03-01,ACC-00043,Starter,United States,1,12,false,false
2024-03-01,ACC-00044,Growth,India,15,435,false,false
2024-03-01,ACC-00045,Growth,United Kingdom,13,377,false,false
2024-03-01,ACC-00046,Growth,India,29,841,false,false
2024-03-01,ACC-00048,Scale,Brazil,96,6144,false,false
2024-03-01,ACC-00049,Starter,United States,1,12,false,false
2024-03-01,ACC-00050,Starter,United Kingdom,2,24,false,false
2024-03-01,ACC-00051,Growth,India,26,754,false,false
2024-03-01,ACC-00052,Growth,Japan,12,348,false,false
2024-03-01,ACC-00053,Growth,United States,14,406,false,false
2024-03-01,ACC-00054,Starter,United Kingdom,3,36,false,false
2024-03-01,ACC-00055,Growth,United Kingdom,7,203,false,false
2024-03-01,ACC-00056,Growth,Brazil,26,754,false,false
2024-03-01,ACC-00057,Starter,Japan,5,60,false,false
2024-03-01,ACC-00058,Scale,Germany,111,7104,false,false
2024-03-01,ACC-00059,Starter,United States,6,72,false,false
2024-03-01,ACC-00060,Growth,Canada,23,667,false,false
2024-03-01,ACC-00061,Starter,Germany,2,24,false,false
2024-03-01,ACC-00062,Growth,Germany,9,261,false,false
2024-03-01,ACC-00063,Starter,Australia,3,36,false,false
2024-03-01,ACC-00064,Starter,United States,3,36,false,false
2024-03-01,ACC-00065,Growth,Brazil,6,174,false,false
2024-03-01,ACC-00066,Growth,Germany,7,203,false,false
2024-03-01,ACC-00067,Starter,United Kingdom,2,24,false,false
2024-03-01,ACC-00068,Starter,United States,4,48,false,false
2024-03-01,ACC-00069,Starter,United States,1,12,false,false
2024-03-01,ACC-00070,Growth,United States,29,841,false,false
2024-03-01,ACC-00071,Starter,Germany,3,36,false,false
2024-03-01,ACC-00072,Growth,United States,9,261,false,false
2024-03-01,ACC-00073,Starter,Australia,2,24,false,false
2024-03-01,ACC-00074,Growth,United States,6,174,false,false
2024-03-01,ACC-00075,Growth,United States,22,638,false,false
2024-03-01,ACC-00076,Starter,Australia,6,72,false,false
2024-03-01,ACC-00077,Starter,United States,1,12,false,false
2024-03-01,ACC-00078,Growth,United States,25,725,false,false
2024-03-01,ACC-00079,Scale,Brazil,51,3264,false,false
2024-03-01,ACC-00080,Scale,United States,98,6272,false,false
2024-03-01,ACC-00081,Starter,Australia,5,60,false,false
2024-03-01,ACC-00082,Starter,United Kingdom,5,60,false,false
2024-03-01,ACC-00083,Growth,Japan,29,841,false,false
2024-03-01,ACC-00084,Growth,Japan,12,348,false,false
2024-03-01,ACC-00085,Scale,Germany,92,5888,false,false
2024-03-01,ACC-00086,Starter,United States,5,60,false,false
2024-03-01,ACC-00087,Starter,United States,4,48,false,false
2024-03-01,ACC-00088,Starter,United Kingdom,3,36,false,false
2024-03-01,ACC-00089,Growth,United States,23,667,false,false
2024-03-01,ACC-00090,Starter,India,2,24,false,false
2024-03-01,ACC-00092,Starter,India,2,24,false,false
2024-03-01,ACC-00093,Starter,United Kingdom,1,12,false,false
2024-03-01,ACC-00094,Growth,United States,15,435,false,false
2024-03-01,ACC-00095,Growth,United Kingdom,8,232,false,false
2024-03-01,ACC-00096,Starter,Canada,1,12,false,false
2024-03-01,ACC-00097,Growth,United States,12,348,false,false
2024-03-01,ACC-00098,Starter,India,6,72,false,false
2024-03-01,ACC-00099,Starter,United States,2,24,false,true
2024-03-01,ACC-00100,Starter,Germany,6,72,false,false
2024-03-01,ACC-00101,Scale,Japan,36,2304,false,false
2024-03-01,ACC-00102,Starter,United States,3,36,false,false
2024-03-01,ACC-00103,Starter,United States,5,60,false,false
2024-03-01,ACC-00104,Scale,United States,104,6656,false,false
2024-03-01,ACC-00105,Starter,United Kingdom,2,24,false,false
2024-03-01,ACC-00106,Growth,United States,8,232,false,false
2024-03-01,ACC-00107,Scale,United Kingdom,56,3584,false,false
2024-03-01,ACC-00108,Starter,United States,4,48,false,false
2024-03-01,ACC-00109,Growth,Brazil,19,551,false,false
2024-03-01,ACC-00110,Starter,United States,3,36,false,false
2024-03-01,ACC-00111,Starter,United States,2,24,false,false
2024-03-01,ACC-00112,Starter,United States,1,12,false,false
2024-03-01,ACC-00113,Growth,Germany,8,232,false,false
2024-03-01,ACC-00114,Starter,United Kingdom,1,12,false,false
2024-03-01,ACC-00115,Starter,Japan,5,60,false,false
2024-03-01,ACC-00116,Growth,United States,11,319,false,false
2024-03-01,ACC-00117,Growth,United States,9,261,false,false
2024-03-01,ACC-00118,Starter,United States,2,24,false,false
2024-03-01,ACC-00119,Scale,India,33,2112,false,false
2024-03-01,ACC-00120,Scale,Japan,111,7104,false,false
2024-03-01,ACC-00121,Starter,United States,7,84,false,false
2024-03-01,ACC-00122,Growth,United States,21,609,false,false
2024-03-01,ACC-00123,Starter,Brazil,1,12,false,true
2024-03-01,ACC-00125,Growth,United States,15,435,false,false
2024-03-01,ACC-00126,Growth,United States,23,667,false,false
2024-03-01,ACC-00128,Starter,United States,1,12,false,false
2024-03-01,ACC-00129,Growth,Japan,17,493,false,false
2024-03-01,ACC-00130,Growth,Brazil,27,783,false,false
2024-03-01,ACC-00131,Starter,United States,5,60,false,false
2024-03-01,ACC-00133,Growth,Canada,15,435,false,false
2024-03-01,ACC-00134,Growth,United States,15,435,false,true
2024-03-01,ACC-00135,Starter,United States,5,60,false,false
2024-03-01,ACC-00136,Growth,Germany,17,493,false,false
2024-03-01,ACC-00137,Starter,United States,1,12,false,false
2024-03-01,ACC-00138,Starter,Brazil,3,36,false,false
2024-03-01,ACC-00139,Starter,Japan,5,60,false,false
2024-03-01,ACC-00140,Growth,United States,14,406,false,false
2024-03-01,ACC-00141,Starter,Brazil,6,72,false,false
2024-03-01,ACC-00143,Starter,Canada,2,24,false,false
2024-03-01,ACC-00144,Scale,United States,104,6656,false,false
2024-03-01,ACC-00145,Growth,India,10,290,false,false
2024-03-01,ACC-00146,Starter,Canada,1,12,false,false
2024-03-01,ACC-00147,Starter,Brazil,3,36,false,false
2024-03-01,ACC-00148,Growth,United States,26,754,false,false
2024-03-01,ACC-00149,Growth,United Kingdom,8,232,false,false
2024-03-01,ACC-00150,Starter,Germany,2,24,false,false
2024-03-01,ACC-00151,Growth,United States,22,638,false,false
2024-03-01,ACC-00152,Starter,India,5,60,false,false
2024-03-01,ACC-00153,Starter,United States,1,12,false,false
2024-03-01,ACC-00154,Starter,Germany,6,72,false,false
2024-03-01,ACC-00155,Growth,Canada,21,609,false,false
2024-03-01,ACC-00156,Starter,Canada,7,84,false,false
2024-03-01,ACC-00157,Starter,United Kingdom,4,48,false,false
2024-03-01,ACC-00158,Starter,United States,6,72,false,false
2024-03-01,ACC-00159,Starter,Japan,1,12,false,false
2024-03-01,ACC-00160,Starter,United Kingdom,1,12,false,false
2024-03-01,ACC-00161,Scale,Australia,52,3328,false,false
2024-03-01,ACC-00162,Starter,United States,6,72,false,false
2024-03-01,ACC-00163,Growth,Japan,17,493,false,false
2024-03-01,ACC-00164,Starter,United States,2,24,false,false
2024-03-01,ACC-00165,Starter,United States,3,36,false,false
2024-03-01,ACC-00166,Starter,United States,2,24,false,false
2024-03-01,ACC-00167,Starter,Germany,4,48,false,false
2024-03-01,ACC-00169,Growth,Japan,12,348,false,false
2024-03-01,ACC-00170,Starter,India,4,48,false,false
2024-03-01,ACC-00171,Growth,Canada,23,667,false,false
2024-03-01,ACC-00172,Starter,India,3,36,false,false
2024-03-01,ACC-00173,Growth,Germany,6,174,false,false
2024-03-01,ACC-00174,Starter,United Kingdom,3,36,false,true
2024-03-01,ACC-00175,Scale,Brazil,104,6656,false,false
2024-03-01,ACC-00176,Starter,Brazil,2,24,false,false
2024-03-01,ACC-00177,Starter,India,6,72,false,false
2024-03-01,ACC-00178,Growth,India,6,174,false,false
2024-03-01,ACC-00179,Scale,United States,58,3712,false,false
2024-03-01,ACC-00181,Starter,Germany,5,60,false,false
2024-03-01,ACC-00183,Scale,United States,25,1600,false,false
2024-03-01,ACC-00184,Growth,United States,25,725,false,true
2024-03-01,ACC-00185,Starter,Brazil,2,24,false,false
2024-03-01,ACC-00186,Starter,United Kingdom,5,60,false,true
2024-03-01,ACC-00187,Starter,Australia,4,48,false,false
2024-03-01,ACC-00188,Growth,Brazil,26,754,false,false
2024-03-01,ACC-00189,Scale,Australia,80,5120,false,false
2024-03-01,ACC-00190,Starter,Australia,6,72,false,false
2024-03-01,ACC-00192,Growth,United States,12,348,false,false
2024-03-01,ACC-00193,Starter,Australia,5,60,false,false
2024-03-01,ACC-00194,Growth,United States,14,406,false,false
2024-03-01,ACC-00195,Starter,Brazil,4,48,false,false
2024-03-01,ACC-00197,Growth,United Kingdom,27,783,false,false
2024-03-01,ACC-00198,Starter,United States,2,24,false,true
2024-03-01,ACC-00199,Starter,United States,4,48,false,false
2024-03-01,ACC-00200,Starter,Germany,2,24,false,false
2024-03-01,ACC-00201,Starter,Germany,3,36,false,false
2024-03-01,ACC-00203,Growth,United States,8,232,false,false
2024-03-01,ACC-00204,Growth,United States,13,377,false,false
2024-03-01,ACC-00205,Starter,United States,2,24,false,false
2024-03-01,ACC-00206,Growth,Australia,27,783,false,false
2024-03-01,ACC-00207,Scale,Japan,95,6080,false,false
2024-03-01,ACC-00208,Starter,United Kingdom,6,72,false,false
2024-03-01,ACC-00209,Scale,Australia,113,7232,false,false
2024-03-01,ACC-00210,Starter,India,3,36,false,false
2024-03-01,ACC-00211,Scale,Brazil,73,4672,false,false
2024-03-01,ACC-00212,Growth,India,14,406,false,false
2024-03-01,ACC-00214,Starter,Germany,3,36,false,false
2024-03-01,ACC-00215,Starter,Japan,3,36,false,false
2024-03-01,ACC-00216,Starter,Brazil,1,12,false,false
2024-03-01,ACC-00217,Growth,Australia,15,435,false,false
2024-03-01,ACC-00218,Starter,Germany,6,72,false,false
2024-03-01,ACC-00219,Starter,Canada,5,60,false,false
2024-03-01,ACC-00220,Scale,Germany,118,7552,false,false
2024-03-01,ACC-00221,Growth,Germany,30,870,false,false
2024-03-01,ACC-00222,Starter,United States,5,60,false,false
2024-03-01,ACC-00223,Starter,United States,6,72,false,false
2024-03-01,ACC-00224,Starter,Brazil,6,72,false,false
2024-03-01,ACC-00225,Growth,United States,30,870,false,false
2024-03-01,ACC-00226,Growth,United States,28,812,false,false
2024-03-01,ACC-00227,Starter,United States,5,60,false,false
2024-03-01,ACC-00228,Growth,United States,10,290,false,false
2024-03-01,ACC-00229,Starter,United States,3,36,false,false
2024-03-01,ACC-00230,Starter,India,2,24,false,false
2024-03-01,ACC-00232,Growth,Germany,10,290,false,false
2024-03-01,ACC-00233,Growth,United States,28,812,false,false
2024-03-01,ACC-00234,Growth,United States,25,725,false,false
2024-03-01,ACC-00235,Growth,United Kingdom,30,870,false,false
2024-03-01,ACC-00236,Starter,Germany,4,48,false,false
2024-03-01,ACC-00237,Starter,United States,2,24,false,true
2024-03-01,ACC-00238,Starter,Germany,6,72,false,false
2024-03-01,ACC-00239,Starter,Australia,5,60,false,false
2024-03-01,ACC-00240,Starter,United States,3,36,false,false
2024-03-01,ACC-00241,Growth,Brazil,6,174,false,false
2024-03-01,ACC-00242,Starter,India,6,72,false,true
2024-03-01,ACC-00243,Growth,United States,16,464,false,false
2024-03-01,ACC-00244,Growth,United States,30,870,false,false
2024-03-01,ACC-00245,Growth,United States,16,464,false,false
2024-03-01,ACC-00246,Starter,India,4,48,false,false
2024-03-01,ACC-00247,Scale,Australia,42,2688,false,false
2024-03-01,ACC-00248,Starter,Japan,6,72,false,false
2024-03-01,ACC-00249,Growth,Germany,21,609,false,false
2024-03-01,ACC-00250,Starter,United States,3,36,false,false
2024-03-01,ACC-00251,Starter,Brazil,2,24,false,false
2024-03-01,ACC-00252,Starter,United Kingdom,2,24,false,false
2024-03-01,ACC-00253,Starter,United Kingdom,6,72,false,false
2024-03-01,ACC-00254,Starter,United States,2,24,false,false
2024-03-01,ACC-00255,Starter,Brazil,5,60,false,false
2024-03-01,ACC-00256,Growth,United States,14,406,false,false
2024-03-01,ACC-00257,Starter,United States,1,12,false,false
2024-03-01,ACC-00258,Growth,United States,16,464,false,false
2024-03-01,ACC-00259,Starter,Canada,4,48,false,false
2024-03-01,ACC-00260,Starter,United Kingdom,7,84,false,false
2024-03-01,ACC-00262,Starter,India,4,48,false,false
2024-03-01,ACC-00263,Starter,United States,3,36,false,false
2024-03-01,ACC-00264,Growth,Australia,12,348,false,false
2024-03-01,ACC-00265,Starter,Australia,6,72,false,false
2024-03-01,ACC-00266,Growth,United States,21,609,false,false
2024-03-01,ACC-00267,Growth,United States,20,580,false,false
2024-03-01,ACC-00268,Growth,United States,17,493,false,false
2024-03-01,ACC-00269,Growth,United States,22,638,false,false
2024-03-01,ACC-00270,Growth,Australia,30,870,false,false
2024-03-01,ACC-00271,Growth,Canada,16,464,false,false
2024-03-01,ACC-00272,Scale,United States,48,3072,false,false
2024-03-01,ACC-00273,Scale,India,81,5184,false,false
2024-03-01,ACC-00274,Growth,India,24,696,false,false
2024-03-01,ACC-00275,Starter,Canada,4,48,false,false
2024-03-01,ACC-00276,Starter,United States,6,72,false,false
2024-03-01,ACC-00277,Starter,United States,5,60,false,false
2024-03-01,ACC-00278,Starter,Germany,1,12,false,false
2024-03-01,ACC-00279,Scale,India,34,2176,false,false
2024-03-01,ACC-00280,Growth,Canada,11,319,false,false
2024-03-01,ACC-00281,Growth,Germany,8,232,true,false
2024-03-01,ACC-00282,Growth,Germany,16,464,true,false
2024-03-01,ACC-00283,Scale,United Kingdom,62,3968,true,false
2024-03-01,ACC-00284,Growth,United States,14,406,true,false
2024-03-01,ACC-00285,Growth,India,6,174,true,false
2024-03-01,ACC-00286,Starter,United States,3,36,true,false
2024-03-01,ACC-00287,Starter,United States,1,12,true,false
2024-03-01,ACC-00288,Growth,Australia,20,580,true,false
2024-03-01,ACC-00289,Starter,United States,2,24,true,false
2024-03-01,ACC-00290,Starter,India,1,12,true,false
2024-03-01,ACC-00291,Growth,Japan,26,754,true,false
2024-03-01,ACC-00292,Starter,United States,5,60,true,false
2024-03-01,ACC-00293,Growth,Germany,9,261,true,false
2024-03-01,ACC-00294,Starter,United States,3,36,true,false
2024-03-01,ACC-00295,Starter,United States,2,24,true,false
2024-04-01,ACC-00002,Scale,United States,119,7616,false,false
2024-04-01,ACC-00003,Scale,Germany,69,4416,false,false
2024-04-01,ACC-00004,Starter,United States,6,72,false,false
2024-04-01,ACC-00005,Growth,United States,18,522,false,false
2024-04-01,ACC-00006,Scale,Germany,53,3392,false,false
2024-04-01,ACC-00007,Starter,United States,4,48,false,false
2024-04-01,ACC-00008,Starter,United States,1,12,false,false
2024-04-01,ACC-00009,Growth,Canada,7,203,false,false
2024-04-01,ACC-00010,Starter,United States,5,60,false,false
2024-04-01,ACC-00011,Starter,United States,5,60,false,false
2024-04-01,ACC-00013,Growth,Canada,26,754,false,false
2024-04-01,ACC-00014,Growth,United States,26,754,false,false
2024-04-01,ACC-00015,Starter,Germany,2,24,false,false
2024-04-01,ACC-00016,Starter,United States,2,24,false,false
2024-04-01,ACC-00017,Starter,Canada,1,12,false,false
2024-04-01,ACC-00019,Growth,India,15,435,false,false
2024-04-01,ACC-00020,Starter,United States,7,84,false,false
2024-04-01,ACC-00021,Starter,United States,4,48,false,false
2024-04-01,ACC-00022,Scale,Japan,49,3136,false,false
2024-04-01,ACC-00023,Growth,United States,25,725,false,false
2024-04-01,ACC-00024,Starter,United States,3,36,false,false
2024-04-01,ACC-00025,Starter,United States,2,24,false,false
2024-04-01,ACC-00026,Scale,United Kingdom,57,3648,false,false
2024-04-01,ACC-00027,Starter,United States,5,60,false,false
2024-04-01,ACC-00028,Starter,Japan,1,12,false,false
2024-04-01,ACC-00029,Starter,United States,6,72,false,false
2024-04-01,ACC-00030,Growth,Germany,22,638,false,false
2024-04-01,ACC-00031,Starter,United States,3,36,false,false
2024-04-01,ACC-00032,Growth,India,13,377,false,false
2024-04-01,ACC-00033,Growth,United States,29,841,false,false
2024-04-01,ACC-00034,Starter,United States,2,24,false,false
2024-04-01,ACC-00035,Starter,India,5,60,false,false
2024-04-01,ACC-00036,Growth,United States,7,203,false,false
2024-04-01,ACC-00037,Growth,India,8,232,false,false
2024-04-01,ACC-00038,Starter,Germany,2,24,false,false
2024-04-01,ACC-00039,Starter,India,3,36,false,false
2024-04-01,ACC-00040,Starter,Australia,2,24,false,false
2024-04-01,ACC-00041,Starter,India,2,24,false,false
2024-04-01,ACC-00042,Scale,United States,69,4416,false,false
2024-04-01,ACC-00043,Starter,United States,2,24,false,false
2024-04-01,ACC-00044,Growth,India,15,435,false,false
2024-04-01,ACC-00045,Growth,United Kingdom,13,377,false,false
2024-04-01,ACC-00046,Growth,India,29,841,false,false
2024-04-01,ACC-00048,Scale,Brazil,96,6144,false,false
2024-04-01,ACC-00049,Starter,United States,1,12,false,false
2024-04-01,ACC-00050,Starter,United Kingdom,2,24,false,false
2024-04-01,ACC-00051,Growth,India,26,754,false,false
2024-04-01,ACC-00052,Growth,Japan,12,348,false,false
2024-04-01,ACC-00053,Growth,United States,14,406,false,true
2024-04-01,ACC-00054,Starter,United Kingdom,3,36,false,false
2024-04-01,ACC-00055,Growth,United Kingdom,7,203,false,false
2024-04-01,ACC-00056,Growth,Brazil,27,783,false,false
2024-04-01,ACC-00057,Starter,Japan,6,72,false,false
2024-04-01,ACC-00058,Scale,Germany,111,7104,false,false
2024-04-01,ACC-00059,Starter,United States,6,72,false,false
2024-04-01,ACC-00060,Growth,Canada,23,667,false,false
2024-04-01,ACC-00061,Starter,Germany,2,24,false,false
2024-04-01,ACC-00062,Growth,Germany,9,261,false,false
2024-04-01,ACC-00063,Starter,Australia,3,36,false,false
2024-04-01,ACC-00064,Starter,United States,3,36,false,false
2024-04-01,ACC-00065,Growth,Brazil,6,174,false,false
2024-04-01,ACC-00066,Growth,Germany,7,203,false,false
2024-04-01,ACC-00067,Starter,United Kingdom,2,24,false,false
2024-04-01,ACC-00068,Starter,United States,4,48,false,false
2024-04-01,ACC-00069,Starter,United States,1,12,false,false
2024-04-01,ACC-00070,Growth,United States,29,841,false,false
2024-04-01,ACC-00071,Starter,Germany,3,36,false,true
2024-04-01,ACC-00072,Growth,United States,9,261,false,false
2024-04-01,ACC-00073,Starter,Australia,2,24,false,false
2024-04-01,ACC-00074,Growth,United States,6,174,false,false
2024-04-01,ACC-00075,Growth,United States,22,638,false,false
2024-04-01,ACC-00076,Starter,Australia,6,72,false,false
2024-04-01,ACC-00077,Starter,United States,1,12,false,false
2024-04-01,ACC-00078,Growth,United States,25,725,false,false
2024-04-01,ACC-00079,Scale,Brazil,51,3264,false,false
2024-04-01,ACC-00080,Scale,United States,98,6272,false,false
2024-04-01,ACC-00081,Starter,Australia,5,60,false,false
2024-04-01,ACC-00082,Starter,United Kingdom,5,60,false,false
2024-04-01,ACC-00083,Growth,Japan,29,841,false,false
2024-04-01,ACC-00084,Growth,Japan,12,348,false,false
2024-04-01,ACC-00085,Scale,Germany,92,5888,false,true
2024-04-01,ACC-00086,Starter,United States,5,60,false,false
2024-04-01,ACC-00087,Starter,United States,4,48,false,false
2024-04-01,ACC-00088,Starter,United Kingdom,3,36,false,false
2024-04-01,ACC-00089,Growth,United States,23,667,false,false
2024-04-01,ACC-00090,Starter,India,2,24,false,true
2024-04-01,ACC-00092,Starter,India,2,24,false,false
2024-04-01,ACC-00093,Starter,United Kingdom,1,12,false,false
2024-04-01,ACC-00094,Growth,United States,15,435,false,false
2024-04-01,ACC-00095,Growth,United Kingdom,8,232,false,false
2024-04-01,ACC-00096,Starter,Canada,1,12,false,false
2024-04-01,ACC-00097,Growth,United States,12,348,false,false
2024-04-01,ACC-00098,Starter,India,6,72,false,false
2024-04-01,ACC-00100,Starter,Germany,6,72,false,false
2024-04-01,ACC-00101,Scale,Japan,36,2304,false,false
2024-04-01,ACC-00102,Starter,United States,3,36,false,false
2024-04-01,ACC-00103,Starter,United States,6,72,false,false
2024-04-01,ACC-00104,Scale,United States,104,6656,false,false
2024-04-01,ACC-00105,Starter,United Kingdom,2,24,false,true
2024-04-01,ACC-00106,Growth,United States,8,232,false,false
2024-04-01,ACC-00107,Scale,United Kingdom,56,3584,false,false
2024-04-01,ACC-00108,Starter,United States,4,48,false,false
2024-04-01,ACC-00109,Growth,Brazil,19,551,false,false
2024-04-01,ACC-00110,Starter,United States,3,36,false,false
2024-04-01,ACC-00111,Starter,United States,3,36,false,false
2024-04-01,ACC-00112,Starter,United States,1,12,false,false
2024-04-01,ACC-00113,Growth,Germany,8,232,false,false
2024-04-01,ACC-00114,Starter,United Kingdom,1,12,false,false
2024-04-01,ACC-00115,Starter,Japan,5,60,false,false
2024-04-01,ACC-00116,Growth,United States,11,319,false,false
2024-04-01,ACC-00117,Growth,United States,9,261,false,false
2024-04-01,ACC-00118,Starter,United States,2,24,false,false
2024-04-01,ACC-00119,Scale,India,33,2112,false,false
2024-04-01,ACC-00120,Scale,Japan,112,7168,false,false
2024-04-01,ACC-00121,Starter,United States,7,84,false,false
2024-04-01,ACC-00122,Growth,United States,22,638,false,false
2024-04-01,ACC-00125,Growth,United States,15,435,false,false
2024-04-01,ACC-00126,Growth,United States,24,696,false,false
2024-04-01,ACC-00128,Starter,United States,1,12,false,false
2024-04-01,ACC-00129,Growth,Japan,17,493,false,false
2024-04-01,ACC-00130,Growth,Brazil,27,783,false,false
2024-04-01,ACC-00131,Starter,United States,5,60,false,false
2024-04-01,ACC-00133,Growth,Canada,15,435,false,false
2024-04-01,ACC-00135,Starter,United States,5,60,false,false
2024-04-01,ACC-00136,Growth,Germany,17,493,false,false
2024-04-01,ACC-00137,Starter,United States,1,12,false,false
2024-04-01,ACC-00138,Starter,Brazil,3,36,false,false
2024-04-01,ACC-00139,Starter,Japan,5,60,false,false
2024-04-01,ACC-00140,Growth,United States,14,406,false,false
2024-04-01,ACC-00141,Starter,Brazil,6,72,false,false
2024-04-01,ACC-00143,Starter,Canada,2,24,false,false
2024-04-01,ACC-00144,Scale,United States,104,6656,false,false
2024-04-01,ACC-00145,Growth,India,10,290,false,false
2024-04-01,ACC-00146,Starter,Canada,1,12,false,false
2024-04-01,ACC-00147,Starter,Brazil,3,36,false,false
2024-04-01,ACC-00148,Growth,United States,26,754,false,false
2024-04-01,ACC-00149,Growth,United Kingdom,8,232,false,false
2024-04-01,ACC-00150,Starter,Germany,2,24,false,false
2024-04-01,ACC-00151,Growth,United States,22,638,false,false
2024-04-01,ACC-00152,Starter,India,5,60,false,false
2024-04-01,ACC-00153,Starter,United States,1,12,false,false
2024-04-01,ACC-00154,Starter,Germany,6,72,false,false
2024-04-01,ACC-00155,Growth,Canada,21,609,false,false
2024-04-01,ACC-00156,Starter,Canada,7,84,false,false
2024-04-01,ACC-00157,Starter,United Kingdom,4,48,false,false
2024-04-01,ACC-00158,Starter,United States,7,84,false,false
2024-04-01,ACC-00159,Starter,Japan,1,12,false,false
2024-04-01,ACC-00160,Starter,United Kingdom,1,12,false,false
2024-04-01,ACC-00161,Scale,Australia,52,3328,false,false
2024-04-01,ACC-00162,Starter,United States,6,72,false,false
2024-04-01,ACC-00163,Growth,Japan,17,493,false,false
2024-04-01,ACC-00164,Starter,United States,2,24,false,false
2024-04-01,ACC-00165,Starter,United States,3,36,false,false
2024-04-01,ACC-00166,Starter,United States,2,24,false,false
2024-04-01,ACC-00167,Starter,Germany,4,48,false,false
2024-04-01,ACC-00169,Growth,Japan,12,348,false,false
2024-04-01,ACC-00170,Starter,India,4,48,false,false
2024-04-01,ACC-00171,Growth,Canada,23,667,false,false
2024-04-01,ACC-00172,Starter,India,3,36,false,false
2024-04-01,ACC-00173,Growth,Germany,6,174,false,false
2024-04-01,ACC-00175,Scale,Brazil,104,6656,false,false
2024-04-01,ACC-00176,Starter,Brazil,2,24,false,false
2024-04-01,ACC-00177,Starter,India,6,72,false,false
2024-04-01,ACC-00178,Growth,India,6,174,false,false
2024-04-01,ACC-00179,Scale,United States,58,3712,false,false
2024-04-01,ACC-00181,Starter,Germany,5,60,false,false
2024-04-01,ACC-00183,Scale,United States,25,1600,false,false
2024-04-01,ACC-00185,Starter,Brazil,3,36,false,true
2024-04-01,ACC-00187,Starter,Australia,4,48,false,false
2024-04-01,ACC-00188,Growth,Brazil,27,783,false,false
2024-04-01,ACC-00189,Scale,Australia,80,5120,false,false
2024-04-01,ACC-00190,Starter,Australia,6,72,false,false
2024-04-01,ACC-00192,Growth,United States,12,348,false,false
2024-04-01,ACC-00193,Starter,Australia,5,60,false,false
2024-04-01,ACC-00194,Growth,United States,14,406,false,false
2024-04-01,ACC-00195,Starter,Brazil,4,48,false,false
2024-04-01,ACC-00197,Growth,United Kingdom,27,783,false,false
2024-04-01,ACC-00199,Starter,United States,4,48,false,false
2024-04-01,ACC-00200,Starter,Germany,2,24,false,false
2024-04-01,ACC-00201,Starter,Germany,4,48,false,false
2024-04-01,ACC-00203,Growth,United States,8,232,false,false
2024-04-01,ACC-00204,Growth,United States,13,377,false,false
2024-04-01,ACC-00205,Starter,United States,2,24,false,false
2024-04-01,ACC-00206,Growth,Australia,27,783,false,false
2024-04-01,ACC-00207,Scale,Japan,95,6080,false,false
2024-04-01,ACC-00208,Starter,United Kingdom,6,72,false,false
2024-04-01,ACC-00209,Scale,Australia,113,7232,false,false
2024-04-01,ACC-00210,Starter,India,4,48,false,false
2024-04-01,ACC-00211,Scale,Brazil,73,4672,false,false
2024-04-01,ACC-00212,Growth,India,14,406,false,false
2024-04-01,ACC-00214,Starter,Germany,3,36,false,false
2024-04-01,ACC-00215,Starter,Japan,3,36,false,false
2024-04-01,ACC-00216,Starter,Brazil,1,12,false,false
2024-04-01,ACC-00217,Growth,Australia,15,435,false,false
2024-04-01,ACC-00218,Starter,Germany,6,72,false,false
2024-04-01,ACC-00219,Starter,Canada,5,60,false,false
2024-04-01,ACC-00220,Scale,Germany,118,7552,false,false
2024-04-01,ACC-00221,Growth,Germany,30,870,false,false
2024-04-01,ACC-00222,Starter,United States,5,60,false,false
2024-04-01,ACC-00223,Starter,United States,7,84,false,false
2024-04-01,ACC-00224,Starter,Brazil,6,72,false,false
2024-04-01,ACC-00225,Growth,United States,30,870,false,false
2024-04-01,ACC-00226,Growth,United States,29,841,false,false
2024-04-01,ACC-00227,Starter,United States,5,60,false,false
2024-04-01,ACC-00228,Growth,United States,10,290,false,false
2024-04-01,ACC-00229,Starter,United States,3,36,false,false
2024-04-01,ACC-00230,Starter,India,2,24,false,false
2024-04-01,ACC-00232,Growth,Germany,10,290,false,false
2024-04-01,ACC-00233,Growth,United States,28,812,false,false
2024-04-01,ACC-00234,Growth,United States,25,725,false,false
2024-04-01,ACC-00235,Growth,United Kingdom,30,870,false,false
2024-04-01,ACC-00236,Starter,Germany,4,48,false,false
2024-04-01,ACC-00238,Starter,Germany,6,72,false,false
2024-04-01,ACC-00239,Starter,Australia,5,60,false,false
2024-04-01,ACC-00240,Starter,United States,3,36,false,false
2024-04-01,ACC-00241,Growth,Brazil,6,174,false,false
2024-04-01,ACC-00243,Growth,United States,16,464,false,false
2024-04-01,ACC-00244,Growth,United States,30,870,false,false
2024-04-01,ACC-00245,Growth,United States,16,464,false,false
2024-04-01,ACC-00246,Starter,India,4,48,false,false
2024-04-01,ACC-00247,Scale,Australia,42,2688,false,false
2024-04-01,ACC-00248,Starter,Japan,6,72,false,false
2024-04-01,ACC-00249,Growth,Germany,21,609,false,false
2024-04-01,ACC-00250,Starter,United States,3,36,false,false
2024-04-01,ACC-00251,Starter,Brazil,2,24,false,false
2024-04-01,ACC-00252,Starter,United Kingdom,2,24,false,false
2024-04-01,ACC-00253,Starter,United Kingdom,6,72,false,false
2024-04-01,ACC-00254,Starter,United States,2,24,false,false
2024-04-01,ACC-00255,Starter,Brazil,6,72,false,false
2024-04-01,ACC-00256,Growth,United States,14,406,false,false
2024-04-01,ACC-00257,Starter,United States,1,12,false,false
2024-04-01,ACC-00258,Growth,United States,16,464,false,false
2024-04-01,ACC-00259,Starter,Canada,4,48,false,false
2024-04-01,ACC-00260,Starter,United Kingdom,7,84,false,false
2024-04-01,ACC-00262,Starter,India,4,48,false,false
2024-04-01,ACC-00263,Starter,United States,3,36,false,false
2024-04-01,ACC-00264,Growth,Australia,12,348,false,false
2024-04-01,ACC-00265,Starter,Australia,6,72,false,false
2024-04-01,ACC-00266,Growth,United States,21,609,false,false
2024-04-01,ACC-00267,Growth,United States,20,580,false,false
2024-04-01,ACC-00268,Growth,United States,18,522,false,false
2024-04-01,ACC-00269,Growth,United States,23,667,false,false
2024-04-01,ACC-00270,Growth,Australia,30,870,false,false
2024-04-01,ACC-00271,Growth,Canada,16,464,false,false
2024-04-01,ACC-00272,Scale,United States,48,3072,false,false
2024-04-01,ACC-00273,Scale,India,81,5184,false,false
2024-04-01,ACC-00274,Growth,India,24,696,false,false
2024-04-01,ACC-00275,Starter,Canada,5,60,false,false
2024-04-01,ACC-00276,Starter,United States,6,72,false,false
2024-04-01,ACC-00277,Starter,United States,5,60,false,false
2024-04-01,ACC-00278,Starter,Germany,2,24,false,false
2024-04-01,ACC-00279,Scale,India,34,2176,false,false
2024-04-01,ACC-00280,Growth,Canada,11,319,false,false
2024-04-01,ACC-00281,Growth,Germany,8,232,false,false
2024-04-01,ACC-00282,Growth,Germany,16,464,false,false
2024-04-01,ACC-00283,Scale,United Kingdom,62,3968,false,false
2024-04-01,ACC-00284,Growth,United States,14,406,false,false
2024-04-01,ACC-00285,Growth,India,6,174,false,false
2024-04-01,ACC-00286,Starter,United States,3,36,false,false
2024-04-01,ACC-00287,Starter,United States,1,12,false,false
2024-04-01,ACC-00288,Growth,Australia,20,580,false,false
2024-04-01,ACC-00289,Starter,United States,2,24,false,false
2024-04-01,ACC-00290,Starter,India,1,12,false,false
2024-04-01,ACC-00291,Growth,Japan,27,783,false,false
2024-04-01,ACC-00292,Starter,United States,5,60,false,false
2024-04-01,ACC-00293,Growth,Germany,9,261,false,false
2024-04-01,ACC-00294,Starter,United States,3,36,false,false
2024-04-01,ACC-00295,Starter,United States,2,24,false,false
2024-04-01,ACC-00296,Starter,Japan,2,24,true,false
2024-04-01,ACC-00297,Starter,India,1,12,true,false
2024-04-01,ACC-00298,Growth,United States,16,464,true,false
2024-04-01,ACC-00299,Starter,United Kingdom,3,36,true,false
2024-04-01,ACC-00300,Starter,United States,1,12,true,false
2024-04-01,ACC-00301,Growth,United States,19,551,true,false
2024-04-01,ACC-00302,Starter,United States,3,36,true,false
2024-04-01,ACC-00303,Starter,Brazil,6,72,true,false
2024-04-01,ACC-00304,Starter,United Kingdom,1,12,true,false
2024-04-01,ACC-00305,Starter,Germany,3,36,true,false
2024-04-01,ACC-00306,Starter,Brazil,3,36,true,false
2024-04-01,ACC-00307,Scale,United Kingdom,75,4800,true,false
2024-04-01,ACC-00308,Growth,United Kingdom,12,348,true,false
2024-04-01,ACC-00309,Scale,Japan,54,3456,true,false
2024-04-01,ACC-00310,Growth,United Kingdom,29,841,true,false
2024-04-01,ACC-00311,Starter,Japan,2,24,true,false
2024-04-01,ACC-00312,Growth,Germany,7,203,true,false
2024-04-01,ACC-00313,Starter,United States,2,24,true,false
2024-05-01,ACC-00002,Scale,United States,119,7616,false,false
2024-05-01,ACC-00003,Scale,Germany,69,4416,false,false
2024-05-01,ACC-00004,Starter,United States,6,72,false,false
2024-05-01,ACC-00005,Growth,United States,18,522,false,false
2024-05-01,ACC-00006,Scale,Germany,53,3392,false,false
2024-05-01,ACC-00007,Starter,United States,4,48,false,false
2024-05-01,ACC-00008,Starter,United States,2,24,false,false
2024-05-01,ACC-00009,Growth,Canada,8,232,false,false
2024-05-01,ACC-00010,Starter,United States,5,60,false,false
2024-05-01,ACC-00011,Starter,United States,5,60,false,false
2024-05-01,ACC-00013,Growth,Canada,26,754,false,false
2024-05-01,ACC-00014,Growth,United States,26,754,false,false
2024-05-01,ACC-00015,Starter,Germany,2,24,false,false
2024-05-01,ACC-00016,Starter,United States,3,36,false,false
2024-05-01,ACC-00017,Starter,Canada,1,12,false,false
2024-05-01,ACC-00019,Growth,India,15,435,false,false
2024-05-01,ACC-00020,Starter,United States,7,84,false,false
2024-05-01,ACC-00021,Starter,United States,4,48,false,false
2024-05-01,ACC-00022,Scale,Japan,50,3200,false,false
2024-05-01,ACC-00023,Growth,United States,25,725,false,false
2024-05-01,ACC-00024,Starter,United States,3,36,false,false
2024-05-01,ACC-00025,Starter,United States,2,24,false,false
2024-05-01,ACC-00026,Scale,United Kingdom,57,3648,false,false
2024-05-01,ACC-00027,Starter,United States,5,60,false,false
2024-05-01,ACC-00028,Starter,Japan,1,12,false,false
2024-05-01,ACC-00029,Starter,United States,6,72,false,false
2024-05-01,ACC-00030,Growth,Germany,22,638,false,false
2024-05-01,ACC-00031,Starter,United States,3,36,false,false
2024-05-01,ACC-00032,Growth,India,13,377,false,false
2024-05-01,ACC-00033,Growth,United States,29,841,false,false
2024-05-01,ACC-00034,Starter,United States,2,24,false,false
2024-05-01,ACC-00035,Starter,India,5,60,false,false
2024-05-01,ACC-00036,Growth,United States,7,203,false,false
2024-05-01,ACC-00037,Growth,India,8,232,false,false
2024-05-01,ACC-00038,Starter,Germany,2,24,false,false
2024-05-01,ACC-00039,Starter,India,3,36,false,false
2024-05-01,ACC-00040,Starter,Australia,2,24,false,false
2024-05-01,ACC-00041,Starter,India,2,24,false,false
2024-05-01,ACC-00042,Scale,United States,69,4416,false,false
2024-05-01,ACC-00043,Starter,United States,2,24,false,false
2024-05-01,ACC-00044,Growth,India,15,435,false,false
2024-05-01,ACC-00045,Growth,United Kingdom,13,377,false,false
2024-05-01,ACC-00046,Growth,India,29,841,false,false
2024-05-01,ACC-00048,Scale,Brazil,96,6144,false,false
2024-05-01,ACC-00049,Starter,United States,1,12,false,false
2024-05-01,ACC-00050,Starter,United Kingdom,2,24,false,false
2024-05-01,ACC-00051,Growth,India,26,754,false,false
2024-05-01,ACC-00052,Growth,Japan,12,348,false,false
2024-05-01,ACC-00054,Starter,United Kingdom,3,36,false,false
2024-05-01,ACC-00055,Growth,United Kingdom,7,203,false,false
2024-05-01,ACC-00056,Growth,Brazil,27,783,false,false
2024-05-01,ACC-00057,Starter,Japan,6,72,false,false
2024-05-01,ACC-00058,Scale,Germany,111,7104,false,false
2024-05-01,ACC-00059,Starter,United States,6,72,false,false
2024-05-01,ACC-00060,Growth,Canada,23,667,false,false
2024-05-01,ACC-00061,Starter,Germany,3,36,false,false
2024-05-01,ACC-00062,Growth,Germany,9,261,false,false
2024-05-01,ACC-00063,Starter,Australia,3,36,false,false
2024-05-01,ACC-00064,Starter,United States,3,36,false,false
2024-05-01,ACC-00065,Growth,Brazil,6,174,false,false
2024-05-01,ACC-00066,Growth,Germany,7,203,false,false
2024-05-01,ACC-00067,Starter,United Kingdom,2,24,false,false
2024-05-01,ACC-00068,Starter,United States,5,60,false,false
2024-05-01,ACC-00069,Starter,United States,1,12,false,false
2024-05-01,ACC-00070,Growth,United States,29,841,false,false
2024-05-01,ACC-00072,Growth,United States,9,261,false,false
2024-05-01,ACC-00073,Starter,Australia,2,24,false,false
2024-05-01,ACC-00074,Growth,United States,6,174,false,false
2024-05-01,ACC-00075,Growth,United States,22,638,false,false
2024-05-01,ACC-00076,Starter,Australia,6,72,false,false
2024-05-01,ACC-00077,Starter,United States,1,12,false,false
2024-05-01,ACC-00078,Growth,United States,25,725,false,false
2024-05-01,ACC-00079,Scale,Brazil,52,3328,false,false
2024-05-01,ACC-00080,Scale,United States,98,6272,false,false
2024-05-01,ACC-00081,Starter,Australia,6,72,false,false
2024-05-01,ACC-00082,Starter,United Kingdom,6,72,false,false
2024-05-01,ACC-00083,Growth,Japan,29,841,false,true
2024-05-01,ACC-00084,Growth,Japan,12,348,false,false
2024-05-01,ACC-00086,Starter,United States,5,60,false,false
2024-05-01,ACC-00087,Starter,United States,4,48,false,false
2024-05-01,ACC-00088,Starter,United Kingdom,3,36,false,false
2024-05-01,ACC-00089,Growth,United States,23,667,false,false
2024-05-01,ACC-00092,Starter,India,2,24,false,false
2024-05-01,ACC-00093,Starter,United Kingdom,1,12,false,false
2024-05-01,ACC-00094,Growth,United States,15,435,false,false
2024-05-01,ACC-00095,Growth,United Kingdom,8,232,false,true
2024-05-01,ACC-00096,Starter,Canada,1,12,false,false
2024-05-01,ACC-00097,Growth,United States,13,377,false,false
2024-05-01,ACC-00098,Starter,India,6,72,false,false
2024-05-01,ACC-00100,Starter,Germany,6,72,false,false
2024-05-01,ACC-00101,Scale,Japan,36,2304,false,false
2024-05-01,ACC-00102,Starter,United States,3,36,false,false
2024-05-01,ACC-00103,Starter,United States,6,72,false,false
2024-05-01,ACC-00104,Scale,United States,104,6656,false,false
2024-05-01,ACC-00106,Growth,United States,8,232,false,false
2024-05-01,ACC-00107,Scale,United Kingdom,57,3648,false,false
2024-05-01,ACC-00108,Starter,United States,4,48,false,false
2024-05-01,ACC-00109,Growth,Brazil,19,551,false,false
2024-05-01,ACC-00110,Starter,United States,3,36,false,false
2024-05-01,ACC-00111,Starter,United States,3,36,false,false
2024-05-01,ACC-00112,Starter,United States,2,24,false,false
2024-05-01,ACC-00113,Growth,Germany,8,232,false,false
2024-05-01,ACC-00114,Starter,United Kingdom,1,12,false,false
2024-05-01,ACC-00115,Starter,Japan,6,72,false,false
2024-05-01,ACC-00116,Growth,United States,11,319,false,false
2024-05-01,ACC-00117,Growth,United States,9,261,false,false
2024-05-01,ACC-00118,Starter,United States,3,36,false,false
2024-05-01,ACC-00119,Scale,India,33,2112,false,false
2024-05-01,ACC-00120,Scale,Japan,112,7168,false,false
2024-05-01,ACC-00121,Starter,United States,7,84,false,false
2024-05-01,ACC-00122,Growth,United States,22,638,false,false
2024-05-01,ACC-00125,Growth,United States,15,435,false,false
2024-05-01,ACC-00126,Growth,United States,24,696,false,false
2024-05-01,ACC-00128,Starter,United States,1,12,false,false
2024-05-01,ACC-00129,Growth,Japan,17,493,false,false
2024-05-01,ACC-00130,Growth,Brazil,28,812,false,false
2024-05-01,ACC-00131,Starter,United States,5,60,false,false
2024-05-01,ACC-00133,Growth,Canada,15,435,false,false
2024-05-01,ACC-00135,Starter,United States,5,60,false,false
2024-05-01,ACC-00136,Growth,Germany,17,493,false,false
2024-05-01,ACC-00137,Starter,United States,2,24,false,false
2024-05-01,ACC-00138,Starter,Brazil,3,36,false,false
2024-05-01,ACC-00139,Starter,Japan,5,60,false,false
2024-05-01,ACC-00140,Growth,United States,14,406,false,false
2024-05-01,ACC-00141,Starter,Brazil,6,72,false,false
2024-05-01,ACC-00143,Starter,Canada,2,24,false,false
2024-05-01,ACC-00144,Scale,United States,104,6656,false,false
2024-05-01,ACC-00145,Growth,India,10,290,false,true
2024-05-01,ACC-00146,Starter,Canada,1,12,false,false
2024-05-01,ACC-00147,Starter,Brazil,3,36,false,false
2024-05-01,ACC-00148,Growth,United States,26,754,false,false
2024-05-01,ACC-00149,Growth,United Kingdom,8,232,false,false
2024-05-01,ACC-00150,Starter,Germany,3,36,false,false
2024-05-01,ACC-00151,Growth,United States,22,638,false,false
2024-05-01,ACC-00152,Starter,India,5,60,false,false
2024-05-01,ACC-00153,Starter,United States,1,12,false,false
2024-05-01,ACC-00154,Starter,Germany,6,72,false,false
2024-05-01,ACC-00155,Growth,Canada,21,609,false,false
2024-05-01,ACC-00156,Starter,Canada,7,84,false,false
2024-05-01,ACC-00157,Starter,United Kingdom,4,48,false,false
2024-05-01,ACC-00158,Starter,United States,7,84,false,false
2024-05-01,ACC-00159,Starter,Japan,1,12,false,false
2024-05-01,ACC-00160,Starter,United Kingdom,1,12,false,false
2024-05-01,ACC-00161,Scale,Australia,52,3328,false,false
2024-05-01,ACC-00162,Starter,United States,6,72,false,false
2024-05-01,ACC-00163,Growth,Japan,17,493,false,false
2024-05-01,ACC-00164,Starter,United States,2,24,false,false
2024-05-01,ACC-00165,Starter,United States,3,36,false,false
2024-05-01,ACC-00166,Starter,United States,2,24,false,false
2024-05-01,ACC-00167,Starter,Germany,4,48,false,false
2024-05-01,ACC-00169,Growth,Japan,12,348,false,false
2024-05-01,ACC-00170,Starter,India,4,48,false,false
2024-05-01,ACC-00171,Growth,Canada,23,667,false,true
2024-05-01,ACC-00172,Starter,India,3,36,false,false
2024-05-01,ACC-00173,Growth,Germany,6,174,false,false
2024-05-01,ACC-00175,Scale,Brazil,104,6656,false,false
2024-05-01,ACC-00176,Starter,Brazil,2,24,false,false
2024-05-01,ACC-00177,Starter,India,6,72,false,false
2024-05-01,ACC-00178,Growth,India,6,174,false,false
2024-05-01,ACC-00179,Scale,United States,58,3712,false,false
2024-05-01,ACC-00181,Starter,Germany,5,60,false,false
2024-05-01,ACC-00183,Scale,United States,26,1664,false,false
2024-05-01,ACC-00187,Starter,Australia,4,48,false,false
2024-05-01,ACC-00188,Growth,Brazil,27,783,false,false
2024-05-01,ACC-00189,Scale,Australia,80,5120,false,false
2024-05-01,ACC-00190,Starter,Australia,6,72,false,false
2024-05-01,ACC-00192,Growth,United States,12,348,false,false
2024-05-01,ACC-00193,Starter,Australia,5,60,false,false
2024-05-01,ACC-00194,Growth,United States,14,406,false,false
2024-05-01,ACC-00195,Starter,Brazil,4,48,false,false
2024-05-01,ACC-00197,Growth,United Kingdom,27,783,false,false
2024-05-01,ACC-00199,Starter,United States,5,60,false,false
2024-05-01,ACC-00200,Starter,Germany,2,24,false,false
2024-05-01,ACC-00201,Starter,Germany,4,48,false,false
2024-05-01,ACC-00203,Growth,United States,8,232,false,false
2024-05-01,ACC-00204,Growth,United States,13,377,false,false
2024-05-01,ACC-00205,Starter,United States,2,24,false,false
2024-05-01,ACC-00206,Growth,Australia,27,783,false,false
2024-05-01,ACC-00207,Scale,Japan,95,6080,false,false
2024-05-01,ACC-00208,Starter,United Kingdom,7,84,false,false
2024-05-01,ACC-00209,Scale,Australia,113,7232,false,false
2024-05-01,ACC-00210,Starter,India,4,48,false,false
2024-05-01,ACC-00211,Scale,Brazil,73,4672,false,false
2024-05-01,ACC-00212,Growth,India,14,406,false,false
2024-05-01,ACC-00214,Starter,Germany,3,36,false,false
2024-05-01,ACC-00215,Starter,Japan,3,36,false,false
2024-05-01,ACC-00216,Starter,Brazil,1,12,false,false
2024-05-01,ACC-00217,Growth,Australia,15,435,false,false
2024-05-01,ACC-00218,Starter,Germany,6,72,false,false
2024-05-01,ACC-00219,Starter,Canada,5,60,false,false
2024-05-01,ACC-00220,Scale,Germany,118,7552,false,false
2024-05-01,ACC-00221,Growth,Germany,30,870,false,false
2024-05-01,ACC-00222,Starter,United States,5,60,false,false
2024-05-01,ACC-00223,Starter,United States,7,84,false,false
2024-05-01,ACC-00224,Starter,Brazil,6,72,false,false
2024-05-01,ACC-00225,Growth,United States,31,899,false,false
2024-05-01,ACC-00226,Growth,United States,29,841,false,false
2024-05-01,ACC-00227,Starter,United States,6,72,false,false
2024-05-01,ACC-00228,Growth,United States,10,290,false,false
2024-05-01,ACC-00229,Starter,United States,3,36,false,false
2024-05-01,ACC-00230,Starter,India,2,24,false,false
2024-05-01,ACC-00232,Growth,Germany,10,290,false,false
2024-05-01,ACC-00233,Growth,United States,28,812,false,false
2024-05-01,ACC-00234,Growth,United States,25,725,false,false
2024-05-01,ACC-00235,Growth,United Kingdom,30,870,false,false
2024-05-01,ACC-00236,Starter,Germany,4,48,false,false
2024-05-01,ACC-00238,Starter,Germany,6,72,false,false
2024-05-01,ACC-00239,Starter,Australia,5,60,false,false
2024-05-01,ACC-00240,Starter,United States,3,36,false,true
2024-05-01,ACC-00241,Growth,Brazil,7,203,false,false
2024-05-01,ACC-00243,Growth,United States,16,464,false,false
2024-05-01,ACC-00244,Growth,United States,30,870,false,false
2024-05-01,ACC-00245,Growth,United States,16,464,false,false
2024-05-01,ACC-00246,Starter,India,4,48,false,false
2024-05-01,ACC-00247,Scale,Australia,42,2688,false,false
2024-05-01,ACC-00248,Starter,Japan,6,72,false,false
2024-05-01,ACC-00249,Growth,Germany,22,638,false,false
2024-05-01,ACC-00250,Starter,United States,3,36,false,false
2024-05-01,ACC-00251,Starter,Brazil,2,24,false,false
2024-05-01,ACC-00252,Starter,United Kingdom,2,24,false,false
2024-05-01,ACC-00253,Starter,United Kingdom,6,72,false,false
2024-05-01,ACC-00254,Starter,United States,2,24,false,false
2024-05-01,ACC-00255,Starter,Brazil,6,72,false,false
2024-05-01,ACC-00256,Growth,United States,15,435,false,false
2024-05-01,ACC-00257,Starter,United States,1,12,false,false
2024-05-01,ACC-00258,Growth,United States,16,464,false,false
2024-05-01,ACC-00259,Starter,Canada,4,48,false,false
2024-05-01,ACC-00260,Starter,United Kingdom,7,84,false,false
2024-05-01,ACC-00262,Starter,India,4,48,false,false
2024-05-01,ACC-00263,Starter,United States,3,36,false,false
2024-05-01,ACC-00264,Growth,Australia,13,377,false,false
2024-05-01,ACC-00265,Starter,Australia,6,72,false,false
2024-05-01,ACC-00266,Growth,United States,21,609,false,false
2024-05-01,ACC-00267,Growth,United States,20,580,false,false
2024-05-01,ACC-00268,Growth,United States,18,522,false,false
2024-05-01,ACC-00269,Growth,United States,23,667,false,false
2024-05-01,ACC-00270,Growth,Australia,30,870,false,false
2024-05-01,ACC-00271,Growth,Canada,16,464,false,false
2024-05-01,ACC-00272,Scale,United States,48,3072,false,false
2024-05-01,ACC-00273,Scale,India,81,5184,false,false
2024-05-01,ACC-00274,Growth,India,24,696,false,false
2024-05-01,ACC-00275,Starter,Canada,6,72,false,false
2024-05-01,ACC-00276,Starter,United States,6,72,false,false
2024-05-01,ACC-00277,Starter,United States,5,60,false,false
2024-05-01,ACC-00278,Starter,Germany,2,24,false,false
2024-05-01,ACC-00279,Scale,India,34,2176,false,false
2024-05-01,ACC-00280,Growth,Canada,11,319,false,false
2024-05-01,ACC-00281,Growth,Germany,8,232,false,false
2024-05-01,ACC-00282,Growth,Germany,16,464,false,false
2024-05-01,ACC-00283,Scale,United Kingdom,62,3968,false,false
2024-05-01,ACC-00284,Growth,United States,14,406,false,false
2024-05-01,ACC-00285,Growth,India,7,203,false,false
2024-05-01,ACC-00286,Starter,United States,3,36,false,false
2024-05-01,ACC-00287,Starter,United States,1,12,false,false
2024-05-01,ACC-00288,Growth,Australia,20,580,false,false
2024-05-01,ACC-00289,Starter,United States,2,24,false,false
2024-05-01,ACC-00290,Starter,India,1,12,false,false
2024-05-01,ACC-00291,Growth,Japan,27,783,false,false
2024-05-01,ACC-00292,Starter,United States,5,60,false,false
2024-05-01,ACC-00293,Growth,Germany,10,290,false,false
2024-05-01,ACC-00294,Starter,United States,4,48,false,false
2024-05-01,ACC-00295,Starter,United States,2,24,false,false
2024-05-01,ACC-00296,Starter,Japan,2,24,false,false
2024-05-01,ACC-00297,Starter,India,1,12,false,false
2024-05-01,ACC-00298,Growth,United States,16,464,false,false
2024-05-01,ACC-00299,Starter,United Kingdom,3,36,false,false
2024-05-01,ACC-00300,Starter,United States,1,12,false,false
2024-05-01,ACC-00301,Growth,United States,19,551,false,false
2024-05-01,ACC-00302,Starter,United States,3,36,false,false
2024-05-01,ACC-00303,Starter,Brazil,6,72,false,false
2024-05-01,ACC-00304,Starter,United Kingdom,1,12,false,false
2024-05-01,ACC-00305,Starter,Germany,3,36,false,false
2024-05-01,ACC-00306,Starter,Brazil,3,36,false,false
2024-05-01,ACC-00307,Scale,United Kingdom,75,4800,false,false
2024-05-01,ACC-00308,Growth,United Kingdom,12,348,false,false
2024-05-01,ACC-00309,Scale,Japan,54,3456,false,false
2024-05-01,ACC-00310,Growth,United Kingdom,29,841,false,false
2024-05-01,ACC-00311,Starter,Japan,2,24,false,false
2024-05-01,ACC-00312,Growth,Germany,7,203,false,false
2024-05-01,ACC-00313,Starter,United States,2,24,false,false
2024-05-01,ACC-00314,Growth,United States,16,464,true,false
2024-05-01,ACC-00315,Growth,United States,12,348,true,false
2024-05-01,ACC-00316,Starter,Germany,2,24,true,false
2024-05-01,ACC-00317,Starter,India,3,36,true,false
2024-05-01,ACC-00318,Starter,United States,3,36,true,false
2024-05-01,ACC-00319,Starter,United States,1,12,true,false
2024-05-01,ACC-00320,Starter,Japan,3,36,true,false
2024-05-01,ACC-00321,Scale,United States,113,7232,true,false
2024-05-01,ACC-00322,Starter,United States,5,60,true,false
2024-05-01,ACC-00323,Growth,United States,28,812,true,false
2024-05-01,ACC-00324,Starter,Canada,6,72,true,false
2024-05-01,ACC-00325,Starter,Canada,2,24,true,false
2024-05-01,ACC-00326,Starter,India,1,12,true,false
2024-05-01,ACC-00327,Starter,Japan,6,72,true,false
2024-05-01,ACC-00328,Starter,India,2,24,true,false
2024-05-01,ACC-00329,Starter,United States,6,72,true,false
2024-05-01,ACC-00330,Starter,Canada,3,36,true,false
2024-05-01,ACC-00331,Starter,United States,4,48,true,false
2024-05-01,ACC-00332,Scale,India,55,3520,true,false
2024-05-01,ACC-00333,Starter,Germany,4,48,true,false
2024-05-01,ACC-00334,Scale,Germany,103,6592,true,false
2024-06-01,ACC-00002,Scale,United States,119,7616,false,false
2024-06-01,ACC-00003,Scale,Germany,69,4416,false,false
2024-06-01,ACC-00004,Starter,United States,6,72,false,false
2024-06-01,ACC-00005,Growth,United States,18,522,false,false
2024-06-01,ACC-00006,Scale,Germany,53,3392,false,false
2024-06-01,ACC-00007,Starter,United States,5,60,false,false
2024-06-01,ACC-00008,Starter,United States,2,24,false,false
2024-06-01,ACC-00009,Growth,Canada,8,232,false,false
2024-06-01,ACC-00010,Starter,United States,5,60,false,false
2024-06-01,ACC-00011,Starter,United States,5,60,false,false
2024-06-01,ACC-00013,Growth,Canada,26,754,false,false
2024-06-01,ACC-00014,Growth,United States,27,783,false,false
2024-06-01,ACC-00015,Starter,Germany,3,36,false,false
2024-06-01,ACC-00016,Starter,United States,3,36,false,false
2024-06-01,ACC-00017,Starter,Canada,1,12,false,false
2024-06-01,ACC-00019,Growth,India,15,435,false,false
2024-06-01,ACC-00020,Starter,United States,7,84,false,true
2024-06-01,ACC-00021,Starter,United States,4,48,false,false
2024-06-01,ACC-00022,Scale,Japan,50,3200,false,false
2024-06-01,ACC-00023,Growth,United States,25,725,false,false
2024-06-01,ACC-00024,Starter,United States,3,36,false,false
2024-06-01,ACC-00025,Starter,United States,2,24,false,true
2024-06-01,ACC-00026,Scale,United Kingdom,57,3648,false,false
2024-06-01,ACC-00027,Starter,United States,5,60,false,false
2024-06-01,ACC-00028,Starter,Japan,1,12,false,false
2024-06-01,ACC-00029,Starter,United States,6,72,false,false
2024-06-01,ACC-00030,Growth,Germany,22,638,false,false
2024-06-01,ACC-00031,Starter,United States,3,36,false,false
2024-06-01,ACC-00032,Growth,India,13,377,false,false
2024-06-01,ACC-00033,Growth,United States,29,841,false,false
2024-06-01,ACC-00034,Starter,United States,2,24,false,false
2024-06-01,ACC-00035,Starter,India,5,60,false,false
2024-06-01,ACC-00036,Growth,United States,7,203,false,false
2024-06-01,ACC-00037,Growth,India,9,261,false,false
2024-06-01,ACC-00038,Starter,Germany,2,24,false,false
2024-06-01,ACC-00039,Starter,India,3,36,false,false
2024-06-01,ACC-00040,Starter,Australia,3,36,false,false
2024-06-01,ACC-00041,Starter,India,2,24,false,false
2024-06-01,ACC-00042,Scale,United States,69,4416,false,false
2024-06-01,ACC-00043,Starter,United States,2,24,false,false
2024-06-01,ACC-00044,Growth,India,15,435,false,false
2024-06-01,ACC-00045,Growth,United Kingdom,13,377,false,false
2024-06-01,ACC-00046,Growth,India,29,841,false,false
2024-06-01,ACC-00048,Scale,Brazil,96,6144,false,false
2024-06-01,ACC-00049,Starter,United States,1,12,false,false
2024-06-01,ACC-00050,Starter,United Kingdom,2,24,false,false
2024-06-01,ACC-00051,Growth,India,26,754,false,false
2024-06-01,ACC-00052,Growth,Japan,12,348,false,false
2024-06-01,ACC-00054,Starter,United Kingdom,3,36,false,false
2024-06-01,ACC-00055,Growth,United Kingdom,7,203,false,false
2024-06-01,ACC-00056,Growth,Brazil,27,783,false,false
2024-06-01,ACC-00057,Starter,Japan,7,84,false,false
2024-06-01,ACC-00058,Scale,Germany,111,7104,false,false
2024-06-01,ACC-00059,Starter,United States,6,72,false,false
2024-06-01,ACC-00060,Growth,Canada,23,667,false,false
2024-06-01,ACC-00061,Starter,Germany,3,36,false,false
2024-06-01,ACC-00062,Growth,Germany,9,261,false,false
2024-06-01,ACC-00063,Starter,Australia,3,36,false,false
2024-06-01,ACC-00064,Starter,United States,3,36,false,false
2024-06-01,ACC-00065,Growth,Brazil,6,174,false,false
2024-06-01,ACC-00066,Growth,Germany,7,203,false,false
2024-06-01,ACC-00067,Starter,United Kingdom,2,24,false,false
2024-06-01,ACC-00068,Starter,United States,5,60,false,false
2024-06-01,ACC-00069,Starter,United States,1,12,false,false
2024-06-01,ACC-00070,Growth,United States,29,841,false,false
2024-06-01,ACC-00072,Growth,United States,9,261,false,false
2024-06-01,ACC-00073,Starter,Australia,2,24,false,false
2024-06-01,ACC-00074,Growth,United States,6,174,false,false
2024-06-01,ACC-00075,Growth,United States,22,638,false,false
2024-06-01,ACC-00076,Starter,Australia,6,72,false,false
2024-06-01,ACC-00077,Starter,United States,1,12,false,false
2024-06-01,ACC-00078,Growth,United States,25,725,false,false
2024-06-01,ACC-00079,Scale,Brazil,52,3328,false,false
2024-06-01,ACC-00080,Scale,United States,98,6272,false,false
2024-06-01,ACC-00081,Starter,Australia,6,72,false,false
2024-06-01,ACC-00082,Starter,United Kingdom,6,72,false,true
2024-06-01,ACC-00084,Growth,Japan,12,348,false,false
2024-06-01,ACC-00086,Starter,United States,5,60,false,false
2024-06-01,ACC-00087,Starter,United States,4,48,false,false
2024-06-01,ACC-00088,Starter,United Kingdom,3,36,false,false
2024-06-01,ACC-00089,Growth,United States,23,667,false,false
2024-06-01,ACC-00092,Starter,India,2,24,false,false
2024-06-01,ACC-00093,Starter,United Kingdom,1,12,false,false
2024-06-01,ACC-00094,Growth,United States,15,435,false,false
2024-06-01,ACC-00096,Starter,Canada,1,12,false,false
2024-06-01,ACC-00097,Growth,United States,13,377,false,false
2024-06-01,ACC-00098,Starter,India,6,72,false,false
2024-06-01,ACC-00100,Starter,Germany,6,72,false,false
2024-06-01,ACC-00101,Scale,Japan,36,2304,false,false
2024-06-01,ACC-00102,Starter,United States,3,36,false,false
2024-06-01,ACC-00103,Starter,United States,6,72,false,false
2024-06-01,ACC-00104,Scale,United States,104,6656,false,false
2024-06-01,ACC-00106,Growth,United States,8,232,false,false
2024-06-01,ACC-00107,Scale,United Kingdom,57,3648,false,false
2024-06-01,ACC-00108,Starter,United States,4,48,false,false
2024-06-01,ACC-00109,Growth,Brazil,19,551,false,false
2024-06-01,ACC-00110,Starter,United States,3,36,false,false
2024-06-01,ACC-00111,Starter,United States,3,36,false,false
2024-06-01,ACC-00112,Starter,United States,2,24,false,false
2024-06-01,ACC-00113,Growth,Germany,8,232,false,false
2024-06-01,ACC-00114,Starter,United Kingdom,1,12,false,false
2024-06-01,ACC-00115,Starter,Japan,6,72,false,false
2024-06-01,ACC-00116,Growth,United States,11,319,false,false
2024-06-01,ACC-00117,Growth,United States,9,261,false,false
2024-06-01,ACC-00118,Starter,United States,3,36,false,false
2024-06-01,ACC-00119,Scale,India,33,2112,false,false
2024-06-01,ACC-00120,Scale,Japan,113,7232,false,false
2024-06-01,ACC-00121,Starter,United States,7,84,false,false
2024-06-01,ACC-00122,Growth,United States,22,638,false,false
2024-06-01,ACC-00125,Growth,United States,15,435,false,false
2024-06-01,ACC-00126,Growth,United States,24,696,false,false
2024-06-01,ACC-00128,Starter,United States,1,12,false,false
2024-06-01,ACC-00129,Growth,Japan,17,493,false,false
2024-06-01,ACC-00130,Growth,Brazil,28,812,false,false
2024-06-01,ACC-00131,Starter,United States,5,60,false,false
2024-06-01,ACC-00133,Growth,Canada,15,435,false,false
2024-06-01,ACC-00135,Starter,United States,5,60,false,false
2024-06-01,ACC-00136,Growth,Germany,17,493,false,false
2024-06-01,ACC-00137,Starter,United States,3,36,false,false
2024-06-01,ACC-00138,Starter,Brazil,4,48,false,false
2024-06-01,ACC-00139,Starter,Japan,5,60,false,false
2024-06-01,ACC-00140,Growth,United States,15,435,false,false
2024-06-01,ACC-00141,Starter,Brazil,6,72,false,false
2024-06-01,ACC-00143,Starter,Canada,2,24,false,false
2024-06-01,ACC-00144,Scale,United States,104,6656,false,false
2024-06-01,ACC-00146,Starter,Canada,1,12,false,false
2024-06-01,ACC-00147,Starter,Brazil,3,36,false,false
2024-06-01,ACC-00148,Growth,United States,27,783,false,false
2024-06-01,ACC-00149,Growth,United Kingdom,8,232,false,false
2024-06-01,ACC-00150,Starter,Germany,3,36,false,false
2024-06-01,ACC-00151,Growth,United States,22,638,false,true
2024-06-01,ACC-00152,Starter,India,5,60,false,false
2024-06-01,ACC-00153,Starter,United States,1,12,false,false
2024-06-01,ACC-00154,Starter,Germany,6,72,false,true
2024-06-01,ACC-00155,Growth,Canada,21,609,false,false
2024-06-01,ACC-00156,Starter,Canada,7,84,false,false
2024-06-01,ACC-00157,Starter,United Kingdom,4,48,false,false
2024-06-01,ACC-00158,Starter,United States,7,84,false,false
2024-06-01,ACC-00159,Starter,Japan,1,12,false,false
2024-06-01,ACC-00160,Starter,United Kingdom,1,12,false,false
2024-06-01,ACC-00161,Scale,Australia,52,3328,false,false
2024-06-01,ACC-00162,Starter,United States,6,72,false,false
2024-06-01,ACC-00163,Growth,Japan,17,493,false,false
2024-06-01,ACC-00164,Starter,United States,2,24,false,false
2024-06-01,ACC-00165,Starter,United States,3,36,false,false
2024-06-01,ACC-00166,Starter,United States,3,36,false,false
2024-06-01,ACC-00167,Starter,Germany,4,48,false,false
2024-06-01,ACC-00169,Growth,Japan,12,348,false,false
2024-06-01,ACC-00170,Starter,India,4,48,false,false
2024-06-01,ACC-00172,Starter,India,3,36,false,false
2024-06-01,ACC-00173,Growth,Germany,6,174,false,false
2024-06-01,ACC-00175,Scale,Brazil,105,6720,false,false
2024-06-01,ACC-00176,Starter,Brazil,2,24,false,false
2024-06-01,ACC-00177,Starter,India,6,72,false,false
2024-06-01,ACC-00178,Growth,India,6,174,false,false
2024-06-01,ACC-00179,Scale,United States,58,3712,false,false
2024-06-01,ACC-00181,Starter,Germany,5,60,false,false
2024-06-01,ACC-00183,Scale,United States,26,1664,false,false
2024-06-01,ACC-00187,Starter,Australia,4,48,false,false
2024-06-01,ACC-00188,Growth,Brazil,27,783,false,false
2024-06-01,ACC-00189,Scale,Australia,80,5120,false,false
2024-06-01,ACC-00190,Starter,Australia,6,72,false,false
2024-06-01,ACC-00192,Growth,United States,12,348,false,false
2024-06-01,ACC-00193,Starter,Australia,5,60,false,false
2024-06-01,ACC-00194,Growth,United States,15,435,false,false
2024-06-01,ACC-00195,Starter,Brazil,4,48,false,false
2024-06-01,ACC-00197,Growth,United Kingdom,27,783,false,false
2024-06-01,ACC-00199,Starter,United States,5,60,false,false
2024-06-01,ACC-00200,Starter,Germany,2,24,false,false
2024-06-01,ACC-00201,Starter,Germany,4,48,false,false
2024-06-01,ACC-00203,Growth,United States,8,232,false,false
2024-06-01,ACC-00204,Growth,United States,13,377,false,false
2024-06-01,ACC-00205,Starter,United States,2,24,false,false
2024-06-01,ACC-00206,Growth,Australia,28,812,false,false
2024-06-01,ACC-00207,Scale,Japan,95,6080,false,false
2024-06-01,ACC-00208,Starter,United Kingdom,7,84,false,false
2024-06-01,ACC-00209,Scale,Australia,113,7232,false,false
2024-06-01,ACC-00210,Starter,India,4,48,false,false
2024-06-01,ACC-00211,Scale,Brazil,73,4672,false,false
2024-06-01,ACC-00212,Growth,India,14,406,false,false
2024-06-01,ACC-00214,Starter,Germany,3,36,false,false
2024-06-01,ACC-00215,Starter,Japan,3,36,false,false
2024-06-01,ACC-00216,Starter,Brazil,1,12,false,false
2024-06-01,ACC-00217,Growth,Australia,15,435,false,false
2024-06-01,ACC-00218,Starter,Germany,6,72,false,false
2024-06-01,ACC-00219,Starter,Canada,5,60,false,false
2024-06-01,ACC-00220,Scale,Germany,118,7552,false,false
2024-06-01,ACC-00221,Growth,Germany,30,870,false,false
2024-06-01,ACC-00222,Starter,United States,5,60,false,false
2024-06-01,ACC-00223,Starter,United States,7,84,false,false
2024-06-01,ACC-00224,Starter,Brazil,6,72,false,false
2024-06-01,ACC-00225,Growth,United States,31,899,false,false
2024-06-01,ACC-00226,Growth,United States,29,841,false,false
2024-06-01,ACC-00227,Starter,United States,6,72,false,false
2024-06-01,ACC-00228,Growth,United States,10,290,false,false
2024-06-01,ACC-00229,Starter,United States,3,36,false,false
2024-06-01,ACC-00230,Starter,India,2,24,false,false
2024-06-01,ACC-00232,Growth,Germany,10,290,false,false
2024-06-01,ACC-00233,Growth,United States,28,812,false,false
2024-06-01,ACC-00234,Growth,United States,25,725,false,false
2024-06-01,ACC-00235,Growth,United Kingdom,30,870,false,false
2024-06-01,ACC-00236,Starter,Germany,4,48,false,false
2024-06-01,ACC-00238,Starter,Germany,6,72,false,false
2024-06-01,ACC-00239,Starter,Australia,5,60,false,false
2024-06-01,ACC-00241,Growth,Brazil,7,203,false,false
2024-06-01,ACC-00243,Growth,United States,16,464,false,false
2024-06-01,ACC-00244,Growth,United States,30,870,false,false
2024-06-01,ACC-00245,Growth,United States,16,464,false,false
2024-06-01,ACC-00246,Starter,India,4,48,false,false
2024-06-01,ACC-00247,Scale,Australia,42,2688,false,false
2024-06-01,ACC-00248,Starter,Japan,6,72,false,false
2024-06-01,ACC-00249,Growth,Germany,22,638,false,false
2024-06-01,ACC-00250,Starter,United States,3,36,false,false
2024-06-01,ACC-00251,Starter,Brazil,2,24,false,false
2024-06-01,ACC-00252,Starter,United Kingdom,3,36,false,false
2024-06-01,ACC-00253,Starter,United Kingdom,6,72,false,false
2024-06-01,ACC-00254,Starter,United States,2,24,false,false
2024-06-01,ACC-00255,Starter,Brazil,6,72,false,false
2024-06-01,ACC-00256,Growth,United States,15,435,false,false
2024-06-01,ACC-00257,Starter,United States,1,12,false,false
2024-06-01,ACC-00258,Growth,United States,16,464,false,false
2024-06-01,ACC-00259,Starter,Canada,4,48,false,false
2024-06-01,ACC-00260,Starter,United Kingdom,7,84,false,false
2024-06-01,ACC-00262,Starter,India,4,48,false,false
2024-06-01,ACC-00263,Starter,United States,3,36,false,false
2024-06-01,ACC-00264,Growth,Australia,13,377,false,false
2024-06-01,ACC-00265,Starter,Australia,6,72,false,false
2024-06-01,ACC-00266,Growth,United States,21,609,false,false
2024-06-01,ACC-00267,Growth,United States,20,580,false,false
2024-06-01,ACC-00268,Growth,United States,18,522,false,false
2024-06-01,ACC-00269,Growth,United States,23,667,false,false
2024-06-01,ACC-00270,Growth,Australia,30,870,false,false
2024-06-01,ACC-00271,Growth,Canada,16,464,false,false
2024-06-01,ACC-00272,Scale,United States,48,3072,false,false
2024-06-01,ACC-00273,Scale,India,81,5184,false,false
2024-06-01,ACC-00274,Growth,India,24,696,false,false
2024-06-01,ACC-00275,Starter,Canada,6,72,false,false
2024-06-01,ACC-00276,Starter,United States,6,72,false,false
2024-06-01,ACC-00277,Starter,United States,5,60,false,false
2024-06-01,ACC-00278,Starter,Germany,3,36,false,false
2024-06-01,ACC-00279,Scale,India,34,2176,false,false
2024-06-01,ACC-00280,Growth,Canada,12,348,false,false
2024-06-01,ACC-00281,Growth,Germany,8,232,false,false
2024-06-01,ACC-00282,Growth,Germany,17,493,false,false
2024-06-01,ACC-00283,Scale,United Kingdom,62,3968,false,false
2024-06-01,ACC-00284,Growth,United States,14,406,false,false
2024-06-01,ACC-00285,Growth,India,7,203,false,false
2024-06-01,ACC-00286,Starter,United States,3,36,false,false
2024-06-01,ACC-00287,Starter,United States,1,12,false,false
2024-06-01,ACC-00288,Growth,Australia,21,609,false,false
2024-06-01,ACC-00289,Starter,United States,2,24,false,false
2024-06-01,ACC-00290,Starter,India,1,12,false,false
2024-06-01,ACC-00291,Growth,Japan,27,783,false,false
2024-06-01,ACC-00292,Starter,United States,6,72,false,false
2024-06-01,ACC-00293,Growth,Germany,10,290,false,false
2024-06-01,ACC-00294,Starter,United States,4,48,false,true
2024-06-01,ACC-00295,Starter,United States,2,24,false,false
2024-06-01,ACC-00296,Starter,Japan,2,24,false,false
2024-06-01,ACC-00297,Starter,India,1,12,false,false
2024-06-01,ACC-00298,Growth,United States,16,464,false,false
2024-06-01,ACC-00299,Starter,United Kingdom,3,36,false,false
2024-06-01,ACC-00300,Starter,United States,1,12,false,false
2024-06-01,ACC-00301,Growth,United States,19,551,false,false
2024-06-01,ACC-00302,Starter,United States,3,36,false,false
2024-06-01,ACC-00303,Starter,Brazil,7,84,false,false
2024-06-01,ACC-00304,Starter,United Kingdom,1,12,false,false
2024-06-01,ACC-00305,Starter,Germany,3,36,false,false
2024-06-01,ACC-00306,Starter,Brazil,3,36,false,false
2024-06-01,ACC-00307,Scale,United Kingdom,75,4800,false,false
2024-06-01,ACC-00308,Growth,United Kingdom,12,348,false,false
2024-06-01,ACC-00309,Scale,Japan,54,3456,false,false
2024-06-01,ACC-00310,Growth,United Kingdom,29,841,false,false
2024-06-01,ACC-00311,Starter,Japan,2,24,false,false
2024-06-01,ACC-00312,Growth,Germany,8,232,false,false
2024-06-01,ACC-00313,Starter,United States,2,24,false,false
2024-06-01,ACC-00314,Growth,United States,16,464,false,false
2024-06-01,ACC-00315,Growth,United States,12,348,false,false
2024-06-01,ACC-00316,Starter,Germany,2,24,false,false
2024-06-01,ACC-00317,Starter,India,3,36,false,false
2024-06-01,ACC-00318,Starter,United States,4,48,false,false
2024-06-01,ACC-00319,Starter,United States,1,12,false,false
2024-06-01,ACC-00320,Starter,Japan,3,36,false,false
2024-06-01,ACC-00321,Scale,United States,113,7232,false,false
2024-06-01,ACC-00322,Starter,United States,5,60,false,false
2024-06-01,ACC-00323,Growth,United States,28,812,false,false
2024-06-01,ACC-00324,Starter,Canada,6,72,false,false
2024-06-01,ACC-00325,Starter,Canada,2,24,false,false
2024-06-01,ACC-00326,Starter,India,1,12,false,false
2024-06-01,ACC-00327,Starter,Japan,6,72,false,false
2024-06-01,ACC-00328,Starter,India,2,24,false,false
2024-06-01,ACC-00329,Starter,United States,6,72,false,false
2024-06-01,ACC-00330,Starter,Canada,3,36,false,false
2024-06-01,ACC-00331,Starter,United States,4,48,false,false
2024-06-01,ACC-00332,Scale,India,55,3520,false,false
2024-06-01,ACC-00333,Starter,Germany,4,48,false,false
2024-06-01,ACC-00334,Scale,Germany,103,6592,false,false
2024-06-01,ACC-00335,Starter,Australia,1,12,true,false
2024-06-01,ACC-00336,Scale,Canada,82,5248,true,false
2024-06-01,ACC-00337,Starter,Canada,5,60,true,false
2024-06-01,ACC-00338,Starter,Germany,5,60,true,false
2024-06-01,ACC-00339,Growth,United States,11,319,true,false
2024-06-01,ACC-00340,Growth,Australia,30,870,true,false
2024-06-01,ACC-00341,Starter,United States,2,24,true,false
2024-06-01,ACC-00342,Growth,Brazil,27,783,true,false
2024-06-01,ACC-00343,Starter,United States,3,36,true,false
2024-06-01,ACC-00344,Growth,Brazil,6,174,true,false
2024-06-01,ACC-00345,Starter,Australia,3,36,true,false
2024-06-01,ACC-00346,Scale,United States,79,5056,true,false
2024-06-01,ACC-00347,Starter,United States,6,72,true,false
2024-06-01,ACC-00348,Starter,Canada,3,36,true,false
2024-06-01,ACC-00349,Scale,United States,97,6208,true,false
2024-06-01,ACC-00350,Starter,Germany,5,60,true,false
2024-06-01,ACC-00351,Starter,United States,4,48,true,false
2024-06-01,ACC-00352,Growth,United States,28,812,true,false
2024-07-01,ACC-00002,Scale,United States,119,7616,false,false
2024-07-01,ACC-00003,Scale,Germany,69,4416,false,false
2024-07-01,ACC-00004,Starter,United States,7,84,false,false
2024-07-01,ACC-00005,Growth,United States,19,551,false,false
2024-07-01,ACC-00006,Scale,Germany,53,3392,false,false
2024-07-01,ACC-00007,Starter,United States,5,60,false,false
2024-07-01,ACC-00008,Starter,United States,2,24,false,false
2024-07-01,ACC-00009,Growth,Canada,8,232,false,false
2024-07-01,ACC-00010,Starter,United States,5,60,false,false
2024-07-01,ACC-00011,Starter,United States,5,60,false,false
2024-07-01,ACC-00013,Growth,Canada,26,754,false,false
2024-07-01,ACC-00014,Growth,United States,27,783,false,false
2024-07-01,ACC-00015,Starter,Germany,3,36,false,false
2024-07-01,ACC-00016,Starter,United States,3,36,false,false
2024-07-01,ACC-00017,Starter,Canada,1,12,false,false
2024-07-01,ACC-00019,Growth,India,15,435,false,false
2024-07-01,ACC-00021,Starter,United States,4,48,false,false
2024-07-01,ACC-00022,Scale,Japan,50,3200,false,false
2024-07-01,ACC-00023,Growth,United States,25,725,false,false
2024-07-01,ACC-00024,Starter,United States,3,36,false,false
2024-07-01,ACC-00026,Scale,United Kingdom,58,3712,false,false
2024-07-01,ACC-00027,Starter,United States,5,60,false,false
2024-07-01,ACC-00028,Starter,Japan,1,12,false,false
2024-07-01,ACC-00029,Starter,United States,6,72,false,false
2024-07-01,ACC-00030,Growth,Germany,23,667,false,false
2024-07-01,ACC-00031,Starter,United States,3,36,false,false
2024-07-01,ACC-00032,Growth,India,13,377,false,false
2024-07-01,ACC-00033,Growth,United States,29,841,false,false
2024-07-01,ACC-00034,Starter,United States,2,24,false,false
2024-07-01,ACC-00035,Starter,India,5,60,false,false
2024-07-01,ACC-00036,Growth,United States,7,203,false,false
2024-07-01,ACC-00037,Growth,India,10,290,false,false
2024-07-01,ACC-00038,Starter,Germany,2,24,false,false
2024-07-01,ACC-00039,Starter,India,3,36,false,false
2024-07-01,ACC-00040,Starter,Australia,3,36,false,false
2024-07-01,ACC-00041,Starter,India,2,24,false,false
2024-07-01,ACC-00042,Scale,United States,69,4416,false,false
2024-07-01,ACC-00043,Starter,United States,2,24,false,false
2024-07-01,ACC-00044,Growth,India,15,435,false,false
2024-07-01,ACC-00045,Growth,United Kingdom,13,377,false,false
2024-07-01,ACC-00046,Growth,India,29,841,false,false
2024-07-01,ACC-00048,Scale,Brazil,96,6144,false,false
2024-07-01,ACC-00049,Starter,United States,1,12,false,false
2024-07-01,ACC-00050,Starter,United Kingdom,3,36,false,false
2024-07-01,ACC-00051,Growth,India,27,783,false,false
2024-07-01,ACC-00052,Growth,Japan,12,348,false,false
2024-07-01,ACC-00054,Starter,United Kingdom,3,36,false,false
2024-07-01,ACC-00055,Growth,United Kingdom,7,203,false,false
2024-07-01,ACC-00056,Growth,Brazil,27,783,false,false
2024-07-01,ACC-00057,Starter,Japan,7,84,false,false
2024-07-01,ACC-00058,Scale,Germany,111,7104,false,false
2024-07-01,ACC-00059,Starter,United States,6,72,false,true
2024-07-01,ACC-00060,Growth,Canada,23,667,false,false
2024-07-01,ACC-00061,Starter,Germany,3,36,false,false
2024-07-01,ACC-00062,Growth,Germany,9,261,false,false
2024-07-01,ACC-00063,Starter,Australia,3,36,false,false
2024-07-01,ACC-00064,Starter,United States,3,36,false,false
2024-07-01,ACC-00065,Growth,Brazil,6,174,false,false
2024-07-01,ACC-00066,Growth,Germany,7,203,false,false
2024-07-01,ACC-00067,Starter,United Kingdom,2,24,false,false
2024-07-01,ACC-00068,Starter,United States,5,60,false,false
2024-07-01,ACC-00069,Starter,United States,1,12,false,false
2024-07-01,ACC-00070,Growth,United States,29,841,false,false
2024-07-01,ACC-00072,Growth,United States,9,261,false,false
2024-07-01,ACC-00073,Starter,Australia,3,36,false,false
2024-07-01,ACC-00074,Growth,United States,6,174,false,false
2024-07-01,ACC-00075,Growth,United States,22,638,false,false
2024-07-01,ACC-00076,Starter,Australia,6,72,false,false
2024-07-01,ACC-00077,Starter,United States,1,12,false,false
2024-07-01,ACC-00078,Growth,United States,25,725,false,false
2024-07-01,ACC-00079,Scale,Brazil,52,3328,false,false
2024-07-01,ACC-00080,Scale,United States,98,6272,false,false
2024-07-01,ACC-00081,Starter,Australia,6,72,false,false
2024-07-01,ACC-00084,Growth,Japan,12,348,false,false
2024-07-01,ACC-00086,Starter,United States,5,60,false,false
2024-07-01,ACC-00087,Starter,United States,4,48,false,false
2024-07-01,ACC-00088,Starter,United Kingdom,3,36,false,false
2024-07-01,ACC-00089,Growth,United States,23,667,false,false
2024-07-01,ACC-00092,Starter,India,2,24,false,false
2024-07-01,ACC-00093,Starter,United Kingdom,1,12,false,false
2024-07-01,ACC-00094,Growth,United States,16,464,false,false
2024-07-01,ACC-00096,Starter,Canada,2,24,false,false
2024-07-01,ACC-00097,Growth,United States,13,377,false,false
2024-07-01,ACC-00098,Starter,India,6,72,false,false
2024-07-01,ACC-00100,Starter,Germany,6,72,false,false
2024-07-01,ACC-00101,Scale,Japan,36,2304,false,false
2024-07-01,ACC-00102,Starter,United States,3,36,false,false
2024-07-01,ACC-00103,Starter,United States,6,72,false,false
2024-07-01,ACC-00104,Scale,United States,105,6720,false,false
2024-07-01,ACC-00106,Growth,United States,8,232,false,false
2024-07-01,ACC-00107,Scale,United Kingdom,57,3648,false,false
2024-07-01,ACC-00108,Starter,United States,4,48,false,false
2024-07-01,ACC-00109,Growth,Brazil,19,551,false,false
2024-07-01,ACC-00110,Starter,United States,3,36,false,false
2024-07-01,ACC-00111,Starter,United States,4,48,false,false
2024-07-01,ACC-00112,Starter,United States,2,24,false,false
2024-07-01,ACC-00113,Growth,Germany,8,232,false,false
2024-07-01,ACC-00114,Starter,United Kingdom,1,12,false,false
2024-07-01,ACC-00115,Starter,Japan,7,84,false,false
2024-07-01,ACC-00116,Growth,United States,11,319,false,false
2024-07-01,ACC-00117,Growth,United States,9,261,false,false
2024-07-01,ACC-00118,Starter,United States,3,36,false,false
2024-07-01,ACC-00119,Scale,India,33,2112,false,false
2024-07-01,ACC-00120,Scale,Japan,113,7232,false,false
2024-07-01,ACC-00121,Starter,United States,7,84,false,false
2024-07-01,ACC-00122,Growth,United States,23,667,false,false
2024-07-01,ACC-00125,Growth,United States,15,435,false,false
2024-07-01,ACC-00126,Growth,United States,24,696,false,false
2024-07-01,ACC-00128,Starter,United States,1,12,false,false
2024-07-01,ACC-00129,Growth,Japan,17,493,false,false
2024-07-01,ACC-00130,Growth,Brazil,28,812,false,false
2024-07-01,ACC-00131,Starter,United States,5,60,false,false
2024-07-01,ACC-00133,Growth,Canada,15,435,false,false
2024-07-01,ACC-00135,Starter,United States,5,60,false,false
2024-07-01,ACC-00136,Growth,Germany,17,493,false,false
2024-07-01,ACC-00137,Starter,United States,3,36,false,false
2024-07-01,ACC-00138,Starter,Brazil,4,48,false,false
2024-07-01,ACC-00139,Starter,Japan,6,72,false,false
2024-07-01,ACC-00140,Growth,United States,15,435,false,false
2024-07-01,ACC-00141,Starter,Brazil,6,72,false,false
2024-07-01,ACC-00143,Starter,Canada,2,24,false,true
2024-07-01,ACC-00144,Scale,United States,104,6656,false,false
2024-07-01,ACC-00146,Starter,Canada,1,12,false,false
2024-07-01,ACC-00147,Starter,Brazil,4,48,false,false
2024-07-01,ACC-00148,Growth,United States,28,812,false,false
2024-07-01,ACC-00149,Growth,United Kingdom,8,232,false,false
2024-07-01,ACC-00150,Starter,Germany,3,36,false,false
2024-07-01,ACC-00152,Starter,India,5,60,false,false
2024-07-01,ACC-00153,Starter,United States,1,12,false,false
2024-07-01,ACC-00155,Growth,Canada,22,638,false,false
2024-07-01,ACC-00156,Starter,Canada,7,84,false,false
2024-07-01,ACC-00157,Starter,United Kingdom,4,48,false,false
2024-07-01,ACC-00158,Starter,United States,7,84,false,false
2024-07-01,ACC-00159,Starter,Japan,1,12,false,false
2024-07-01,ACC-00160,Starter,United Kingdom,1,12,false,false
2024-07-01,ACC-00161,Scale,Australia,52,3328,false,false
2024-07-01,ACC-00162,Starter,United States,6,72,false,false
2024-07-01,ACC-00163,Growth,Japan,17,493,false,false
2024-07-01,ACC-00164,Starter,United States,2,24,false,false
2024-07-01,ACC-00165,Starter,United States,3,36,false,false
2024-07-01,ACC-00166,Starter,United States,3,36,false,false
2024-07-01,ACC-00167,Starter,Germany,4,48,false,false
2024-07-01,ACC-00169,Growth,Japan,12,348,false,false
2024-07-01,ACC-00170,Starter,India,4,48,false,false
2024-07-01,ACC-00172,Starter,India,3,36,false,false
2024-07-01,ACC-00173,Growth,Germany,6,174,false,false
2024-07-01,ACC-00175,Scale,Brazil,105,6720,false,false
2024-07-01,ACC-00176,Starter,Brazil,2,24,false,false
2024-07-01,ACC-00177,Starter,India,6,72,false,false
2024-07-01,ACC-00178,Growth,India,6,174,false,false
2024-07-01,ACC-00179,Scale,United States,58,3712,false,false
2024-07-01,ACC-00181,Starter,Germany,5,60,false,false
2024-07-01,ACC-00183,Scale,United States,27,1728,false,false
2024-07-01,ACC-00187,Starter,Australia,4,48,false,true
2024-07-01,ACC-00188,Growth,Brazil,27,783,false,false
2024-07-01,ACC-00189,Scale,Australia,80,5120,false,false
2024-07-01,ACC-00190,Starter,Australia,6,72,false,false
2024-07-01,ACC-00192,Growth,United States,12,348,false,false
2024-07-01,ACC-00193,Starter,Australia,5,60,false,false
2024-07-01,ACC-00194,Growth,United States,15,435,false,false
2024-07-01,ACC-00195,Starter,Brazil,4,48,false,false
2024-07-01,ACC-00197,Growth,United Kingdom,27,783,false,false
2024-07-01,ACC-00199,Starter,United States,5,60,false,false
2024-07-01,ACC-00200,Starter,Germany,2,24,false,false
2024-07-01,ACC-00201,Starter,Germany,4,48,false,false
2024-07-01,ACC-00203,Growth,United States,8,232,false,false
2024-07-01,ACC-00204,Growth,United States,14,406,false,false
2024-07-01,ACC-00205,Starter,United States,2,24,false,false
2024-07-01,ACC-00206,Growth,Australia,28,812,false,false
2024-07-01,ACC-00207,Scale,Japan,95,6080,false,false
2024-07-01,ACC-00208,Starter,United Kingdom,8,96,false,false
2024-07-01,ACC-00209,Scale,Australia,113,7232,false,false
2024-07-01,ACC-00210,Starter,India,4,48,false,false
2024-07-01,ACC-00211,Scale,Brazil,73,4672,false,false
2024-07-01,ACC-00212,Growth,India,14,406,false,false
2024-07-01,ACC-00214,Starter,Germany,3,36,false,false
2024-07-01,ACC-00215,Starter,Japan,3,36,false,false
2024-07-01,ACC-00216,Starter,Brazil,1,12,false,false
2024-07-01,ACC-00217,Growth,Australia,15,435,false,false
2024-07-01,ACC-00218,Starter,Germany,6,72,false,false
2024-07-01,ACC-00219,Starter,Canada,5,60,false,false
2024-07-01,ACC-00220,Scale,Germany,119,7616,false,false
2024-07-01,ACC-00221,Growth,Germany,30,870,false,false
2024-07-01,ACC-00222,Starter,United States,5,60,false,false
2024-07-01,ACC-00223,Starter,United States,7,84,false,false
2024-07-01,ACC-00224,Starter,Brazil,6,72,false,false
2024-07-01,ACC-00225,Growth,United States,31,899,false,false
2024-07-01,ACC-00226,Growth,United States,29,841,false,false
2024-07-01,ACC-00227,Starter,United States,6,72,false,false
2024-07-01,ACC-00228,Growth,United States,10,290,false,false
2024-07-01,ACC-00229,Starter,United States,3,36,false,false
2024-07-01,ACC-00230,Starter,India,2,24,false,false
2024-07-01,ACC-00232,Growth,Germany,10,290,false,false
2024-07-01,ACC-00233,Growth,United States,28,812,false,false
2024-07-01,ACC-00234,Growth,United States,25,725,false,false
2024-07-01,ACC-00235,Growth,United Kingdom,30,870,false,false
2024-07-01,ACC-00236,Starter,Germany,4,48,false,false
2024-07-01,ACC-00238,Starter,Germany,6,72,false,false
2024-07-01,ACC-00239,Starter,Australia,5,60,false,false
2024-07-01,ACC-00241,Growth,Brazil,7,203,false,false
2024-07-01,ACC-00243,Growth,United States,16,464,false,false
2024-07-01,ACC-00244,Growth,United States,30,870,false,false
2024-07-01,ACC-00245,Growth,United States,16,464,false,false
2024-07-01,ACC-00246,Starter,India,4,48,false,false
2024-07-01,ACC-00247,Scale,Australia,42,2688,false,false
2024-07-01,ACC-00248,Starter,Japan,6,72,false,false
2024-07-01,ACC-00249,Growth,Germany,22,638,false,false
2024-07-01,ACC-00250,Starter,United States,3,36,false,false
2024-07-01,ACC-00251,Starter,Brazil,2,24,false,false
2024-07-01,ACC-00252,Starter,United Kingdom,4,48,false,false
2024-07-01,ACC-00253,Starter,United Kingdom,6,72,false,false
2024-07-01,ACC-00254,Starter,United States,2,24,false,false
2024-07-01,ACC-00255,Starter,Brazil,6,72,false,false
2024-07-01,ACC-00256,Growth,United States,15,435,false,false
2024-07-01,ACC-00257,Starter,United States,1,12,false,false
2024-07-01,ACC-00258,Growth,United States,16,464,false,false
2024-07-01,ACC-00259,Starter,Canada,4,48,false,false
2024-07-01,ACC-00260,Starter,United Kingdom,7,84,false,true
2024-07-01,ACC-00262,Starter,India,4,48,false,false
2024-07-01,ACC-00263,Starter,United States,3,36,false,false
2024-07-01,ACC-00264,Growth,Australia,13,377,false,false
2024-07-01,ACC-00265,Starter,Australia,6,72,false,false
2024-07-01,ACC-00266,Growth,United States,21,609,false,false
2024-07-01,ACC-00267,Growth,United States,20,580,false,false
2024-07-01,ACC-00268,Growth,United States,18,522,false,false
2024-07-01,ACC-00269,Growth,United States,23,667,false,false
2024-07-01,ACC-00270,Growth,Australia,30,870,false,false
2024-07-01,ACC-00271,Growth,Canada,16,464,false,false
2024-07-01,ACC-00272,Scale,United States,48,3072,false,false
2024-07-01,ACC-00273,Scale,India,81,5184,false,false
2024-07-01,ACC-00274,Growth,India,24,696,false,false
2024-07-01,ACC-00275,Starter,Canada,6,72,false,false
2024-07-01,ACC-00276,Starter,United States,7,84,false,true
2024-07-01,ACC-00277,Starter,United States,5,60,false,false
2024-07-01,ACC-00278,Starter,Germany,3,36,false,false
2024-07-01,ACC-00279,Scale,India,34,2176,false,false
2024-07-01,ACC-00280,Growth,Canada,12,348,false,false
2024-07-01,ACC-00281,Growth,Germany,8,232,false,false
2024-07-01,ACC-00282,Growth,Germany,18,522,false,false
2024-07-01,ACC-00283,Scale,United Kingdom,62,3968,false,false
2024-07-01,ACC-00284,Growth,United States,14,406,false,false
2024-07-01,ACC-00285,Growth,India,7,203,false,false
2024-07-01,ACC-00286,Starter,United States,3,36,false,false
2024-07-01,ACC-00287,Starter,United States,1,12,false,false
2024-07-01,ACC-00288,Growth,Australia,21,609,false,false
2024-07-01,ACC-00289,Starter,United States,2,24,false,false
2024-07-01,ACC-00290,Starter,India,1,12,false,true
2024-07-01,ACC-00291,Growth,Japan,27,783,false,false
2024-07-01,ACC-00292,Starter,United States,6,72,false,false
2024-07-01,ACC-00293,Growth,Germany,10,290,false,false
2024-07-01,ACC-00295,Starter,United States,2,24,false,false
2024-07-01,ACC-00296,Starter,Japan,2,24,false,false
2024-07-01,ACC-00297,Starter,India,1,12,false,false
2024-07-01,ACC-00298,Growth,United States,16,464,false,false
2024-07-01,ACC-00299,Starter,United Kingdom,3,36,false,false
2024-07-01,ACC-00300,Starter,United States,1,12,false,false
2024-07-01,ACC-00301,Growth,United States,19,551,false,false
2024-07-01,ACC-00302,Starter,United States,3,36,false,false
2024-07-01,ACC-00303,Starter,Brazil,7,84,false,false
2024-07-01,ACC-00304,Starter,United Kingdom,1,12,false,false
2024-07-01,ACC-00305,Starter,Germany,3,36,false,false
2024-07-01,ACC-00306,Starter,Brazil,4,48,false,false
2024-07-01,ACC-00307,Scale,United Kingdom,75,4800,false,false
2024-07-01,ACC-00308,Growth,United Kingdom,12,348,false,false
2024-07-01,ACC-00309,Scale,Japan,54,3456,false,false
2024-07-01,ACC-00310,Growth,United Kingdom,29,841,false,false
2024-07-01,ACC-00311,Starter,Japan,2,24,false,false
2024-07-01,ACC-00312,Growth,Germany,8,232,false,false
2024-07-01,ACC-00313,Starter,United States,2,24,false,false
2024-07-01,ACC-00314,Growth,United States,16,464,false,false
2024-07-01,ACC-00315,Growth,United States,12,348,false,false
2024-07-01,ACC-00316,Starter,Germany,2,24,false,false
2024-07-01,ACC-00317,Starter,India,3,36,false,false
2024-07-01,ACC-00318,Starter,United States,4,48,false,false
2024-07-01,ACC-00319,Starter,United States,1,12,false,false
2024-07-01,ACC-00320,Starter,Japan,3,36,false,false
2024-07-01,ACC-00321,Scale,United States,113,7232,false,false
2024-07-01,ACC-00322,Starter,United States,5,60,false,false
2024-07-01,ACC-00323,Growth,United States,28,812,false,false
2024-07-01,ACC-00324,Starter,Canada,6,72,false,false
2024-07-01,ACC-00325,Starter,Canada,2,24,false,false
2024-07-01,ACC-00326,Starter,India,1,12,false,false
2024-07-01,ACC-00327,Starter,Japan,6,72,false,false
2024-07-01,ACC-00328,Starter,India,2,24,false,false
2024-07-01,ACC-00329,Starter,United States,6,72,false,false
2024-07-01,ACC-00330,Starter,Canada,4,48,false,false
2024-07-01,ACC-00331,Starter,United States,4,48,false,false
2024-07-01,ACC-00332,Scale,India,55,3520,false,false
2024-07-01,ACC-00333,Starter,Germany,5,60,false,false
2024-07-01,ACC-00334,Scale,Germany,103,6592,false,false
2024-07-01,ACC-00335,Starter,Australia,1,12,false,false
2024-07-01,ACC-00336,Scale,Canada,82,5248,false,false
2024-07-01,ACC-00337,Starter,Canada,5,60,false,false
2024-07-01,ACC-00338,Starter,Germany,5,60,false,false
2024-07-01,ACC-00339,Growth,United States,11,319,false,false
2024-07-01,ACC-00340,Growth,Australia,30,870,false,false
2024-07-01,ACC-00341,Starter,United States,2,24,false,false
2024-07-01,ACC-00342,Growth,Brazil,27,783,false,false
2024-07-01,ACC-00343,Starter,United States,3,36,false,false
2024-07-01,ACC-00344,Growth,Brazil,6,174,false,false
2024-07-01,ACC-00345,Starter,Australia,3,36,false,false
2024-07-01,ACC-00346,Scale,United States,80,5120,false,false
2024-07-01,ACC-00347,Starter,United States,6,72,false,false
2024-07-01,ACC-00348,Starter,Canada,3,36,false,false
2024-07-01,ACC-00349,Scale,United States,97,6208,false,false
2024-07-01,ACC-00350,Starter,Germany,5,60,false,false
2024-07-01,ACC-00351,Starter,United States,5,60,false,false
2024-07-01,ACC-00352,Growth,United States,28,812,false,false
2024-07-01,ACC-00353,Growth,United States,9,261,true,false
2024-07-01,ACC-00354,Starter,India,4,48,true,false
2024-07-01,ACC-00355,Growth,India,24,696,true,false
2024-07-01,ACC-00356,Growth,Germany,27,783,true,false
2024-07-01,ACC-00357,Growth,Germany,15,435,true,false
2024-07-01,ACC-00358,Starter,United States,4,48,true,false
2024-07-01,ACC-00359,Starter,India,3,36,true,false
2024-07-01,ACC-00360,Growth,India,19,551,true,false
2024-07-01,ACC-00361,Starter,United States,6,72,true,false
2024-07-01,ACC-00362,Scale,United States,41,2624,true,false
2024-07-01,ACC-00363,Starter,United States,4,48,true,false
2024-07-01,ACC-00364,Growth,India,28,812,true,false
2024-07-01,ACC-00365,Starter,United States,6,72,true,false
2024-07-01,ACC-00366,Starter,United States,3,36,true,false
2024-07-01,ACC-00367,Starter,Australia,1,12,true,false
2024-07-01,ACC-00368,Scale,United States,99,6336,true,false
2024-07-01,ACC-00369,Starter,United States,1,12,true,false
2024-07-01,ACC-00370,Growth,United States,28,812,true,false
2024-07-01,ACC-00371,Starter,United Kingdom,4,48,true,false
2024-08-01,ACC-00002,Scale,United States,120,7680,false,false
2024-08-01,ACC-00003,Scale,Germany,69,4416,false,false
2024-08-01,ACC-00004,Starter,United States,7,84,false,false
2024-08-01,ACC-00005,Growth,United States,19,551,false,false
2024-08-01,ACC-00006,Scale,Germany,53,3392,false,false
2024-08-01,ACC-00007,Starter,United States,5,60,false,false
2024-08-01,ACC-00008,Starter,United States,2,24,false,false
2024-08-01,ACC-00009,Growth,Canada,8,232,false,false
2024-08-01,ACC-00010,Starter,United States,5,60,false,false
2024-08-01,ACC-00011,Starter,United States,5,60,false,false
2024-08-01,ACC-00013,Growth,Canada,26,754,false,false
2024-08-01,ACC-00014,Growth,United States,27,783,false,false
2024-08-01,ACC-00015,Starter,Germany,3,36,false,false
2024-08-01,ACC-00016,Starter,United States,3,36,false,false
2024-08-01,ACC-00017,Starter,Canada,1,12,false,false
2024-08-01,ACC-00019,Growth,India,15,435,false,false
2024-08-01,ACC-00021,Starter,United States,5,60,false,false
2024-08-01,ACC-00022,Scale,Japan,50,3200,false,false
2024-08-01,ACC-00023,Growth,United States,25,725,false,false
2024-08-01,ACC-00024,Starter,United States,3,36,false,false
2024-08-01,ACC-00026,Scale,United Kingdom,58,3712,false,false
2024-08-01,ACC-00027,Starter,United States,6,72,false,false
2024-08-01,ACC-00028,Starter,Japan,1,12,false,false
2024-08-01,ACC-00029,Starter,United States,6,72,false,false
2024-08-01,ACC-00030,Growth,Germany,23,667,false,false
2024-08-01,ACC-00031,Starter,United States,4,48,false,false
2024-08-01,ACC-00032,Growth,India,13,377,false,false
2024-08-01,ACC-00033,Growth,United States,29,841,false,false
2024-08-01,ACC-00034,Starter,United States,2,24,false,false
2024-08-01,ACC-00035,Starter,India,5,60,false,false
2024-08-01,ACC-00036,Growth,United States,7,203,false,false
2024-08-01,ACC-00037,Growth,India,10,290,false,false
2024-08-01,ACC-00038,Starter,Germany,2,24,false,false
2024-08-01,ACC-00039,Starter,India,3,36,false,false
2024-08-01,ACC-00040,Starter,Australia,3,36,false,false
2024-08-01,ACC-00041,Starter,India,2,24,false,false
2024-08-01,ACC-00042,Scale,United States,69,4416,false,false
2024-08-01,ACC-00043,Starter,United States,2,24,false,false
2024-08-01,ACC-00044,Growth,India,15,435,false,false
2024-08-01,ACC-00045,Growth,United Kingdom,13,377,false,false
2024-08-01,ACC-00046,Growth,India,29,841,false,false
2024-08-01,ACC-00048,Scale,Brazil,96,6144,false,false
2024-08-01,ACC-00049,Starter,United States,1,12,false,false
2024-08-01,ACC-00050,Starter,United Kingdom,3,36,false,false
2024-08-01,ACC-00051,Growth,India,27,783,false,false
2024-08-01,ACC-00052,Growth,Japan,12,348,false,false
2024-08-01,ACC-00054,Starter,United Kingdom,3,36,false,false
2024-08-01,ACC-00055,Growth,United Kingdom,7,203,false,false
2024-08-01,ACC-00056,Growth,Brazil,27,783,false,false
2024-08-01,ACC-00057,Starter,Japan,7,84,false,false
2024-08-01,ACC-00058,Scale,Germany,111,7104,false,false
2024-08-01,ACC-00060,Growth,Canada,23,667,false,false
2024-08-01,ACC-00061,Starter,Germany,3,36,false,false
2024-08-01,ACC-00062,Growth,Germany,9,261,false,false
2024-08-01,ACC-00063,Starter,Australia,3,36,false,false
2024-08-01,ACC-00064,Starter,United States,3,36,false,false
2024-08-01,ACC-00065,Growth,Brazil,6,174,false,false
2024-08-01,ACC-00066,Growth,Germany,7,203,false,false
2024-08-01,ACC-00067,Starter,United Kingdom,2,24,false,false
2024-08-01,ACC-00068,Starter,United States,5,60,false,false
2024-08-01,ACC-00069,Starter,United States,1,12,false,false
2024-08-01,ACC-00070,Growth,United States,29,841,false,false
2024-08-01,ACC-00072,Growth,United States,9,261,false,false
2024-08-01,ACC-00073,Starter,Australia,3,36,false,false
2024-08-01,ACC-00074,Growth,United States,6,174,false,false
2024-08-01,ACC-00075,Growth,United States,23,667,false,false
2024-08-01,ACC-00076,Starter,Australia,6,72,false,false
2024-08-01,ACC-00077,Starter,United States,1,12,false,false
2024-08-01,ACC-00078,Growth,United States,25,725,false,false
2024-08-01,ACC-00079,Scale,Brazil,52,3328,false,false
2024-08-01,ACC-00080,Scale,United States,98,6272,false,false
2024-08-01,ACC-00081,Starter,Australia,6,72,false,false
2024-08-01,ACC-00084,Growth,Japan,12,348,false,true
2024-08-01,ACC-00086,Starter,United States,5,60,false,false
2024-08-01,ACC-00087,Starter,United States,4,48,false,false
2024-08-01,ACC-00088,Starter,United Kingdom,3,36,false,false
2024-08-01,ACC-00089,Growth,United States,23,667,false,false
2024-08-01,ACC-00092,Starter,India,2,24,false,false
2024-08-01,ACC-00093,Starter,United Kingdom,1,12,false,false
2024-08-01,ACC-00094,Growth,United States,16,464,false,false
2024-08-01,ACC-00096,Starter,Canada,2,24,false,false
2024-08-01,ACC-00097,Growth,United States,13,377,false,false
2024-08-01,ACC-00098,Starter,India,6,72,false,false
2024-08-01,ACC-00100,Starter,Germany,6,72,false,false
2024-08-01,ACC-00101,Scale,Japan,36,2304,false,false
2024-08-01,ACC-00102,Starter,United States,3,36,false,false
2024-08-01,ACC-00103,Starter,United States,6,72,false,false
2024-08-01,ACC-00104,Scale,United States,105,6720,false,false
2024-08-01,ACC-00106,Growth,United States,8,232,false,false
2024-08-01,ACC-00107,Scale,United Kingdom,57,3648,false,false
2024-08-01,ACC-00108,Starter,United States,4,48,false,false
2024-08-01,ACC-00109,Growth,Brazil,20,580,false,false
2024-08-01,ACC-00110,Starter,United States,3,36,false,false
2024-08-01,ACC-00111,Starter,United States,4,48,false,false
2024-08-01,ACC-00112,Starter,United States,2,24,false,false
2024-08-01,ACC-00113,Growth,Germany,8,232,false,false
2024-08-01,ACC-00114,Starter,United Kingdom,2,24,false,false
2024-08-01,ACC-00115,Starter,Japan,7,84,false,false
2024-08-01,ACC-00116,Growth,United States,11,319,false,false
2024-08-01,ACC-00117,Growth,United States,9,261,false,false
2024-08-01,ACC-00118,Starter,United States,3,36,false,false
2024-08-01,ACC-00119,Scale,India,33,2112,false,false
2024-08-01,ACC-00120,Scale,Japan,113,7232,false,false
2024-08-01,ACC-00121,Starter,United States,7,84,false,false
2024-08-01,ACC-00122,Growth,United States,23,667,false,false
2024-08-01,ACC-00125,Growth,United States,15,435,false,false
2024-08-01,ACC-00126,Growth,United States,24,696,false,false
2024-08-01,ACC-00128,Starter,United States,1,12,false,false
2024-08-01,ACC-00129,Growth,Japan,17,493,false,false
2024-08-01,ACC-00130,Growth,Brazil,28,812,false,false
2024-08-01,ACC-00131,Starter,United States,5,60,false,false
2024-08-01,ACC-00133,Growth,Canada,15,435,false,false
2024-08-01,ACC-00135,Starter,United States,5,60,false,false
2024-08-01,ACC-00136,Growth,Germany,17,493,false,false
2024-08-01,ACC-00137,Starter,United States,3,36,false,false
2024-08-01,ACC-00138,Starter,Brazil,4,48,false,false
2024-08-01,ACC-00139,Starter,Japan,6,72,false,false
2024-08-01,ACC-00140,Growth,United States,15,435,false,false
2024-08-01,ACC-00141,Starter,Brazil,6,72,false,false
2024-08-01,ACC-00144,Scale,United States,104,6656,false,false
2024-08-01,ACC-00146,Starter,Canada,1,12,false,false
2024-08-01,ACC-00147,Starter,Brazil,4,48,false,false
2024-08-01,ACC-00148,Growth,United States,28,812,false,false
2024-08-01,ACC-00149,Growth,United Kingdom,8,232,false,false
2024-08-01,ACC-00150,Starter,Germany,3,36,false,true
2024-08-01,ACC-00152,Starter,India,5,60,false,false
2024-08-01,ACC-00153,Starter,United States,1,12,false,false
2024-08-01,ACC-00155,Growth,Canada,22,638,false,false
2024-08-01,ACC-00156,Starter,Canada,7,84,false,false
2024-08-01,ACC-00157,Starter,United Kingdom,4,48,false,false
2024-08-01,ACC-00158,Starter,United States,7,84,false,false
2024-08-01,ACC-00159,Starter,Japan,1,12,false,false
2024-08-01,ACC-00160,Starter,United Kingdom,1,12,false,false
2024-08-01,ACC-00161,Scale,Australia,52,3328,false,false
2024-08-01,ACC-00162,Starter,United States,6,72,false,false
2024-08-01,ACC-00163,Growth,Japan,17,493,false,false
2024-08-01,ACC-00164,Starter,United States,2,24,false,false
2024-08-01,ACC-00165,Starter,United States,3,36,false,false
2024-08-01,ACC-00166,Starter,United States,3,36,false,true
2024-08-01,ACC-00167,Starter,Germany,4,48,false,false
2024-08-01,ACC-00169,Growth,Japan,12,348,false,false
2024-08-01,ACC-00170,Starter,India,5,60,false,false
2024-08-01,ACC-00172,Starter,India,3,36,false,false
2024-08-01,ACC-00173,Growth,Germany,6,174,false,false
2024-08-01,ACC-00175,Scale,Brazil,105,6720,false,false
2024-08-01,ACC-00176,Starter,Brazil,2,24,false,false
2024-08-01,ACC-00177,Starter,India,6,72,false,false
2024-08-01,ACC-00178,Growth,India,6,174,false,false
2024-08-01,ACC-00179,Scale,United States,58,3712,false,false
2024-08-01,ACC-00181,Starter,Germany,5,60,false,false
2024-08-01,ACC-00183,Scale,United States,27,1728,false,false
2024-08-01,ACC-00188,Growth,Brazil,27,783,false,false
2024-08-01,ACC-00189,Scale,Australia,80,5120,false,false
2024-08-01,ACC-00190,Starter,Australia,6,72,false,false
2024-08-01,ACC-00192,Growth,United States,12,348,false,false
2024-08-01,ACC-00193,Starter,Australia,5,60,false,false
2024-08-01,ACC-00194,Growth,United States,16,464,false,false
2024-08-01,ACC-00195,Starter,Brazil,4,48,false,false
2024-08-01,ACC-00197,Growth,United Kingdom,27,783,false,false
2024-08-01,ACC-00199,Starter,United States,5,60,false,false
2024-08-01,ACC-00200,Starter,Germany,2,24,false,false
2024-08-01,ACC-00201,Starter,Germany,4,48,false,false
2024-08-01,ACC-00203,Growth,United States,8,232,false,false
2024-08-01,ACC-00204,Growth,United States,14,406,false,false
2024-08-01,ACC-00205,Starter,United States,2,24,false,false
2024-08-01,ACC-00206,Growth,Australia,28,812,false,false
2024-08-01,ACC-00207,Scale,Japan,95,6080,false,false
2024-08-01,ACC-00208,Starter,United Kingdom,8,96,false,false
2024-08-01,ACC-00209,Scale,Australia,113,7232,false,false
2024-08-01,ACC-00210,Starter,India,4,48,false,false
2024-08-01,ACC-00211,Scale,Brazil,73,4672,false,false
2024-08-01,ACC-00212,Growth,India,14,406,false,false
2024-08-01,ACC-00214,Starter,Germany,3,36,false,false
2024-08-01,ACC-00215,Starter,Japan,3,36,false,false
2024-08-01,ACC-00216,Starter,Brazil,1,12,false,false
2024-08-01,ACC-00217,Growth,Australia,15,435,false,false
2024-08-01,ACC-00218,Starter,Germany,6,72,false,false
2024-08-01,ACC-00219,Starter,Canada,5,60,false,false
2024-08-01,ACC-00220,Scale,Germany,119,7616,false,false
2024-08-01,ACC-00221,Growth,Germany,30,870,false,false
2024-08-01,ACC-00222,Starter,United States,5,60,false,false
2024-08-01,ACC-00223,Starter,United States,7,84,false,false
2024-08-01,ACC-00224,Starter,Brazil,6,72,false,false
2024-08-01,ACC-00225,Growth,United States,31,899,false,false
2024-08-01,ACC-00226,Growth,United States,29,841,false,false
2024-08-01,ACC-00227,Starter,United States,6,72,false,false
2024-08-01,ACC-00228,Growth,United States,10,290,false,false
2024-08-01,ACC-00229,Starter,United States,3,36,false,false
2024-08-01,ACC-00230,Starter,India,3,36,false,false
2024-08-01,ACC-00232,Growth,Germany,10,290,false,false
2024-08-01,ACC-00233,Growth,United States,28,812,false,false
2024-08-01,ACC-00234,Growth,United States,25,725,false,false
2024-08-01,ACC-00235,Growth,United Kingdom,30,870,false,false
2024-08-01,ACC-00236,Starter,Germany,4,48,false,false
2024-08-01,ACC-00238,Starter,Germany,6,72,false,false
2024-08-01,ACC-00239,Starter,Australia,5,60,false,false
2024-08-01,ACC-00241,Growth,Brazil,7,203,false,false
2024-08-01,ACC-00243,Growth,United States,16,464,false,false
2024-08-01,ACC-00244,Growth,United States,30,870,false,false
2024-08-01,ACC-00245,Growth,United States,16,464,false,false
2024-08-01,ACC-00246,Starter,India,4,48,false,false
2024-08-01,ACC-00247,Scale,Australia,42,2688,false,false
2024-08-01,ACC-00248,Starter,Japan,6,72,false,false
2024-08-01,ACC-00249,Growth,Germany,23,667,false,false
2024-08-01,ACC-00250,Starter,United States,3,36,false,false
2024-08-01,ACC-00251,Starter,Brazil,2,24,false,false
2024-08-01,ACC-00252,Starter,United Kingdom,4,48,false,false
2024-08-01,ACC-00253,Starter,United Kingdom,6,72,false,false
2024-08-01,ACC-00254,Starter,United States,2,24,false,false
2024-08-01,ACC-00255,Starter,Brazil,6,72,false,false
2024-08-01,ACC-00256,Growth,United States,15,435,false,false
2024-08-01,ACC-00257,Starter,United States,1,12,false,false
2024-08-01,ACC-00258,Growth,United States,16,464,false,false
2024-08-01,ACC-00259,Starter,Canada,4,48,false,false
2024-08-01,ACC-00262,Starter,India,4,48,false,false
2024-08-01,ACC-00263,Starter,United States,3,36,false,false
2024-08-01,ACC-00264,Growth,Australia,13,377,false,false
2024-08-01,ACC-00265,Starter,Australia,6,72,false,false
2024-08-01,ACC-00266,Growth,United States,21,609,false,false
2024-08-01,ACC-00267,Growth,United States,20,580,false,false
2024-08-01,ACC-00268,Growth,United States,18,522,false,false
2024-08-01,ACC-00269,Growth,United States,23,667,false,false
2024-08-01,ACC-00270,Growth,Australia,30,870,false,false
2024-08-01,ACC-00271,Growth,Canada,17,493,false,false
2024-08-01,ACC-00272,Scale,United States,48,3072,false,false
2024-08-01,ACC-00273,Scale,India,81,5184,false,false
2024-08-01,ACC-00274,Growth,India,24,696,false,false
2024-08-01,ACC-00275,Starter,Canada,6,72,false,false
2024-08-01,ACC-00277,Starter,United States,5,60,false,true
2024-08-01,ACC-00278,Starter,Germany,3,36,false,false
2024-08-01,ACC-00279,Scale,India,34,2176,false,false
2024-08-01,ACC-00280,Growth,Canada,12,348,false,false
2024-08-01,ACC-00281,Growth,Germany,8,232,false,false
2024-08-01,ACC-00282,Growth,Germany,18,522,false,false
2024-08-01,ACC-00283,Scale,United Kingdom,62,3968,false,false
2024-08-01,ACC-00284,Growth,United States,14,406,false,false
2024-08-01,ACC-00285,Growth,India,7,203,false,false
2024-08-01,ACC-00286,Starter,United States,3,36,false,false
2024-08-01,ACC-00287,Starter,United States,1,12,false,false
2024-08-01,ACC-00288,Growth,Australia,21,609,false,false
2024-08-01,ACC-00289,Starter,United States,2,24,false,false
2024-08-01,ACC-00291,Growth,Japan,28,812,false,false
2024-08-01,ACC-00292,Starter,United States,6,72,false,false
2024-08-01,ACC-00293,Growth,Germany,10,290,false,false
2024-08-01,ACC-00295,Starter,United States,2,24,false,false
2024-08-01,ACC-00296,Starter,Japan,2,24,false,false
2024-08-01,ACC-00297,Starter,India,1,12,false,false
2024-08-01,ACC-00298,Growth,United States,16,464,false,false
2024-08-01,ACC-00299,Starter,United Kingdom,3,36,false,false
2024-08-01,ACC-00300,Starter,United States,1,12,false,false
2024-08-01,ACC-00301,Growth,United States,19,551,false,false
2024-08-01,ACC-00302,Starter,United States,3,36,false,false
2024-08-01,ACC-00303,Starter,Brazil,7,84,false,false
2024-08-01,ACC-00304,Starter,United Kingdom,1,12,false,false
2024-08-01,ACC-00305,Starter,Germany,3,36,false,false
2024-08-01,ACC-00306,Starter,Brazil,4,48,false,false
2024-08-01,ACC-00307,Scale,United Kingdom,75,4800,false,false
2024-08-01,ACC-00308,Growth,United Kingdom,12,348,false,false
2024-08-01,ACC-00309,Scale,Japan,54,3456,false,false
2024-08-01,ACC-00310,Growth,United Kingdom,30,870,false,false
2024-08-01,ACC-00311,Starter,Japan,2,24,false,false
2024-08-01,ACC-00312,Growth,Germany,9,261,false,false
2024-08-01,ACC-00313,Starter,United States,2,24,false,false
2024-08-01,ACC-00314,Growth,United States,16,464,false,false
2024-08-01,ACC-00315,Growth,United States,12,348,false,false
2024-08-01,ACC-00316,Starter,Germany,2,24,false,false
2024-08-01,ACC-00317,Starter,India,3,36,false,false
2024-08-01,ACC-00318,Starter,United States,4,48,false,false
2024-08-01,ACC-00319,Starter,United States,1,12,false,false
2024-08-01,ACC-00320,Starter,Japan,4,48,false,false
2024-08-01,ACC-00321,Scale,United States,113,7232,false,false
2024-08-01,ACC-00322,Starter,United States,5,60,false,false
2024-08-01,ACC-00323,Growth,United States,28,812,false,false
2024-08-01,ACC-00324,Starter,Canada,6,72,false,false
2024-08-01,ACC-00325,Starter,Canada,2,24,false,false
2024-08-01,ACC-00326,Starter,India,1,12,false,false
2024-08-01,ACC-00327,Starter,Japan,6,72,false,false
2024-08-01,ACC-00328,Starter,India,2,24,false,false
2024-08-01,ACC-00329,Starter,United States,6,72,false,false
2024-08-01,ACC-00330,Starter,Canada,4,48,false,false
2024-08-01,ACC-00331,Starter,United States,4,48,false,false
2024-08-01,ACC-00332,Scale,India,55,3520,false,false
2024-08-01,ACC-00333,Starter,Germany,5,60,false,false
2024-08-01,ACC-00334,Scale,Germany,103,6592,false,false
2024-08-01,ACC-00335,Starter,Australia,1,12,false,false
2024-08-01,ACC-00336,Scale,Canada,82,5248,false,false
2024-08-01,ACC-00337,Starter,Canada,5,60,false,false
2024-08-01,ACC-00338,Starter,Germany,6,72,false,false
2024-08-01,ACC-00339,Growth,United States,11,319,false,false
2024-08-01,ACC-00340,Growth,Australia,30,870,false,false
2024-08-01,ACC-00341,Starter,United States,2,24,false,false
2024-08-01,ACC-00342,Growth,Brazil,27,783,false,false
2024-08-01,ACC-00343,Starter,United States,4,48,false,false
2024-08-01,ACC-00344,Growth,Brazil,6,174,false,false
2024-08-01,ACC-00345,Starter,Australia,3,36,false,false
2024-08-01,ACC-00346,Scale,United States,80,5120,false,false
2024-08-01,ACC-00347,Starter,United States,6,72,false,false
2024-08-01,ACC-00348,Starter,Canada,3,36,false,false
2024-08-01,ACC-00349,Scale,United States,97,6208,false,false
2024-08-01,ACC-00350,Starter,Germany,5,60,false,false
2024-08-01,ACC-00351,Starter,United States,5,60,false,false
2024-08-01,ACC-00352,Growth,United States,28,812,false,false
2024-08-01,ACC-00353,Growth,United States,9,261,false,false
2024-08-01,ACC-00354,Starter,India,4,48,false,false
2024-08-01,ACC-00355,Growth,India,24,696,false,false
2024-08-01,ACC-00356,Growth,Germany,27,783,false,false
2024-08-01,ACC-00357,Growth,Germany,15,435,false,false
2024-08-01,ACC-00358,Starter,United States,4,48,false,false
2024-08-01,ACC-00359,Starter,India,3,36,false,false
2024-08-01,ACC-00360,Growth,India,19,551,false,false
2024-08-01,ACC-00361,Starter,United States,6,72,false,false
2024-08-01,ACC-00362,Scale,United States,41,2624,false,false
2024-08-01,ACC-00363,Starter,United States,4,48,false,false
2024-08-01,ACC-00364,Growth,India,28,812,false,false
2024-08-01,ACC-00365,Starter,United States,7,84,false,false
2024-08-01,ACC-00366,Starter,United States,3,36,false,true
2024-08-01,ACC-00367,Starter,Australia,1,12,false,false
2024-08-01,ACC-00368,Scale,United States,100,6400,false,false
2024-08-01,ACC-00369,Starter,United States,1,12,false,false
2024-08-01,ACC-00370,Growth,United States,28,812,false,false
2024-08-01,ACC-00371,Starter,United Kingdom,4,48,false,false
2024-08-01,ACC-00372,Growth,United States,30,870,true,false
2024-08-01,ACC-00373,Starter,United States,6,72,true,false
2024-08-01,ACC-00374,Starter,Germany,4,48,true,false
2024-08-01,ACC-00375,Growth,United States,27,783,true,false
2024-08-01,ACC-00376,Starter,United Kingdom,6,72,true,false
2024-08-01,ACC-00377,Growth,United States,10,290,true,false
2024-08-01,ACC-00378,Starter,United States,4,48,true,false
2024-08-01,ACC-00379,Growth,United States,30,870,true,false
2024-08-01,ACC-00380,Growth,Germany,23,667,true,false
2024-08-01,ACC-00381,Starter,United States,6,72,true,false
2024-08-01,ACC-00382,Starter,United States,3,36,true,false
2024-08-01,ACC-00383,Scale,Japan,95,6080,true,false
2024-08-01,ACC-00384,Scale,United Kingdom,98,6272,true,false
2024-08-01,ACC-00385,Starter,United States,5,60,true,false
2024-08-01,ACC-00386,Starter,Germany,3,36,true,false
2024-08-01,ACC-00387,Growth,Germany,18,522,true,false
2024-08-01,ACC-00388,Starter,India,4,48,true,false
2024-08-01,ACC-00389,Growth,United States,6,174,true,false
2024-09-01,ACC-00002,Scale,United States,120,7680,false,false
2024-09-01,ACC-00003,Scale,Germany,70,4480,false,false
2024-09-01,ACC-00004,Starter,United States,7,84,false,true
2024-09-01,ACC-00005,Growth,United States,19,551,false,false
2024-09-01,ACC-00006,Scale,Germany,53,3392,false,false
2024-09-01,ACC-00007,Starter,United States,5,60,false,false
2024-09-01,ACC-00008,Starter,United States,2,24,false,false
2024-09-01,ACC-00009,Growth,Canada,9,261,false,false
2024-09-01,ACC-00010,Starter,United States,5,60,false,false
2024-09-01,ACC-00011,Starter,United States,5,60,false,false
2024-09-01,ACC-00013,Growth,Canada,27,783,false,false
2024-09-01,ACC-00014,Growth,United States,27,783,false,false
2024-09-01,ACC-00015,Starter,Germany,3,36,false,false
2024-09-01,ACC-00016,Starter,United States,3,36,false,false
2024-09-01,ACC-00017,Starter,Canada,1,12,false,false
2024-09-01,ACC-00019,Growth,India,15,435,false,false
2024-09-01,ACC-00021,Starter,United States,5,60,false,false
2024-09-01,ACC-00022,Scale,Japan,50,3200,false,false
2024-09-01,ACC-00023,Growth,United States,25,725,false,false
2024-09-01,ACC-00024,Starter,United States,3,36,false,false
2024-09-01,ACC-00026,Scale,United Kingdom,58,3712,false,false
2024-09-01,ACC-00027,Starter,United States,6,72,false,false
2024-09-01,ACC-00028,Starter,Japan,1,12,false,false
2024-09-01,ACC-00029,Starter,United States,6,72,false,false
2024-09-01,ACC-00030,Growth,Germany,23,667,false,false
2024-09-01,ACC-00031,Starter,United States,4,48,false,false
2024-09-01,ACC-00032,Growth,India,13,377,false,false
2024-09-01,ACC-00033,Growth,United States,29,841,false,false
2024-09-01,ACC-00034,Starter,United States,2,24,false,false
2024-09-01,ACC-00035,Starter,India,5,60,false,false
2024-09-01,ACC-00036,Growth,United States,7,203,false,false
2024-09-01,ACC-00037,Growth,India,10,290,false,false
2024-09-01,ACC-00038,Starter,Germany,2,24,false,false
2024-09-01,ACC-00039,Starter,India,3,36,false,false
2024-09-01,ACC-00040,Starter,Australia,3,36,false,false
2024-09-01,ACC-00041,Starter,India,2,24,false,false
2024-09-01,ACC-00042,Scale,United States,69,4416,false,false
2024-09-01,ACC-00043,Starter,United States,3,36,false,true
2024-09-01,ACC-00044,Growth,India,15,435,false,false
2024-09-01,ACC-00045,Growth,United Kingdom,13,377,false,false
2024-09-01,ACC-00046,Growth,India,29,841,false,false
2024-09-01,ACC-00048,Scale,Brazil,97,6208,false,false
2024-09-01,ACC-00049,Starter,United States,1,12,false,false
2024-09-01,ACC-00050,Starter,United Kingdom,3,36,false,false
2024-09-01,ACC-00051,Growth,India,27,783,false,false
2024-09-01,ACC-00052,Growth,Japan,12,348,false,false
2024-09-01,ACC-00054,Starter,United Kingdom,3,36,false,false
2024-09-01,ACC-00055,Growth,United Kingdom,7,203,false,false
2024-09-01,ACC-00056,Growth,Brazil,27,783,false,true
2024-09-01,ACC-00057,Starter,Japan,7,84,false,false
2024-09-01,ACC-00058,Scale,Germany,111,7104,false,false
2024-09-01,ACC-00060,Growth,Canada,23,667,false,false
2024-09-01,ACC-00061,Starter,Germany,3,36,false,false
2024-09-01,ACC-00062,Growth,Germany,9,261,false,false
2024-09-01,ACC-00063,Starter,Australia,3,36,false,false
2024-09-01,ACC-00064,Starter,United States,3,36,false,false
2024-09-01,ACC-00065,Growth,Brazil,6,174,false,false
2024-09-01,ACC-00066,Growth,Germany,7,203,false,false
2024-09-01,ACC-00067,Starter,United Kingdom,2,24,false,false
2024-09-01,ACC-00068,Starter,United States,6,72,false,false
2024-09-01,ACC-00069,Starter,United States,1,12,false,false
2024-09-01,ACC-00070,Growth,United States,29,841,false,false
2024-09-01,ACC-00072,Growth,United States,9,261,false,false
2024-09-01,ACC-00073,Starter,Australia,3,36,false,false
2024-09-01,ACC-00074,Growth,United States,6,174,false,false
2024-09-01,ACC-00075,Growth,United States,24,696,false,false
2024-09-01,ACC-00076,Starter,Australia,6,72,false,false
2024-09-01,ACC-00077,Starter,United States,2,24,false,false
2024-09-01,ACC-00078,Growth,United States,25,725,false,false
2024-09-01,ACC-00079,Scale,Brazil,52,3328,false,false
2024-09-01,ACC-00080,Scale,United States,98,6272,false,false
2024-09-01,ACC-00081,Starter,Australia,7,84,false,false
2024-09-01,ACC-00086,Starter,United States,5,60,false,false
2024-09-01,ACC-00087,Starter,United States,4,48,false,false
2024-09-01,ACC-00088,Starter,United Kingdom,3,36,false,false
2024-09-01,ACC-00089,Growth,United States,23,667,false,false
2024-09-01,ACC-00092,Starter,India,2,24,false,false
2024-09-01,ACC-00093,Starter,United Kingdom,1,12,false,false
2024-09-01,ACC-00094,Growth,United States,16,464,false,false
2024-09-01,ACC-00096,Starter,Canada,2,24,false,false
2024-09-01,ACC-00097,Growth,United States,13,377,false,false
2024-09-01,ACC-00098,Starter,India,6,72,false,false
2024-09-01,ACC-00100,Starter,Germany,6,72,false,false
2024-09-01,ACC-00101,Scale,Japan,36,2304,false,false
2024-09-01,ACC-00102,Starter,United States,3,36,false,false
2024-09-01,ACC-00103,Starter,United States,6,72,false,false
2024-09-01,ACC-00104,Scale,United States,105,6720,false,false
2024-09-01,ACC-00106,Growth,United States,8,232,false,false
2024-09-01,ACC-00107,Scale,United Kingdom,57,3648,false,false
2024-09-01,ACC-00108,Starter,United States,4,48,false,false
2024-09-01,ACC-00109,Growth,Brazil,20,580,false,false
2024-09-01,ACC-00110,Starter,United States,3,36,false,false
2024-09-01,ACC-00111,Starter,United States,4,48,false,false
2024-09-01,ACC-00112,Starter,United States,2,24,false,false
2024-09-01,ACC-00113,Growth,Germany,8,232,false,false
2024-09-01,ACC-00114,Starter,United Kingdom,2,24,false,false
2024-09-01,ACC-00115,Starter,Japan,7,84,false,false
2024-09-01,ACC-00116,Growth,United States,11,319,false,false
2024-09-01,ACC-00117,Growth,United States,9,261,false,false
2024-09-01,ACC-00118,Starter,United States,3,36,false,false
2024-09-01,ACC-00119,Scale,India,33,2112,false,false
2024-09-01,ACC-00120,Scale,Japan,113,7232,false,false
2024-09-01,ACC-00121,Starter,United States,7,84,false,false
2024-09-01,ACC-00122,Growth,United States,23,667,false,false
2024-09-01,ACC-00125,Growth,United States,15,435,false,false
2024-09-01,ACC-00126,Growth,United States,24,696,false,false
2024-09-01,ACC-00128,Starter,United States,1,12,false,false
2024-09-01,ACC-00129,Growth,Japan,17,493,false,false
2024-09-01,ACC-00130,Growth,Brazil,28,812,false,false
2024-09-01,ACC-00131,Starter,United States,5,60,false,false
2024-09-01,ACC-00133,Growth,Canada,16,464,false,false
2024-09-01,ACC-00135,Starter,United States,5,60,false,false
2024-09-01,ACC-00136,Growth,Germany,17,493,false,false
2024-09-01,ACC-00137,Starter,United States,3,36,false,false
2024-09-01,ACC-00138,Starter,Brazil,4,48,false,false
2024-09-01,ACC-00139,Starter,Japan,6,72,false,false
2024-09-01,ACC-00140,Growth,United States,15,435,false,false
2024-09-01,ACC-00141,Starter,Brazil,6,72,false,false
2024-09-01,ACC-00144,Scale,United States,104,6656,false,false
2024-09-01,ACC-00146,Starter,Canada,1,12,false,false
2024-09-01,ACC-00147,Starter,Brazil,5,60,false,false
2024-09-01,ACC-00148,Growth,United States,28,812,false,false
2024-09-01,ACC-00149,Growth,United Kingdom,8,232,false,false
2024-09-01,ACC-00152,Starter,India,5,60,false,false
2024-09-01,ACC-00153,Starter,United States,1,12,false,false
2024-09-01,ACC-00155,Growth,Canada,22,638,false,false
2024-09-01,ACC-00156,Starter,Canada,7,84,false,true
2024-09-01,ACC-00157,Starter,United Kingdom,4,48,false,false
2024-09-01,ACC-00158,Starter,United States,7,84,false,false
2024-09-01,ACC-00159,Starter,Japan,1,12,false,false
2024-09-01,ACC-00160,Starter,United Kingdom,1,12,false,false
2024-09-01,ACC-00161,Scale,Australia,52,3328,false,false
2024-09-01,ACC-00162,Starter,United States,7,84,false,false
2024-09-01,ACC-00163,Growth,Japan,18,522,false,false
2024-09-01,ACC-00164,Starter,United States,2,24,false,false
2024-09-01,ACC-00165,Starter,United States,3,36,false,false
2024-09-01,ACC-00167,Starter,Germany,4,48,false,false
2024-09-01,ACC-00169,Growth,Japan,12,348,false,false
2024-09-01,ACC-00170,Starter,India,5,60,false,false
2024-09-01,ACC-00172,Starter,India,3,36,false,false
2024-09-01,ACC-00173,Growth,Germany,6,174,false,false
2024-09-01,ACC-00175,Scale,Brazil,105,6720,false,false
2024-09-01,ACC-00176,Starter,Brazil,2,24,false,false
2024-09-01,ACC-00177,Starter,India,6,72,false,false
2024-09-01,ACC-00178,Growth,India,6,174,false,false
2024-09-01,ACC-00179,Scale,United States,58,3712,false,false
2024-09-01,ACC-00181,Starter,Germany,5,60,false,false
2024-09-01,ACC-00183,Scale,United States,27,1728,false,false
2024-09-01,ACC-00188,Growth,Brazil,27,783,false,false
2024-09-01,ACC-00189,Scale,Australia,80,5120,false,false
2024-09-01,ACC-00190,Starter,Australia,6,72,false,false
2024-09-01,ACC-00192,Growth,United States,12,348,false,false
2024-09-01,ACC-00193,Starter,Australia,5,60,false,false
2024-09-01,ACC-00194,Growth,United States,16,464,false,false
2024-09-01,ACC-00195,Starter,Brazil,4,48,false,false
2024-09-01,ACC-00197,Growth,United Kingdom,27,783,false,false
2024-09-01,ACC-00199,Starter,United States,5,60,false,false
2024-09-01,ACC-00200,Starter,Germany,2,24,false,false
2024-09-01,ACC-00201,Starter,Germany,5,60,false,false
2024-09-01,ACC-00203,Growth,United States,8,232,false,false
2024-09-01,ACC-00204,Growth,United States,14,406,false,false
2024-09-01,ACC-00205,Starter,United States,2,24,false,false
2024-09-01,ACC-00206,Growth,Australia,28,812,false,false
2024-09-01,ACC-00207,Scale,Japan,95,6080,false,false
2024-09-01,ACC-00208,Starter,United Kingdom,9,108,false,false
2024-09-01,ACC-00209,Scale,Australia,113,7232,false,false
2024-09-01,ACC-00210,Starter,India,4,48,false,false
2024-09-01,ACC-00211,Scale,Brazil,73,4672,false,false
2024-09-01,ACC-00212,Growth,India,14,406,false,false
2024-09-01,ACC-00214,Starter,Germany,3,36,false,false
2024-09-01,ACC-00215,Starter,Japan,3,36,false,false
2024-09-01,ACC-00216,Starter,Brazil,1,12,false,false
2024-09-01,ACC-00217,Growth,Australia,15,435,false,false
2024-09-01,ACC-00218,Starter,Germany,6,72,false,false
2024-09-01,ACC-00219,Starter,Canada,5,60,false,false
2024-09-01,ACC-00220,Scale,Germany,119,7616,false,false
2024-09-01,ACC-00221,Growth,Germany,30,870,false,false
2024-09-01,ACC-00222,Starter,United States,6,72,false,false
2024-09-01,ACC-00223,Starter,United States,8,96,false,false
2024-09-01,ACC-00224,Starter,Brazil,6,72,false,false
2024-09-01,ACC-00225,Growth,United States,31,899,false,false
2024-09-01,ACC-00226,Growth,United States,30,870,false,false
2024-09-01,ACC-00227,Starter,United States,6,72,false,false
2024-09-01,ACC-00228,Growth,United States,10,290,false,false
2024-09-01,ACC-00229,Starter,United States,3,36,false,false
2024-09-01,ACC-00230,Starter,India,3,36,false,false
2024-09-01,ACC-00232,Growth,Germany,11,319,false,false
2024-09-01,ACC-00233,Growth,United States,28,812,false,false
2024-09-01,ACC-00234,Growth,United States,25,725,false,false
2024-09-01,ACC-00235,Growth,United Kingdom,30,870,false,false
2024-09-01,ACC-00236,Starter,Germany,4,48,false,false
2024-09-01,ACC-00238,Starter,Germany,6,72,false,false
2024-09-01,ACC-00239,Starter,Australia,5,60,false,false
2024-09-01,ACC-00241,Growth,Brazil,7,203,false,false
2024-09-01,ACC-00243,Growth,United States,16,464,false,false
2024-09-01,ACC-00244,Growth,United States,30,870,false,false
2024-09-01,ACC-00245,Growth,United States,16,464,false,false
2024-09-01,ACC-00246,Starter,India,4,48,false,false
2024-09-01,ACC-00247,Scale,Australia,42,2688,false,false
2024-09-01,ACC-00248,Starter,Japan,6,72,false,false
2024-09-01,ACC-00249,Growth,Germany,23,667,false,false
2024-09-01,ACC-00250,Starter,United States,3,36,false,false
2024-09-01,ACC-00251,Starter,Brazil,2,24,false,false
2024-09-01,ACC-00252,Starter,United Kingdom,4,48,false,false
2024-09-01,ACC-00253,Starter,United Kingdom,6,72,false,false
2024-09-01,ACC-00254,Starter,United States,2,24,false,false
2024-09-01,ACC-00255,Starter,Brazil,6,72,false,false
2024-09-01,ACC-00256,Growth,United States,15,435,false,false
2024-09-01,ACC-00257,Starter,United States,1,12,false,false
2024-09-01,ACC-00258,Growth,United States,16,464,false,false
2024-09-01,ACC-00259,Starter,Canada,5,60,false,false
2024-09-01,ACC-00262,Starter,India,4,48,false,false
2024-09-01,ACC-00263,Starter,United States,4,48,false,false
2024-09-01,ACC-00264,Growth,Australia,13,377,false,false
2024-09-01,ACC-00265,Starter,Australia,6,72,false,false
2024-09-01,ACC-00266,Growth,United States,22,638,false,false
2024-09-01,ACC-00267,Growth,United States,20,580,false,false
2024-09-01,ACC-00268,Growth,United States,18,522,false,false
2024-09-01,ACC-00269,Growth,United States,23,667,false,false
2024-09-01,ACC-00270,Growth,Australia,30,870,false,false
2024-09-01,ACC-00271,Growth,Canada,18,522,false,false
2024-09-01,ACC-00272,Scale,United States,48,3072,false,false
2024-09-01,ACC-00273,Scale,India,81,5184,false,false
2024-09-01,ACC-00274,Growth,India,24,696,false,false
2024-09-01,ACC-00275,Starter,Canada,6,72,false,false
2024-09-01,ACC-00278,Starter,Germany,3,36,false,false
2024-09-01,ACC-00279,Scale,India,34,2176,false,false
2024-09-01,ACC-00280,Growth,Canada,12,348,false,false
2024-09-01,ACC-00281,Growth,Germany,8,232,false,false
2024-09-01,ACC-00282,Growth,Germany,18,522,false,false
2024-09-01,ACC-00283,Scale,United Kingdom,62,3968,false,false
2024-09-01,ACC-00284,Growth,United States,14,406,false,false
2024-09-01,ACC-00285,Growth,India,7,203,false,false
2024-09-01,ACC-00286,Starter,United States,3,36,false,false
2024-09-01,ACC-00287,Starter,United States,1,12,false,false
2024-09-01,ACC-00288,Growth,Australia,22,638,false,false
2024-09-01,ACC-00289,Starter,United States,2,24,false,false
2024-09-01,ACC-00291,Growth,Japan,28,812,false,false
2024-09-01,ACC-00292,Starter,United States,6,72,false,false
2024-09-01,ACC-00293,Growth,Germany,11,319,false,false
2024-09-01,ACC-00295,Starter,United States,2,24,false,false
2024-09-01,ACC-00296,Starter,Japan,3,36,false,false
2024-09-01,ACC-00297,Starter,India,1,12,false,false
2024-09-01,ACC-00298,Growth,United States,16,464,false,false
2024-09-01,ACC-00299,Starter,United Kingdom,3,36,false,false
2024-09-01,ACC-00300,Starter,United States,1,12,false,false
2024-09-01,ACC-00301,Growth,United States,19,551,false,false
2024-09-01,ACC-00302,Starter,United States,3,36,false,false
2024-09-01,ACC-00303,Starter,Brazil,7,84,false,false
2024-09-01,ACC-00304,Starter,United Kingdom,2,24,false,false
2024-09-01,ACC-00305,Starter,Germany,3,36,false,false
2024-09-01,ACC-00306,Starter,Brazil,4,48,false,false
2024-09-01,ACC-00307,Scale,United Kingdom,75,4800,false,false
2024-09-01,ACC-00308,Growth,United Kingdom,12,348,false,false
2024-09-01,ACC-00309,Scale,Japan,54,3456,false,false
2024-09-01,ACC-00310,Growth,United Kingdom,30,870,false,false
2024-09-01,ACC-00311,Starter,Japan,2,24,false,false
2024-09-01,ACC-00312,Growth,Germany,9,261,false,false
2024-09-01,ACC-00313,Starter,United States,2,24,false,false
2024-09-01,ACC-00314,Growth,United States,16,464,false,false
2024-09-01,ACC-00315,Growth,United States,12,348,false,false
2024-09-01,ACC-00316,Starter,Germany,2,24,false,false
2024-09-01,ACC-00317,Starter,India,3,36,false,false
2024-09-01,ACC-00318,Starter,United States,4,48,false,false
2024-09-01,ACC-00319,Starter,United States,1,12,false,false
2024-09-01,ACC-00320,Starter,Japan,4,48,false,false
2024-09-01,ACC-00321,Scale,United States,113,7232,false,false
2024-09-01,ACC-00322,Starter,United States,5,60,false,false
2024-09-01,ACC-00323,Growth,United States,28,812,false,false
2024-09-01,ACC-00324,Starter,Canada,6,72,false,false
2024-09-01,ACC-00325,Starter,Canada,2,24,false,false
2024-09-01,ACC-00326,Starter,India,1,12,false,false
2024-09-01,ACC-00327,Starter,Japan,7,84,false,false
2024-09-01,ACC-00328,Starter,India,2,24,false,false
2024-09-01,ACC-00329,Starter,United States,6,72,false,false
2024-09-01,ACC-00330,Starter,Canada,4,48,false,false
2024-09-01,ACC-00331,Starter,United States,4,48,false,false
2024-09-01,ACC-00332,Scale,India,55,3520,false,false
2024-09-01,ACC-00333,Starter,Germany,5,60,false,false
2024-09-01,ACC-00334,Scale,Germany,103,6592,false,false
2024-09-01,ACC-00335,Starter,Australia,1,12,false,false
2024-09-01,ACC-00336,Scale,Canada,82,5248,false,false
2024-09-01,ACC-00337,Starter,Canada,5,60,false,false
2024-09-01,ACC-00338,Starter,Germany,6,72,false,false
2024-09-01,ACC-00339,Growth,United States,11,319,false,false
2024-09-01,ACC-00340,Growth,Australia,30,870,false,false
2024-09-01,ACC-00341,Starter,United States,2,24,false,false
2024-09-01,ACC-00342,Growth,Brazil,27,783,false,false
2024-09-01,ACC-00343,Starter,United States,4,48,false,false
2024-09-01,ACC-00344,Growth,Brazil,6,174,false,false
2024-09-01,ACC-00345,Starter,Australia,3,36,false,false
2024-09-01,ACC-00346,Scale,United States,80,5120,false,false
2024-09-01,ACC-00347,Starter,United States,6,72,false,false
2024-09-01,ACC-00348,Starter,Canada,3,36,false,false
2024-09-01,ACC-00349,Scale,United States,97,6208,false,false
2024-09-01,ACC-00350,Starter,Germany,5,60,false,false
2024-09-01,ACC-00351,Starter,United States,5,60,false,false
2024-09-01,ACC-00352,Growth,United States,28,812,false,false
2024-09-01,ACC-00353,Growth,United States,9,261,false,false
2024-09-01,ACC-00354,Starter,India,4,48,false,false
2024-09-01,ACC-00355,Growth,India,24,696,false,false
2024-09-01,ACC-00356,Growth,Germany,27,783,false,false
2024-09-01,ACC-00357,Growth,Germany,16,464,false,false
2024-09-01,ACC-00358,Starter,United States,5,60,false,false
2024-09-01,ACC-00359,Starter,India,3,36,false,false
2024-09-01,ACC-00360,Growth,India,19,551,false,false
2024-09-01,ACC-00361,Starter,United States,6,72,false,false
2024-09-01,ACC-00362,Scale,United States,41,2624,false,false
2024-09-01,ACC-00363,Starter,United States,4,48,false,false
2024-09-01,ACC-00364,Growth,India,28,812,false,false
2024-09-01,ACC-00365,Starter,United States,7,84,false,false
2024-09-01,ACC-00367,Starter,Australia,1,12,false,false
2024-09-01,ACC-00368,Scale,United States,100,6400,false,false
2024-09-01,ACC-00369,Starter,United States,1,12,false,false
2024-09-01,ACC-00370,Growth,United States,28,812,false,false
2024-09-01,ACC-00371,Starter,United Kingdom,4,48,false,false
2024-09-01,ACC-00372,Growth,United States,30,870,false,false
2024-09-01,ACC-00373,Starter,United States,6,72,false,false
2024-09-01,ACC-00374,Starter,Germany,4,48,false,false
2024-09-01,ACC-00375,Growth,United States,27,783,false,false
2024-09-01,ACC-00376,Starter,United Kingdom,6,72,false,false
2024-09-01,ACC-00377,Growth,United States,10,290,false,false
2024-09-01,ACC-00378,Starter,United States,4,48,false,false
2024-09-01,ACC-00379,Growth,United States,30,870,false,false
2024-09-01,ACC-00380,Growth,Germany,23,667,false,false
2024-09-01,ACC-00381,Starter,United States,6,72,false,false
2024-09-01,ACC-00382,Starter,United States,3,36,false,false
2024-09-01,ACC-00383,Scale,Japan,95,6080,false,false
2024-09-01,ACC-00384,Scale,United Kingdom,98,6272,false,false
2024-09-01,ACC-00385,Starter,United States,5,60,false,false
2024-09-01,ACC-00386,Starter,Germany,3,36,false,false
2024-09-01,ACC-00387,Growth,Germany,18,522,false,false
2024-09-01,ACC-00388,Starter,India,4,48,false,false
2024-09-01,ACC-00389,Growth,United States,6,174,false,false
2024-09-01,ACC-00390,Starter,India,2,24,true,false
2024-09-01,ACC-00391,Starter,Germany,3,36,true,false
2024-09-01,ACC-00392,Starter,United Kingdom,2,24,true,false
2024-09-01,ACC-00393,Starter,Germany,5,60,true,false
2024-09-01,ACC-00394,Starter,Germany,5,60,true,false
2024-09-01,ACC-00395,Growth,United Kingdom,19,551,true,false
2024-09-01,ACC-00396,Scale,United States,82,5248,true,false
2024-09-01,ACC-00397,Growth,United States,8,232,true,false
2024-09-01,ACC-00398,Starter,Brazil,4,48,true,false
2024-09-01,ACC-00399,Growth,United States,30,870,true,false
2024-09-01,ACC-00400,Growth,United States,19,551,true,false
2024-09-01,ACC-00401,Scale,United States,32,2048,true,false
2024-09-01,ACC-00402,Growth,United States,16,464,true,false
2024-09-01,ACC-00403,Growth,United Kingdom,27,783,true,false
2024-09-01,ACC-00404,Scale,United States,81,5184,true,false
2024-09-01,ACC-00405,Starter,United States,4,48,true,false
2024-09-01,ACC-00406,Growth,Germany,14,406,true,false
2024-09-01,ACC-00407,Growth,United States,30,870,true,false
2024-09-01,ACC-00408,Growth,Japan,22,638,true,false
2024-09-01,ACC-00409,Starter,Japan,3,36,true,false
2024-10-01,ACC-00002,Scale,United States,120,7680,false,false
2024-10-01,ACC-00003,Scale,Germany,70,4480,false,false
2024-10-01,ACC-00005,Growth,United States,19,551,false,false
2024-10-01,ACC-00006,Scale,Germany,53,3392,false,false
2024-10-01,ACC-00007,Starter,United States,5,60,false,false
2024-10-01,ACC-00008,Starter,United States,2,24,false,false
2024-10-01,ACC-00009,Growth,Canada,9,261,false,false
2024-10-01,ACC-00010,Starter,United States,5,60,false,false
2024-10-01,ACC-00011,Starter,United States,5,60,false,false
2024-10-01,ACC-00013,Growth,Canada,27,783,false,false
2024-10-01,ACC-00014,Growth,United States,27,783,false,false
2024-10-01,ACC-00015,Starter,Germany,3,36,false,false
2024-10-01,ACC-00016,Starter,United States,3,36,false,false
2024-10-01,ACC-00017,Starter,Canada,1,12,false,false
2024-10-01,ACC-00019,Growth,India,15,435,false,false
2024-10-01,ACC-00021,Starter,United States,5,60,false,false
2024-10-01,ACC-00022,Scale,Japan,50,3200,false,false
2024-10-01,ACC-00023,Growth,United States,25,725,false,false
2024-10-01,ACC-00024,Starter,United States,3,36,false,true
2024-10-01,ACC-00026,Scale,United Kingdom,58,3712,false,false
2024-10-01,ACC-00027,Starter,United States,6,72,false,false
2024-10-01,ACC-00028,Starter,Japan,2,24,false,false
2024-10-01,ACC-00029,Starter,United States,6,72,false,false
2024-10-01,ACC-00030,Growth,Germany,23,667,false,false
2024-10-01,ACC-00031,Starter,United States,4,48,false,false
2024-10-01,ACC-00032,Growth,India,13,377,false,false
2024-10-01,ACC-00033,Growth,United States,29,841,false,false
2024-10-01,ACC-00034,Starter,United States,2,24,false,false
2024-10-01,ACC-00035,Starter,India,5,60,false,false
2024-10-01,ACC-00036,Growth,United States,7,203,false,false
2024-10-01,ACC-00037,Growth,India,10,290,false,false
2024-10-01,ACC-00038,Starter,Germany,2,24,false,false
2024-10-01,ACC-00039,Starter,India,3,36,false,false
2024-10-01,ACC-00040,Starter,Australia,4,48,false,false
2024-10-01,ACC-00041,Starter,India,2,24,false,false
2024-10-01,ACC-00042,Scale,United States,69,4416,false,false
2024-10-01,ACC-00044,Growth,India,15,435,false,false
2024-10-01,ACC-00045,Growth,United Kingdom,13,377,false,false
2024-10-01,ACC-00046,Growth,India,29,841,false,false
2024-10-01,ACC-00048,Scale,Brazil,97,6208,false,false
2024-10-01,ACC-00049,Starter,United States,1,12,false,false
2024-10-01,ACC-00050,Starter,United Kingdom,3,36,false,false
2024-10-01,ACC-00051,Growth,India,27,783,false,false
2024-10-01,ACC-00052,Growth,Japan,12,348,false,false
2024-10-01,ACC-00054,Starter,United Kingdom,3,36,false,false
2024-10-01,ACC-00055,Growth,United Kingdom,7,203,false,false
2024-10-01,ACC-00057,Starter,Japan,7,84,false,false
2024-10-01,ACC-00058,Scale,Germany,111,7104,false,false
2024-10-01,ACC-00060,Growth,Canada,23,667,false,false
2024-10-01,ACC-00061,Starter,Germany,3,36,false,false
2024-10-01,ACC-00062,Growth,Germany,10,290,false,false
2024-10-01,ACC-00063,Starter,Australia,3,36,false,false
2024-10-01,ACC-00064,Starter,United States,3,36,false,false
2024-10-01,ACC-00065,Growth,Brazil,6,174,false,false
2024-10-01,ACC-00066,Growth,Germany,7,203,false,false
2024-10-01,ACC-00067,Starter,United Kingdom,2,24,false,false
2024-10-01,ACC-00068,Starter,United States,6,72,false,false
2024-10-01,ACC-00069,Starter,United States,1,12,false,false
2024-10-01,ACC-00070,Growth,United States,30,870,false,false
2024-10-01,ACC-00072,Growth,United States,9,261,false,false
2024-10-01,ACC-00073,Starter,Australia,3,36,false,false
2024-10-01,ACC-00074,Growth,United States,6,174,false,false
2024-10-01,ACC-00075,Growth,United States,25,725,false,false
2024-10-01,ACC-00076,Starter,Australia,6,72,false,false
2024-10-01,ACC-00077,Starter,United States,2,24,false,false
2024-10-01,ACC-00078,Growth,United States,25,725,false,false
2024-10-01,ACC-00079,Scale,Brazil,52,3328,false,false
2024-10-01,ACC-00080,Scale,United States,99,6336,false,false
2024-10-01,ACC-00081,Starter,Australia,7,84,false,false
2024-10-01,ACC-00086,Starter,United States,5,60,false,false
2024-10-01,ACC-00087,Starter,United States,4,48,false,false
2024-10-01,ACC-00088,Starter,United Kingdom,3,36,false,false
2024-10-01,ACC-00089,Growth,United States,23,667,false,false
2024-10-01,ACC-00092,Starter,India,2,24,false,false
2024-10-01,ACC-00093,Starter,United Kingdom,1,12,false,false
2024-10-01,ACC-00094,Growth,United States,16,464,false,false
2024-10-01,ACC-00096,Starter,Canada,2,24,false,false
2024-10-01,ACC-00097,Growth,United States,13,377,false,false
2024-10-01,ACC-00098,Starter,India,6,72,false,false
2024-10-01,ACC-00100,Starter,Germany,6,72,false,false
2024-10-01,ACC-00101,Scale,Japan,36,2304,false,false
2024-10-01,ACC-00102,Starter,United States,3,36,false,false
2024-10-01,ACC-00103,Starter,United States,6,72,false,false
2024-10-01,ACC-00104,Scale,United States,106,6784,false,false
2024-10-01,ACC-00106,Growth,United States,8,232,false,true
2024-10-01,ACC-00107,Scale,United Kingdom,57,3648,false,false
2024-10-01,ACC-00108,Starter,United States,4,48,false,false
2024-10-01,ACC-00109,Growth,Brazil,20,580,false,false
2024-10-01,ACC-00110,Starter,United States,3,36,false,false
2024-10-01,ACC-00111,Starter,United States,4,48,false,false
2024-10-01,ACC-00112,Starter,United States,2,24,false,false
2024-10-01,ACC-00113,Growth,Germany,8,232,false,false
2024-10-01,ACC-00114,Starter,United Kingdom,2,24,false,false
2024-10-01,ACC-00115,Starter,Japan,7,84,false,false
2024-10-01,ACC-00116,Growth,United States,11,319,false,false
2024-10-01,ACC-00117,Growth,United States,9,261,false,false
2024-10-01,ACC-00118,Starter,United States,3,36,false,false
2024-10-01,ACC-00119,Scale,India,33,2112,false,false
2024-10-01,ACC-00120,Scale,Japan,113,7232,false,false
2024-10-01,ACC-00121,Starter,United States,7,84,false,false
2024-10-01,ACC-00122,Growth,United States,23,667,false,false
2024-10-01,ACC-00125,Growth,United States,15,435,false,false
2024-10-01,ACC-00126,Growth,United States,24,696,false,false
2024-10-01,ACC-00128,Starter,United States,1,12,false,false
2024-10-01,ACC-00129,Growth,Japan,17,493,false,false
2024-10-01,ACC-00130,Growth,Brazil,28,812,false,false
2024-10-01,ACC-00131,Starter,United States,5,60,false,false
2024-10-01,ACC-00133,Growth,Canada,16,464,false,false
2024-10-01,ACC-00135,Starter,United States,5,60,false,false
2024-10-01,ACC-00136,Growth,Germany,17,493,false,false
2024-10-01,ACC-00137,Starter,United States,3,36,false,false
2024-10-01,ACC-00138,Starter,Brazil,5,60,false,false
2024-10-01,ACC-00139,Starter,Japan,6,72,false,false
2024-10-01,ACC-00140,Growth,United States,15,435,false,false
2024-10-01,ACC-00141,Starter,Brazil,6,72,false,false
2024-10-01,ACC-00144,Scale,United States,104,6656,false,false
2024-10-01,ACC-00146,Starter,Canada,1,12,false,false
2024-10-01,ACC-00147,Starter,Brazil,5,60,false,false
2024-10-01,ACC-00148,Growth,United States,28,812,false,false
2024-10-01,ACC-00149,Growth,United Kingdom,8,232,false,false
2024-10-01,ACC-00152,Starter,India,5,60,false,false
2024-10-01,ACC-00153,Starter,United States,1,12,false,false
2024-10-01,ACC-00155,Growth,Canada,22,638,false,false
2024-10-01,ACC-00157,Starter,United Kingdom,4,48,false,false
2024-10-01,ACC-00158,Starter,United States,8,96,false,false
2024-10-01,ACC-00159,Starter,Japan,1,12,false,false
2024-10-01,ACC-00160,Starter,United Kingdom,1,12,false,false
2024-10-01,ACC-00161,Scale,Australia,52,3328,false,false
2024-10-01,ACC-00162,Starter,United States,7,84,false,false
2024-10-01,ACC-00163,Growth,Japan,18,522,false,false
2024-10-01,ACC-00164,Starter,United States,2,24,false,false
2024-10-01,ACC-00165,Starter,United States,3,36,false,false
2024-10-01,ACC-00167,Starter,Germany,5,60,false,false
2024-10-01,ACC-00169,Growth,Japan,12,348,false,false
2024-10-01,ACC-00170,Starter,India,5,60,false,false
2024-10-01,ACC-00172,Starter,India,3,36,false,false
2024-10-01,ACC-00173,Growth,Germany,6,174,false,false
2024-10-01,ACC-00175,Scale,Brazil,105,6720,false,false
2024-10-01,ACC-00176,Starter,Brazil,2,24,false,false
2024-10-01,ACC-00177,Starter,India,6,72,false,false
2024-10-01,ACC-00178,Growth,India,6,174,false,false
2024-10-01,ACC-00179,Scale,United States,58,3712,false,false
2024-10-01,ACC-00181,Starter,Germany,5,60,false,false
2024-10-01,ACC-00183,Scale,United States,27,1728,false,false
2024-10-01,ACC-00188,Growth,Brazil,27,783,false,false
2024-10-01,ACC-00189,Scale,Australia,81,5184,false,false
2024-10-01,ACC-00190,Starter,Australia,6,72,false,false
2024-10-01,ACC-00192,Growth,United States,12,348,false,false
2024-10-01,ACC-00193,Starter,Australia,5,60,false,false
2024-10-01,ACC-00194,Growth,United States,16,464,false,false
2024-10-01,ACC-00195,Starter,Brazil,5,60,false,false
2024-10-01,ACC-00197,Growth,United Kingdom,27,783,false,false
2024-10-01,ACC-00199,Starter,United States,5,60,false,false
2024-10-01,ACC-00200,Starter,Germany,2,24,false,false
2024-10-01,ACC-00201,Starter,Germany,5,60,false,false
2024-10-01,ACC-00203,Growth,United States,8,232,false,false
2024-10-01,ACC-00204,Growth,United States,15,435,false,false
2024-10-01,ACC-00205,Starter,United States,2,24,false,false
2024-10-01,ACC-00206,Growth,Australia,28,812,false,false
2024-10-01,ACC-00207,Scale,Japan,96,6144,false,false
2024-10-01,ACC-00208,Starter,United Kingdom,9,108,false,false
2024-10-01,ACC-00209,Scale,Australia,113,7232,false,false
2024-10-01,ACC-00210,Starter,India,4,48,false,false
2024-10-01,ACC-00211,Scale,Brazil,73,4672,false,false
2024-10-01,ACC-00212,Growth,India,14,406,false,false
2024-10-01,ACC-00214,Starter,Germany,3,36,false,false
2024-10-01,ACC-00215,Starter,Japan,4,48,false,false
2024-10-01,ACC-00216,Starter,Brazil,1,12,false,false
2024-10-01,ACC-00217,Growth,Australia,15,435,false,false
2024-10-01,ACC-00218,Starter,Germany,6,72,false,false
2024-10-01,ACC-00219,Starter,Canada,5,60,false,false
2024-10-01,ACC-00220,Scale,Germany,120,7680,false,false
2024-10-01,ACC-00221,Growth,Germany,30,870,false,false
2024-10-01,ACC-00222,Starter,United States,6,72,false,false
2024-10-01,ACC-00223,Starter,United States,8,96,false,true
2024-10-01,ACC-00224,Starter,Brazil,6,72,false,false
2024-10-01,ACC-00225,Growth,United States,31,899,false,false
2024-10-01,ACC-00226,Growth,United States,30,870,false,false
2024-10-01,ACC-00227,Starter,United States,6,72,false,false
2024-10-01,ACC-00228,Growth,United States,10,290,false,false
2024-10-01,ACC-00229,Starter,United States,3,36,false,false
2024-10-01,ACC-00230,Starter,India,3,36,false,false
2024-10-01,ACC-00232,Growth,Germany,11,319,false,false
2024-10-01,ACC-00233,Growth,United States,28,812,false,false
2024-10-01,ACC-00234,Growth,United States,25,725,false,false
2024-10-01,ACC-00235,Growth,United Kingdom,31,899,false,false
2024-10-01,ACC-00236,Starter,Germany,4,48,false,false
2024-10-01,ACC-00238,Starter,Germany,6,72,false,false
2024-10-01,ACC-00239,Starter,Australia,5,60,false,false
2024-10-01,ACC-00241,Growth,Brazil,7,203,false,false
2024-10-01,ACC-00243,Growth,United States,16,464,false,false
2024-10-01,ACC-00244,Growth,United States,31,899,false,false
2024-10-01,ACC-00245,Growth,United States,16,464,false,false
2024-10-01,ACC-00246,Starter,India,4,48,false,false
2024-10-01,ACC-00247,Scale,Australia,42,2688,false,false
2024-10-01,ACC-00248,Starter,Japan,6,72,false,false
2024-10-01,ACC-00249,Growth,Germany,23,667,false,false
2024-10-01,ACC-00250,Starter,United States,3,36,false,false
2024-10-01,ACC-00251,Starter,Brazil,2,24,false,false
2024-10-01,ACC-00252,Starter,United Kingdom,4,48,false,false
2024-10-01,ACC-00253,Starter,United Kingdom,6,72,false,false
2024-10-01,ACC-00254,Starter,United States,2,24,false,false
2024-10-01,ACC-00255,Starter,Brazil,6,72,false,false
2024-10-01,ACC-00256,Growth,United States,16,464,false,false
2024-10-01,ACC-00257,Starter,United States,1,12,false,false
2024-10-01,ACC-00258,Growth,United States,16,464,false,false
2024-10-01,ACC-00259,Starter,Canada,5,60,false,false
2024-10-01,ACC-00262,Starter,India,4,48,false,false
2024-10-01,ACC-00263,Starter,United States,4,48,false,false
2024-10-01,ACC-00264,Growth,Australia,13,377,false,false
2024-10-01,ACC-00265,Starter,Australia,6,72,false,false
2024-10-01,ACC-00266,Growth,United States,22,638,false,false
2024-10-01,ACC-00267,Growth,United States,20,580,false,false
2024-10-01,ACC-00268,Growth,United States,18,522,false,false
2024-10-01,ACC-00269,Growth,United States,23,667,false,false
2024-10-01,ACC-00270,Growth,Australia,30,870,false,false
2024-10-01,ACC-00271,Growth,Canada,18,522,false,false
2024-10-01,ACC-00272,Scale,United States,48,3072,false,false
2024-10-01,ACC-00273,Scale,India,81,5184,false,false
2024-10-01,ACC-00274,Growth,India,24,696,false,false
2024-10-01,ACC-00275,Starter,Canada,6,72,false,false
2024-10-01,ACC-00278,Starter,Germany,3,36,false,true
2024-10-01,ACC-00279,Scale,India,34,2176,false,false
2024-10-01,ACC-00280,Growth,Canada,12,348,false,false
2024-10-01,ACC-00281,Growth,Germany,8,232,false,false
2024-10-01,ACC-00282,Growth,Germany,18,522,false,false
2024-10-01,ACC-00283,Scale,United Kingdom,62,3968,false,false
2024-10-01,ACC-00284,Growth,United States,14,406,false,false
2024-10-01,ACC-00285,Growth,India,7,203,false,false
2024-10-01,ACC-00286,Starter,United States,3,36,false,false
2024-10-01,ACC-00287,Starter,United States,1,12,false,false
2024-10-01,ACC-00288,Growth,Australia,22,638,false,false
2024-10-01,ACC-00289,Starter,United States,2,24,false,false
2024-10-01,ACC-00291,Growth,Japan,28,812,false,false
2024-10-01,ACC-00292,Starter,United States,6,72,false,false
2024-10-01,ACC-00293,Growth,Germany,11,319,false,false
2024-10-01,ACC-00295,Starter,United States,2,24,false,false
2024-10-01,ACC-00296,Starter,Japan,3,36,false,false
2024-10-01,ACC-00297,Starter,India,2,24,false,false
2024-10-01,ACC-00298,Growth,United States,16,464,false,false
2024-10-01,ACC-00299,Starter,United Kingdom,3,36,false,false
2024-10-01,ACC-00300,Starter,United States,2,24,false,false
2024-10-01,ACC-00301,Growth,United States,19,551,false,false
2024-10-01,ACC-00302,Starter,United States,3,36,false,false
2024-10-01,ACC-00303,Starter,Brazil,7,84,false,false
2024-10-01,ACC-00304,Starter,United Kingdom,2,24,false,false
2024-10-01,ACC-00305,Starter,Germany,3,36,false,false
2024-10-01,ACC-00306,Starter,Brazil,4,48,false,false
2024-10-01,ACC-00307,Scale,United Kingdom,75,4800,false,false
2024-10-01,ACC-00308,Growth,United Kingdom,12,348,false,false
2024-10-01,ACC-00309,Scale,Japan,55,3520,false,false
2024-10-01,ACC-00310,Growth,United Kingdom,30,870,false,false
2024-10-01,ACC-00311,Starter,Japan,2,24,false,false
2024-10-01,ACC-00312,Growth,Germany,9,261,false,false
2024-10-01,ACC-00313,Starter,United States,2,24,false,false
2024-10-01,ACC-00314,Growth,United States,16,464,false,false
2024-10-01,ACC-00315,Growth,United States,13,377,false,false
2024-10-01,ACC-00316,Starter,Germany,2,24,false,false
2024-10-01,ACC-00317,Starter,India,3,36,false,false
2024-10-01,ACC-00318,Starter,United States,5,60,false,false
2024-10-01,ACC-00319,Starter,United States,1,12,false,false
2024-10-01,ACC-00320,Starter,Japan,4,48,false,false
2024-10-01,ACC-00321,Scale,United States,113,7232,false,false
2024-10-01,ACC-00322,Starter,United States,6,72,false,false
2024-10-01,ACC-00323,Growth,United States,28,812,false,false
2024-10-01,ACC-00324,Starter,Canada,6,72,false,false
2024-10-01,ACC-00325,Starter,Canada,3,36,false,false
2024-10-01,ACC-00326,Starter,India,1,12,false,false
2024-10-01,ACC-00327,Starter,Japan,7,84,false,false
2024-10-01,ACC-00328,Starter,India,2,24,false,false
2024-10-01,ACC-00329,Starter,United States,7,84,false,false
2024-10-01,ACC-00330,Starter,Canada,4,48,false,false
2024-10-01,ACC-00331,Starter,United States,4,48,false,false
2024-10-01,ACC-00332,Scale,India,55,3520,false,false
2024-10-01,ACC-00333,Starter,Germany,5,60,false,true
2024-10-01,ACC-00334,Scale,Germany,103,6592,false,false
2024-10-01,ACC-00335,Starter,Australia,1,12,false,true
2024-10-01,ACC-00336,Scale,Canada,82,5248,false,false
2024-10-01,ACC-00337,Starter,Canada,5,60,false,true
2024-10-01,ACC-00338,Starter,Germany,6,72,false,false
2024-10-01,ACC-00339,Growth,United States,11,319,false,false
2024-10-01,ACC-00340,Growth,Australia,30,870,false,false
2024-10-01,ACC-00341,Starter,United States,3,36,false,false
2024-10-01,ACC-00342,Growth,Brazil,27,783,false,false
2024-10-01,ACC-00343,Starter,United States,4,48,false,false
2024-10-01,ACC-00344,Growth,Brazil,6,174,false,false
2024-10-01,ACC-00345,Starter,Australia,3,36,false,false
2024-10-01,ACC-00346,Scale,United States,80,5120,false,false
2024-10-01,ACC-00347,Starter,United States,6,72,false,false
2024-10-01,ACC-00348,Starter,Canada,3,36,false,false
2024-10-01,ACC-00349,Scale,United States,98,6272,false,false
2024-10-01,ACC-00350,Starter,Germany,5,60,false,false
2024-10-01,ACC-00351,Starter,United States,5,60,false,false
2024-10-01,ACC-00352,Growth,United States,28,812,false,false
2024-10-01,ACC-00353,Growth,United States,9,261,false,false
2024-10-01,ACC-00354,Starter,India,4,48,false,false
2024-10-01,ACC-00355,Growth,India,24,696,false,false
2024-10-01,ACC-00356,Growth,Germany,27,783,false,false
2024-10-01,ACC-00357,Growth,Germany,16,464,false,false
2024-10-01,ACC-00358,Starter,United States,5,60,false,false
2024-10-01,ACC-00359,Starter,India,3,36,false,false
2024-10-01,ACC-00360,Growth,India,19,551,false,false
2024-10-01,ACC-00361,Starter,United States,6,72,false,false
2024-10-01,ACC-00362,Scale,United States,41,2624,false,false
2024-10-01,ACC-00363,Starter,United States,4,48,false,false
2024-10-01,ACC-00364,Growth,India,28,812,false,false
2024-10-01,ACC-00365,Starter,United States,7,84,false,false
2024-10-01,ACC-00367,Starter,Australia,1,12,false,false
2024-10-01,ACC-00368,Scale,United States,100,6400,false,false
2024-10-01,ACC-00369,Starter,United States,1,12,false,false
2024-10-01,ACC-00370,Growth,United States,28,812,false,false
2024-10-01,ACC-00371,Starter,United Kingdom,4,48,false,false
2024-10-01,ACC-00372,Growth,United States,30,870,false,false
2024-10-01,ACC-00373,Starter,United States,6,72,false,false
2024-10-01,ACC-00374,Starter,Germany,4,48,false,false
2024-10-01,ACC-00375,Growth,United States,27,783,false,false
2024-10-01,ACC-00376,Starter,United Kingdom,6,72,false,false
2024-10-01,ACC-00377,Growth,United States,11,319,false,false
2024-10-01,ACC-00378,Starter,United States,4,48,false,false
2024-10-01,ACC-00379,Growth,United States,30,870,false,false
2024-10-01,ACC-00380,Growth,Germany,23,667,false,false
2024-10-01,ACC-00381,Starter,United States,7,84,false,false
2024-10-01,ACC-00382,Starter,United States,3,36,false,false
2024-10-01,ACC-00383,Scale,Japan,95,6080,false,false
2024-10-01,ACC-00384,Scale,United Kingdom,98,6272,false,false
2024-10-01,ACC-00385,Starter,United States,5,60,false,false
2024-10-01,ACC-00386,Starter,Germany,3,36,false,false
2024-10-01,ACC-00387,Growth,Germany,18,522,false,false
2024-10-01,ACC-00388,Starter,India,4,48,false,false
2024-10-01,ACC-00389,Growth,United States,6,174,false,false
2024-10-01,ACC-00390,Starter,India,2,24,false,false
2024-10-01,ACC-00391,Starter,Germany,3,36,false,false
2024-10-01,ACC-00392,Starter,United Kingdom,2,24,false,false
2024-10-01,ACC-00393,Starter,Germany,5,60,false,false
2024-10-01,ACC-00394,Starter,Germany,5,60,false,false
2024-10-01,ACC-00395,Growth,United Kingdom,20,580,false,false
2024-10-01,ACC-00396,Scale,United States,82,5248,false,true
2024-10-01,ACC-00397,Growth,United States,8,232,false,false
2024-10-01,ACC-00398,Starter,Brazil,4,48,false,false
2024-10-01,ACC-00399,Growth,United States,30,870,false,false
2024-10-01,ACC-00400,Growth,United States,20,580,false,false
2024-10-01,ACC-00401,Scale,United States,32,2048,false,false
2024-10-01,ACC-00402,Growth,United States,16,464,false,false
2024-10-01,ACC-00403,Growth,United Kingdom,27,783,false,false
2024-10-01,ACC-00404,Scale,United States,81,5184,false,false
2024-10-01,ACC-00405,Starter,United States,4,48,false,false
2024-10-01,ACC-00406,Growth,Germany,14,406,false,false
2024-10-01,ACC-00407,Growth,United States,30,870,false,false
2024-10-01,ACC-00408,Growth,Japan,22,638,false,false
2024-10-01,ACC-00409,Starter,Japan,3,36,false,false
2024-10-01,ACC-00410,Starter,United States,1,12,true,false
2024-10-01,ACC-00411,Starter,United Kingdom,6,72,true,false
2024-10-01,ACC-00412,Growth,Japan,7,203,true,false
2024-10-01,ACC-00413,Growth,United States,22,638,true,false
2024-10-01,ACC-00414,Starter,United States,4,48,true,false
2024-10-01,ACC-00415,Scale,United States,106,6784,true,false
2024-10-01,ACC-00416,Growth,United States,28,812,true,false
2024-10-01,ACC-00417,Starter,Japan,2,24,true,false
2024-10-01,ACC-00418,Starter,United States,3,36,true,false
2024-10-01,ACC-00419,Starter,Germany,1,12,true,false
2024-10-01,ACC-00420,Starter,Germany,5,60,true,false
2024-10-01,ACC-00421,Scale,Canada,88,5632,true,false
2024-10-01,ACC-00422,Growth,Brazil,24,696,true,false
2024-10-01,ACC-00423,Starter,India,6,72,true,false
2024-10-01,ACC-00424,Starter,United Kingdom,4,48,true,false
2024-10-01,ACC-00425,Starter,Japan,1,12,true,false
2024-10-01,ACC-00426,Starter,Brazil,2,24,true,false
2024-10-01,ACC-00427,Starter,United States,4,48,true,false
2024-10-01,ACC-00428,Starter,United States,4,48,true,false
2024-10-01,ACC-00429,Growth,United States,23,667,true,false
2024-10-01,ACC-00430,Starter,India,4,48,true,false
2024-10-01,ACC-00431,Starter,Japan,3,36,true,false
2024-10-01,ACC-00432,Scale,Australia,100,6400,true,false
2024-10-01,ACC-00433,Starter,United States,6,72,true,false
2024-10-01,ACC-00434,Starter,Canada,6,72,true,false
2024-11-01,ACC-00002,Scale,United States,120,7680,false,false
2024-11-01,ACC-00003,Scale,Germany,70,4480,false,false
2024-11-01,ACC-00005,Growth,United States,19,551,false,false
2024-11-01,ACC-00006,Scale,Germany,54,3456,false,false
2024-11-01,ACC-00007,Starter,United States,6,72,false,false
2024-11-01,ACC-00008,Starter,United States,2,24,false,false
2024-11-01,ACC-00009,Growth,Canada,9,261,false,false
2024-11-01,ACC-00010,Starter,United States,5,60,false,false
2024-11-01,ACC-00011,Starter,United States,5,60,false,false
2024-11-01,ACC-00013,Growth,Canada,27,783,false,false
2024-11-01,ACC-00014,Growth,United States,27,783,false,false
2024-11-01,ACC-00015,Starter,Germany,3,36,false,false
2024-11-01,ACC-00016,Starter,United States,3,36,false,false
2024-11-01,ACC-00017,Starter,Canada,2,24,false,false
2024-11-01,ACC-00019,Growth,India,15,435,false,false
2024-11-01,ACC-00021,Starter,United States,6,72,false,false
2024-11-01,ACC-00022,Scale,Japan,50,3200,false,false
2024-11-01,ACC-00023,Growth,United States,25,725,false,false
2024-11-01,ACC-00026,Scale,United Kingdom,58,3712,false,false
2024-11-01,ACC-00027,Starter,United States,6,72,false,false
2024-11-01,ACC-00028,Starter,Japan,2,24,false,false
2024-11-01,ACC-00029,Starter,United States,6,72,false,true
2024-11-01,ACC-00030,Growth,Germany,23,667,false,false
2024-11-01,ACC-00031,Starter,United States,4,48,false,false
2024-11-01,ACC-00032,Growth,India,13,377,false,false
2024-11-01,ACC-00033,Growth,United States,29,841,false,false
2024-11-01,ACC-00034,Starter,United States,2,24,false,false
2024-11-01,ACC-00035,Starter,India,5,60,false,false
2024-11-01,ACC-00036,Growth,United States,7,203,false,false
2024-11-01,ACC-00037,Growth,India,10,290,false,false
2024-11-01,ACC-00038,Starter,Germany,2,24,false,false
2024-11-01,ACC-00039,Starter,India,3,36,false,false
2024-11-01,ACC-00040,Starter,Australia,4,48,false,false
2024-11-01,ACC-00041,Starter,India,2,24,false,false
2024-11-01,ACC-00042,Scale,United States,69,4416,false,false
2024-11-01,ACC-00044,Growth,India,15,435,false,false
2024-11-01,ACC-00045,Growth,United Kingdom,13,377,false,false
2024-11-01,ACC-00046,Growth,India,29,841,false,false
2024-11-01,ACC-00048,Scale,Brazil,97,6208,false,false
2024-11-01,ACC-00049,Starter,United States,1,12,false,false
2024-11-01,ACC-00050,Starter,United Kingdom,3,36,false,false
2024-11-01,ACC-00051,Growth,India,27,783,false,false
2024-11-01,ACC-00052,Growth,Japan,12,348,false,false
2024-11-01,ACC-00054,Starter,United Kingdom,3,36,false,false
2024-11-01,ACC-00055,Growth,United Kingdom,7,203,false,false
2024-11-01,ACC-00057,Starter,Japan,7,84,false,false
2024-11-01,ACC-00058,Scale,Germany,111,7104,false,false
2024-11-01,ACC-00060,Growth,Canada,23,667,false,false
2024-11-01,ACC-00061,Starter,Germany,3,36,false,false
2024-11-01,ACC-00062,Growth,Germany,10,290,false,false
2024-11-01,ACC-00063,Starter,Australia,3,36,false,false
2024-11-01,ACC-00064,Starter,United States,3,36,false,false
2024-11-01,ACC-00065,Growth,Brazil,6,174,false,false
2024-11-01,ACC-00066,Growth,Germany,7,203,false,false
2024-11-01,ACC-00067,Starter,United Kingdom,2,24,false,false
2024-11-01,ACC-00068,Starter,United States,7,84,false,false
2024-11-01,ACC-00069,Starter,United States,1,12,false,false
2024-11-01,ACC-00070,Growth,United States,30,870,false,false
2024-11-01,ACC-00072,Growth,United States,9,261,false,false
2024-11-01,ACC-00073,Starter,Australia,3,36,false,false
2024-11-01,ACC-00074,Growth,United States,6,174,false,false
2024-11-01,ACC-00075,Growth,United States,25,725,false,false
2024-11-01,ACC-00076,Starter,Australia,6,72,false,false
2024-11-01,ACC-00077,Starter,United States,2,24,false,false
2024-11-01,ACC-00078,Growth,United States,25,725,false,false
2024-11-01,ACC-00079,Scale,Brazil,52,3328,false,false
2024-11-01,ACC-00080,Scale,United States,99,6336,false,false
2024-11-01,ACC-00081,Starter,Australia,7,84,false,false
2024-11-01,ACC-00086,Starter,United States,5,60,false,false
2024-11-01,ACC-00087,Starter,United States,4,48,false,false
2024-11-01,ACC-00088,Starter,United Kingdom,3,36,false,false
2024-11-01,ACC-00089,Growth,United States,24,696,false,false
2024-11-01,ACC-00092,Starter,India,2,24,false,false
2024-11-01,ACC-00093,Starter,United Kingdom,1,12,false,false
2024-11-01,ACC-00094,Growth,United States,16,464,false,false
2024-11-01,ACC-00096,Starter,Canada,2,24,false,false
2024-11-01,ACC-00097,Growth,United States,14,406,false,false
2024-11-01,ACC-00098,Starter,India,6,72,false,false
2024-11-01,ACC-00100,Starter,Germany,6,72,false,false
2024-11-01,ACC-00101,Scale,Japan,36,2304,false,false
2024-11-01,ACC-00102,Starter,United States,3,36,false,false
2024-11-01,ACC-00103,Starter,United States,6,72,false,false
2024-11-01,ACC-00104,Scale,United States,106,6784,false,false
2024-11-01,ACC-00107,Scale,United Kingdom,57,3648,false,false
2024-11-01,ACC-00108,Starter,United States,4,48,false,false
2024-11-01,ACC-00109,Growth,Brazil,20,580,false,false
2024-11-01,ACC-00110,Starter,United States,4,48,false,false
2024-11-01,ACC-00111,Starter,United States,4,48,false,false
2024-11-01,ACC-00112,Starter,United States,2,24,false,false
2024-11-01,ACC-00113,Growth,Germany,8,232,false,false
2024-11-01,ACC-00114,Starter,United Kingdom,2,24,false,true
2024-11-01,ACC-00115,Starter,Japan,7,84,false,false
2024-11-01,ACC-00116,Growth,United States,11,319,false,false
2024-11-01,ACC-00117,Growth,United States,9,261,false,false
2024-11-01,ACC-00118,Starter,United States,3,36,false,false
2024-11-01,ACC-00119,Scale,India,33,2112,false,false
2024-11-01,ACC-00120,Scale,Japan,113,7232,false,false
2024-11-01,ACC-00121,Starter,United States,7,84,false,false
2024-11-01,ACC-00122,Growth,United States,23,667,false,false
2024-11-01,ACC-00125,Growth,United States,15,435,false,false
2024-11-01,ACC-00126,Growth,United States,24,696,false,false
2024-11-01,ACC-00128,Starter,United States,1,12,false,false
2024-11-01,ACC-00129,Growth,Japan,17,493,false,false
2024-11-01,ACC-00130,Growth,Brazil,28,812,false,false
2024-11-01,ACC-00131,Starter,United States,5,60,false,false
2024-11-01,ACC-00133,Growth,Canada,17,493,false,false
2024-11-01,ACC-00135,Starter,United States,5,60,false,false
2024-11-01,ACC-00136,Growth,Germany,17,493,false,false
2024-11-01,ACC-00137,Starter,United States,3,36,false,false
2024-11-01,ACC-00138,Starter,Brazil,5,60,false,false
2024-11-01,ACC-00139,Starter,Japan,6,72,false,false
2024-11-01,ACC-00140,Growth,United States,15,435,false,false
2024-11-01,ACC-00141,Starter,Brazil,6,72,false,false
2024-11-01,ACC-00144,Scale,United States,104,6656,false,false
2024-11-01,ACC-00146,Starter,Canada,2,24,false,false
2024-11-01,ACC-00147,Starter,Brazil,6,72,false,false
2024-11-01,ACC-00148,Growth,United States,28,812,false,false
2024-11-01,ACC-00149,Growth,United Kingdom,8,232,false,false
2024-11-01,ACC-00152,Starter,India,5,60,false,false
2024-11-01,ACC-00153,Starter,United States,1,12,false,false
2024-11-01,ACC-00155,Growth,Canada,22,638,false,false
2024-11-01,ACC-00157,Starter,United Kingdom,4,48,false,false
2024-11-01,ACC-00158,Starter,United States,8,96,false,false
2024-11-01,ACC-00159,Starter,Japan,1,12,false,false
2024-11-01,ACC-00160,Starter,United Kingdom,1,12,false,false
2024-11-01,ACC-00161,Scale,Australia,52,3328,false,false
2024-11-01,ACC-00162,Starter,United States,7,84,false,false
2024-11-01,ACC-00163,Growth,Japan,18,522,false,false
2024-11-01,ACC-00164,Starter,United States,2,24,false,false
2024-11-01,ACC-00165,Starter,United States,4,48,false,false
2024-11-01,ACC-00167,Starter,Germany,5,60,false,false
2024-11-01,ACC-00169,Growth,Japan,12,348,false,false
2024-11-01,ACC-00170,Starter,India,5,60,false,false
2024-11-01,ACC-00172,Starter,India,3,36,false,false
2024-11-01,ACC-00173,Growth,Germany,6,174,false,false
2024-11-01,ACC-00175,Scale,Brazil,105,6720,false,false
2024-11-01,ACC-00176,Starter,Brazil,2,24,false,false
2024-11-01,ACC-00177,Starter,India,6,72,false,false
2024-11-01,ACC-00178,Growth,India,6,174,false,false
2024-11-01,ACC-00179,Scale,United States,58,3712,false,false
2024-11-01,ACC-00181,Starter,Germany,5,60,false,false
2024-11-01,ACC-00183,Scale,United States,27,1728,false,false
2024-11-01,ACC-00188,Growth,Brazil,27,783,false,false
2024-11-01,ACC-00189,Scale,Australia,81,5184,false,false
2024-11-01,ACC-00190,Starter,Australia,6,72,false,false
2024-11-01,ACC-00192,Growth,United States,12,348,false,false
2024-11-01,ACC-00193,Starter,Australia,5,60,false,false
2024-11-01,ACC-00194,Growth,United States,16,464,false,false
2024-11-01,ACC-00195,Starter,Brazil,5,60,false,false
2024-11-01,ACC-00197,Growth,United Kingdom,27,783,false,false
2024-11-01,ACC-00199,Starter,United States,5,60,false,false
2024-11-01,ACC-00200,Starter,Germany,2,24,false,false
2024-11-01,ACC-00201,Starter,Germany,5,60,false,false
2024-11-01,ACC-00203,Growth,United States,8,232,false,false
2024-11-01,ACC-00204,Growth,United States,15,435,false,false
2024-11-01,ACC-00205,Starter,United States,2,24,false,false
2024-11-01,ACC-00206,Growth,Australia,28,812,false,false
2024-11-01,ACC-00207,Scale,Japan,96,6144,false,false
2024-11-01,ACC-00208,Starter,United Kingdom,9,108,false,false
2024-11-01,ACC-00209,Scale,Australia,113,7232,false,false
2024-11-01,ACC-00210,Starter,India,4,48,false,false
2024-11-01,ACC-00211,Scale,Brazil,74,4736,false,false
2024-11-01,ACC-00212,Growth,India,14,406,false,false
2024-11-01,ACC-00214,Starter,Germany,3,36,false,false
2024-11-01,ACC-00215,Starter,Japan,4,48,false,false
2024-11-01,ACC-00216,Starter,Brazil,1,12,false,true
2024-11-01,ACC-00217,Growth,Australia,15,435,false,false
2024-11-01,ACC-00218,Starter,Germany,6,72,false,false
2024-11-01,ACC-00219,Starter,Canada,5,60,false,false
2024-11-01,ACC-00220,Scale,Germany,121,7744,false,false
2024-11-01,ACC-00221,Growth,Germany,30,870,false,false
2024-11-01,ACC-00222,Starter,United States,6,72,false,false
2024-11-01,ACC-00224,Starter,Brazil,6,72,false,false
2024-11-01,ACC-00225,Growth,United States,31,899,false,false
2024-11-01,ACC-00226,Growth,United States,30,870,false,false
2024-11-01,ACC-00227,Starter,United States,7,84,false,false
2024-11-01,ACC-00228,Growth,United States,10,290,false,false
2024-11-01,ACC-00229,Starter,United States,3,36,false,false
2024-11-01,ACC-00230,Starter,India,3,36,false,false
2024-11-01,ACC-00232,Growth,Germany,11,319,false,false
2024-11-01,ACC-00233,Growth,United States,29,841,false,false
2024-11-01,ACC-00234,Growth,United States,25,725,false,false
2024-11-01,ACC-00235,Growth,United Kingdom,31,899,false,false
2024-11-01,ACC-00236,Starter,Germany,4,48,false,false
2024-11-01,ACC-00238,Starter,Germany,6,72,false,false
2024-11-01,ACC-00239,Starter,Australia,5,60,false,false
2024-11-01,ACC-00241,Growth,Brazil,7,203,false,false
2024-11-01,ACC-00243,Growth,United States,16,464,false,false
2024-11-01,ACC-00244,Growth,United States,31,899,false,false
2024-11-01,ACC-00245,Growth,United States,16,464,false,false
2024-11-01,ACC-00246,Starter,India,4,48,false,false
2024-11-01,ACC-00247,Scale,Australia,42,2688,false,false
2024-11-01,ACC-00248,Starter,Japan,6,72,false,false
2024-11-01,ACC-00249,Growth,Germany,23,667,false,false
2024-11-01,ACC-00250,Starter,United States,3,36,false,false
2024-11-01,ACC-00251,Starter,Brazil,2,24,false,false
2024-11-01,ACC-00252,Starter,United Kingdom,5,60,false,false
2024-11-01,ACC-00253,Starter,United Kingdom,6,72,false,false
2024-11-01,ACC-00254,Starter,United States,2,24,false,false
2024-11-01,ACC-00255,Starter,Brazil,6,72,false,false
2024-11-01,ACC-00256,Growth,United States,16,464,false,false
2024-11-01,ACC-00257,Starter,United States,1,12,false,false
2024-11-01,ACC-00258,Growth,United States,16,464,false,false
2024-11-01,ACC-00259,Starter,Canada,5,60,false,false
2024-11-01,ACC-00262,Starter,India,4,48,false,false
2024-11-01,ACC-00263,Starter,United States,4,48,false,false
2024-11-01,ACC-00264,Growth,Australia,13,377,false,false
2024-11-01,ACC-00265,Starter,Australia,6,72,false,false
2024-11-01,ACC-00266,Growth,United States,22,638,false,false
2024-11-01,ACC-00267,Growth,United States,20,580,false,false
2024-11-01,ACC-00268,Growth,United States,18,522,false,false
2024-11-01,ACC-00269,Growth,United States,23,667,false,false
2024-11-01,ACC-00270,Growth,Australia,30,870,false,false
2024-11-01,ACC-00271,Growth,Canada,18,522,false,false
2024-11-01,ACC-00272,Scale,United States,48,3072,false,false
2024-11-01,ACC-00273,Scale,India,81,5184,false,false
2024-11-01,ACC-00274,Growth,India,24,696,false,false
2024-11-01,ACC-00275,Starter,Canada,6,72,false,true
2024-11-01,ACC-00279,Scale,India,35,2240,false,false
2024-11-01,ACC-00280,Growth,Canada,12,348,false,false
2024-11-01,ACC-00281,Growth,Germany,8,232,false,false
2024-11-01,ACC-00282,Growth,Germany,18,522,false,false
2024-11-01,ACC-00283,Scale,United Kingdom,62,3968,false,false
2024-11-01,ACC-00284,Growth,United States,14,406,false,false
2024-11-01,ACC-00285,Growth,India,7,203,false,false
2024-11-01,ACC-00286,Starter,United States,3,36,false,false
2024-11-01,ACC-00287,Starter,United States,1,12,false,false
2024-11-01,ACC-00288,Growth,Australia,22,638,false,false
2024-11-01,ACC-00289,Starter,United States,2,24,false,false
2024-11-01,ACC-00291,Growth,Japan,28,812,false,false
2024-11-01,ACC-00292,Starter,United States,6,72,false,false
2024-11-01,ACC-00293,Growth,Germany,11,319,false,false
2024-11-01,ACC-00295,Starter,United States,2,24,false,false
2024-11-01,ACC-00296,Starter,Japan,3,36,false,false
2024-11-01,ACC-00297,Starter,India,2,24,false,false
2024-11-01,ACC-00298,Growth,United States,16,464,false,false
2024-11-01,ACC-00299,Starter,United Kingdom,3,36,false,false
2024-11-01,ACC-00300,Starter,United States,2,24,false,false
2024-11-01,ACC-00301,Growth,United States,19,551,false,false
2024-11-01,ACC-00302,Starter,United States,3,36,false,false
2024-11-01,ACC-00303,Starter,Brazil,8,96,false,false
2024-11-01,ACC-00304,Starter,United Kingdom,2,24,false,false
2024-11-01,ACC-00305,Starter,Germany,3,36,false,false
2024-11-01,ACC-00306,Starter,Brazil,4,48,false,false
2024-11-01,ACC-00307,Scale,United Kingdom,75,4800,false,false
2024-11-01,ACC-00308,Growth,United Kingdom,12,348,false,false
2024-11-01,ACC-00309,Scale,Japan,55,3520,false,false
2024-11-01,ACC-00310,Growth,United Kingdom,30,870,false,false
2024-11-01,ACC-00311,Starter,Japan,2,24,false,false
2024-11-01,ACC-00312,Growth,Germany,9,261,false,false
2024-11-01,ACC-00313,Starter,United States,2,24,false,false
2024-11-01,ACC-00314,Growth,United States,16,464,false,false
2024-11-01,ACC-00315,Growth,United States,14,406,false,false
2024-11-01,ACC-00316,Starter,Germany,2,24,false,false
2024-11-01,ACC-00317,Starter,India,3,36,false,false
2024-11-01,ACC-00318,Starter,United States,5,60,false,false
2024-11-01,ACC-00319,Starter,United States,1,12,false,false
2024-11-01,ACC-00320,Starter,Japan,4,48,false,false
2024-11-01,ACC-00321,Scale,United States,113,7232,false,false
2024-11-01,ACC-00322,Starter,United States,6,72,false,false
2024-11-01,ACC-00323,Growth,United States,28,812,false,false
2024-11-01,ACC-00324,Starter,Canada,6,72,false,false
2024-11-01,ACC-00325,Starter,Canada,3,36,false,false
2024-11-01,ACC-00326,Starter,India,1,12,false,false
2024-11-01,ACC-00327,Starter,Japan,7,84,false,false
2024-11-01,ACC-00328,Starter,India,2,24,false,false
2024-11-01,ACC-00329,Starter,United States,7,84,false,false
2024-11-01,ACC-00330,Starter,Canada,4,48,false,false
2024-11-01,ACC-00331,Starter,United States,4,48,false,false
2024-11-01,ACC-00332,Scale,India,55,3520,false,false
2024-11-01,ACC-00334,Scale,Germany,103,6592,false,false
2024-11-01,ACC-00336,Scale,Canada,82,5248,false,false
2024-11-01,ACC-00338,Starter,Germany,6,72,false,false
2024-11-01,ACC-00339,Growth,United States,11,319,false,false
2024-11-01,ACC-00340,Growth,Australia,30,870,false,false
2024-11-01,ACC-00341,Starter,United States,3,36,false,false
2024-11-01,ACC-00342,Growth,Brazil,27,783,false,false
2024-11-01,ACC-00343,Starter,United States,4,48,false,false
2024-11-01,ACC-00344,Growth,Brazil,6,174,false,false
2024-11-01,ACC-00345,Starter,Australia,3,36,false,false
2024-11-01,ACC-00346,Scale,United States,80,5120,false,false
2024-11-01,ACC-00347,Starter,United States,6,72,false,false
2024-11-01,ACC-00348,Starter,Canada,3,36,false,false
2024-11-01,ACC-00349,Scale,United States,98,6272,false,false
2024-11-01,ACC-00350,Starter,Germany,5,60,false,false
2024-11-01,ACC-00351,Starter,United States,5,60,false,false
2024-11-01,ACC-00352,Growth,United States,28,812,false,false
2024-11-01,ACC-00353,Growth,United States,9,261,false,false
2024-11-01,ACC-00354,Starter,India,4,48,false,false
2024-11-01,ACC-00355,Growth,India,24,696,false,false
2024-11-01,ACC-00356,Growth,Germany,27,783,false,false
2024-11-01,ACC-00357,Growth,Germany,16,464,false,false
2024-11-01,ACC-00358,Starter,United States,5,60,false,false
2024-11-01,ACC-00359,Starter,India,3,36,false,false
2024-11-01,ACC-00360,Growth,India,19,551,false,true
2024-11-01,ACC-00361,Starter,United States,6,72,false,false
2024-11-01,ACC-00362,Scale,United States,42,2688,false,false
2024-11-01,ACC-00363,Starter,United States,4,48,false,false
2024-11-01,ACC-00364,Growth,India,28,812,false,false
2024-11-01,ACC-00365,Starter,United States,7,84,false,false
2024-11-01,ACC-00367,Starter,Australia,1,12,false,false
2024-11-01,ACC-00368,Scale,United States,100,6400,false,false
2024-11-01,ACC-00369,Starter,United States,1,12,false,false
2024-11-01,ACC-00370,Growth,United States,28,812,false,false
2024-11-01,ACC-00371,Starter,United Kingdom,4,48,false,false
2024-11-01,ACC-00372,Growth,United States,31,899,false,false
2024-11-01,ACC-00373,Starter,United States,6,72,false,false
2024-11-01,ACC-00374,Starter,Germany,4,48,false,false
2024-11-01,ACC-00375,Growth,United States,27,783,false,false
2024-11-01,ACC-00376,Starter,United Kingdom,7,84,false,false
2024-11-01,ACC-00377,Growth,United States,11,319,false,false
2024-11-01,ACC-00378,Starter,United States,4,48,false,false
2024-11-01,ACC-00379,Growth,United States,30,870,false,false
2024-11-01,ACC-00380,Growth,Germany,23,667,false,false
2024-11-01,ACC-00381,Starter,United States,7,84,false,false
2024-11-01,ACC-00382,Starter,United States,3,36,false,false
2024-11-01,ACC-00383,Scale,Japan,95,6080,false,false
2024-11-01,ACC-00384,Scale,United Kingdom,98,6272,false,false
2024-11-01,ACC-00385,Starter,United States,5,60,false,false
2024-11-01,ACC-00386,Starter,Germany,3,36,false,false
2024-11-01,ACC-00387,Growth,Germany,18,522,false,false
2024-11-01,ACC-00388,Starter,India,4,48,false,false
2024-11-01,ACC-00389,Growth,United States,6,174,false,false
2024-11-01,ACC-00390,Starter,India,2,24,false,false
2024-11-01,ACC-00391,Starter,Germany,3,36,false,false
2024-11-01,ACC-00392,Starter,United Kingdom,2,24,false,false
2024-11-01,ACC-00393,Starter,Germany,5,60,false,false
2024-11-01,ACC-00394,Starter,Germany,5,60,false,false
2024-11-01,ACC-00395,Growth,United Kingdom,20,580,false,false
2024-11-01,ACC-00397,Growth,United States,8,232,false,false
2024-11-01,ACC-00398,Starter,Brazil,4,48,false,false
2024-11-01,ACC-00399,Growth,United States,30,870,false,false
2024-11-01,ACC-00400,Growth,United States,20,580,false,false
2024-11-01,ACC-00401,Scale,United States,33,2112,false,false
2024-11-01,ACC-00402,Growth,United States,17,493,false,false
2024-11-01,ACC-00403,Growth,United Kingdom,27,783,false,false
2024-11-01,ACC-00404,Scale,United States,81,5184,false,false
2024-11-01,ACC-00405,Starter,United States,4,48,false,false
2024-11-01,ACC-00406,Growth,Germany,14,406,false,false
2024-11-01,ACC-00407,Growth,United States,30,870,false,false
2024-11-01,ACC-00408,Growth,Japan,22,638,false,false
2024-11-01,ACC-00409,Starter,Japan,3,36,false,false
2024-11-01,ACC-00410,Starter,United States,1,12,false,false
2024-11-01,ACC-00411,Starter,United Kingdom,6,72,false,false
2024-11-01,ACC-00412,Growth,Japan,7,203,false,false
2024-11-01,ACC-00413,Growth,United States,22,638,false,false
2024-11-01,ACC-00414,Starter,United States,4,48,false,false
2024-11-01,ACC-00415,Scale,United States,106,6784,false,false
2024-11-01,ACC-00416,Growth,United States,29,841,false,false
2024-11-01,ACC-00417,Starter,Japan,2,24,false,false
2024-11-01,ACC-00418,Starter,United States,3,36,false,false
2024-11-01,ACC-00419,Starter,Germany,1,12,false,false
2024-11-01,ACC-00420,Starter,Germany,5,60,false,false
2024-11-01,ACC-00421,Scale,Canada,88,5632,false,false
2024-11-01,ACC-00422,Growth,Brazil,24,696,false,false
2024-11-01,ACC-00423,Starter,India,6,72,false,false
2024-11-01,ACC-00424,Starter,United Kingdom,4,48,false,false
2024-11-01,ACC-00425,Starter,Japan,1,12,false,false
2024-11-01,ACC-00426,Starter,Brazil,2,24,false,false
2024-11-01,ACC-00427,Starter,United States,4,48,false,false
2024-11-01,ACC-00428,Starter,United States,5,60,false,false
2024-11-01,ACC-00429,Growth,United States,23,667,false,false
2024-11-01,ACC-00430,Starter,India,4,48,false,false
2024-11-01,ACC-00431,Starter,Japan,3,36,false,false
2024-11-01,ACC-00432,Scale,Australia,100,6400,false,false
2024-11-01,ACC-00433,Starter,United States,6,72,false,false
2024-11-01,ACC-00434,Starter,Canada,7,84,false,false
2024-11-01,ACC-00435,Growth,United States,18,522,true,false
2024-11-01,ACC-00436,Scale,Germany,27,1728,true,false
2024-11-01,ACC-00437,Starter,Brazil,4,48,true,false
2024-11-01,ACC-00438,Starter,Japan,4,48,true,false
2024-11-01,ACC-00439,Starter,Germany,5,60,true,false
2024-11-01,ACC-00440,Starter,United States,6,72,true,false
2024-11-01,ACC-00441,Growth,United States,15,435,true,false
2024-11-01,ACC-00442,Starter,United Kingdom,1,12,true,false
2024-11-01,ACC-00443,Starter,United States,1,12,true,false
2024-11-01,ACC-00444,Starter,Japan,3,36,true,false
2024-11-01,ACC-00445,Growth,Canada,29,841,true,false
2024-11-01,ACC-00446,Scale,United Kingdom,101,6464,true,false
2024-11-01,ACC-00447,Starter,United States,4,48,true,false
2024-11-01,ACC-00448,Starter,Australia,6,72,true,false
2024-11-01,ACC-00449,Starter,United States,6,72,true,false
2024-11-01,ACC-00450,Scale,United Kingdom,109,6976,true,false
2024-11-01,ACC-00451,Growth,Brazil,21,609,true,false
2024-11-01,ACC-00452,Starter,United States,2,24,true,false
2024-11-01,ACC-00453,Starter,United Kingdom,6,72,true,false
2024-12-01,ACC-00002,Scale,United States,120,7680,false,false
2024-12-01,ACC-00003,Scale,Germany,70,4480,false,false
2024-12-01,ACC-00005,Growth,United States,19,551,false,false
2024-12-01,ACC-00006,Scale,Germany,54,3456,false,false
2024-12-01,ACC-00007,Starter,United States,6,72,false,false
2024-12-01,ACC-00008,Starter,United States,2,24,false,false
2024-12-01,ACC-00009,Growth,Canada,9,261,false,false
2024-12-01,ACC-00010,Starter,United States,5,60,false,false
2024-12-01,ACC-00011,Starter,United States,5,60,false,false
2024-12-01,ACC-00013,Growth,Canada,27,783,false,false
2024-12-01,ACC-00014,Growth,United States,27,783,false,false
2024-12-01,ACC-00015,Starter,Germany,3,36,false,false
2024-12-01,ACC-00016,Starter,United States,3,36,false,false
2024-12-01,ACC-00017,Starter,Canada,2,24,false,false
2024-12-01,ACC-00019,Growth,India,15,435,false,false
2024-12-01,ACC-00021,Starter,United States,6,72,false,false
2024-12-01,ACC-00022,Scale,Japan,50,3200,false,false
2024-12-01,ACC-00023,Growth,United States,25,725,false,false
2024-12-01,ACC-00026,Scale,United Kingdom,58,3712,false,false
2024-12-01,ACC-00027,Starter,United States,6,72,false,false
2024-12-01,ACC-00028,Starter,Japan,2,24,false,true
2024-12-01,ACC-00030,Growth,Germany,23,667,false,false
2024-12-01,ACC-00031,Starter,United States,4,48,false,false
2024-12-01,ACC-00032,Growth,India,13,377,false,false
2024-12-01,ACC-00033,Growth,United States,29,841,false,false
2024-12-01,ACC-00034,Starter,United States,2,24,false,false
2024-12-01,ACC-00035,Starter,India,5,60,false,false
2024-12-01,ACC-00036,Growth,United States,7,203,false,false
2024-12-01,ACC-00037,Growth,India,10,290,false,false
2024-12-01,ACC-00038,Starter,Germany,2,24,false,false
2024-12-01,ACC-00039,Starter,India,3,36,false,false
2024-12-01,ACC-00040,Starter,Australia,4,48,false,false
2024-12-01,ACC-00041,Starter,India,2,24,false,false
2024-12-01,ACC-00042,Scale,United States,69,4416,false,true
2024-12-01,ACC-00044,Growth,India,15,435,false,false
2024-12-01,ACC-00045,Growth,United Kingdom,13,377,false,false
2024-12-01,ACC-00046,Growth,India,29,841,false,false
2024-12-01,ACC-00048,Scale,Brazil,97,6208,false,false
2024-12-01,ACC-00049,Starter,United States,1,12,false,false
2024-12-01,ACC-00050,Starter,United Kingdom,3,36,false,false
2024-12-01,ACC-00051,Growth,India,27,783,false,false
2024-12-01,ACC-00052,Growth,Japan,12,348,false,false
2024-12-01,ACC-00054,Starter,United Kingdom,3,36,false,false
2024-12-01,ACC-00055,Growth,United Kingdom,7,203,false,false
2024-12-01,ACC-00057,Starter,Japan,7,84,false,false
2024-12-01,ACC-00058,Scale,Germany,111,7104,false,false
2024-12-01,ACC-00060,Growth,Canada,23,667,false,false
2024-12-01,ACC-00061,Starter,Germany,3,36,false,false
2024-12-01,ACC-00062,Growth,Germany,10,290,false,true
2024-12-01,ACC-00063,Starter,Australia,3,36,false,false
2024-12-01,ACC-00064,Starter,United States,3,36,false,true
2024-12-01,ACC-00065,Growth,Brazil,6,174,false,false
2024-12-01,ACC-00066,Growth,Germany,7,203,false,false
2024-12-01,ACC-00067,Starter,United Kingdom,2,24,false,false
2024-12-01,ACC-00068,Starter,United States,7,84,false,false
2024-12-01,ACC-00069,Starter,United States,1,12,false,false
2024-12-01,ACC-00070,Growth,United States,30,870,false,false
2024-12-01,ACC-00072,Growth,United States,9,261,false,false
2024-12-01,ACC-00073,Starter,Australia,3,36,false,false
2024-12-01,ACC-00074,Growth,United States,6,174,false,false
2024-12-01,ACC-00075,Growth,United States,25,725,false,false
2024-12-01,ACC-00076,Starter,Australia,6,72,false,false
2024-12-01,ACC-00077,Starter,United States,2,24,false,false
2024-12-01,ACC-00078,Growth,United States,25,725,false,false
2024-12-01,ACC-00079,Scale,Brazil,52,3328,false,false
2024-12-01,ACC-00080,Scale,United States,99,6336,false,false
2024-12-01,ACC-00081,Starter,Australia,7,84,false,false
2024-12-01,ACC-00086,Starter,United States,5,60,false,false
2024-12-01,ACC-00087,Starter,United States,4,48,false,false
2024-12-01,ACC-00088,Starter,United Kingdom,3,36,false,false
2024-12-01,ACC-00089,Growth,United States,24,696,false,false
2024-12-01,ACC-00092,Starter,India,2,24,false,false
2024-12-01,ACC-00093,Starter,United Kingdom,1,12,false,false
2024-12-01,ACC-00094,Growth,United States,17,493,false,false
2024-12-01,ACC-00096,Starter,Canada,2,24,false,false
2024-12-01,ACC-00097,Growth,United States,14,406,false,false
2024-12-01,ACC-00098,Starter,India,6,72,false,true
2024-12-01,ACC-00100,Starter,Germany,6,72,false,false
2024-12-01,ACC-00101,Scale,Japan,36,2304,false,true
2024-12-01,ACC-00102,Starter,United States,3,36,false,false
2024-12-01,ACC-00103,Starter,United States,6,72,false,false
2024-12-01,ACC-00104,Scale,United States,106,6784,false,false
2024-12-01,ACC-00107,Scale,United Kingdom,58,3712,false,false
2024-12-01,ACC-00108,Starter,United States,4,48,false,false
2024-12-01,ACC-00109,Growth,Brazil,20,580,false,false
2024-12-01,ACC-00110,Starter,United States,4,48,false,false
2024-12-01,ACC-00111,Starter,United States,4,48,false,false
2024-12-01,ACC-00112,Starter,United States,2,24,false,false
2024-12-01,ACC-00113,Growth,Germany,8,232,false,false
2024-12-01,ACC-00115,Starter,Japan,7,84,false,false
2024-12-01,ACC-00116,Growth,United States,11,319,false,false
2024-12-01,ACC-00117,Growth,United States,9,261,false,false
2024-12-01,ACC-00118,Starter,United States,3,36,false,false
2024-12-01,ACC-00119,Scale,India,33,2112,false,false
2024-12-01,ACC-00120,Scale,Japan,113,7232,false,false
2024-12-01,ACC-00121,Starter,United States,7,84,false,false
2024-12-01,ACC-00122,Growth,United States,23,667,false,false
2024-12-01,ACC-00125,Growth,United States,15,435,false,false
2024-12-01,ACC-00126,Growth,United States,24,696,false,false
2024-12-01,ACC-00128,Starter,United States,1,12,false,false
2024-12-01,ACC-00129,Growth,Japan,18,522,false,false
2024-12-01,ACC-00130,Growth,Brazil,28,812,false,false
2024-12-01,ACC-00131,Starter,United States,5,60,false,false
2024-12-01,ACC-00133,Growth,Canada,17,493,false,false
2024-12-01,ACC-00135,Starter,United States,5,60,false,false
2024-12-01,ACC-00136,Growth,Germany,17,493,false,false
2024-12-01,ACC-00137,Starter,United States,3,36,false,false
2024-12-01,ACC-00138,Starter,Brazil,5,60,false,false
2024-12-01,ACC-00139,Starter,Japan,6,72,false,false
2024-12-01,ACC-00140,Growth,United States,15,435,false,false
2024-12-01,ACC-00141,Starter,Brazil,6,72,false,false
2024-12-01,ACC-00144,Scale,United States,104,6656,false,false
2024-12-01,ACC-00146,Starter,Canada,2,24,false,false
2024-12-01,ACC-00147,Starter,Brazil,6,72,false,false
2024-12-01,ACC-00148,Growth,United States,29,841,false,false
2024-12-01,ACC-00149,Growth,United Kingdom,8,232,false,false
2024-12-01,ACC-00152,Starter,India,5,60,false,false
2024-12-01,ACC-00153,Starter,United States,1,12,false,false
2024-12-01,ACC-00155,Growth,Canada,22,638,false,false
2024-12-01,ACC-00157,Starter,United Kingdom,4,48,false,false
2024-12-01,ACC-00158,Starter,United States,8,96,false,false
2024-12-01,ACC-00159,Starter,Japan,2,24,false,false
2024-12-01,ACC-00160,Starter,United Kingdom,1,12,false,false
2024-12-01,ACC-00161,Scale,Australia,52,3328,false,false
2024-12-01,ACC-00162,Starter,United States,7,84,false,false
2024-12-01,ACC-00163,Growth,Japan,18,522,false,false
2024-12-01,ACC-00164,Starter,United States,2,24,false,false
2024-12-01,ACC-00165,Starter,United States,4,48,false,false
2024-12-01,ACC-00167,Starter,Germany,5,60,false,false
2024-12-01,ACC-00169,Growth,Japan,12,348,false,false
2024-12-01,ACC-00170,Starter,India,5,60,false,false
2024-12-01,ACC-00172,Starter,India,3,36,false,false
2024-12-01,ACC-00173,Growth,Germany,6,174,false,false
2024-12-01,ACC-00175,Scale,Brazil,105,6720,false,false
2024-12-01,ACC-00176,Starter,Brazil,2,24,false,false
2024-12-01,ACC-00177,Starter,India,6,72,false,false
2024-12-01,ACC-00178,Growth,India,6,174,false,false
2024-12-01,ACC-00179,Scale,United States,58,3712,false,false
2024-12-01,ACC-00181,Starter,Germany,5,60,false,false
2024-12-01,ACC-00183,Scale,United States,27,1728,false,false
2024-12-01,ACC-00188,Growth,Brazil,27,783,false,false
2024-12-01,ACC-00189,Scale,Australia,82,5248,false,false
2024-12-01,ACC-00190,Starter,Australia,7,84,false,false
2024-12-01,ACC-00192,Growth,United States,12,348,false,false
2024-12-01,ACC-00193,Starter,Australia,5,60,false,false
2024-12-01,ACC-00194,Growth,United States,16,464,false,false
2024-12-01,ACC-00195,Starter,Brazil,5,60,false,false
2024-12-01,ACC-00197,Growth,United Kingdom,27,783,false,false
2024-12-01,ACC-00199,Starter,United States,5,60,false,false
2024-12-01,ACC-00200,Starter,Germany,2,24,false,false
2024-12-01,ACC-00201,Starter,Germany,5,60,false,false
2024-12-01,ACC-00203,Growth,United States,8,232,false,false
2024-12-01,ACC-00204,Growth,United States,15,435,false,false
2024-12-01,ACC-00205,Starter,United States,2,24,false,false
2024-12-01,ACC-00206,Growth,Australia,29,841,false,false
2024-12-01,ACC-00207,Scale,Japan,96,6144,false,false
2024-12-01,ACC-00208,Starter,United Kingdom,9,108,false,false
2024-12-01,ACC-00209,Scale,Australia,113,7232,false,false
2024-12-01,ACC-00210,Starter,India,4,48,false,false
2024-12-01,ACC-00211,Scale,Brazil,74,4736,false,false
2024-12-01,ACC-00212,Growth,India,14,406,false,false
2024-12-01,ACC-00214,Starter,Germany,3,36,false,false
2024-12-01,ACC-00215,Starter,Japan,4,48,false,false
2024-12-01,ACC-00217,Growth,Australia,15,435,false,false
2024-12-01,ACC-00218,Starter,Germany,7,84,false,false
2024-12-01,ACC-00219,Starter,Canada,5,60,false,false
2024-12-01,ACC-00220,Scale,Germany,121,7744,false,false
2024-12-01,ACC-00221,Growth,Germany,30,870,false,false
2024-12-01,ACC-00222,Starter,United States,6,72,false,false
2024-12-01,ACC-00224,Starter,Brazil,6,72,false,false
2024-12-01,ACC-00225,Growth,United States,31,899,false,false
2024-12-01,ACC-00226,Growth,United States,31,899,false,false
2024-12-01,ACC-00227,Starter,United States,7,84,false,false
2024-12-01,ACC-00228,Growth,United States,10,290,false,false
2024-12-01,ACC-00229,Starter,United States,3,36,false,false
2024-12-01,ACC-00230,Starter,India,3,36,false,false
2024-12-01,ACC-00232,Growth,Germany,11,319,false,false
2024-12-01,ACC-00233,Growth,United States,29,841,false,false
2024-12-01,ACC-00234,Growth,United States,25,725,false,false
2024-12-01,ACC-00235,Growth,United Kingdom,31,899,false,false
2024-12-01,ACC-00236,Starter,Germany,4,48,false,false
2024-12-01,ACC-00238,Starter,Germany,6,72,false,false
2024-12-01,ACC-00239,Starter,Australia,5,60,false,false
2024-12-01,ACC-00241,Growth,Brazil,7,203,false,false
2024-12-01,ACC-00243,Growth,United States,16,464,false,false
2024-12-01,ACC-00244,Growth,United States,31,899,false,false
2024-12-01,ACC-00245,Growth,United States,16,464,false,false
2024-12-01,ACC-00246,Starter,India,4,48,false,false
2024-12-01,ACC-00247,Scale,Australia,42,2688,false,false
2024-12-01,ACC-00248,Starter,Japan,6,72,false,false
2024-12-01,ACC-00249,Growth,Germany,23,667,false,false
2024-12-01,ACC-00250,Starter,United States,3,36,false,false
2024-12-01,ACC-00251,Starter,Brazil,2,24,false,false
2024-12-01,ACC-00252,Starter,United Kingdom,5,60,false,false
2024-12-01,ACC-00253,Starter,United Kingdom,6,72,false,false
2024-12-01,ACC-00254,Starter,United States,2,24,false,false
2024-12-01,ACC-00255,Starter,Brazil,6,72,false,false
2024-12-01,ACC-00256,Growth,United States,16,464,false,false
2024-12-01,ACC-00257,Starter,United States,1,12,false,false
2024-12-01,ACC-00258,Growth,United States,16,464,false,false
2024-12-01,ACC-00259,Starter,Canada,6,72,false,false
2024-12-01,ACC-00262,Starter,India,4,48,false,false
2024-12-01,ACC-00263,Starter,United States,4,48,false,false
2024-12-01,ACC-00264,Growth,Australia,13,377,false,false
2024-12-01,ACC-00265,Starter,Australia,6,72,false,false
2024-12-01,ACC-00266,Growth,United States,22,638,false,false
2024-12-01,ACC-00267,Growth,United States,20,580,false,false
2024-12-01,ACC-00268,Growth,United States,18,522,false,false
2024-12-01,ACC-00269,Growth,United States,23,667,false,false
2024-12-01,ACC-00270,Growth,Australia,30,870,false,false
2024-12-01,ACC-00271,Growth,Canada,18,522,false,false
2024-12-01,ACC-00272,Scale,United States,48,3072,false,false
2024-12-01,ACC-00273,Scale,India,81,5184,false,false
2024-12-01,ACC-00274,Growth,India,24,696,false,false
2024-12-01,ACC-00279,Scale,India,35,2240,false,false
2024-12-01,ACC-00280,Growth,Canada,12,348,false,false
2024-12-01,ACC-00281,Growth,Germany,8,232,false,false
2024-12-01,ACC-00282,Growth,Germany,19,551,false,false
2024-12-01,ACC-00283,Scale,United Kingdom,62,3968,false,false
2024-12-01,ACC-00284,Growth,United States,14,406,false,false
2024-12-01,ACC-00285,Growth,India,8,232,false,false
2024-12-01,ACC-00286,Starter,United States,3,36,false,false
2024-12-01,ACC-00287,Starter,United States,1,12,false,true
2024-12-01,ACC-00288,Growth,Australia,22,638,false,false
2024-12-01,ACC-00289,Starter,United States,2,24,false,false
2024-12-01,ACC-00291,Growth,Japan,28,812,false,false
2024-12-01,ACC-00292,Starter,United States,6,72,false,false
2024-12-01,ACC-00293,Growth,Germany,11,319,false,false
2024-12-01,ACC-00295,Starter,United States,2,24,false,false
2024-12-01,ACC-00296,Starter,Japan,3,36,false,false
2024-12-01,ACC-00297,Starter,India,2,24,false,false
2024-12-01,ACC-00298,Growth,United States,16,464,false,false
2024-12-01,ACC-00299,Starter,United Kingdom,3,36,false,false
2024-12-01,ACC-00300,Starter,United States,2,24,false,false
2024-12-01,ACC-00301,Growth,United States,19,551,false,false
2024-12-01,ACC-00302,Starter,United States,3,36,false,false
2024-12-01,ACC-00303,Starter,Brazil,8,96,false,false
2024-12-01,ACC-00304,Starter,United Kingdom,2,24,false,false
2024-12-01,ACC-00305,Starter,Germany,3,36,false,false
2024-12-01,ACC-00306,Starter,Brazil,4,48,false,false
2024-12-01,ACC-00307,Scale,United Kingdom,75,4800,false,false
2024-12-01,ACC-00308,Growth,United Kingdom,12,348,false,false
2024-12-01,ACC-00309,Scale,Japan,55,3520,false,false
2024-12-01,ACC-00310,Growth,United Kingdom,30,870,false,false
2024-12-01,ACC-00311,Starter,Japan,2,24,false,false
2024-12-01,ACC-00312,Growth,Germany,9,261,false,false
2024-12-01,ACC-00313,Starter,United States,2,24,false,false
2024-12-01,ACC-00314,Growth,United States,16,464,false,false
2024-12-01,ACC-00315,Growth,United States,14,406,false,false
2024-12-01,ACC-00316,Starter,Germany,2,24,false,false
2024-12-01,ACC-00317,Starter,India,3,36,false,false
2024-12-01,ACC-00318,Starter,United States,5,60,false,false
2024-12-01,ACC-00319,Starter,United States,1,12,false,false
2024-12-01,ACC-00320,Starter,Japan,4,48,false,false
2024-12-01,ACC-00321,Scale,United States,113,7232,false,false
2024-12-01,ACC-00322,Starter,United States,6,72,false,false
2024-12-01,ACC-00323,Growth,United States,28,812,false,false
2024-12-01,ACC-00324,Starter,Canada,6,72,false,false
2024-12-01,ACC-00325,Starter,Canada,3,36,false,false
2024-12-01,ACC-00326,Starter,India,1,12,false,false
2024-12-01,ACC-00327,Starter,Japan,7,84,false,false
2024-12-01,ACC-00328,Starter,India,2,24,false,false
2024-12-01,ACC-00329,Starter,United States,7,84,false,false
2024-12-01,ACC-00330,Starter,Canada,4,48,false,false
2024-12-01,ACC-00331,Starter,United States,4,48,false,false
2024-12-01,ACC-00332,Scale,India,55,3520,false,true
2024-12-01,ACC-00334,Scale,Germany,104,6656,false,false
2024-12-01,ACC-00336,Scale,Canada,82,5248,false,false
2024-12-01,ACC-00338,Starter,Germany,6,72,false,false
2024-12-01,ACC-00339,Growth,United States,11,319,false,false
2024-12-01,ACC-00340,Growth,Australia,30,870,false,false
2024-12-01,ACC-00341,Starter,United States,3,36,false,false
2024-12-01,ACC-00342,Growth,Brazil,28,812,false,false
2024-12-01,ACC-00343,Starter,United States,4,48,false,false
2024-12-01,ACC-00344,Growth,Brazil,6,174,false,false
2024-12-01,ACC-00345,Starter,Australia,3,36,false,false
2024-12-01,ACC-00346,Scale,United States,81,5184,false,false
2024-12-01,ACC-00347,Starter,United States,6,72,false,false
2024-12-01,ACC-00348,Starter,Canada,3,36,false,false
2024-12-01,ACC-00349,Scale,United States,98,6272,false,false
2024-12-01,ACC-00350,Starter,Germany,5,60,false,false
2024-12-01,ACC-00351,Starter,United States,5,60,false,false
2024-12-01,ACC-00352,Growth,United States,28,812,false,false
2024-12-01,ACC-00353,Growth,United States,9,261,false,false
2024-12-01,ACC-00354,Starter,India,4,48,false,false
2024-12-01,ACC-00355,Growth,India,24,696,false,false
2024-12-01,ACC-00356,Growth,Germany,27,783,false,false
2024-12-01,ACC-00357,Growth,Germany,16,464,false,false
2024-12-01,ACC-00358,Starter,United States,5,60,false,false
2024-12-01,ACC-00359,Starter,India,3,36,false,false
2024-12-01,ACC-00361,Starter,United States,6,72,false,false
2024-12-01,ACC-00362,Scale,United States,42,2688,false,false
2024-12-01,ACC-00363,Starter,United States,4,48,false,false
2024-12-01,ACC-00364,Growth,India,28,812,false,false
2024-12-01,ACC-00365,Starter,United States,7,84,false,false
2024-12-01,ACC-00367,Starter,Australia,1,12,false,false
2024-12-01,ACC-00368,Scale,United States,100,6400,false,false
2024-12-01,ACC-00369,Starter,United States,1,12,false,false
2024-12-01,ACC-00370,Growth,United States,29,841,false,false
2024-12-01,ACC-00371,Starter,United Kingdom,4,48,false,false
2024-12-01,ACC-00372,Growth,United States,31,899,false,false
2024-12-01,ACC-00373,Starter,United States,7,84,false,false
2024-12-01,ACC-00374,Starter,Germany,4,48,false,false
2024-12-01,ACC-00375,Growth,United States,27,783,false,false
2024-12-01,ACC-00376,Starter,United Kingdom,7,84,false,false
2024-12-01,ACC-00377,Growth,United States,11,319,false,false
2024-12-01,ACC-00378,Starter,United States,4,48,false,false
2024-12-01,ACC-00379,Growth,United States,30,870,false,false
2024-12-01,ACC-00380,Growth,Germany,23,667,false,false
2024-12-01,ACC-00381,Starter,United States,7,84,false,false
2024-12-01,ACC-00382,Starter,United States,3,36,false,false
2024-12-01,ACC-00383,Scale,Japan,96,6144,false,false
2024-12-01,ACC-00384,Scale,United Kingdom,99,6336,false,false
2024-12-01,ACC-00385,Starter,United States,5,60,false,false
2024-12-01,ACC-00386,Starter,Germany,3,36,false,false
2024-12-01,ACC-00387,Growth,Germany,18,522,false,false
2024-12-01,ACC-00388,Starter,India,4,48,false,false
2024-12-01,ACC-00389,Growth,United States,6,174,false,false
2024-12-01,ACC-00390,Starter,India,2,24,false,false
2024-12-01,ACC-00391,Starter,Germany,3,36,false,false
2024-12-01,ACC-00392,Starter,United Kingdom,2,24,false,false
2024-12-01,ACC-00393,Starter,Germany,5,60,false,false
2024-12-01,ACC-00394,Starter,Germany,5,60,false,false
2024-12-01,ACC-00395,Growth,United Kingdom,20,580,false,false
2024-12-01,ACC-00397,Growth,United States,8,232,false,false
2024-12-01,ACC-00398,Starter,Brazil,4,48,false,false
2024-12-01,ACC-00399,Growth,United States,30,870,false,true
2024-12-01,ACC-00400,Growth,United States,20,580,false,false
2024-12-01,ACC-00401,Scale,United States,33,2112,false,false
2024-12-01,ACC-00402,Growth,United States,18,522,false,false
2024-12-01,ACC-00403,Growth,United Kingdom,27,783,false,false
2024-12-01,ACC-00404,Scale,United States,82,5248,false,false
2024-12-01,ACC-00405,Starter,United States,4,48,false,false
2024-12-01,ACC-00406,Growth,Germany,15,435,false,false
2024-12-01,ACC-00407,Growth,United States,30,870,false,false
2024-12-01,ACC-00408,Growth,Japan,22,638,false,false
2024-12-01,ACC-00409,Starter,Japan,3,36,false,false
2024-12-01,ACC-00410,Starter,United States,1,12,false,false
2024-12-01,ACC-00411,Starter,United Kingdom,6,72,false,false
2024-12-01,ACC-00412,Growth,Japan,7,203,false,false
2024-12-01,ACC-00413,Growth,United States,22,638,false,false
2024-12-01,ACC-00414,Starter,United States,4,48,false,false
2024-12-01,ACC-00415,Scale,United States,106,6784,false,false
2024-12-01,ACC-00416,Growth,United States,29,841,false,false
2024-12-01,ACC-00417,Starter,Japan,2,24,false,false
2024-12-01,ACC-00418,Starter,United States,3,36,false,false
2024-12-01,ACC-00419,Starter,Germany,1,12,false,false
2024-12-01,ACC-00420,Starter,Germany,5,60,false,false
2024-12-01,ACC-00421,Scale,Canada,88,5632,false,false
2024-12-01,ACC-00422,Growth,Brazil,24,696,false,false
2024-12-01,ACC-00423,Starter,India,6,72,false,false
2024-12-01,ACC-00424,Starter,United Kingdom,4,48,false,false
2024-12-01,ACC-00425,Starter,Japan,1,12,false,false
2024-12-01,ACC-00426,Starter,Brazil,3,36,false,false
2024-12-01,ACC-00427,Starter,United States,4,48,false,false
2024-12-01,ACC-00428,Starter,United States,5,60,false,false
2024-12-01,ACC-00429,Growth,United States,23,667,false,false
2024-12-01,ACC-00430,Starter,India,5,60,false,false
2024-12-01,ACC-00431,Starter,Japan,3,36,false,false
2024-12-01,ACC-00432,Scale,Australia,100,6400,false,false
2024-12-01,ACC-00433,Starter,United States,6,72,false,false
2024-12-01,ACC-00434,Starter,Canada,7,84,false,false
2024-12-01,ACC-00435,Growth,United States,18,522,false,false
2024-12-01,ACC-00436,Scale,Germany,27,1728,false,false
2024-12-01,ACC-00437,Starter,Brazil,4,48,false,false
2024-12-01,ACC-00438,Starter,Japan,4,48,false,false
2024-12-01,ACC-00439,Starter,Germany,5,60,false,false
2024-12-01,ACC-00440,Starter,United States,6,72,false,false
2024-12-01,ACC-00441,Growth,United States,15,435,false,false
2024-12-01,ACC-00442,Starter,United Kingdom,1,12,false,false
2024-12-01,ACC-00443,Starter,United States,1,12,false,false
2024-12-01,ACC-00444,Starter,Japan,3,36,false,false
2024-12-01,ACC-00445,Growth,Canada,29,841,false,false
2024-12-01,ACC-00446,Scale,United Kingdom,102,6528,false,false
2024-12-01,ACC-00447,Starter,United States,4,48,false,false
2024-12-01,ACC-00448,Starter,Australia,6,72,false,false
2024-12-01,ACC-00449,Starter,United States,6,72,false,false
2024-12-01,ACC-00450,Scale,United Kingdom,109,6976,false,false
2024-12-01,ACC-00451,Growth,Brazil,21,609,false,false
2024-12-01,ACC-00452,Starter,United States,3,36,false,false
2024-12-01,ACC-00453,Starter,United Kingdom,6,72,false,false
2024-12-01,ACC-00454,Growth,United States,13,377,true,false
2024-12-01,ACC-00455,Starter,United Kingdom,3,36,true,false
2024-12-01,ACC-00456,Starter,Germany,2,24,true,false
2024-12-01,ACC-00457,Starter,United States,5,60,true,false
2024-12-01,ACC-00458,Growth,Germany,15,435,true,false
2024-12-01,ACC-00459,Starter,India,1,12,true,false
2024-12-01,ACC-00460,Starter,United Kingdom,5,60,true,false
2024-12-01,ACC-00461,Growth,United States,24,696,true,false
2024-12-01,ACC-00462,Starter,Brazil,6,72,true,false
2024-12-01,ACC-00463,Starter,Canada,3,36,true,false
2024-12-01,ACC-00464,Growth,United States,19,551,true,false
2024-12-01,ACC-00465,Growth,United States,12,348,true,false
2024-12-01,ACC-00466,Growth,Japan,9,261,true,false
2024-12-01,ACC-00467,Growth,Canada,8,232,true,false
2024-12-01,ACC-00468,Starter,United States,6,72,true,false
2024-12-01,ACC-00469,Growth,India,13,377,true,false
2024-12-01,ACC-00470,Starter,United Kingdom,1,12,true,false
2024-12-01,ACC-00471,Growth,Australia,30,870,true,false
2024-12-01,ACC-00472,Starter,United States,4,48,true,false
2024-12-01,ACC-00473,Starter,Canada,1,12,true,false
2024-12-01,ACC-00474,Starter,Canada,2,24,true,false
2025-01-01,ACC-00002,Scale,United States,120,7680,false,false
2025-01-01,ACC-00003,Scale,Germany,70,4480,false,false
2025-01-01,ACC-00005,Growth,United States,19,551,false,false
2025-01-01,ACC-00006,Scale,Germany,54,3456,false,false
2025-01-01,ACC-00007,Starter,United States,6,72,false,false
2025-01-01,ACC-00008,Starter,United States,2,24,false,false
2025-01-01,ACC-00009,Growth,Canada,9,261,false,false
2025-01-01,ACC-00010,Starter,United States,5,60,false,false
2025-01-01,ACC-00011,Starter,United States,5,60,false,false
2025-01-01,ACC-00013,Growth,Canada,27,783,false,false
2025-01-01,ACC-00014,Growth,United States,27,783,false,false
2025-01-01,ACC-00015,Starter,Germany,4,48,false,false
2025-01-01,ACC-00016,Starter,United States,3,36,false,false
2025-01-01,ACC-00017,Starter,Canada,2,24,false,false
2025-01-01,ACC-00019,Growth,India,15,435,false,false
2025-01-01,ACC-00021,Starter,United States,6,72,false,false
2025-01-01,ACC-00022,Scale,Japan,51,3264,false,false
2025-01-01,ACC-00023,Growth,United States,26,754,false,false
2025-01-01,ACC-00026,Scale,United Kingdom,58,3712,false,false
2025-01-01,ACC-00027,Starter,United States,6,72,false,false
2025-01-01,ACC-00030,Growth,Germany,23,667,false,false
2025-01-01,ACC-00031,Starter,United States,4,48,false,false
2025-01-01,ACC-00032,Growth,India,13,377,false,false
2025-01-01,ACC-00033,Growth,United States,29,841,false,false
2025-01-01,ACC-00034,Starter,United States,2,24,false,false
2025-01-01,ACC-00035,Starter,India,5,60,false,true
2025-01-01,ACC-00036,Growth,United States,7,203,false,false
2025-01-01,ACC-00037,Growth,India,10,290,false,false
2025-01-01,ACC-00038,Starter,Germany,2,24,false,false
2025-01-01,ACC-00039,Starter,India,3,36,false,false
2025-01-01,ACC-00040,Starter,Australia,4,48,false,false
2025-01-01,ACC-00041,Starter,India,2,24,false,false
2025-01-01,ACC-00044,Growth,India,15,435,false,false
2025-01-01,ACC-00045,Growth,United Kingdom,13,377,false,false
2025-01-01,ACC-00046,Growth,India,29,841,false,false
2025-01-01,ACC-00048,Scale,Brazil,97,6208,false,false
2025-01-01,ACC-00049,Starter,United States,1,12,false,false
2025-01-01,ACC-00050,Starter,United Kingdom,3,36,false,false
2025-01-01,ACC-00051,Growth,India,27,783,false,false
2025-01-01,ACC-00052,Growth,Japan,12,348,false,false
2025-01-01,ACC-00054,Starter,United Kingdom,4,48,false,false
2025-01-01,ACC-00055,Growth,United Kingdom,7,203,false,false
2025-01-01,ACC-00057,Starter,Japan,7,84,false,false
2025-01-01,ACC-00058,Scale,Germany,111,7104,false,false
2025-01-01,ACC-00060,Growth,Canada,23,667,false,false
2025-01-01,ACC-00061,Starter,Germany,3,36,false,false
2025-01-01,ACC-00063,Starter,Australia,3,36,false,false
2025-01-01,ACC-00065,Growth,Brazil,6,174,false,false
2025-01-01,ACC-00066,Growth,Germany,7,203,false,false
2025-01-01,ACC-00067,Starter,United Kingdom,2,24,false,false
2025-01-01,ACC-00068,Starter,United States,7,84,false,false
2025-01-01,ACC-00069,Starter,United States,1,12,false,false
2025-01-01,ACC-00070,Growth,United States,30,870,false,false
2025-01-01,ACC-00072,Growth,United States,9,261,false,false
2025-01-01,ACC-00073,Starter,Australia,3,36,false,false
2025-01-01,ACC-00074,Growth,United States,6,174,false,false
2025-01-01,ACC-00075,Growth,United States,25,725,false,false
2025-01-01,ACC-00076,Starter,Australia,6,72,false,false
2025-01-01,ACC-00077,Starter,United States,2,24,false,false
2025-01-01,ACC-00078,Growth,United States,25,725,false,false
2025-01-01,ACC-00079,Scale,Brazil,52,3328,false,false
2025-01-01,ACC-00080,Scale,United States,99,6336,false,false
2025-01-01,ACC-00081,Starter,Australia,7,84,false,false
2025-01-01,ACC-00086,Starter,United States,5,60,false,false
2025-01-01,ACC-00087,Starter,United States,4,48,false,false
2025-01-01,ACC-00088,Starter,United Kingdom,3,36,false,false
2025-01-01,ACC-00089,Growth,United States,24,696,false,false
2025-01-01,ACC-00092,Starter,India,3,36,false,false
2025-01-01,ACC-00093,Starter,United Kingdom,1,12,false,false
2025-01-01,ACC-00094,Growth,United States,17,493,false,false
2025-01-01,ACC-00096,Starter,Canada,2,24,false,false
2025-01-01,ACC-00097,Growth,United States,14,406,false,false
2025-01-01,ACC-00100,Starter,Germany,6,72,false,false
2025-01-01,ACC-00102,Starter,United States,4,48,false,false
2025-01-01,ACC-00103,Starter,United States,6,72,false,false
2025-01-01,ACC-00104,Scale,United States,106,6784,false,false
2025-01-01,ACC-00107,Scale,United Kingdom,58,3712,false,false
2025-01-01,ACC-00108,Starter,United States,4,48,false,false
2025-01-01,ACC-00109,Growth,Brazil,20,580,false,false
2025-01-01,ACC-00110,Starter,United States,4,48,false,false
2025-01-01,ACC-00111,Starter,United States,5,60,false,false
2025-01-01,ACC-00112,Starter,United States,2,24,false,false
2025-01-01,ACC-00113,Growth,Germany,8,232,false,false
2025-01-01,ACC-00115,Starter,Japan,7,84,false,false
2025-01-01,ACC-00116,Growth,United States,11,319,false,false
2025-01-01,ACC-00117,Growth,United States,9,261,false,false
2025-01-01,ACC-00118,Starter,United States,3,36,false,false
2025-01-01,ACC-00119,Scale,India,33,2112,false,false
2025-01-01,ACC-00120,Scale,Japan,113,7232,false,false
2025-01-01,ACC-00121,Starter,United States,7,84,false,false
2025-01-01,ACC-00122,Growth,United States,23,667,false,false
2025-01-01,ACC-00125,Growth,United States,15,435,false,false
2025-01-01,ACC-00126,Growth,United States,24,696,false,false
2025-01-01,ACC-00128,Starter,United States,1,12,false,false
2025-01-01,ACC-00129,Growth,Japan,18,522,false,false
2025-01-01,ACC-00130,Growth,Brazil,28,812,false,false
2025-01-01,ACC-00131,Starter,United States,5,60,false,false
2025-01-01,ACC-00133,Growth,Canada,17,493,false,false
2025-01-01,ACC-00135,Starter,United States,5,60,false,false
2025-01-01,ACC-00136,Growth,Germany,17,493,false,false
2025-01-01,ACC-00137,Starter,United States,3,36,false,false
2025-01-01,ACC-00138,Starter,Brazil,5,60,false,false
2025-01-01,ACC-00139,Starter,Japan,6,72,false,false
2025-01-01,ACC-00140,Growth,United States,15,435,false,false
2025-01-01,ACC-00141,Starter,Brazil,6,72,false,false
2025-01-01,ACC-00144,Scale,United States,104,6656,false,false
2025-01-01,ACC-00146,Starter,Canada,2,24,false,false
2025-01-01,ACC-00147,Starter,Brazil,6,72,false,false
2025-01-01,ACC-00148,Growth,United States,29,841,false,false
2025-01-01,ACC-00149,Growth,United Kingdom,8,232,false,false
2025-01-01,ACC-00152,Starter,India,5,60,false,false
2025-01-01,ACC-00153,Starter,United States,1,12,false,false
2025-01-01,ACC-00155,Growth,Canada,23,667,false,false
2025-01-01,ACC-00157,Starter,United Kingdom,5,60,false,false
2025-01-01,ACC-00158,Starter,United States,9,108,false,false
2025-01-01,ACC-00159,Starter,Japan,3,36,false,false
2025-01-01,ACC-00160,Starter,United Kingdom,1,12,false,false
2025-01-01,ACC-00161,Scale,Australia,52,3328,false,false
2025-01-01,ACC-00162,Starter,United States,7,84,false,false
2025-01-01,ACC-00163,Growth,Japan,18,522,false,false
2025-01-01,ACC-00164,Starter,United States,2,24,false,false
2025-01-01,ACC-00165,Starter,United States,4,48,false,false
2025-01-01,ACC-00167,Starter,Germany,5,60,false,false
2025-01-01,ACC-00169,Growth,Japan,12,348,false,false
2025-01-01,ACC-00170,Starter,India,5,60,false,false
2025-01-01,ACC-00172,Starter,India,3,36,false,true
2025-01-01,ACC-00173,Growth,Germany,6,174,false,false
2025-01-01,ACC-00175,Scale,Brazil,105,6720,false,false
2025-01-01,ACC-00176,Starter,Brazil,2,24,false,false
2025-01-01,ACC-00177,Starter,India,6,72,false,false
2025-01-01,ACC-00178,Growth,India,6,174,false,false
2025-01-01,ACC-00179,Scale,United States,59,3776,false,false
2025-01-01,ACC-00181,Starter,Germany,5,60,false,false
2025-01-01,ACC-00183,Scale,United States,27,1728,false,false
2025-01-01,ACC-00188,Growth,Brazil,27,783,false,false
2025-01-01,ACC-00189,Scale,Australia,82,5248,false,false
2025-01-01,ACC-00190,Starter,Australia,7,84,false,false
2025-01-01,ACC-00192,Growth,United States,12,348,false,false
2025-01-01,ACC-00193,Starter,Australia,5,60,false,false
2025-01-01,ACC-00194,Growth,United States,16,464,false,false
2025-01-01,ACC-00195,Starter,Brazil,5,60,false,false
2025-01-01,ACC-00197,Growth,United Kingdom,27,783,false,false
2025-01-01,ACC-00199,Starter,United States,5,60,false,false
2025-01-01,ACC-00200,Starter,Germany,2,24,false,false
2025-01-01,ACC-00201,Starter,Germany,5,60,false,false
2025-01-01,ACC-00203,Growth,United States,8,232,false,false
2025-01-01,ACC-00204,Growth,United States,16,464,false,false
2025-01-01,ACC-00205,Starter,United States,2,24,false,false
2025-01-01,ACC-00206,Growth,Australia,29,841,false,false
2025-01-01,ACC-00207,Scale,Japan,96,6144,false,false
2025-01-01,ACC-00208,Starter,United Kingdom,9,108,false,false
2025-01-01,ACC-00209,Scale,Australia,113,7232,false,false
2025-01-01,ACC-00210,Starter,India,4,48,false,false
2025-01-01,ACC-00211,Scale,Brazil,74,4736,false,false
2025-01-01,ACC-00212,Growth,India,14,406,false,false
2025-01-01,ACC-00214,Starter,Germany,3,36,false,false
2025-01-01,ACC-00215,Starter,Japan,4,48,false,false
2025-01-01,ACC-00217,Growth,Australia,15,435,false,false
2025-01-01,ACC-00218,Starter,Germany,7,84,false,false
2025-01-01,ACC-00219,Starter,Canada,5,60,false,false
2025-01-01,ACC-00220,Scale,Germany,121,7744,false,false
2025-01-01,ACC-00221,Growth,Germany,30,870,false,false
2025-01-01,ACC-00222,Starter,United States,6,72,false,false
2025-01-01,ACC-00224,Starter,Brazil,6,72,false,false
2025-01-01,ACC-00225,Growth,United States,31,899,false,false
2025-01-01,ACC-00226,Growth,United States,31,899,false,false
2025-01-01,ACC-00227,Starter,United States,7,84,false,false
2025-01-01,ACC-00228,Growth,United States,10,290,false,false
2025-01-01,ACC-00229,Starter,United States,3,36,false,false
2025-01-01,ACC-00230,Starter,India,4,48,false,false
2025-01-01,ACC-00232,Growth,Germany,11,319,false,false
2025-01-01,ACC-00233,Growth,United States,29,841,false,false
2025-01-01,ACC-00234,Growth,United States,25,725,false,false
2025-01-01,ACC-00235,Growth,United Kingdom,31,899,false,false
2025-01-01,ACC-00236,Starter,Germany,4,48,false,false
2025-01-01,ACC-00238,Starter,Germany,6,72,false,false
2025-01-01,ACC-00239,Starter,Australia,6,72,false,false
2025-01-01,ACC-00241,Growth,Brazil,7,203,false,false
2025-01-01,ACC-00243,Growth,United States,16,464,false,false
2025-01-01,ACC-00244,Growth,United States,31,899,false,false
2025-01-01,ACC-00245,Growth,United States,16,464,false,false
2025-01-01,ACC-00246,Starter,India,4,48,false,false
2025-01-01,ACC-00247,Scale,Australia,42,2688,false,false
2025-01-01,ACC-00248,Starter,Japan,6,72,false,false
2025-01-01,ACC-00249,Growth,Germany,23,667,false,false
2025-01-01,ACC-00250,Starter,United States,3,36,false,false
2025-01-01,ACC-00251,Starter,Brazil,2,24,false,false
2025-01-01,ACC-00252,Starter,United Kingdom,5,60,false,false
2025-01-01,ACC-00253,Starter,United Kingdom,6,72,false,false
2025-01-01,ACC-00254,Starter,United States,3,36,false,false
2025-01-01,ACC-00255,Starter,Brazil,6,72,false,false
2025-01-01,ACC-00256,Growth,United States,16,464,false,false
2025-01-01,ACC-00257,Starter,United States,1,12,false,false
2025-01-01,ACC-00258,Growth,United States,16,464,false,false
2025-01-01,ACC-00259,Starter,Canada,6,72,false,true
2025-01-01,ACC-00262,Starter,India,4,48,false,false
2025-01-01,ACC-00263,Starter,United States,4,48,false,false
2025-01-01,ACC-00264,Growth,Australia,13,377,false,false
2025-01-01,ACC-00265,Starter,Australia,6,72,false,false
2025-01-01,ACC-00266,Growth,United States,22,638,false,false
2025-01-01,ACC-00267,Growth,United States,20,580,false,false
2025-01-01,ACC-00268,Growth,United States,18,522,false,false
2025-01-01,ACC-00269,Growth,United States,23,667,false,false
2025-01-01,ACC-00270,Growth,Australia,31,899,false,false
2025-01-01,ACC-00271,Growth,Canada,19,551,false,false
2025-01-01,ACC-00272,Scale,United States,48,3072,false,false
2025-01-01,ACC-00273,Scale,India,81,5184,false,false
2025-01-01,ACC-00274,Growth,India,24,696,false,false
2025-01-01,ACC-00279,Scale,India,35,2240,false,false
2025-01-01,ACC-00280,Growth,Canada,12,348,false,false
2025-01-01,ACC-00281,Growth,Germany,8,232,false,false
2025-01-01,ACC-00282,Growth,Germany,19,551,false,false
2025-01-01,ACC-00283,Scale,United Kingdom,62,3968,false,false
2025-01-01,ACC-00284,Growth,United States,14,406,false,false
2025-01-01,ACC-00285,Growth,India,8,232,false,false
2025-01-01,ACC-00286,Starter,United States,3,36,false,false
2025-01-01,ACC-00288,Growth,Australia,22,638,false,false
2025-01-01,ACC-00289,Starter,United States,2,24,false,false
2025-01-01,ACC-00291,Growth,Japan,28,812,false,false
2025-01-01,ACC-00292,Starter,United States,6,72,false,false
2025-01-01,ACC-00293,Growth,Germany,11,319,false,false
2025-01-01,ACC-00295,Starter,United States,2,24,false,false
2025-01-01,ACC-00296,Starter,Japan,3,36,false,false
2025-01-01,ACC-00297,Starter,India,2,24,false,false
2025-01-01,ACC-00298,Growth,United States,16,464,false,true
2025-01-01,ACC-00299,Starter,United Kingdom,3,36,false,false
2025-01-01,ACC-00300,Starter,United States,2,24,false,false
2025-01-01,ACC-00301,Growth,United States,19,551,false,false
2025-01-01,ACC-00302,Starter,United States,3,36,false,false
2025-01-01,ACC-00303,Starter,Brazil,9,108,false,false
2025-01-01,ACC-00304,Starter,United Kingdom,2,24,false,false
2025-01-01,ACC-00305,Starter,Germany,3,36,false,false
2025-01-01,ACC-00306,Starter,Brazil,4,48,false,false
2025-01-01,ACC-00307,Scale,United Kingdom,75,4800,false,false
2025-01-01,ACC-00308,Growth,United Kingdom,12,348,false,false
2025-01-01,ACC-00309,Scale,Japan,55,3520,false,false
2025-01-01,ACC-00310,Growth,United Kingdom,30,870,false,false
2025-01-01,ACC-00311,Starter,Japan,2,24,false,false
2025-01-01,ACC-00312,Growth,Germany,9,261,false,false
2025-01-01,ACC-00313,Starter,United States,2,24,false,false
2025-01-01,ACC-00314,Growth,United States,16,464,false,false
2025-01-01,ACC-00315,Growth,United States,14,406,false,false
2025-01-01,ACC-00316,Starter,Germany,2,24,false,false
2025-01-01,ACC-00317,Starter,India,3,36,false,false
2025-01-01,ACC-00318,Starter,United States,5,60,false,false
2025-01-01,ACC-00319,Starter,United States,1,12,false,false
2025-01-01,ACC-00320,Starter,Japan,4,48,false,false
2025-01-01,ACC-00321,Scale,United States,113,7232,false,false
2025-01-01,ACC-00322,Starter,United States,6,72,false,false
2025-01-01,ACC-00323,Growth,United States,28,812,false,false
2025-01-01,ACC-00324,Starter,Canada,6,72,false,false
2025-01-01,ACC-00325,Starter,Canada,3,36,false,false
2025-01-01,ACC-00326,Starter,India,2,24,false,false
2025-01-01,ACC-00327,Starter,Japan,7,84,false,false
2025-01-01,ACC-00328,Starter,India,2,24,false,false
2025-01-01,ACC-00329,Starter,United States,7,84,false,false
2025-01-01,ACC-00330,Starter,Canada,4,48,false,false
2025-01-01,ACC-00331,Starter,United States,4,48,false,false
2025-01-01,ACC-00334,Scale,Germany,104,6656,false,false
2025-01-01,ACC-00336,Scale,Canada,82,5248,false,false
2025-01-01,ACC-00338,Starter,Germany,6,72,false,false
2025-01-01,ACC-00339,Growth,United States,11,319,false,false
2025-01-01,ACC-00340,Growth,Australia,30,870,false,false
2025-01-01,ACC-00341,Starter,United States,3,36,false,false
2025-01-01,ACC-00342,Growth,Brazil,28,812,false,false
2025-01-01,ACC-00343,Starter,United States,4,48,false,false
2025-01-01,ACC-00344,Growth,Brazil,6,174,false,false
2025-01-01,ACC-00345,Starter,Australia,3,36,false,false
2025-01-01,ACC-00346,Scale,United States,81,5184,false,false
2025-01-01,ACC-00347,Starter,United States,6,72,false,false
2025-01-01,ACC-00348,Starter,Canada,3,36,false,false
2025-01-01,ACC-00349,Scale,United States,98,6272,false,false
2025-01-01,ACC-00350,Starter,Germany,5,60,false,false
2025-01-01,ACC-00351,Starter,United States,5,60,false,false
2025-01-01,ACC-00352,Growth,United States,28,812,false,false
2025-01-01,ACC-00353,Growth,United States,9,261,false,false
2025-01-01,ACC-00354,Starter,India,4,48,false,false
2025-01-01,ACC-00355,Growth,India,24,696,false,false
2025-01-01,ACC-00356,Growth,Germany,27,783,false,false
2025-01-01,ACC-00357,Growth,Germany,16,464,false,false
2025-01-01,ACC-00358,Starter,United States,5,60,false,false
2025-01-01,ACC-00359,Starter,India,4,48,false,true
2025-01-01,ACC-00361,Starter,United States,6,72,false,false
2025-01-01,ACC-00362,Scale,United States,42,2688,false,false
2025-01-01,ACC-00363,Starter,United States,4,48,false,false
2025-01-01,ACC-00364,Growth,India,28,812,false,false
2025-01-01,ACC-00365,Starter,United States,8,96,false,false
2025-01-01,ACC-00367,Starter,Australia,1,12,false,false
2025-01-01,ACC-00368,Scale,United States,101,6464,false,false
2025-01-01,ACC-00369,Starter,United States,1,12,false,false
2025-01-01,ACC-00370,Growth,United States,29,841,false,false
2025-01-01,ACC-00371,Starter,United Kingdom,4,48,false,false
2025-01-01,ACC-00372,Growth,United States,31,899,false,false
2025-01-01,ACC-00373,Starter,United States,7,84,false,false
2025-01-01,ACC-00374,Starter,Germany,5,60,false,false
2025-01-01,ACC-00375,Growth,United States,27,783,false,false
2025-01-01,ACC-00376,Starter,United Kingdom,7,84,false,false
2025-01-01,ACC-00377,Growth,United States,12,348,false,false
2025-01-01,ACC-00378,Starter,United States,4,48,false,false
2025-01-01,ACC-00379,Growth,United States,30,870,false,false
2025-01-01,ACC-00380,Growth,Germany,24,696,false,false
2025-01-01,ACC-00381,Starter,United States,7,84,false,false
2025-01-01,ACC-00382,Starter,United States,4,48,false,false
2025-01-01,ACC-00383,Scale,Japan,96,6144,false,false
2025-01-01,ACC-00384,Scale,United Kingdom,99,6336,false,false
2025-01-01,ACC-00385,Starter,United States,5,60,false,true
2025-01-01,ACC-00386,Starter,Germany,3,36,false,false
2025-01-01,ACC-00387,Growth,Germany,18,522,false,false
2025-01-01,ACC-00388,Starter,India,4,48,false,false
2025-01-01,ACC-00389,Growth,United States,6,174,false,false
2025-01-01,ACC-00390,Starter,India,2,24,false,false
2025-01-01,ACC-00391,Starter,Germany,4,48,false,false
2025-01-01,ACC-00392,Starter,United Kingdom,2,24,false,false
2025-01-01,ACC-00393,Starter,Germany,6,72,false,false
2025-01-01,ACC-00394,Starter,Germany,5,60,false,false
2025-01-01,ACC-00395,Growth,United Kingdom,20,580,false,false
2025-01-01,ACC-00397,Growth,United States,8,232,false,false
2025-01-01,ACC-00398,Starter,Brazil,4,48,false,false
2025-01-01,ACC-00400,Growth,United States,20,580,false,false
2025-01-01,ACC-00401,Scale,United States,33,2112,false,false
2025-01-01,ACC-00402,Growth,United States,18,522,false,false
2025-01-01,ACC-00403,Growth,United Kingdom,27,783,false,false
2025-01-01,ACC-00404,Scale,United States,82,5248,false,false
2025-01-01,ACC-00405,Starter,United States,4,48,false,false
2025-01-01,ACC-00406,Growth,Germany,15,435,false,false
2025-01-01,ACC-00407,Growth,United States,30,870,false,false
2025-01-01,ACC-00408,Growth,Japan,22,638,false,false
2025-01-01,ACC-00409,Starter,Japan,3,36,false,false
2025-01-01,ACC-00410,Starter,United States,1,12,false,false
2025-01-01,ACC-00411,Starter,United Kingdom,6,72,false,false
2025-01-01,ACC-00412,Growth,Japan,7,203,false,false
2025-01-01,ACC-00413,Growth,United States,22,638,false,false
2025-01-01,ACC-00414,Starter,United States,4,48,false,false
2025-01-01,ACC-00415,Scale,United States,107,6848,false,false
2025-01-01,ACC-00416,Growth,United States,29,841,false,false
2025-01-01,ACC-00417,Starter,Japan,2,24,false,false
2025-01-01,ACC-00418,Starter,United States,3,36,false,false
2025-01-01,ACC-00419,Starter,Germany,1,12,false,false
2025-01-01,ACC-00420,Starter,Germany,5,60,false,false
2025-01-01,ACC-00421,Scale,Canada,88,5632,false,false
2025-01-01,ACC-00422,Growth,Brazil,24,696,false,false
2025-01-01,ACC-00423,Starter,India,6,72,false,false
2025-01-01,ACC-00424,Starter,United Kingdom,4,48,false,false
2025-01-01,ACC-00425,Starter,Japan,1,12,false,false
2025-01-01,ACC-00426,Starter,Brazil,3,36,false,false
2025-01-01,ACC-00427,Starter,United States,4,48,false,false
2025-01-01,ACC-00428,Starter,United States,5,60,false,false
2025-01-01,ACC-00429,Growth,United States,23,667,false,false
2025-01-01,ACC-00430,Starter,India,5,60,false,false
2025-01-01,ACC-00431,Starter,Japan,3,36,false,true
2025-01-01,ACC-00432,Scale,Australia,100,6400,false,false
2025-01-01,ACC-00433,Starter,United States,6,72,false,false
2025-01-01,ACC-00434,Starter,Canada,7,84,false,false
2025-01-01,ACC-00435,Growth,United States,18,522,false,false
2025-01-01,ACC-00436,Scale,Germany,27,1728,false,false
2025-01-01,ACC-00437,Starter,Brazil,4,48,false,false
2025-01-01,ACC-00438,Starter,Japan,4,48,false,false
2025-01-01,ACC-00439,Starter,Germany,5,60,false,false
2025-01-01,ACC-00440,Starter,United States,6,72,false,false
2025-01-01,ACC-00441,Growth,United States,16,464,false,false
2025-01-01,ACC-00442,Starter,United Kingdom,1,12,false,false
2025-01-01,ACC-00443,Starter,United States,1,12,false,false
2025-01-01,ACC-00444,Starter,Japan,3,36,false,false
2025-01-01,ACC-00445,Growth,Canada,29,841,false,false
2025-01-01,ACC-00446,Scale,United Kingdom,102,6528,false,false
2025-01-01,ACC-00447,Starter,United States,4,48,false,false
2025-01-01,ACC-00448,Starter,Australia,6,72,false,false
2025-01-01,ACC-00449,Starter,United States,6,72,false,false
2025-01-01,ACC-00450,Scale,United Kingdom,110,7040,false,false
2025-01-01,ACC-00451,Growth,Brazil,21,609,false,false
2025-01-01,ACC-00452,Starter,United States,3,36,false,false
2025-01-01,ACC-00453,Starter,United Kingdom,6,72,false,false
2025-01-01,ACC-00454,Growth,United States,13,377,false,false
2025-01-01,ACC-00455,Starter,United Kingdom,3,36,false,true
2025-01-01,ACC-00456,Starter,Germany,2,24,false,false
2025-01-01,ACC-00457,Starter,United States,5,60,false,false
2025-01-01,ACC-00458,Growth,Germany,16,464,false,false
2025-01-01,ACC-00459,Starter,India,1,12,false,false
2025-01-01,ACC-00460,Starter,United Kingdom,5,60,false,false
2025-01-01,ACC-00461,Growth,United States,24,696,false,false
2025-01-01,ACC-00462,Starter,Brazil,6,72,false,false
2025-01-01,ACC-00463,Starter,Canada,3,36,false,false
2025-01-01,ACC-00464,Growth,United States,19,551,false,false
2025-01-01,ACC-00465,Growth,United States,12,348,false,false
2025-01-01,ACC-00466,Growth,Japan,9,261,false,false
2025-01-01,ACC-00467,Growth,Canada,8,232,false,false
2025-01-01,ACC-00468,Starter,United States,6,72,false,false
2025-01-01,ACC-00469,Growth,India,13,377,false,false
2025-01-01,ACC-00470,Starter,United Kingdom,1,12,false,false
2025-01-01,ACC-00471,Growth,Australia,30,870,false,false
2025-01-01,ACC-00472,Starter,United States,4,48,false,false
2025-01-01,ACC-00473,Starter,Canada,1,12,false,false
2025-01-01,ACC-00474,Starter,Canada,2,24,false,false
2025-01-01,ACC-00475,Growth,Australia,24,696,true,false
2025-01-01,ACC-00476,Growth,Japan,10,290,true,false
2025-01-01,ACC-00477,Starter,United Kingdom,5,60,true,false
2025-01-01,ACC-00478,Starter,United States,6,72,true,false
2025-01-01,ACC-00479,Starter,United States,1,12,true,false
2025-01-01,ACC-00480,Starter,Australia,4,48,true,false
2025-01-01,ACC-00481,Starter,Germany,6,72,true,false
2025-01-01,ACC-00482,Starter,United States,3,36,true,false
2025-01-01,ACC-00483,Growth,Canada,25,725,true,false
2025-01-01,ACC-00484,Scale,Germany,71,4544,true,false
2025-01-01,ACC-00485,Starter,Japan,1,12,true,false
2025-01-01,ACC-00486,Growth,India,9,261,true,false
2025-01-01,ACC-00487,Starter,Germany,3,36,true,false
2025-01-01,ACC-00488,Starter,Germany,2,24,true,false
2025-01-01,ACC-00489,Scale,United States,91,5824,true,false
2025-01-01,ACC-00490,Growth,Germany,17,493,true,false
2025-01-01,ACC-00491,Growth,India,29,841,true,false
2025-01-01,ACC-00492,Starter,United States,1,12,true,false
2025-01-01,ACC-00493,Starter,India,6,72,true,false
2025-01-01,ACC-00494,Starter,United Kingdom,5,60,true,false
2025-01-01,ACC-00495,Growth,United States,30,870,true,false
2025-01-01,ACC-00496,Starter,United States,5,60,true,false
2025-01-01,ACC-00497,Starter,United Kingdom,4,48,true,false
2025-01-01,ACC-00498,Growth,United States,6,174,true,false
2025-01-01,ACC-00499,Growth,India,7,203,true,false
2025-01-01,ACC-00500,Starter,India,4,48,true,false
2025-01-01,ACC-00501,Growth,United States,18,522,true,false
2025-01-01,ACC-00502,Growth,Brazil,16,464,true,false
2025-01-01,ACC-00503,Growth,Brazil,6,174,true,false
2025-02-01,ACC-00002,Scale,United States,120,7680,false,false
2025-02-01,ACC-00003,Scale,Germany,70,4480,false,false
2025-02-01,ACC-00005,Growth,United States,19,551,false,false
2025-02-01,ACC-00006,Scale,Germany,54,3456,false,false
2025-02-01,ACC-00007,Starter,United States,6,72,false,false
2025-02-01,ACC-00008,Starter,United States,2,24,false,false
2025-02-01,ACC-00009,Growth,Canada,9,261,false,false
2025-02-01,ACC-00010,Starter,United States,5,60,false,false
2025-02-01,ACC-00011,Starter,United States,5,60,false,false
2025-02-01,ACC-00013,Growth,Canada,27,783,false,false
2025-02-01,ACC-00014,Growth,United States,27,783,false,false
2025-02-01,ACC-00015,Starter,Germany,4,48,false,false
2025-02-01,ACC-00016,Starter,United States,3,36,false,false
2025-02-01,ACC-00017,Starter,Canada,2,24,false,false
2025-02-01,ACC-00019,Growth,India,15,435,false,false
2025-02-01,ACC-00021,Starter,United States,6,72,false,false
2025-02-01,ACC-00022,Scale,Japan,51,3264,false,false
2025-02-01,ACC-00023,Growth,United States,26,754,false,false
2025-02-01,ACC-00026,Scale,United Kingdom,58,3712,false,false
2025-02-01,ACC-00027,Starter,United States,6,72,false,false
2025-02-01,ACC-00030,Growth,Germany,23,667,false,false
2025-02-01,ACC-00031,Starter,United States,4,48,false,false
2025-02-01,ACC-00032,Growth,India,13,377,false,false
2025-02-01,ACC-00033,Growth,United States,29,841,false,false
2025-02-01,ACC-00034,Starter,United States,2,24,false,false
2025-02-01,ACC-00036,Growth,United States,7,203,false,false
2025-02-01,ACC-00037,Growth,India,10,290,false,false
2025-02-01,ACC-00038,Starter,Germany,2,24,false,false
2025-02-01,ACC-00039,Starter,India,3,36,false,false
2025-02-01,ACC-00040,Starter,Australia,4,48,false,false
2025-02-01,ACC-00041,Starter,India,2,24,false,false
2025-02-01,ACC-00044,Growth,India,15,435,false,false
2025-02-01,ACC-00045,Growth,United Kingdom,13,377,false,false
2025-02-01,ACC-00046,Growth,India,29,841,false,false
2025-02-01,ACC-00048,Scale,Brazil,98,6272,false,false
2025-02-01,ACC-00049,Starter,United States,1,12,false,false
2025-02-01,ACC-00050,Starter,United Kingdom,3,36,false,false
2025-02-01,ACC-00051,Growth,India,27,783,false,false
2025-02-01,ACC-00052,Growth,Japan,12,348,false,false
2025-02-01,ACC-00054,Starter,United Kingdom,4,48,false,false
2025-02-01,ACC-00055,Growth,United Kingdom,7,203,false,false
2025-02-01,ACC-00057,Starter,Japan,7,84,false,false
2025-02-01,ACC-00058,Scale,Germany,111,7104,false,false
2025-02-01,ACC-00060,Growth,Canada,23,667,false,false
2025-02-01,ACC-00061,Starter,Germany,3,36,false,false
2025-02-01,ACC-00063,Starter,Australia,4,48,false,false
2025-02-01,ACC-00065,Growth,Brazil,6,174,false,false
2025-02-01,ACC-00066,Growth,Germany,7,203,false,false
2025-02-01,ACC-00067,Starter,United Kingdom,2,24,false,false
2025-02-01,ACC-00068,Starter,United States,7,84,false,false
2025-02-01,ACC-00069,Starter,United States,1,12,false,false
2025-02-01,ACC-00070,Growth,United States,30,870,false,false
2025-02-01,ACC-00072,Growth,United States,10,290,false,false
2025-02-01,ACC-00073,Starter,Australia,3,36,false,false
2025-02-01,ACC-00074,Growth,United States,6,174,false,false
2025-02-01,ACC-00075,Growth,United States,25,725,false,false
2025-02-01,ACC-00076,Starter,Australia,6,72,false,false
2025-02-01,ACC-00077,Starter,United States,2,24,false,false
2025-02-01,ACC-00078,Growth,United States,25,725,false,false
2025-02-01,ACC-00079,Scale,Brazil,52,3328,false,false
2025-02-01,ACC-00080,Scale,United States,99,6336,false,false
2025-02-01,ACC-00081,Starter,Australia,7,84,false,false
2025-02-01,ACC-00086,Starter,United States,5,60,false,false
2025-02-01,ACC-00087,Starter,United States,4,48,false,false
2025-02-01,ACC-00088,Starter,United Kingdom,4,48,false,false
2025-02-01,ACC-00089,Growth,United States,24,696,false,false
2025-02-01,ACC-00092,Starter,India,4,48,false,false
2025-02-01,ACC-00093,Starter,United Kingdom,1,12,false,false
2025-02-01,ACC-00094,Growth,United States,17,493,false,false
2025-02-01,ACC-00096,Starter,Canada,2,24,false,false
2025-02-01,ACC-00097,Growth,United States,14,406,false,false
2025-02-01,ACC-00100,Starter,Germany,6,72,false,false
2025-02-01,ACC-00102,Starter,United States,4,48,false,false
2025-02-01,ACC-00103,Starter,United States,6,72,false,false
2025-02-01,ACC-00104,Scale,United States,106,6784,false,false
2025-02-01,ACC-00107,Scale,United Kingdom,58,3712,false,false
2025-02-01,ACC-00108,Starter,United States,4,48,false,false
2025-02-01,ACC-00109,Growth,Brazil,20,580,false,false
2025-02-01,ACC-00110,Starter,United States,4,48,false,false
2025-02-01,ACC-00111,Starter,United States,5,60,false,false
2025-02-01,ACC-00112,Starter,United States,2,24,false,false
2025-02-01,ACC-00113,Growth,Germany,8,232,false,false
2025-02-01,ACC-00115,Starter,Japan,7,84,false,false
2025-02-01,ACC-00116,Growth,United States,11,319,false,false
2025-02-01,ACC-00117,Growth,United States,9,261,false,false
2025-02-01,ACC-00118,Starter,United States,3,36,false,true
2025-02-01,ACC-00119,Scale,India,33,2112,false,false
2025-02-01,ACC-00120,Scale,Japan,113,7232,false,false
2025-02-01,ACC-00121,Starter,United States,8,96,false,false
2025-02-01,ACC-00122,Growth,United States,23,667,false,false
2025-02-01,ACC-00125,Growth,United States,15,435,false,false
2025-02-01,ACC-00126,Growth,United States,24,696,false,false
2025-02-01,ACC-00128,Starter,United States,1,12,false,false
2025-02-01,ACC-00129,Growth,Japan,18,522,false,false
2025-02-01,ACC-00130,Growth,Brazil,28,812,false,false
2025-02-01,ACC-00131,Starter,United States,5,60,false,false
2025-02-01,ACC-00133,Growth,Canada,17,493,false,false
2025-02-01,ACC-00135,Starter,United States,5,60,false,false
2025-02-01,ACC-00136,Growth,Germany,17,493,false,false
2025-02-01,ACC-00137,Starter,United States,3,36,false,false
2025-02-01,ACC-00138,Starter,Brazil,6,72,false,false
2025-02-01,ACC-00139,Starter,Japan,6,72,false,false
2025-02-01,ACC-00140,Growth,United States,15,435,false,false
2025-02-01,ACC-00141,Starter,Brazil,6,72,false,false
2025-02-01,ACC-00144,Scale,United States,104,6656,false,false
2025-02-01,ACC-00146,Starter,Canada,2,24,false,false
2025-02-01,ACC-00147,Starter,Brazil,6,72,false,false
2025-02-01,ACC-00148,Growth,United States,29,841,false,false
2025-02-01,ACC-00149,Growth,United Kingdom,8,232,false,false
2025-02-01,ACC-00152,Starter,India,5,60,false,false
2025-02-01,ACC-00153,Starter,United States,1,12,false,true
2025-02-01,ACC-00155,Growth,Canada,23,667,false,false
2025-02-01,ACC-00157,Starter,United Kingdom,5,60,false,false
2025-02-01,ACC-00158,Starter,United States,9,108,false,false
2025-02-01,ACC-00159,Starter,Japan,4,48,false,false
2025-02-01,ACC-00160,Starter,United Kingdom,1,12,false,false
2025-02-01,ACC-00161,Scale,Australia,52,3328,false,false
2025-02-01,ACC-00162,Starter,United States,7,84,false,false
2025-02-01,ACC-00163,Growth,Japan,18,522,false,false
2025-02-01,ACC-00164,Starter,United States,2,24,false,false
2025-02-01,ACC-00165,Starter,United States,4,48,false,false
2025-02-01,ACC-00167,Starter,Germany,5,60,false,false
2025-02-01,ACC-00169,Growth,Japan,12,348,false,false
2025-02-01,ACC-00170,Starter,India,5,60,false,false
2025-02-01,ACC-00173,Growth,Germany,6,174,false,false
2025-02-01,ACC-00175,Scale,Brazil,105,6720,false,false
2025-02-01,ACC-00176,Starter,Brazil,2,24,false,false
2025-02-01,ACC-00177,Starter,India,6,72,false,false
2025-02-01,ACC-00178,Growth,India,6,174,false,false
2025-02-01,ACC-00179,Scale,United States,59,3776,false,false
2025-02-01,ACC-00181,Starter,Germany,5,60,false,false
2025-02-01,ACC-00183,Scale,United States,27,1728,false,false
2025-02-01,ACC-00188,Growth,Brazil,28,812,false,false
2025-02-01,ACC-00189,Scale,Australia,82,5248,false,false
2025-02-01,ACC-00190,Starter,Australia,7,84,false,false
2025-02-01,ACC-00192,Growth,United States,12,348,false,false
2025-02-01,ACC-00193,Starter,Australia,5,60,false,false
2025-02-01,ACC-00194,Growth,United States,16,464,false,false
2025-02-01,ACC-00195,Starter,Brazil,5,60,false,false
2025-02-01,ACC-00197,Growth,United Kingdom,27,783,false,false
2025-02-01,ACC-00199,Starter,United States,5,60,false,false
2025-02-01,ACC-00200,Starter,Germany,2,24,false,false
2025-02-01,ACC-00201,Starter,Germany,5,60,false,false
2025-02-01,ACC-00203,Growth,United States,8,232,false,false
2025-02-01,ACC-00204,Growth,United States,16,464,false,false
2025-02-01,ACC-00205,Starter,United States,2,24,false,false
2025-02-01,ACC-00206,Growth,Australia,29,841,false,false
2025-02-01,ACC-00207,Scale,Japan,96,6144,false,false
2025-02-01,ACC-00208,Starter,United Kingdom,9,108,false,false
2025-02-01,ACC-00209,Scale,Australia,114,7296,false,false
2025-02-01,ACC-00210,Starter,India,4,48,false,false
2025-02-01,ACC-00211,Scale,Brazil,74,4736,false,false
2025-02-01,ACC-00212,Growth,India,14,406,false,false
2025-02-01,ACC-00214,Starter,Germany,3,36,false,false
2025-02-01,ACC-00215,Starter,Japan,4,48,false,false
2025-02-01,ACC-00217,Growth,Australia,15,435,false,false
2025-02-01,ACC-00218,Starter,Germany,7,84,false,false
2025-02-01,ACC-00219,Starter,Canada,5,60,false,false
2025-02-01,ACC-00220,Scale,Germany,122,7808,false,false
2025-02-01,ACC-00221,Growth,Germany,30,870,false,false
2025-02-01,ACC-00222,Starter,United States,6,72,false,false
2025-02-01,ACC-00224,Starter,Brazil,6,72,false,true
2025-02-01,ACC-00225,Growth,United States,31,899,false,false
2025-02-01,ACC-00226,Growth,United States,31,899,false,false
2025-02-01,ACC-00227,Starter,United States,7,84,false,false
2025-02-01,ACC-00228,Growth,United States,10,290,false,false
2025-02-01,ACC-00229,Starter,United States,3,36,false,false
2025-02-01,ACC-00230,Starter,India,4,48,false,false
2025-02-01,ACC-00232,Growth,Germany,11,319,false,false
2025-02-01,ACC-00233,Growth,United States,29,841,false,false
2025-02-01,ACC-00234,Growth,United States,25,725,false,false
2025-02-01,ACC-00235,Growth,United Kingdom,31,899,false,false
2025-02-01,ACC-00236,Starter,Germany,4,48,false,false
2025-02-01,ACC-00238,Starter,Germany,6,72,false,false
2025-02-01,ACC-00239,Starter,Australia,6,72,false,false
2025-02-01,ACC-00241,Growth,Brazil,7,203,false,false
2025-02-01,ACC-00243,Growth,United States,16,464,false,false
2025-02-01,ACC-00244,Growth,United States,31,899,false,false
2025-02-01,ACC-00245,Growth,United States,16,464,false,false
2025-02-01,ACC-00246,Starter,India,4,48,false,false
2025-02-01,ACC-00247,Scale,Australia,42,2688,false,false
2025-02-01,ACC-00248,Starter,Japan,6,72,false,false
2025-02-01,ACC-00249,Growth,Germany,24,696,false,false
2025-02-01,ACC-00250,Starter,United States,3,36,false,false
2025-02-01,ACC-00251,Starter,Brazil,2,24,false,false
2025-02-01,ACC-00252,Starter,United Kingdom,5,60,false,false
2025-02-01,ACC-00253,Starter,United Kingdom,6,72,false,false
2025-02-01,ACC-00254,Starter,United States,3,36,false,false
2025-02-01,ACC-00255,Starter,Brazil,6,72,false,false
2025-02-01,ACC-00256,Growth,United States,16,464,false,false
2025-02-01,ACC-00257,Starter,United States,1,12,false,false
2025-02-01,ACC-00258,Growth,United States,17,493,false,false
2025-02-01,ACC-00262,Starter,India,4,48,false,false
2025-02-01,ACC-00263,Starter,United States,4,48,false,true
2025-02-01,ACC-00264,Growth,Australia,13,377,false,false
2025-02-01,ACC-00265,Starter,Australia,6,72,false,false
2025-02-01,ACC-00266,Growth,United States,23,667,false,false
2025-02-01,ACC-00267,Growth,United States,20,580,false,false
2025-02-01,ACC-00268,Growth,United States,18,522,false,false
2025-02-01,ACC-00269,Growth,United States,23,667,false,false
2025-02-01,ACC-00270,Growth,Australia,31,899,false,false
2025-02-01,ACC-00271,Growth,Canada,19,551,false,false
2025-02-01,ACC-00272,Scale,United States,48,3072,false,false
2025-02-01,ACC-00273,Scale,India,81,5184,false,false
2025-02-01,ACC-00274,Growth,India,24,696,false,false
2025-02-01,ACC-00279,Scale,India,35,2240,false,false
2025-02-01,ACC-00280,Growth,Canada,12,348,false,false
2025-02-01,ACC-00281,Growth,Germany,8,232,false,false
2025-02-01,ACC-00282,Growth,Germany,19,551,false,false
2025-02-01,ACC-00283,Scale,United Kingdom,62,3968,false,false
2025-02-01,ACC-00284,Growth,United States,14,406,false,false
2025-02-01,ACC-00285,Growth,India,8,232,false,false
2025-02-01,ACC-00286,Starter,United States,3,36,false,false
2025-02-01,ACC-00288,Growth,Australia,22,638,false,false
2025-02-01,ACC-00289,Starter,United States,2,24,false,false
2025-02-01,ACC-00291,Growth,Japan,29,841,false,false
2025-02-01,ACC-00292,Starter,United States,6,72,false,false
2025-02-01,ACC-00293,Growth,Germany,11,319,false,false
2025-02-01,ACC-00295,Starter,United States,2,24,false,false
2025-02-01,ACC-00296,Starter,Japan,3,36,false,false
2025-02-01,ACC-00297,Starter,India,2,24,false,false
2025-02-01,ACC-00299,Starter,United Kingdom,3,36,false,false
2025-02-01,ACC-00300,Starter,United States,2,24,false,false
2025-02-01,ACC-00301,Growth,United States,20,580,false,false
2025-02-01,ACC-00302,Starter,United States,3,36,false,false
2025-02-01,ACC-00303,Starter,Brazil,9,108,false,false
2025-02-01,ACC-00304,Starter,United Kingdom,2,24,false,false
2025-02-01,ACC-00305,Starter,Germany,3,36,false,false
2025-02-01,ACC-00306,Starter,Brazil,4,48,false,false
2025-02-01,ACC-00307,Scale,United Kingdom,75,4800,false,false
2025-02-01,ACC-00308,Growth,United Kingdom,12,348,false,false
2025-02-01,ACC-00309,Scale,Japan,55,3520,false,false
2025-02-01,ACC-00310,Growth,United Kingdom,30,870,false,false
2025-02-01,ACC-00311,Starter,Japan,3,36,false,false
2025-02-01,ACC-00312,Growth,Germany,9,261,false,false
2025-02-01,ACC-00313,Starter,United States,2,24,false,false
2025-02-01,ACC-00314,Growth,United States,16,464,false,false
2025-02-01,ACC-00315,Growth,United States,14,406,false,false
2025-02-01,ACC-00316,Starter,Germany,2,24,false,false
2025-02-01,ACC-00317,Starter,India,3,36,false,false
2025-02-01,ACC-00318,Starter,United States,5,60,false,false
2025-02-01,ACC-00319,Starter,United States,1,12,false,false
2025-02-01,ACC-00320,Starter,Japan,4,48,false,false
2025-02-01,ACC-00321,Scale,United States,113,7232,false,false
2025-02-01,ACC-00322,Starter,United States,6,72,false,false
2025-02-01,ACC-00323,Growth,United States,28,812,false,false
2025-02-01,ACC-00324,Starter,Canada,6,72,false,false
2025-02-01,ACC-00325,Starter,Canada,3,36,false,false
2025-02-01,ACC-00326,Starter,India,2,24,false,false
2025-02-01,ACC-00327,Starter,Japan,7,84,false,false
2025-02-01,ACC-00328,Starter,India,2,24,false,false
2025-02-01,ACC-00329,Starter,United States,7,84,false,false
2025-02-01,ACC-00330,Starter,Canada,4,48,false,false
2025-02-01,ACC-00331,Starter,United States,4,48,false,false
2025-02-01,ACC-00334,Scale,Germany,104,6656,false,false
2025-02-01,ACC-00336,Scale,Canada,82,5248,false,false
2025-02-01,ACC-00338,Starter,Germany,7,84,false,false
2025-02-01,ACC-00339,Growth,United States,11,319,false,false
2025-02-01,ACC-00340,Growth,Australia,30,870,false,false
2025-02-01,ACC-00341,Starter,United States,3,36,false,false
2025-02-01,ACC-00342,Growth,Brazil,28,812,false,false
2025-02-01,ACC-00343,Starter,United States,4,48,false,true
2025-02-01,ACC-00344,Growth,Brazil,6,174,false,true
2025-02-01,ACC-00345,Starter,Australia,3,36,false,false
2025-02-01,ACC-00346,Scale,United States,81,5184,false,false
2025-02-01,ACC-00347,Starter,United States,6,72,false,false
2025-02-01,ACC-00348,Starter,Canada,3,36,false,false
2025-02-01,ACC-00349,Scale,United States,98,6272,false,false
2025-02-01,ACC-00350,Starter,Germany,5,60,false,false
2025-02-01,ACC-00351,Starter,United States,5,60,false,false
2025-02-01,ACC-00352,Growth,United States,28,812,false,false
2025-02-01,ACC-00353,Growth,United States,9,261,false,false
2025-02-01,ACC-00354,Starter,India,4,48,false,false
2025-02-01,ACC-00355,Growth,India,24,696,false,false
2025-02-01,ACC-00356,Growth,Germany,27,783,false,false
2025-02-01,ACC-00357,Growth,Germany,16,464,false,false
2025-02-01,ACC-00358,Starter,United States,5,60,false,false
2025-02-01,ACC-00361,Starter,United States,6,72,false,false
2025-02-01,ACC-00362,Scale,United States,42,2688,false,false
2025-02-01,ACC-00363,Starter,United States,4,48,false,false
2025-02-01,ACC-00364,Growth,India,28,812,false,false
2025-02-01,ACC-00365,Starter,United States,8,96,false,false
2025-02-01,ACC-00367,Starter,Australia,1,12,false,false
2025-02-01,ACC-00368,Scale,United States,101,6464,false,false
2025-02-01,ACC-00369,Starter,United States,1,12,false,false
2025-02-01,ACC-00370,Growth,United States,29,841,false,false
2025-02-01,ACC-00371,Starter,United Kingdom,4,48,false,false
2025-02-01,ACC-00372,Growth,United States,31,899,false,false
2025-02-01,ACC-00373,Starter,United States,7,84,false,false
2025-02-01,ACC-00374,Starter,Germany,5,60,false,false
2025-02-01,ACC-00375,Growth,United States,27,783,false,false
2025-02-01,ACC-00376,Starter,United Kingdom,7,84,false,false
2025-02-01,ACC-00377,Growth,United States,12,348,false,false
2025-02-01,ACC-00378,Starter,United States,4,48,false,false
2025-02-01,ACC-00379,Growth,United States,30,870,false,false
2025-02-01,ACC-00380,Growth,Germany,24,696,false,false
2025-02-01,ACC-00381,Starter,United States,7,84,false,false
2025-02-01,ACC-00382,Starter,United States,4,48,false,false
2025-02-01,ACC-00383,Scale,Japan,96,6144,false,false
2025-02-01,ACC-00384,Scale,United Kingdom,99,6336,false,false
2025-02-01,ACC-00386,Starter,Germany,3,36,false,false
2025-02-01,ACC-00387,Growth,Germany,18,522,false,false
2025-02-01,ACC-00388,Starter,India,4,48,false,false
2025-02-01,ACC-00389,Growth,United States,6,174,false,true
2025-02-01,ACC-00390,Starter,India,2,24,false,false
2025-02-01,ACC-00391,Starter,Germany,4,48,false,false
2025-02-01,ACC-00392,Starter,United Kingdom,2,24,false,false
2025-02-01,ACC-00393,Starter,Germany,6,72,false,false
2025-02-01,ACC-00394,Starter,Germany,5,60,false,false
2025-02-01,ACC-00395,Growth,United Kingdom,20,580,false,false
2025-02-01,ACC-00397,Growth,United States,8,232,false,false
2025-02-01,ACC-00398,Starter,Brazil,4,48,false,false
2025-02-01,ACC-00400,Growth,United States,20,580,false,false
2025-02-01,ACC-00401,Scale,United States,33,2112,false,false
2025-02-01,ACC-00402,Growth,United States,18,522,false,false
2025-02-01,ACC-00403,Growth,United Kingdom,27,783,false,false
2025-02-01,ACC-00404,Scale,United States,82,5248,false,false
2025-02-01,ACC-00405,Starter,United States,4,48,false,false
2025-02-01,ACC-00406,Growth,Germany,15,435,false,true
2025-02-01,ACC-00407,Growth,United States,30,870,false,false
2025-02-01,ACC-00408,Growth,Japan,22,638,false,false
2025-02-01,ACC-00409,Starter,Japan,3,36,false,false
2025-02-01,ACC-00410,Starter,United States,1,12,false,false
2025-02-01,ACC-00411,Starter,United Kingdom,6,72,false,false
2025-02-01,ACC-00412,Growth,Japan,7,203,false,false
2025-02-01,ACC-00413,Growth,United States,22,638,false,false
2025-02-01,ACC-00414,Starter,United States,4,48,false,false
2025-02-01,ACC-00415,Scale,United States,107,6848,false,false
2025-02-01,ACC-00416,Growth,United States,29,841,false,false
2025-02-01,ACC-00417,Starter,Japan,2,24,false,false
2025-02-01,ACC-00418,Starter,United States,3,36,false,false
2025-02-01,ACC-00419,Starter,Germany,1,12,false,false
2025-02-01,ACC-00420,Starter,Germany,5,60,false,false
2025-02-01,ACC-00421,Scale,Canada,89,5696,false,false
2025-02-01,ACC-00422,Growth,Brazil,24,696,false,false
2025-02-01,ACC-00423,Starter,India,6,72,false,false
2025-02-01,ACC-00424,Starter,United Kingdom,4,48,false,false
2025-02-01,ACC-00425,Starter,Japan,1,12,false,false
2025-02-01,ACC-00426,Starter,Brazil,3,36,false,false
2025-02-01,ACC-00427,Starter,United States,4,48,false,false
2025-02-01,ACC-00428,Starter,United States,5,60,false,false
2025-02-01,ACC-00429,Growth,United States,23,667,false,false
2025-02-01,ACC-00430,Starter,India,5,60,false,false
2025-02-01,ACC-00432,Scale,Australia,100,6400,false,false
2025-02-01,ACC-00433,Starter,United States,6,72,false,true
2025-02-01,ACC-00434,Starter,Canada,8,96,false,false
2025-02-01,ACC-00435,Growth,United States,18,522,false,false
2025-02-01,ACC-00436,Scale,Germany,27,1728,false,false
2025-02-01,ACC-00437,Starter,Brazil,4,48,false,false
2025-02-01,ACC-00438,Starter,Japan,4,48,false,false
2025-02-01,ACC-00439,Starter,Germany,5,60,false,false
2025-02-01,ACC-00440,Starter,United States,6,72,false,false
2025-02-01,ACC-00441,Growth,United States,16,464,false,false
2025-02-01,ACC-00442,Starter,United Kingdom,1,12,false,false
2025-02-01,ACC-00443,Starter,United States,1,12,false,false
2025-02-01,ACC-00444,Starter,Japan,3,36,false,false
2025-02-01,ACC-00445,Growth,Canada,29,841,false,false
2025-02-01,ACC-00446,Scale,United Kingdom,102,6528,false,false
2025-02-01,ACC-00447,Starter,United States,4,48,false,false
2025-02-01,ACC-00448,Starter,Australia,6,72,false,false
2025-02-01,ACC-00449,Starter,United States,6,72,false,false
2025-02-01,ACC-00450,Scale,United Kingdom,110,7040,false,false
2025-02-01,ACC-00451,Growth,Brazil,21,609,false,false
2025-02-01,ACC-00452,Starter,United States,3,36,false,false
2025-02-01,ACC-00453,Starter,United Kingdom,6,72,false,false
2025-02-01,ACC-00454,Growth,United States,13,377,false,false
2025-02-01,ACC-00456,Starter,Germany,2,24,false,false
2025-02-01,ACC-00457,Starter,United States,5,60,false,false
2025-02-01,ACC-00458,Growth,Germany,16,464,false,false
2025-02-01,ACC-00459,Starter,India,1,12,false,false
2025-02-01,ACC-00460,Starter,United Kingdom,5,60,false,false
2025-02-01,ACC-00461,Growth,United States,24,696,false,false
2025-02-01,ACC-00462,Starter,Brazil,7,84,false,false
2025-02-01,ACC-00463,Starter,Canada,3,36,false,false
2025-02-01,ACC-00464,Growth,United States,19,551,false,false
2025-02-01,ACC-00465,Growth,United States,12,348,false,true
2025-02-01,ACC-00466,Growth,Japan,9,261,false,false
2025-02-01,ACC-00467,Growth,Canada,8,232,false,false
2025-02-01,ACC-00468,Starter,United States,6,72,false,false
2025-02-01,ACC-00469,Growth,India,13,377,false,false
2025-02-01,ACC-00470,Starter,United Kingdom,1,12,false,false
2025-02-01,ACC-00471,Growth,Australia,30,870,false,false
2025-02-01,ACC-00472,Starter,United States,4,48,false,false
2025-02-01,ACC-00473,Starter,Canada,1,12,false,false
2025-02-01,ACC-00474,Starter,Canada,2,24,false,false
2025-02-01,ACC-00475,Growth,Australia,24,696,false,false
2025-02-01,ACC-00476,Growth,Japan,11,319,false,false
2025-02-01,ACC-00477,Starter,United Kingdom,5,60,false,false
2025-02-01,ACC-00478,Starter,United States,6,72,false,false
2025-02-01,ACC-00479,Starter,United States,1,12,false,false
2025-02-01,ACC-00480,Starter,Australia,4,48,false,false
2025-02-01,ACC-00481,Starter,Germany,6,72,false,false
2025-02-01,ACC-00482,Starter,United States,3,36,false,false
2025-02-01,ACC-00483,Growth,Canada,25,725,false,false
2025-02-01,ACC-00484,Scale,Germany,71,4544,false,false
2025-02-01,ACC-00485,Starter,Japan,1,12,false,false
2025-02-01,ACC-00486,Growth,India,9,261,false,false
2025-02-01,ACC-00487,Starter,Germany,3,36,false,false
2025-02-01,ACC-00488,Starter,Germany,2,24,false,false
2025-02-01,ACC-00489,Scale,United States,91,5824,false,false
2025-02-01,ACC-00490,Growth,Germany,17,493,false,false
2025-02-01,ACC-00491,Growth,India,29,841,false,false
2025-02-01,ACC-00492,Starter,United States,1,12,false,false
2025-02-01,ACC-00493,Starter,India,6,72,false,false
2025-02-01,ACC-00494,Starter,United Kingdom,5,60,false,false
2025-02-01,ACC-00495,Growth,United States,30,870,false,false
2025-02-01,ACC-00496,Starter,United States,5,60,false,false
2025-02-01,ACC-00497,Starter,United Kingdom,4,48,false,false
2025-02-01,ACC-00498,Growth,United States,6,174,false,false
2025-02-01,ACC-00499,Growth,India,7,203,false,false
2025-02-01,ACC-00500,Starter,India,4,48,false,false
2025-02-01,ACC-00501,Growth,United States,18,522,false,false
2025-02-01,ACC-00502,Growth,Brazil,16,464,false,false
2025-02-01,ACC-00503,Growth,Brazil,6,174,false,false
2025-02-01,ACC-00504,Starter,United Kingdom,1,12,true,false
2025-02-01,ACC-00505,Growth,Australia,25,725,true,false
2025-02-01,ACC-00506,Starter,United States,6,72,true,false
2025-02-01,ACC-00507,Starter,United States,4,48,true,false
2025-02-01,ACC-00508,Growth,Canada,12,348,true,false
2025-02-01,ACC-00509,Scale,India,82,5248,true,false
2025-02-01,ACC-00510,Starter,United States,2,24,true,false
2025-02-01,ACC-00511,Growth,United States,6,174,true,false
2025-02-01,ACC-00512,Starter,Australia,1,12,true,false
2025-02-01,ACC-00513,Starter,Canada,4,48,true,false
2025-02-01,ACC-00514,Starter,Canada,4,48,true,false
2025-02-01,ACC-00515,Starter,India,5,60,true,false
2025-02-01,ACC-00516,Starter,Brazil,3,36,true,false
2025-02-01,ACC-00517,Starter,United States,6,72,true,false
2025-02-01,ACC-00518,Growth,Japan,16,464,true,false
2025-03-01,ACC-00002,Scale,United States,120,7680,false,false
2025-03-01,ACC-00003,Scale,Germany,70,4480,false,false
2025-03-01,ACC-00005,Growth,United States,19,551,false,false
2025-03-01,ACC-00006,Scale,Germany,55,3520,false,false
2025-03-01,ACC-00007,Starter,United States,6,72,false,false
2025-03-01,ACC-00008,Starter,United States,2,24,false,false
2025-03-01,ACC-00009,Growth,Canada,9,261,false,false
2025-03-01,ACC-00010,Starter,United States,5,60,false,false
2025-03-01,ACC-00011,Starter,United States,5,60,false,false
2025-03-01,ACC-00013,Growth,Canada,27,783,false,false
2025-03-01,ACC-00014,Growth,United States,27,783,false,false
2025-03-01,ACC-00015,Starter,Germany,4,48,false,false
2025-03-01,ACC-00016,Starter,United States,3,36,false,false
2025-03-01,ACC-00017,Starter,Canada,2,24,false,false
2025-03-01,ACC-00019,Growth,India,15,435,false,false
2025-03-01,ACC-00021,Starter,United States,6,72,false,false
2025-03-01,ACC-00022,Scale,Japan,51,3264,false,false
2025-03-01,ACC-00023,Growth,United States,26,754,false,false
2025-03-01,ACC-00026,Scale,United Kingdom,58,3712,false,false
2025-03-01,ACC-00027,Starter,United States,6,72,false,false
2025-03-01,ACC-00030,Growth,Germany,23,667,false,false
2025-03-01,ACC-00031,Starter,United States,4,48,false,false
2025-03-01,ACC-00032,Growth,India,14,406,false,false
2025-03-01,ACC-00033,Growth,United States,29,841,false,false
2025-03-01,ACC-00034,Starter,United States,2,24,false,false
2025-03-01,ACC-00036,Growth,United States,7,203,false,false
2025-03-01,ACC-00037,Growth,India,11,319,false,false
2025-03-01,ACC-00038,Starter,Germany,2,24,false,false
2025-03-01,ACC-00039,Starter,India,3,36,false,false
2025-03-01,ACC-00040,Starter,Australia,5,60,false,false
2025-03-01,ACC-00041,Starter,India,2,24,false,false
2025-03-01,ACC-00044,Growth,India,15,435,false,false
2025-03-01,ACC-00045,Growth,United Kingdom,13,377,false,false
2025-03-01,ACC-00046,Growth,India,29,841,false,false
2025-03-01,ACC-00048,Scale,Brazil,98,6272,false,false
2025-03-01,ACC-00049,Starter,United States,1,12,false,false
2025-03-01,ACC-00050,Starter,United Kingdom,3,36,false,false
2025-03-01,ACC-00051,Growth,India,27,783,false,false
2025-03-01,ACC-00052,Growth,Japan,12,348,false,false
2025-03-01,ACC-00054,Starter,United Kingdom,4,48,false,false
2025-03-01,ACC-00055,Growth,United Kingdom,7,203,false,false
2025-03-01,ACC-00057,Starter,Japan,7,84,false,false
2025-03-01,ACC-00058,Scale,Germany,111,7104,false,false
2025-03-01,ACC-00060,Growth,Canada,23,667,false,false
2025-03-01,ACC-00061,Starter,Germany,3,36,false,false
2025-03-01,ACC-00063,Starter,Australia,4,48,false,false
2025-03-01,ACC-00065,Growth,Brazil,6,174,false,false
2025-03-01,ACC-00066,Growth,Germany,7,203,false,false
2025-03-01,ACC-00067,Starter,United Kingdom,2,24,false,false
2025-03-01,ACC-00068,Starter,United States,7,84,false,false
2025-03-01,ACC-00069,Starter,United States,1,12,false,false
2025-03-01,ACC-00070,Growth,United States,31,899,false,false
2025-03-01,ACC-00072,Growth,United States,10,290,false,false
2025-03-01,ACC-00073,Starter,Australia,3,36,false,false
2025-03-01,ACC-00074,Growth,United States,6,174,false,false
2025-03-01,ACC-00075,Growth,United States,25,725,false,false
2025-03-01,ACC-00076,Starter,Australia,6,72,false,false
2025-03-01,ACC-00077,Starter,United States,2,24,false,false
2025-03-01,ACC-00078,Growth,United States,25,725,false,false
2025-03-01,ACC-00079,Scale,Brazil,52,3328,false,false
2025-03-01,ACC-00080,Scale,United States,99,6336,false,false
2025-03-01,ACC-00081,Starter,Australia,7,84,false,false
2025-03-01,ACC-00086,Starter,United States,5,60,false,false
2025-03-01,ACC-00087,Starter,United States,4,48,false,false
2025-03-01,ACC-00088,Starter,United Kingdom,4,48,false,false
2025-03-01,ACC-00089,Growth,United States,24,696,false,false
2025-03-01,ACC-00092,Starter,India,4,48,false,false
2025-03-01,ACC-00093,Starter,United Kingdom,1,12,false,false
2025-03-01,ACC-00094,Growth,United States,17,493,false,false
2025-03-01,ACC-00096,Starter,Canada,2,24,false,false
2025-03-01,ACC-00097,Growth,United States,14,406,false,false
2025-03-01,ACC-00100,Starter,Germany,6,72,false,false
2025-03-01,ACC-00102,Starter,United States,4,48,false,false
2025-03-01,ACC-00103,Starter,United States,6,72,false,false
2025-03-01,ACC-00104,Scale,United States,106,6784,false,false
2025-03-01,ACC-00107,Scale,United Kingdom,58,3712,false,false
2025-03-01,ACC-00108,Starter,United States,4,48,false,false
2025-03-01,ACC-00109,Growth,Brazil,20,580,false,false
2025-03-01,ACC-00110,Starter,United States,4,48,false,false
2025-03-01,ACC-00111,Starter,United States,5,60,false,false
2025-03-01,ACC-00112,Starter,United States,2,24,false,false
2025-03-01,ACC-00113,Growth,Germany,8,232,false,false
2025-03-01,ACC-00115,Starter,Japan,7,84,false,false
2025-03-01,ACC-00116,Growth,United States,12,348,false,false
2025-03-01,ACC-00117,Growth,United States,9,261,false,false
2025-03-01,ACC-00119,Scale,India,33,2112,false,false
2025-03-01,ACC-00120,Scale,Japan,114,7296,false,false
2025-03-01,ACC-00121,Starter,United States,8,96,false,false
2025-03-01,ACC-00122,Growth,United States,24,696,false,false
2025-03-01,ACC-00125,Growth,United States,15,435,false,false
2025-03-01,ACC-00126,Growth,United States,24,696,false,false
2025-03-01,ACC-00128,Starter,United States,1,12,false,false
2025-03-01,ACC-00129,Growth,Japan,18,522,false,false
2025-03-01,ACC-00130,Growth,Brazil,28,812,false,false
2025-03-01,ACC-00131,Starter,United States,5,60,false,false
2025-03-01,ACC-00133,Growth,Canada,18,522,false,false
2025-03-01,ACC-00135,Starter,United States,5,60,false,true
2025-03-01,ACC-00136,Growth,Germany,17,493,false,false
2025-03-01,ACC-00137,Starter,United States,3,36,false,false
2025-03-01,ACC-00138,Starter,Brazil,6,72,false,true
2025-03-01,ACC-00139,Starter,Japan,6,72,false,false
2025-03-01,ACC-00140,Growth,United States,15,435,false,false
2025-03-01,ACC-00141,Starter,Brazil,6,72,false,false
2025-03-01,ACC-00144,Scale,United States,104,6656,false,false
2025-03-01,ACC-00146,Starter,Canada,2,24,false,false
2025-03-01,ACC-00147,Starter,Brazil,6,72,false,false
2025-03-01,ACC-00148,Growth,United States,29,841,false,false
2025-03-01,ACC-00149,Growth,United Kingdom,8,232,false,false
2025-03-01,ACC-00152,Starter,India,5,60,false,false
2025-03-01,ACC-00155,Growth,Canada,23,667,false,false
2025-03-01,ACC-00157,Starter,United Kingdom,5,60,false,false
2025-03-01,ACC-00158,Starter,United States,10,120,false,false
2025-03-01,ACC-00159,Starter,Japan,5,60,false,false
2025-03-01,ACC-00160,Starter,United Kingdom,1,12,false,false
2025-03-01,ACC-00161,Scale,Australia,52,3328,false,false
2025-03-01,ACC-00162,Starter,United States,7,84,false,false
2025-03-01,ACC-00163,Growth,Japan,18,522,false,false
2025-03-01,ACC-00164,Starter,United States,2,24,false,false
2025-03-01,ACC-00165,Starter,United States,4,48,false,false
2025-03-01,ACC-00167,Starter,Germany,5,60,false,false
2025-03-01,ACC-00169,Growth,Japan,12,348,false,false
2025-03-01,ACC-00170,Starter,India,5,60,false,false
2025-03-01,ACC-00173,Growth,Germany,6,174,false,false
2025-03-01,ACC-00175,Scale,Brazil,105,6720,false,false
2025-03-01,ACC-00176,Starter,Brazil,2,24,false,false
2025-03-01,ACC-00177,Starter,India,6,72,false,false
2025-03-01,ACC-00178,Growth,India,6,174,false,false
2025-03-01,ACC-00179,Scale,United States,59,3776,false,false
2025-03-01,ACC-00181,Starter,Germany,5,60,false,false
2025-03-01,ACC-00183,Scale,United States,28,1792,false,false
2025-03-01,ACC-00188,Growth,Brazil,28,812,false,false
2025-03-01,ACC-00189,Scale,Australia,82,5248,false,false
2025-03-01,ACC-00190,Starter,Australia,7,84,false,false
2025-03-01,ACC-00192,Growth,United States,12,348,false,false
2025-03-01,ACC-00193,Starter,Australia,5,60,false,false
2025-03-01,ACC-00194,Growth,United States,16,464,false,false
2025-03-01,ACC-00195,Starter,Brazil,5,60,false,false
2025-03-01,ACC-00197,Growth,United Kingdom,27,783,false,false
2025-03-01,ACC-00199,Starter,United States,5,60,false,false
2025-03-01,ACC-00200,Starter,Germany,2,24,false,false
2025-03-01,ACC-00201,Starter,Germany,6,72,false,false
2025-03-01,ACC-00203,Growth,United States,8,232,false,false
2025-03-01,ACC-00204,Growth,United States,16,464,false,false
2025-03-01,ACC-00205,Starter,United States,2,24,false,false
2025-03-01,ACC-00206,Growth,Australia,29,841,false,false
2025-03-01,ACC-00207,Scale,Japan,96,6144,false,false
2025-03-01,ACC-00208,Starter,United Kingdom,9,108,false,false
2025-03-01,ACC-00209,Scale,Australia,114,7296,false,false
2025-03-01,ACC-00210,Starter,India,4,48,false,false
2025-03-01,ACC-00211,Scale,Brazil,74,4736,false,false
2025-03-01,ACC-00212,Growth,India,14,406,false,false
2025-03-01,ACC-00214,Starter,Germany,3,36,false,false
2025-03-01,ACC-00215,Starter,Japan,4,48,false,false
2025-03-01,ACC-00217,Growth,Australia,15,435,false,false
2025-03-01,ACC-00218,Starter,Germany,7,84,false,false
2025-03-01,ACC-00219,Starter,Canada,6,72,false,false
2025-03-01,ACC-00220,Scale,Germany,122,7808,false,false
2025-03-01,ACC-00221,Growth,Germany,30,870,false,false
2025-03-01,ACC-00222,Starter,United States,6,72,false,true
2025-03-01,ACC-00225,Growth,United States,31,899,false,false
2025-03-01,ACC-00226,Growth,United States,31,899,false,false
2025-03-01,ACC-00227,Starter,United States,7,84,false,false
2025-03-01,ACC-00228,Growth,United States,10,290,false,false
2025-03-01,ACC-00229,Starter,United States,3,36,false,false
2025-03-01,ACC-00230,Starter,India,4,48,false,false
2025-03-01,ACC-00232,Growth,Germany,11,319,false,false
2025-03-01,ACC-00233,Growth,United States,29,841,false,false
2025-03-01,ACC-00234,Growth,United States,25,725,false,false
2025-03-01,ACC-00235,Growth,United Kingdom,31,899,false,false
2025-03-01,ACC-00236,Starter,Germany,4,48,false,false
2025-03-01,ACC-00238,Starter,Germany,6,72,false,false
2025-03-01,ACC-00239,Starter,Australia,6,72,false,false
2025-03-01,ACC-00241,Growth,Brazil,7,203,false,false
2025-03-01,ACC-00243,Growth,United States,16,464,false,false
2025-03-01,ACC-00244,Growth,United States,31,899,false,false
2025-03-01,ACC-00245,Growth,United States,16,464,false,false
2025-03-01,ACC-00246,Starter,India,4,48,false,false
2025-03-01,ACC-00247,Scale,Australia,42,2688,false,false
2025-03-01,ACC-00248,Starter,Japan,6,72,false,false
2025-03-01,ACC-00249,Growth,Germany,24,696,false,false
2025-03-01,ACC-00250,Starter,United States,4,48,false,false
2025-03-01,ACC-00251,Starter,Brazil,2,24,false,false
2025-03-01,ACC-00252,Starter,United Kingdom,5,60,false,false
2025-03-01,ACC-00253,Starter,United Kingdom,6,72,false,false
2025-03-01,ACC-00254,Starter,United States,3,36,false,false
2025-03-01,ACC-00255,Starter,Brazil,6,72,false,false
2025-03-01,ACC-00256,Growth,United States,17,493,false,false
2025-03-01,ACC-00257,Starter,United States,1,12,false,false
2025-03-01,ACC-00258,Growth,United States,17,493,false,false
2025-03-01,ACC-00262,Starter,India,4,48,false,false
2025-03-01,ACC-00264,Growth,Australia,13,377,false,false
2025-03-01,ACC-00265,Starter,Australia,6,72,false,false
2025-03-01,ACC-00266,Growth,United States,23,667,false,false
2025-03-01,ACC-00267,Growth,United States,20,580,false,false
2025-03-01,ACC-00268,Growth,United States,18,522,false,false
2025-03-01,ACC-00269,Growth,United States,23,667,false,false
2025-03-01,ACC-00270,Growth,Australia,31,899,false,false
2025-03-01,ACC-00271,Growth,Canada,19,551,false,false
2025-03-01,ACC-00272,Scale,United States,48,3072,false,false
2025-03-01,ACC-00273,Scale,India,81,5184,false,false
2025-03-01,ACC-00274,Growth,India,24,696,false,false
2025-03-01,ACC-00279,Scale,India,35,2240,false,false
2025-03-01,ACC-00280,Growth,Canada,12,348,false,false
2025-03-01,ACC-00281,Growth,Germany,8,232,false,false
2025-03-01,ACC-00282,Growth,Germany,19,551,false,false
2025-03-01,ACC-00283,Scale,United Kingdom,62,3968,false,false
2025-03-01,ACC-00284,Growth,United States,14,406,false,false
2025-03-01,ACC-00285,Growth,India,8,232,false,false
2025-03-01,ACC-00286,Starter,United States,3,36,false,false
2025-03-01,ACC-00288,Growth,Australia,22,638,false,false
2025-03-01,ACC-00289,Starter,United States,2,24,false,false
2025-03-01,ACC-00291,Growth,Japan,29,841,false,false
2025-03-01,ACC-00292,Starter,United States,6,72,false,false
2025-03-01,ACC-00293,Growth,Germany,11,319,false,false
2025-03-01,ACC-00295,Starter,United States,2,24,false,false
2025-03-01,ACC-00296,Starter,Japan,3,36,false,false
2025-03-01,ACC-00297,Starter,India,2,24,false,false
2025-03-01,ACC-00299,Starter,United Kingdom,3,36,false,false
2025-03-01,ACC-00300,Starter,United States,2,24,false,false
2025-03-01,ACC-00301,Growth,United States,20,580,false,false
2025-03-01,ACC-00302,Starter,United States,3,36,false,false
2025-03-01,ACC-00303,Starter,Brazil,9,108,false,false
2025-03-01,ACC-00304,Starter,United Kingdom,2,24,false,false
2025-03-01,ACC-00305,Starter,Germany,3,36,false,true
2025-03-01,ACC-00306,Starter,Brazil,4,48,false,false
2025-03-01,ACC-00307,Scale,United Kingdom,76,4864,false,false
2025-03-01,ACC-00308,Growth,United Kingdom,12,348,false,false
2025-03-01,ACC-00309,Scale,Japan,55,3520,false,false
2025-03-01,ACC-00310,Growth,United Kingdom,30,870,false,false
2025-03-01,ACC-00311,Starter,Japan,3,36,false,false
2025-03-01,ACC-00312,Growth,Germany,10,290,false,false
2025-03-01,ACC-00313,Starter,United States,2,24,false,false
2025-03-01,ACC-00314,Growth,United States,17,493,false,false
2025-03-01,ACC-00315,Growth,United States,14,406,false,false
2025-03-01,ACC-00316,Starter,Germany,2,24,false,false
2025-03-01,ACC-00317,Starter,India,3,36,false,false
2025-03-01,ACC-00318,Starter,United States,5,60,false,false
2025-03-01,ACC-00319,Starter,United States,1,12,false,false
2025-03-01,ACC-00320,Starter,Japan,4,48,false,false
2025-03-01,ACC-00321,Scale,United States,113,7232,false,false
2025-03-01,ACC-00322,Starter,United States,6,72,false,false
2025-03-01,ACC-00323,Growth,United States,28,812,false,false
2025-03-01,ACC-00324,Starter,Canada,6,72,false,false
2025-03-01,ACC-00325,Starter,Canada,3,36,false,false
2025-03-01,ACC-00326,Starter,India,2,24,false,false
2025-03-01,ACC-00327,Starter,Japan,7,84,false,false
2025-03-01,ACC-00328,Starter,India,2,24,false,false
2025-03-01,ACC-00329,Starter,United States,8,96,false,false
2025-03-01,ACC-00330,Starter,Canada,4,48,false,false
2025-03-01,ACC-00331,Starter,United States,4,48,false,false
2025-03-01,ACC-00334,Scale,Germany,104,6656,false,false
2025-03-01,ACC-00336,Scale,Canada,82,5248,false,false
2025-03-01,ACC-00338,Starter,Germany,7,84,false,false
2025-03-01,ACC-00339,Growth,United States,11,319,false,false
2025-03-01,ACC-00340,Growth,Australia,30,870,false,false
2025-03-01,ACC-00341,Starter,United States,3,36,false,false
2025-03-01,ACC-00342,Growth,Brazil,28,812,false,false
2025-03-01,ACC-00345,Starter,Australia,3,36,false,false
2025-03-01,ACC-00346,Scale,United States,81,5184,false,false
2025-03-01,ACC-00347,Starter,United States,6,72,false,false
2025-03-01,ACC-00348,Starter,Canada,3,36,false,false
2025-03-01,ACC-00349,Scale,United States,99,6336,false,false
2025-03-01,ACC-00350,Starter,Germany,5,60,false,false
2025-03-01,ACC-00351,Starter,United States,5,60,false,false
2025-03-01,ACC-00352,Growth,United States,28,812,false,false
2025-03-01,ACC-00353,Growth,United States,9,261,false,false
2025-03-01,ACC-00354,Starter,India,5,60,false,false
2025-03-01,ACC-00355,Growth,India,24,696,false,false
2025-03-01,ACC-00356,Growth,Germany,27,783,false,false
2025-03-01,ACC-00357,Growth,Germany,16,464,false,false
2025-03-01,ACC-00358,Starter,United States,6,72,false,false
2025-03-01,ACC-00361,Starter,United States,6,72,false,false
2025-03-01,ACC-00362,Scale,United States,42,2688,false,false
2025-03-01,ACC-00363,Starter,United States,5,60,false,false
2025-03-01,ACC-00364,Growth,India,28,812,false,false
2025-03-01,ACC-00365,Starter,United States,8,96,false,false
2025-03-01,ACC-00367,Starter,Australia,1,12,false,false
2025-03-01,ACC-00368,Scale,United States,101,6464,false,false
2025-03-01,ACC-00369,Starter,United States,1,12,false,false
2025-03-01,ACC-00370,Growth,United States,29,841,false,false
2025-03-01,ACC-00371,Starter,United Kingdom,4,48,false,false
2025-03-01,ACC-00372,Growth,United States,31,899,false,false
2025-03-01,ACC-00373,Starter,United States,7,84,false,false
2025-03-01,ACC-00374,Starter,Germany,5,60,false,false
2025-03-01,ACC-00375,Growth,United States,27,783,false,false
2025-03-01,ACC-00376,Starter,United Kingdom,7,84,false,false
2025-03-01,ACC-00377,Growth,United States,12,348,false,false
2025-03-01,ACC-00378,Starter,United States,4,48,false,false
2025-03-01,ACC-00379,Growth,United States,30,870,false,false
2025-03-01,ACC-00380,Growth,Germany,24,696,false,false
2025-03-01,ACC-00381,Starter,United States,7,84,false,false
2025-03-01,ACC-00382,Starter,United States,4,48,false,false
2025-03-01,ACC-00383,Scale,Japan,96,6144,false,false
2025-03-01,ACC-00384,Scale,United Kingdom,99,6336,false,false
2025-03-01,ACC-00386,Starter,Germany,3,36,false,false
2025-03-01,ACC-00387,Growth,Germany,18,522,false,false
2025-03-01,ACC-00388,Starter,India,4,48,false,false
2025-03-01,ACC-00390,Starter,India,2,24,false,false
2025-03-01,ACC-00391,Starter,Germany,4,48,false,false
2025-03-01,ACC-00392,Starter,United Kingdom,2,24,false,false
2025-03-01,ACC-00393,Starter,Germany,6,72,false,false
2025-03-01,ACC-00394,Starter,Germany,5,60,false,false
2025-03-01,ACC-00395,Growth,United Kingdom,21,609,false,false
2025-03-01,ACC-00397,Growth,United States,8,232,false,false
2025-03-01,ACC-00398,Starter,Brazil,4,48,false,false
2025-03-01,ACC-00400,Growth,United States,20,580,false,false
2025-03-01,ACC-00401,Scale,United States,33,2112,false,false
2025-03-01,ACC-00402,Growth,United States,18,522,false,false
2025-03-01,ACC-00403,Growth,United Kingdom,27,783,false,false
2025-03-01,ACC-00404,Scale,United States,82,5248,false,false
2025-03-01,ACC-00405,Starter,United States,4,48,false,false
2025-03-01,ACC-00407,Growth,United States,31,899,false,false
2025-03-01,ACC-00408,Growth,Japan,22,638,false,false
2025-03-01,ACC-00409,Starter,Japan,3,36,false,false
2025-03-01,ACC-00410,Starter,United States,1,12,false,false
2025-03-01,ACC-00411,Starter,United Kingdom,6,72,false,false
2025-03-01,ACC-00412,Growth,Japan,7,203,false,false
2025-03-01,ACC-00413,Growth,United States,22,638,false,false
2025-03-01,ACC-00414,Starter,United States,4,48,false,false
2025-03-01,ACC-00415,Scale,United States,107,6848,false,false
2025-03-01,ACC-00416,Growth,United States,29,841,false,false
2025-03-01,ACC-00417,Starter,Japan,2,24,false,false
2025-03-01,ACC-00418,Starter,United States,3,36,false,false
2025-03-01,ACC-00419,Starter,Germany,1,12,false,false
2025-03-01,ACC-00420,Starter,Germany,5,60,false,false
2025-03-01,ACC-00421,Scale,Canada,89,5696,false,false
2025-03-01,ACC-00422,Growth,Brazil,24,696,false,false
2025-03-01,ACC-00423,Starter,India,6,72,false,false
2025-03-01,ACC-00424,Starter,United Kingdom,4,48,false,false
2025-03-01,ACC-00425,Starter,Japan,1,12,false,false
2025-03-01,ACC-00426,Starter,Brazil,3,36,false,false
2025-03-01,ACC-00427,Starter,United States,4,48,false,false
2025-03-01,ACC-00428,Starter,United States,6,72,false,true
2025-03-01,ACC-00429,Growth,United States,23,667,false,false
2025-03-01,ACC-00430,Starter,India,5,60,false,false
2025-03-01,ACC-00432,Scale,Australia,100,6400,false,false
2025-03-01,ACC-00434,Starter,Canada,8,96,false,false
2025-03-01,ACC-00435,Growth,United States,18,522,false,false
2025-03-01,ACC-00436,Scale,Germany,27,1728,false,false
2025-03-01,ACC-00437,Starter,Brazil,4,48,false,false
2025-03-01,ACC-00438,Starter,Japan,5,60,false,false
2025-03-01,ACC-00439,Starter,Germany,5,60,false,false
2025-03-01,ACC-00440,Starter,United States,6,72,false,false
2025-03-01,ACC-00441,Growth,United States,16,464,false,false
2025-03-01,ACC-00442,Starter,United Kingdom,1,12,false,false
2025-03-01,ACC-00443,Starter,United States,1,12,false,false
2025-03-01,ACC-00444,Starter,Japan,3,36,false,false
2025-03-01,ACC-00445,Growth,Canada,30,870,false,false
2025-03-01,ACC-00446,Scale,United Kingdom,102,6528,false,false
2025-03-01,ACC-00447,Starter,United States,4,48,false,false
2025-03-01,ACC-00448,Starter,Australia,6,72,false,false
2025-03-01,ACC-00449,Starter,United States,6,72,false,false
2025-03-01,ACC-00450,Scale,United Kingdom,110,7040,false,false
2025-03-01,ACC-00451,Growth,Brazil,21,609,false,false
2025-03-01,ACC-00452,Starter,United States,3,36,false,false
2025-03-01,ACC-00453,Starter,United Kingdom,6,72,false,false
2025-03-01,ACC-00454,Growth,United States,13,377,false,false
2025-03-01,ACC-00456,Starter,Germany,2,24,false,false
2025-03-01,ACC-00457,Starter,United States,5,60,false,false
2025-03-01,ACC-00458,Growth,Germany,16,464,false,false
2025-03-01,ACC-00459,Starter,India,1,12,false,false
2025-03-01,ACC-00460,Starter,United Kingdom,5,60,false,false
2025-03-01,ACC-00461,Growth,United States,24,696,false,false
2025-03-01,ACC-00462,Starter,Brazil,7,84,false,false
2025-03-01,ACC-00463,Starter,Canada,3,36,false,false
2025-03-01,ACC-00464,Growth,United States,19,551,false,false
2025-03-01,ACC-00466,Growth,Japan,9,261,false,false
2025-03-01,ACC-00467,Growth,Canada,8,232,false,false
2025-03-01,ACC-00468,Starter,United States,6,72,false,false
2025-03-01,ACC-00469,Growth,India,13,377,false,false
2025-03-01,ACC-00470,Starter,United Kingdom,1,12,false,false
2025-03-01,ACC-00471,Growth,Australia,30,870,false,false
2025-03-01,ACC-00472,Starter,United States,4,48,false,false
2025-03-01,ACC-00473,Starter,Canada,1,12,false,false
2025-03-01,ACC-00474,Starter,Canada,2,24,false,false
2025-03-01,ACC-00475,Growth,Australia,24,696,false,false
2025-03-01,ACC-00476,Growth,Japan,11,319,false,false
2025-03-01,ACC-00477,Starter,United Kingdom,5,60,false,false
2025-03-01,ACC-00478,Starter,United States,6,72,false,false
2025-03-01,ACC-00479,Starter,United States,1,12,false,false
2025-03-01,ACC-00480,Starter,Australia,4,48,false,false
2025-03-01,ACC-00481,Starter,Germany,6,72,false,false
2025-03-01,ACC-00482,Starter,United States,3,36,false,false
2025-03-01,ACC-00483,Growth,Canada,25,725,false,false
2025-03-01,ACC-00484,Scale,Germany,71,4544,false,false
2025-03-01,ACC-00485,Starter,Japan,1,12,false,false
2025-03-01,ACC-00486,Growth,India,9,261,false,false
2025-03-01,ACC-00487,Starter,Germany,3,36,false,false
2025-03-01,ACC-00488,Starter,Germany,2,24,false,false
2025-03-01,ACC-00489,Scale,United States,91,5824,false,false
2025-03-01,ACC-00490,Growth,Germany,17,493,false,false
2025-03-01,ACC-00491,Growth,India,29,841,false,false
2025-03-01,ACC-00492,Starter,United States,1,12,false,false
2025-03-01,ACC-00493,Starter,India,6,72,false,false
2025-03-01,ACC-00494,Starter,United Kingdom,5,60,false,false
2025-03-01,ACC-00495,Growth,United States,30,870,false,false
2025-03-01,ACC-00496,Starter,United States,5,60,false,false
2025-03-01,ACC-00497,Starter,United Kingdom,4,48,false,false
2025-03-01,ACC-00498,Growth,United States,6,174,false,false
2025-03-01,ACC-00499,Growth,India,7,203,false,false
2025-03-01,ACC-00500,Starter,India,4,48,false,false
2025-03-01,ACC-00501,Growth,United States,18,522,false,false
2025-03-01,ACC-00502,Growth,Brazil,17,493,false,false
2025-03-01,ACC-00503,Growth,Brazil,6,174,false,false
2025-03-01,ACC-00504,Starter,United Kingdom,1,12,false,false
2025-03-01,ACC-00505,Growth,Australia,25,725,false,false
2025-03-01,ACC-00506,Starter,United States,6,72,false,false
2025-03-01,ACC-00507,Starter,United States,4,48,false,false
2025-03-01,ACC-00508,Growth,Canada,12,348,false,false
2025-03-01,ACC-00509,Scale,India,82,5248,false,false
2025-03-01,ACC-00510,Starter,United States,2,24,false,false
2025-03-01,ACC-00511,Growth,United States,6,174,false,false
2025-03-01,ACC-00512,Starter,Australia,1,12,false,false
2025-03-01,ACC-00513,Starter,Canada,4,48,false,false
2025-03-01,ACC-00514,Starter,Canada,4,48,false,false
2025-03-01,ACC-00515,Starter,India,5,60,false,false
2025-03-01,ACC-00516,Starter,Brazil,3,36,false,false
2025-03-01,ACC-00517,Starter,United States,6,72,false,false
2025-03-01,ACC-00518,Growth,Japan,16,464,false,false
2025-03-01,ACC-00519,Starter,United States,5,60,true,false
2025-03-01,ACC-00520,Starter,India,2,24,true,false
2025-03-01,ACC-00521,Scale,India,92,5888,true,false
2025-03-01,ACC-00522,Growth,United States,7,203,true,false
2025-03-01,ACC-00523,Starter,Germany,4,48,true,false
2025-03-01,ACC-00524,Starter,Australia,2,24,true,false
2025-03-01,ACC-00525,Growth,Japan,6,174,true,false
2025-03-01,ACC-00526,Scale,United States,36,2304,true,false
2025-03-01,ACC-00527,Starter,Japan,1,12,true,false
2025-03-01,ACC-00528,Starter,India,4,48,true,false
2025-03-01,ACC-00529,Growth,United States,16,464,true,false
2025-03-01,ACC-00530,Growth,Japan,30,870,true,false
2025-03-01,ACC-00531,Starter,India,2,24,true,false
2025-03-01,ACC-00532,Starter,United States,3,36,true,false
2025-03-01,ACC-00533,Starter,Canada,5,60,true,false
2025-03-01,ACC-00534,Starter,United States,6,72,true,false
2025-03-01,ACC-00535,Growth,United Kingdom,25,725,true,false
2025-03-01,ACC-00536,Starter,Japan,5,60,true,false
2025-04-01,ACC-00002,Scale,United States,120,7680,false,false
2025-04-01,ACC-00003,Scale,Germany,71,4544,false,false
2025-04-01,ACC-00005,Growth,United States,19,551,false,false
2025-04-01,ACC-00006,Scale,Germany,55,3520,false,false
2025-04-01,ACC-00007,Starter,United States,6,72,false,false
2025-04-01,ACC-00008,Starter,United States,2,24,false,false
2025-04-01,ACC-00009,Growth,Canada,9,261,false,false
2025-04-01,ACC-00010,Starter,United States,5,60,false,false
2025-04-01,ACC-00011,Starter,United States,5,60,false,false
2025-04-01,ACC-00013,Growth,Canada,27,783,false,false
2025-04-01,ACC-00014,Growth,United States,27,783,false,false
2025-04-01,ACC-00015,Starter,Germany,4,48,false,false
2025-04-01,ACC-00016,Starter,United States,3,36,false,false
2025-04-01,ACC-00017,Starter,Canada,2,24,false,false
2025-04-01,ACC-00019,Growth,India,15,435,false,false
2025-04-01,ACC-00021,Starter,United States,6,72,false,false
2025-04-01,ACC-00022,Scale,Japan,51,3264,false,false
2025-04-01,ACC-00023,Growth,United States,26,754,false,false
2025-04-01,ACC-00026,Scale,United Kingdom,58,3712,false,false
2025-04-01,ACC-00027,Starter,United States,6,72,false,false
2025-04-01,ACC-00030,Growth,Germany,23,667,false,false
2025-04-01,ACC-00031,Starter,United States,4,48,false,true
2025-04-01,ACC-00032,Growth,India,14,406,false,false
2025-04-01,ACC-00033,Growth,United States,29,841,false,false
2025-04-01,ACC-00034,Starter,United States,2,24,false,false
2025-04-01,ACC-00036,Growth,United States,7,203,false,false
2025-04-01,ACC-00037,Growth,India,11,319,false,false
2025-04-01,ACC-00038,Starter,Germany,3,36,false,false
2025-04-01,ACC-00039,Starter,India,3,36,false,false
2025-04-01,ACC-00040,Starter,Australia,5,60,false,false
2025-04-01,ACC-00041,Starter,India,2,24,false,false
2025-04-01,ACC-00044,Growth,India,15,435,false,false
2025-04-01,ACC-00045,Growth,United Kingdom,13,377,false,false
2025-04-01,ACC-00046,Growth,India,29,841,false,false
2025-04-01,ACC-00048,Scale,Brazil,98,6272,false,false
2025-04-01,ACC-00049,Starter,United States,1,12,false,false
2025-04-01,ACC-00050,Starter,United Kingdom,3,36,false,false
2025-04-01,ACC-00051,Growth,India,27,783,false,false
2025-04-01,ACC-00052,Growth,Japan,13,377,false,false
2025-04-01,ACC-00054,Starter,United Kingdom,4,48,false,false
2025-04-01,ACC-00055,Growth,United Kingdom,7,203,false,false
2025-04-01,ACC-00057,Starter,Japan,8,96,false,false
2025-04-01,ACC-00058,Scale,Germany,112,7168,false,false
2025-04-01,ACC-00060,Growth,Canada,23,667,false,false
2025-04-01,ACC-00061,Starter,Germany,3,36,false,false
2025-04-01,ACC-00063,Starter,Australia,4,48,false,false
2025-04-01,ACC-00065,Growth,Brazil,7,203,false,false
2025-04-01,ACC-00066,Growth,Germany,7,203,false,false
2025-04-01,ACC-00067,Starter,United Kingdom,2,24,false,false
2025-04-01,ACC-00068,Starter,United States,7,84,false,false
2025-04-01,ACC-00069,Starter,United States,1,12,false,false
2025-04-01,ACC-00070,Growth,United States,31,899,false,false
2025-04-01,ACC-00072,Growth,United States,10,290,false,false
2025-04-01,ACC-00073,Starter,Australia,3,36,false,false
2025-04-01,ACC-00074,Growth,United States,6,174,false,false
2025-04-01,ACC-00075,Growth,United States,25,725,false,false
2025-04-01,ACC-00076,Starter,Australia,6,72,false,false
2025-04-01,ACC-00077,Starter,United States,2,24,false,false
2025-04-01,ACC-00078,Growth,United States,25,725,false,false
2025-04-01,ACC-00079,Scale,Brazil,52,3328,false,false
2025-04-01,ACC-00080,Scale,United States,100,6400,false,false
2025-04-01,ACC-00081,Starter,Australia,7,84,false,false
2025-04-01,ACC-00086,Starter,United States,5,60,false,false
2025-04-01,ACC-00087,Starter,United States,4,48,false,false
2025-04-01,ACC-00088,Starter,United Kingdom,4,48,false,false
2025-04-01,ACC-00089,Growth,United States,25,725,false,false
2025-04-01,ACC-00092,Starter,India,4,48,false,false
2025-04-01,ACC-00093,Starter,United Kingdom,1,12,false,false
2025-04-01,ACC-00094,Growth,United States,18,522,false,false
2025-04-01,ACC-00096,Starter,Canada,2,24,false,false
2025-04-01,ACC-00097,Growth,United States,14,406,false,false
2025-04-01,ACC-00100,Starter,Germany,6,72,false,false
2025-04-01,ACC-00102,Starter,United States,4,48,false,false
2025-04-01,ACC-00103,Starter,United States,7,84,false,false
2025-04-01,ACC-00104,Scale,United States,106,6784,false,false
2025-04-01,ACC-00107,Scale,United Kingdom,58,3712,false,false
2025-04-01,ACC-00108,Starter,United States,5,60,false,true
2025-04-01,ACC-00109,Growth,Brazil,20,580,false,false
2025-04-01,ACC-00110,Starter,United States,4,48,false,false
2025-04-01,ACC-00111,Starter,United States,5,60,false,false
2025-04-01,ACC-00112,Starter,United States,3,36,false,false
2025-04-01,ACC-00113,Growth,Germany,8,232,false,false
2025-04-01,ACC-00115,Starter,Japan,7,84,false,false
2025-04-01,ACC-00116,Growth,United States,12,348,false,false
2025-04-01,ACC-00117,Growth,United States,10,290,false,false
2025-04-01,ACC-00119,Scale,India,33,2112,false,false
2025-04-01,ACC-00120,Scale,Japan,114,7296,false,false
2025-04-01,ACC-00121,Starter,United States,8,96,false,false
2025-04-01,ACC-00122,Growth,United States,24,696,false,false
2025-04-01,ACC-00125,Growth,United States,15,435,false,false
2025-04-01,ACC-00126,Growth,United States,24,696,false,false
2025-04-01,ACC-00128,Starter,United States,1,12,false,false
2025-04-01,ACC-00129,Growth,Japan,18,522,false,false
2025-04-01,ACC-00130,Growth,Brazil,28,812,false,false
2025-04-01,ACC-00131,Starter,United States,5,60,false,false
2025-04-01,ACC-00133,Growth,Canada,18,522,false,false
2025-04-01,ACC-00136,Growth,Germany,18,522,false,false
2025-04-01,ACC-00137,Starter,United States,3,36,false,false
2025-04-01,ACC-00139,Starter,Japan,6,72,false,false
2025-04-01,ACC-00140,Growth,United States,15,435,false,false
2025-04-01,ACC-00141,Starter,Brazil,6,72,false,false
2025-04-01,ACC-00144,Scale,United States,104,6656,false,false
2025-04-01,ACC-00146,Starter,Canada,2,24,false,false
2025-04-01,ACC-00147,Starter,Brazil,6,72,false,false
2025-04-01,ACC-00148,Growth,United States,29,841,false,false
2025-04-01,ACC-00149,Growth,United Kingdom,8,232,false,false
2025-04-01,ACC-00152,Starter,India,5,60,false,false
2025-04-01,ACC-00155,Growth,Canada,23,667,false,false
2025-04-01,ACC-00157,Starter,United Kingdom,5,60,false,false
2025-04-01,ACC-00158,Starter,United States,10,120,false,false
2025-04-01,ACC-00159,Starter,Japan,5,60,false,false
2025-04-01,ACC-00160,Starter,United Kingdom,1,12,false,false
2025-04-01,ACC-00161,Scale,Australia,52,3328,false,false
2025-04-01,ACC-00162,Starter,United States,7,84,false,false
2025-04-01,ACC-00163,Growth,Japan,18,522,false,false
2025-04-01,ACC-00164,Starter,United States,2,24,false,false
2025-04-01,ACC-00165,Starter,United States,4,48,false,false
2025-04-01,ACC-00167,Starter,Germany,5,60,false,false
2025-04-01,ACC-00169,Growth,Japan,12,348,false,false
2025-04-01,ACC-00170,Starter,India,5,60,false,false
2025-04-01,ACC-00173,Growth,Germany,6,174,false,false
2025-04-01,ACC-00175,Scale,Brazil,105,6720,false,false
2025-04-01,ACC-00176,Starter,Brazil,2,24,false,false
2025-04-01,ACC-00177,Starter,India,6,72,false,false
2025-04-01,ACC-00178,Growth,India,6,174,false,false
2025-04-01,ACC-00179,Scale,United States,59,3776,false,false
2025-04-01,ACC-00181,Starter,Germany,5,60,false,false
2025-04-01,ACC-00183,Scale,United States,28,1792,false,false
2025-04-01,ACC-00188,Growth,Brazil,29,841,false,false
2025-04-01,ACC-00189,Scale,Australia,82,5248,false,false
2025-04-01,ACC-00190,Starter,Australia,8,96,false,false
2025-04-01,ACC-00192,Growth,United States,12,348,false,false
2025-04-01,ACC-00193,Starter,Australia,5,60,false,false
2025-04-01,ACC-00194,Growth,United States,16,464,false,false
2025-04-01,ACC-00195,Starter,Brazil,5,60,false,false
2025-04-01,ACC-00197,Growth,United Kingdom,27,783,false,false
2025-04-01,ACC-00199,Starter,United States,5,60,false,false
2025-04-01,ACC-00200,Starter,Germany,2,24,false,false
2025-04-01,ACC-00201,Starter,Germany,6,72,false,false
2025-04-01,ACC-00203,Growth,United States,8,232,false,false
2025-04-01,ACC-00204,Growth,United States,16,464,false,false
2025-04-01,ACC-00205,Starter,United States,2,24,false,false
2025-04-01,ACC-00206,Growth,Australia,29,841,false,false
2025-04-01,ACC-00207,Scale,Japan,96,6144,false,false
2025-04-01,ACC-00208,Starter,United Kingdom,9,108,false,false
2025-04-01,ACC-00209,Scale,Australia,114,7296,false,false
2025-04-01,ACC-00210,Starter,India,4,48,false,false
2025-04-01,ACC-00211,Scale,Brazil,74,4736,false,false
2025-04-01,ACC-00212,Growth,India,15,435,false,false
2025-04-01,ACC-00214,Starter,Germany,3,36,false,false
2025-04-01,ACC-00215,Starter,Japan,5,60,false,false
2025-04-01,ACC-00217,Growth,Australia,15,435,false,false
2025-04-01,ACC-00218,Starter,Germany,7,84,false,false
2025-04-01,ACC-00219,Starter,Canada,6,72,false,false
2025-04-01,ACC-00220,Scale,Germany,122,7808,false,false
2025-04-01,ACC-00221,Growth,Germany,30,870,false,false
2025-04-01,ACC-00225,Growth,United States,31,899,false,false
2025-04-01,ACC-00226,Growth,United States,31,899,false,false
2025-04-01,ACC-00227,Starter,United States,7,84,false,false
2025-04-01,ACC-00228,Growth,United States,10,290,false,false
2025-04-01,ACC-00229,Starter,United States,3,36,false,false
2025-04-01,ACC-00230,Starter,India,5,60,false,false
2025-04-01,ACC-00232,Growth,Germany,11,319,false,false
2025-04-01,ACC-00233,Growth,United States,29,841,false,false
2025-04-01,ACC-00234,Growth,United States,25,725,false,false
2025-04-01,ACC-00235,Growth,United Kingdom,31,899,false,false
2025-04-01,ACC-00236,Starter,Germany,4,48,false,false
2025-04-01,ACC-00238,Starter,Germany,6,72,false,false
2025-04-01,ACC-00239,Starter,Australia,6,72,false,false
2025-04-01,ACC-00241,Growth,Brazil,7,203,false,false
2025-04-01,ACC-00243,Growth,United States,16,464,false,false
2025-04-01,ACC-00244,Growth,United States,32,928,false,false
2025-04-01,ACC-00245,Growth,United States,16,464,false,false
2025-04-01,ACC-00246,Starter,India,4,48,false,false
2025-04-01,ACC-00247,Scale,Australia,42,2688,false,false
2025-04-01,ACC-00248,Starter,Japan,7,84,false,false
2025-04-01,ACC-00249,Growth,Germany,24,696,false,false
2025-04-01,ACC-00250,Starter,United States,4,48,false,false
2025-04-01,ACC-00251,Starter,Brazil,2,24,false,false
2025-04-01,ACC-00252,Starter,United Kingdom,5,60,false,false
2025-04-01,ACC-00253,Starter,United Kingdom,6,72,false,false
2025-04-01,ACC-00254,Starter,United States,3,36,false,false
2025-04-01,ACC-00255,Starter,Brazil,6,72,false,false
2025-04-01,ACC-00256,Growth,United States,17,493,false,false
2025-04-01,ACC-00257,Starter,United States,1,12,false,false
2025-04-01,ACC-00258,Growth,United States,17,493,false,false
2025-04-01,ACC-00262,Starter,India,5,60,false,false
2025-04-01,ACC-00264,Growth,Australia,13,377,false,false
2025-04-01,ACC-00265,Starter,Australia,6,72,false,false
2025-04-01,ACC-00266,Growth,United States,24,696,false,false
2025-04-01,ACC-00267,Growth,United States,20,580,false,false
2025-04-01,ACC-00268,Growth,United States,18,522,false,false
2025-04-01,ACC-00269,Growth,United States,23,667,false,false
2025-04-01,ACC-00270,Growth,Australia,31,899,false,false
2025-04-01,ACC-00271,Growth,Canada,19,551,false,false
2025-04-01,ACC-00272,Scale,United States,48,3072,false,false
2025-04-01,ACC-00273,Scale,India,82,5248,false,false
2025-04-01,ACC-00274,Growth,India,24,696,false,false
2025-04-01,ACC-00279,Scale,India,35,2240,false,false
2025-04-01,ACC-00280,Growth,Canada,12,348,false,false
2025-04-01,ACC-00281,Growth,Germany,8,232,false,false
2025-04-01,ACC-00282,Growth,Germany,19,551,false,false
2025-04-01,ACC-00283,Scale,United Kingdom,62,3968,false,false
2025-04-01,ACC-00284,Growth,United States,15,435,false,false
2025-04-01,ACC-00285,Growth,India,8,232,false,false
2025-04-01,ACC-00286,Starter,United States,3,36,false,false
2025-04-01,ACC-00288,Growth,Australia,22,638,false,false
2025-04-01,ACC-00289,Starter,United States,3,36,false,false
2025-04-01,ACC-00291,Growth,Japan,29,841,false,false
2025-04-01,ACC-00292,Starter,United States,6,72,false,false
2025-04-01,ACC-00293,Growth,Germany,11,319,false,false
2025-04-01,ACC-00295,Starter,United States,2,24,false,false
2025-04-01,ACC-00296,Starter,Japan,3,36,false,false
2025-04-01,ACC-00297,Starter,India,2,24,false,false
2025-04-01,ACC-00299,Starter,United Kingdom,3,36,false,false
2025-04-01,ACC-00300,Starter,United States,2,24,false,false
2025-04-01,ACC-00301,Growth,United States,20,580,false,false
2025-04-01,ACC-00302,Starter,United States,3,36,false,false
2025-04-01,ACC-00303,Starter,Brazil,10,120,false,false
2025-04-01,ACC-00304,Starter,United Kingdom,2,24,false,false
2025-04-01,ACC-00306,Starter,Brazil,4,48,false,false
2025-04-01,ACC-00307,Scale,United Kingdom,76,4864,false,false
2025-04-01,ACC-00308,Growth,United Kingdom,12,348,false,false
2025-04-01,ACC-00309,Scale,Japan,56,3584,false,false
2025-04-01,ACC-00310,Growth,United Kingdom,30,870,false,false
2025-04-01,ACC-00311,Starter,Japan,4,48,false,false
2025-04-01,ACC-00312,Growth,Germany,10,290,false,false
2025-04-01,ACC-00313,Starter,United States,2,24,false,false
2025-04-01,ACC-00314,Growth,United States,17,493,false,false
2025-04-01,ACC-00315,Growth,United States,14,406,false,false
2025-04-01,ACC-00316,Starter,Germany,2,24,false,false
2025-04-01,ACC-00317,Starter,India,3,36,false,false
2025-04-01,ACC-00318,Starter,United States,5,60,false,false
2025-04-01,ACC-00319,Starter,United States,1,12,false,false
2025-04-01,ACC-00320,Starter,Japan,4,48,false,false
2025-04-01,ACC-00321,Scale,United States,113,7232,false,false
2025-04-01,ACC-00322,Starter,United States,6,72,false,false
2025-04-01,ACC-00323,Growth,United States,28,812,false,false
2025-04-01,ACC-00324,Starter,Canada,7,84,false,false
2025-04-01,ACC-00325,Starter,Canada,3,36,false,false
2025-04-01,ACC-00326,Starter,India,2,24,false,false
2025-04-01,ACC-00327,Starter,Japan,7,84,false,true
2025-04-01,ACC-00328,Starter,India,3,36,false,false
2025-04-01,ACC-00329,Starter,United States,9,108,false,false
2025-04-01,ACC-00330,Starter,Canada,4,48,false,false
2025-04-01,ACC-00331,Starter,United States,5,60,false,false
2025-04-01,ACC-00334,Scale,Germany,104,6656,false,false
2025-04-01,ACC-00336,Scale,Canada,82,5248,false,false
2025-04-01,ACC-00338,Starter,Germany,7,84,false,false
2025-04-01,ACC-00339,Growth,United States,11,319,false,false
2025-04-01,ACC-00340,Growth,Australia,30,870,false,false
2025-04-01,ACC-00341,Starter,United States,3,36,false,false
2025-04-01,ACC-00342,Growth,Brazil,28,812,false,false
2025-04-01,ACC-00345,Starter,Australia,3,36,false,false
2025-04-01,ACC-00346,Scale,United States,81,5184,false,false
2025-04-01,ACC-00347,Starter,United States,6,72,false,false
2025-04-01,ACC-00348,Starter,Canada,3,36,false,false
2025-04-01,ACC-00349,Scale,United States,99,6336,false,false
2025-04-01,ACC-00350,Starter,Germany,5,60,false,false
2025-04-01,ACC-00351,Starter,United States,5,60,false,false
2025-04-01,ACC-00352,Growth,United States,28,812,false,false
2025-04-01,ACC-00353,Growth,United States,9,261,false,false
2025-04-01,ACC-00354,Starter,India,6,72,false,false
2025-04-01,ACC-00355,Growth,India,24,696,false,false
2025-04-01,ACC-00356,Growth,Germany,27,783,false,false
2025-04-01,ACC-00357,Growth,Germany,16,464,false,false
2025-04-01,ACC-00358,Starter,United States,6,72,false,false
2025-04-01,ACC-00361,Starter,United States,6,72,false,false
2025-04-01,ACC-00362,Scale,United States,42,2688,false,false
2025-04-01,ACC-00363,Starter,United States,5,60,false,false
2025-04-01,ACC-00364,Growth,India,28,812,false,false
2025-04-01,ACC-00365,Starter,United States,8,96,false,false
2025-04-01,ACC-00367,Starter,Australia,1,12,false,false
2025-04-01,ACC-00368,Scale,United States,101,6464,false,false
2025-04-01,ACC-00369,Starter,United States,1,12,false,false
2025-04-01,ACC-00370,Growth,United States,29,841,false,false
2025-04-01,ACC-00371,Starter,United Kingdom,4,48,false,false
2025-04-01,ACC-00372,Growth,United States,31,899,false,false
2025-04-01,ACC-00373,Starter,United States,7,84,false,true
2025-04-01,ACC-00374,Starter,Germany,5,60,false,false
2025-04-01,ACC-00375,Growth,United States,27,783,false,false
2025-04-01,ACC-00376,Starter,United Kingdom,7,84,false,false
2025-04-01,ACC-00377,Growth,United States,12,348,false,false
2025-04-01,ACC-00378,Starter,United States,4,48,false,false
2025-04-01,ACC-00379,Growth,United States,30,870,false,false
2025-04-01,ACC-00380,Growth,Germany,24,696,false,false
2025-04-01,ACC-00381,Starter,United States,7,84,false,false
2025-04-01,ACC-00382,Starter,United States,4,48,false,false
2025-04-01,ACC-00383,Scale,Japan,96,6144,false,false
2025-04-01,ACC-00384,Scale,United Kingdom,99,6336,false,false
2025-04-01,ACC-00386,Starter,Germany,3,36,false,false
2025-04-01,ACC-00387,Growth,Germany,18,522,false,false
2025-04-01,ACC-00388,Starter,India,4,48,false,false
2025-04-01,ACC-00390,Starter,India,2,24,false,false
2025-04-01,ACC-00391,Starter,Germany,4,48,false,true
2025-04-01,ACC-00392,Starter,United Kingdom,2,24,false,false
2025-04-01,ACC-00393,Starter,Germany,6,72,false,false
2025-04-01,ACC-00394,Starter,Germany,5,60,false,false
2025-04-01,ACC-00395,Growth,United Kingdom,21,609,false,false
2025-04-01,ACC-00397,Growth,United States,8,232,false,false
2025-04-01,ACC-00398,Starter,Brazil,4,48,false,true
2025-04-01,ACC-00400,Growth,United States,20,580,false,false
2025-04-01,ACC-00401,Scale,United States,33,2112,false,false
2025-04-01,ACC-00402,Growth,United States,18,522,false,false
2025-04-01,ACC-00403,Growth,United Kingdom,27,783,false,false
2025-04-01,ACC-00404,Scale,United States,82,5248,false,false
2025-04-01,ACC-00405,Starter,United States,4,48,false,false
2025-04-01,ACC-00407,Growth,United States,31,899,false,false
2025-04-01,ACC-00408,Growth,Japan,23,667,false,false
2025-04-01,ACC-00409,Starter,Japan,3,36,false,false
2025-04-01,ACC-00410,Starter,United States,2,24,false,false
2025-04-01,ACC-00411,Starter,United Kingdom,7,84,false,false
2025-04-01,ACC-00412,Growth,Japan,7,203,false,false
2025-04-01,ACC-00413,Growth,United States,22,638,false,false
2025-04-01,ACC-00414,Starter,United States,4,48,false,false
2025-04-01,ACC-00415,Scale,United States,107,6848,false,false
2025-04-01,ACC-00416,Growth,United States,29,841,false,false
2025-04-01,ACC-00417,Starter,Japan,2,24,false,false
2025-04-01,ACC-00418,Starter,United States,3,36,false,false
2025-04-01,ACC-00419,Starter,Germany,1,12,false,false
2025-04-01,ACC-00420,Starter,Germany,5,60,false,false
2025-04-01,ACC-00421,Scale,Canada,89,5696,false,false
2025-04-01,ACC-00422,Growth,Brazil,24,696,false,false
2025-04-01,ACC-00423,Starter,India,6,72,false,true
2025-04-01,ACC-00424,Starter,United Kingdom,4,48,false,false
2025-04-01,ACC-00425,Starter,Japan,1,12,false,false
2025-04-01,ACC-00426,Starter,Brazil,3,36,false,false
2025-04-01,ACC-00427,Starter,United States,4,48,false,false
2025-04-01,ACC-00429,Growth,United States,23,667,false,false
2025-04-01,ACC-00430,Starter,India,5,60,false,false
2025-04-01,ACC-00432,Scale,Australia,100,6400,false,false
2025-04-01,ACC-00434,Starter,Canada,8,96,false,false
2025-04-01,ACC-00435,Growth,United States,18,522,false,false
2025-04-01,ACC-00436,Scale,Germany,27,1728,false,false
2025-04-01,ACC-00437,Starter,Brazil,4,48,false,false
2025-04-01,ACC-00438,Starter,Japan,5,60,false,false
2025-04-01,ACC-00439,Starter,Germany,5,60,false,false
2025-04-01,ACC-00440,Starter,United States,6,72,false,false
2025-04-01,ACC-00441,Growth,United States,16,464,false,false
2025-04-01,ACC-00442,Starter,United Kingdom,1,12,false,false
2025-04-01,ACC-00443,Starter,United States,1,12,false,false
2025-04-01,ACC-00444,Starter,Japan,3,36,false,false
2025-04-01,ACC-00445,Growth,Canada,30,870,false,false
2025-04-01,ACC-00446,Scale,United Kingdom,102,6528,false,false
2025-04-01,ACC-00447,Starter,United States,4,48,false,false
2025-04-01,ACC-00448,Starter,Australia,6,72,false,false
2025-04-01,ACC-00449,Starter,United States,6,72,false,false
2025-04-01,ACC-00450,Scale,United Kingdom,110,7040,false,false
2025-04-01,ACC-00451,Growth,Brazil,21,609,false,false
2025-04-01,ACC-00452,Starter,United States,3,36,false,false
2025-04-01,ACC-00453,Starter,United Kingdom,6,72,false,false
2025-04-01,ACC-00454,Growth,United States,13,377,false,false
2025-04-01,ACC-00456,Starter,Germany,2,24,false,false
2025-04-01,ACC-00457,Starter,United States,5,60,false,false
2025-04-01,ACC-00458,Growth,Germany,16,464,false,false
2025-04-01,ACC-00459,Starter,India,2,24,false,false
2025-04-01,ACC-00460,Starter,United Kingdom,5,60,false,false
2025-04-01,ACC-00461,Growth,United States,24,696,false,false
2025-04-01,ACC-00462,Starter,Brazil,7,84,false,false
2025-04-01,ACC-00463,Starter,Canada,3,36,false,false
2025-04-01,ACC-00464,Growth,United States,19,551,false,false
2025-04-01,ACC-00466,Growth,Japan,9,261,false,false
2025-04-01,ACC-00467,Growth,Canada,8,232,false,false
2025-04-01,ACC-00468,Starter,United States,6,72,false,false
2025-04-01,ACC-00469,Growth,India,13,377,false,false
2025-04-01,ACC-00470,Starter,United Kingdom,1,12,false,false
2025-04-01,ACC-00471,Growth,Australia,30,870,false,false
2025-04-01,ACC-00472,Starter,United States,4,48,false,false
2025-04-01,ACC-00473,Starter,Canada,1,12,false,false
2025-04-01,ACC-00474,Starter,Canada,2,24,false,false
2025-04-01,ACC-00475,Growth,Australia,24,696,false,false
2025-04-01,ACC-00476,Growth,Japan,12,348,false,false
2025-04-01,ACC-00477,Starter,United Kingdom,5,60,false,false
2025-04-01,ACC-00478,Starter,United States,6,72,false,false
2025-04-01,ACC-00479,Starter,United States,1,12,false,false
2025-04-01,ACC-00480,Starter,Australia,5,60,false,false
2025-04-01,ACC-00481,Starter,Germany,6,72,false,false
2025-04-01,ACC-00482,Starter,United States,3,36,false,false
2025-04-01,ACC-00483,Growth,Canada,25,725,false,false
2025-04-01,ACC-00484,Scale,Germany,71,4544,false,false
2025-04-01,ACC-00485,Starter,Japan,2,24,false,false
2025-04-01,ACC-00486,Growth,India,9,261,false,false
2025-04-01,ACC-00487,Starter,Germany,4,48,false,false
2025-04-01,ACC-00488,Starter,Germany,2,24,false,false
2025-04-01,ACC-00489,Scale,United States,91,5824,false,false
2025-04-01,ACC-00490,Growth,Germany,17,493,false,false
2025-04-01,ACC-00491,Growth,India,29,841,false,false
2025-04-01,ACC-00492,Starter,United States,1,12,false,false
2025-04-01,ACC-00493,Starter,India,6,72,false,false
2025-04-01,ACC-00494,Starter,United Kingdom,5,60,false,false
2025-04-01,ACC-00495,Growth,United States,30,870,false,false
2025-04-01,ACC-00496,Starter,United States,5,60,false,false
2025-04-01,ACC-00497,Starter,United Kingdom,4,48,false,false
2025-04-01,ACC-00498,Growth,United States,6,174,false,false
2025-04-01,ACC-00499,Growth,India,7,203,false,false
2025-04-01,ACC-00500,Starter,India,4,48,false,false
2025-04-01,ACC-00501,Growth,United States,18,522,false,false
2025-04-01,ACC-00502,Growth,Brazil,17,493,false,false
2025-04-01,ACC-00503,Growth,Brazil,6,174,false,false
2025-04-01,ACC-00504,Starter,United Kingdom,1,12,false,false
2025-04-01,ACC-00505,Growth,Australia,25,725,false,false
2025-04-01,ACC-00506,Starter,United States,6,72,false,false
2025-04-01,ACC-00507,Starter,United States,4,48,false,false
2025-04-01,ACC-00508,Growth,Canada,12,348,false,false
2025-04-01,ACC-00509,Scale,India,82,5248,false,false
2025-04-01,ACC-00510,Starter,United States,2,24,false,false
2025-04-01,ACC-00511,Growth,United States,6,174,false,false
2025-04-01,ACC-00512,Starter,Australia,1,12,false,false
2025-04-01,ACC-00513,Starter,Canada,4,48,false,false
2025-04-01,ACC-00514,Starter,Canada,4,48,false,false
2025-04-01,ACC-00515,Starter,India,5,60,false,false
2025-04-01,ACC-00516,Starter,Brazil,3,36,false,false
2025-04-01,ACC-00517,Starter,United States,6,72,false,false
2025-04-01,ACC-00518,Growth,Japan,17,493,false,false
2025-04-01,ACC-00519,Starter,United States,5,60,false,false
2025-04-01,ACC-00520,Starter,India,2,24,false,false
2025-04-01,ACC-00521,Scale,India,92,5888,false,false
2025-04-01,ACC-00522,Growth,United States,7,203,false,false
2025-04-01,ACC-00523,Starter,Germany,4,48,false,false
2025-04-01,ACC-00524,Starter,Australia,2,24,false,false
2025-04-01,ACC-00525,Growth,Japan,6,174,false,false
2025-04-01,ACC-00526,Scale,United States,36,2304,false,false
2025-04-01,ACC-00527,Starter,Japan,1,12,false,false
2025-04-01,ACC-00528,Starter,India,4,48,false,false
2025-04-01,ACC-00529,Growth,United States,16,464,false,false
2025-04-01,ACC-00530,Growth,Japan,30,870,false,false
2025-04-01,ACC-00531,Starter,India,2,24,false,false
2025-04-01,ACC-00532,Starter,United States,3,36,false,false
2025-04-01,ACC-00533,Starter,Canada,5,60,false,false
2025-04-01,ACC-00534,Starter,United States,6,72,false,false
2025-04-01,ACC-00535,Growth,United Kingdom,25,725,false,false
2025-04-01,ACC-00536,Starter,Japan,5,60,false,false
2025-04-01,ACC-00537,Starter,United Kingdom,4,48,true,false
2025-04-01,ACC-00538,Starter,India,6,72,true,false
2025-04-01,ACC-00539,Starter,Canada,5,60,true,false
2025-04-01,ACC-00540,Growth,Japan,12,348,true,false
2025-04-01,ACC-00541,Growth,Brazil,15,435,true,false
2025-04-01,ACC-00542,Starter,Brazil,5,60,true,false
2025-04-01,ACC-00543,Starter,Canada,6,72,true,false
2025-04-01,ACC-00544,Growth,United States,12,348,true,false
2025-04-01,ACC-00545,Starter,United Kingdom,3,36,true,false
2025-04-01,ACC-00546,Growth,Japan,27,783,true,false
2025-04-01,ACC-00547,Growth,Canada,7,203,true,false
2025-04-01,ACC-00548,Starter,Germany,4,48,true,false
2025-04-01,ACC-00549,Starter,United States,3,36,true,false
2025-04-01,ACC-00550,Growth,United States,10,290,true,false
2025-05-01,ACC-00002,Scale,United States,120,7680,false,false
2025-05-01,ACC-00003,Scale,Germany,71,4544,false,false
2025-05-01,ACC-00005,Growth,United States,19,551,false,false
2025-05-01,ACC-00006,Scale,Germany,55,3520,false,false
2025-05-01,ACC-00007,Starter,United States,6,72,false,false
2025-05-01,ACC-00008,Starter,United States,2,24,false,false
2025-05-01,ACC-00009,Growth,Canada,10,290,false,false
2025-05-01,ACC-00010,Starter,United States,5,60,false,false
2025-05-01,ACC-00011,Starter,United States,5,60,false,false
2025-05-01,ACC-00013,Growth,Canada,27,783,false,false
2025-05-01,ACC-00014,Growth,United States,27,783,false,false
2025-05-01,ACC-00015,Starter,Germany,4,48,false,false
2025-05-01,ACC-00016,Starter,United States,3,36,false,false
2025-05-01,ACC-00017,Starter,Canada,2,24,false,false
2025-05-01,ACC-00019,Growth,India,15,435,false,false
2025-05-01,ACC-00021,Starter,United States,7,84,false,false
2025-05-01,ACC-00022,Scale,Japan,51,3264,false,false
2025-05-01,ACC-00023,Growth,United States,26,754,false,false
2025-05-01,ACC-00026,Scale,United Kingdom,58,3712,false,false
2025-05-01,ACC-00027,Starter,United States,6,72,false,false
2025-05-01,ACC-00030,Growth,Germany,23,667,false,false
2025-05-01,ACC-00032,Growth,India,14,406,false,false
2025-05-01,ACC-00033,Growth,United States,29,841,false,false
2025-05-01,ACC-00034,Starter,United States,2,24,false,false
2025-05-01,ACC-00036,Growth,United States,7,203,false,true
2025-05-01,ACC-00037,Growth,India,11,319,false,false
2025-05-01,ACC-00038,Starter,Germany,4,48,false,false
2025-05-01,ACC-00039,Starter,India,3,36,false,false
2025-05-01,ACC-00040,Starter,Australia,6,72,false,false
2025-05-01,ACC-00041,Starter,India,2,24,false,false
2025-05-01,ACC-00044,Growth,India,15,435,false,false
2025-05-01,ACC-00045,Growth,United Kingdom,13,377,false,false
2025-05-01,ACC-00046,Growth,India,29,841,false,false
2025-05-01,ACC-00048,Scale,Brazil,99,6336,false,false
2025-05-01,ACC-00049,Starter,United States,1,12,false,false
2025-05-01,ACC-00050,Starter,United Kingdom,3,36,false,false
2025-05-01,ACC-00051,Growth,India,27,783,false,false
2025-05-01,ACC-00052,Growth,Japan,13,377,false,false
2025-05-01,ACC-00054,Starter,United Kingdom,4,48,false,false
2025-05-01,ACC-00055,Growth,United Kingdom,7,203,false,false
2025-05-01,ACC-00057,Starter,Japan,8,96,false,false
2025-05-01,ACC-00058,Scale,Germany,112,7168,false,false
2025-05-01,ACC-00060,Growth,Canada,23,667,false,false
2025-05-01,ACC-00061,Starter,Germany,3,36,false,false
2025-05-01,ACC-00063,Starter,Australia,4,48,false,false
2025-05-01,ACC-00065,Growth,Brazil,7,203,false,false
2025-05-01,ACC-00066,Growth,Germany,7,203,false,false
2025-05-01,ACC-00067,Starter,United Kingdom,2,24,false,false
2025-05-01,ACC-00068,Starter,United States,7,84,false,false
2025-05-01,ACC-00069,Starter,United States,1,12,false,false
2025-05-01,ACC-00070,Growth,United States,31,899,false,false
2025-05-01,ACC-00072,Growth,United States,10,290,false,false
2025-05-01,ACC-00073,Starter,Australia,3,36,false,false
2025-05-01,ACC-00074,Growth,United States,6,174,false,false
2025-05-01,ACC-00075,Growth,United States,25,725,false,false
2025-05-01,ACC-00076,Starter,Australia,6,72,false,false
2025-05-01,ACC-00077,Starter,United States,2,24,false,false
2025-05-01,ACC-00078,Growth,United States,25,725,false,false
2025-05-01,ACC-00079,Scale,Brazil,52,3328,false,false
2025-05-01,ACC-00080,Scale,United States,100,6400,false,false
2025-05-01,ACC-00081,Starter,Australia,7,84,false,false
2025-05-01,ACC-00086,Starter,United States,5,60,false,false
2025-05-01,ACC-00087,Starter,United States,4,48,false,false
2025-05-01,ACC-00088,Starter,United Kingdom,4,48,false,false
2025-05-01,ACC-00089,Growth,United States,25,725,false,false
2025-05-01,ACC-00092,Starter,India,4,48,false,false
2025-05-01,ACC-00093,Starter,United Kingdom,1,12,false,false
2025-05-01,ACC-00094,Growth,United States,18,522,false,false
2025-05-01,ACC-00096,Starter,Canada,2,24,false,false
2025-05-01,ACC-00097,Growth,United States,14,406,false,false
2025-05-01,ACC-00100,Starter,Germany,6,72,false,false
2025-05-01,ACC-00102,Starter,United States,4,48,false,false
2025-05-01,ACC-00103,Starter,United States,8,96,false,false
2025-05-01,ACC-00104,Scale,United States,106,6784,false,false
2025-05-01,ACC-00107,Scale,United Kingdom,58,3712,false,false
2025-05-01,ACC-00109,Growth,Brazil,20,580,false,false
2025-05-01,ACC-00110,Starter,United States,4,48,false,false
2025-05-01,ACC-00111,Starter,United States,6,72,false,false
2025-05-01,ACC-00112,Starter,United States,3,36,false,false
2025-05-01,ACC-00113,Growth,Germany,8,232,false,false
2025-05-01,ACC-00115,Starter,Japan,7,84,false,false
2025-05-01,ACC-00116,Growth,United States,12,348,false,false
2025-05-01,ACC-00117,Growth,United States,10,290,false,false
2025-05-01,ACC-00119,Scale,India,33,2112,false,false
2025-05-01,ACC-00120,Scale,Japan,114,7296,false,false
2025-05-01,ACC-00121,Starter,United States,8,96,false,false
2025-05-01,ACC-00122,Growth,United States,24,696,false,false
2025-05-01,ACC-00125,Growth,United States,15,435,false,false
2025-05-01,ACC-00126,Growth,United States,24,696,false,false
2025-05-01,ACC-00128,Starter,United States,1,12,false,false
2025-05-01,ACC-00129,Growth,Japan,18,522,false,false
2025-05-01,ACC-00130,Growth,Brazil,28,812,false,false
2025-05-01,ACC-00131,Starter,United States,5,60,false,false
2025-05-01,ACC-00133,Growth,Canada,18,522,false,false
2025-05-01,ACC-00136,Growth,Germany,18,522,false,false
2025-05-01,ACC-00137,Starter,United States,3,36,false,false
2025-05-01,ACC-00139,Starter,Japan,6,72,false,false
2025-05-01,ACC-00140,Growth,United States,15,435,false,false
2025-05-01,ACC-00141,Starter,Brazil,6,72,false,true
2025-05-01,ACC-00144,Scale,United States,104,6656,false,false
2025-05-01,ACC-00146,Starter,Canada,2,24,false,false
2025-05-01,ACC-00147,Starter,Brazil,6,72,false,false
2025-05-01,ACC-00148,Growth,United States,29,841,false,false
2025-05-01,ACC-00149,Growth,United Kingdom,8,232,false,false
2025-05-01,ACC-00152,Starter,India,5,60,false,false
2025-05-01,ACC-00155,Growth,Canada,23,667,false,false
2025-05-01,ACC-00157,Starter,United Kingdom,5,60,false,false
2025-05-01,ACC-00158,Starter,United States,10,120,false,false
2025-05-01,ACC-00159,Starter,Japan,5,60,false,false
2025-05-01,ACC-00160,Starter,United Kingdom,1,12,false,false
2025-05-01,ACC-00161,Scale,Australia,53,3392,false,false
2025-05-01,ACC-00162,Starter,United States,7,84,false,false
2025-05-01,ACC-00163,Growth,Japan,18,522,false,false
2025-05-01,ACC-00164,Starter,United States,2,24,false,false
2025-05-01,ACC-00165,Starter,United States,4,48,false,true
2025-05-01,ACC-00167,Starter,Germany,5,60,false,false
2025-05-01,ACC-00169,Growth,Japan,12,348,false,false
2025-05-01,ACC-00170,Starter,India,5,60,false,false
2025-05-01,ACC-00173,Growth,Germany,6,174,false,false
2025-05-01,ACC-00175,Scale,Brazil,105,6720,false,false
2025-05-01,ACC-00176,Starter,Brazil,2,24,false,false
2025-05-01,ACC-00177,Starter,India,6,72,false,false
2025-05-01,ACC-00178,Growth,India,7,203,false,false
2025-05-01,ACC-00179,Scale,United States,60,3840,false,false
2025-05-01,ACC-00181,Starter,Germany,5,60,false,false
2025-05-01,ACC-00183,Scale,United States,28,1792,false,false
2025-05-01,ACC-00188,Growth,Brazil,29,841,false,false
2025-05-01,ACC-00189,Scale,Australia,82,5248,false,false
2025-05-01,ACC-00190,Starter,Australia,8,96,false,false
2025-05-01,ACC-00192,Growth,United States,12,348,false,false
2025-05-01,ACC-00193,Starter,Australia,5,60,false,false
2025-05-01,ACC-00194,Growth,United States,16,464,false,false
2025-05-01,ACC-00195,Starter,Brazil,5,60,false,false
2025-05-01,ACC-00197,Growth,United Kingdom,27,783,false,false
2025-05-01,ACC-00199,Starter,United States,5,60,false,false
2025-05-01,ACC-00200,Starter,Germany,2,24,false,false
2025-05-01,ACC-00201,Starter,Germany,6,72,false,false
2025-05-01,ACC-00203,Growth,United States,8,232,false,false
2025-05-01,ACC-00204,Growth,United States,16,464,false,false
2025-05-01,ACC-00205,Starter,United States,2,24,false,false
2025-05-01,ACC-00206,Growth,Australia,29,841,false,false
2025-05-01,ACC-00207,Scale,Japan,96,6144,false,false
2025-05-01,ACC-00208,Starter,United Kingdom,9,108,false,false
2025-05-01,ACC-00209,Scale,Australia,114,7296,false,false
2025-05-01,ACC-00210,Starter,India,4,48,false,false
2025-05-01,ACC-00211,Scale,Brazil,74,4736,false,false
2025-05-01,ACC-00212,Growth,India,15,435,false,false
2025-05-01,ACC-00214,Starter,Germany,3,36,false,false
2025-05-01,ACC-00215,Starter,Japan,5,60,false,false
2025-05-01,ACC-00217,Growth,Australia,16,464,false,false
2025-05-01,ACC-00218,Starter,Germany,7,84,false,false
2025-05-01,ACC-00219,Starter,Canada,6,72,false,false
2025-05-01,ACC-00220,Scale,Germany,122,7808,false,false
2025-05-01,ACC-00221,Growth,Germany,30,870,false,false
2025-05-01,ACC-00225,Growth,United States,31,899,false,false
2025-05-01,ACC-00226,Growth,United States,31,899,false,false
2025-05-01,ACC-00227,Starter,United States,7,84,false,false
2025-05-01,ACC-00228,Growth,United States,10,290,false,false
2025-05-01,ACC-00229,Starter,United States,3,36,false,false
2025-05-01,ACC-00230,Starter,India,5,60,false,false
2025-05-01,ACC-00232,Growth,Germany,11,319,false,false
2025-05-01,ACC-00233,Growth,United States,29,841,false,false
2025-05-01,ACC-00234,Growth,United States,26,754,false,false
2025-05-01,ACC-00235,Growth,United Kingdom,31,899,false,false
2025-05-01,ACC-00236,Starter,Germany,4,48,false,false
2025-05-01,ACC-00238,Starter,Germany,6,72,false,false
2025-05-01,ACC-00239,Starter,Australia,6,72,false,false
2025-05-01,ACC-00241,Growth,Brazil,7,203,false,false
2025-05-01,ACC-00243,Growth,United States,16,464,false,false
2025-05-01,ACC-00244,Growth,United States,32,928,false,false
2025-05-01,ACC-00245,Growth,United States,16,464,false,false
2025-05-01,ACC-00246,Starter,India,4,48,false,false
2025-05-01,ACC-00247,Scale,Australia,42,2688,false,false
2025-05-01,ACC-00248,Starter,Japan,7,84,false,false
2025-05-01,ACC-00249,Growth,Germany,24,696,false,false
2025-05-01,ACC-00250,Starter,United States,4,48,false,false
2025-05-01,ACC-00251,Starter,Brazil,2,24,false,false
2025-05-01,ACC-00252,Starter,United Kingdom,5,60,false,false
2025-05-01,ACC-00253,Starter,United Kingdom,6,72,false,false
2025-05-01,ACC-00254,Starter,United States,3,36,false,false
2025-05-01,ACC-00255,Starter,Brazil,6,72,false,false
2025-05-01,ACC-00256,Growth,United States,17,493,false,false
2025-05-01,ACC-00257,Starter,United States,1,12,false,false
2025-05-01,ACC-00258,Growth,United States,17,493,false,false
2025-05-01,ACC-00262,Starter,India,5,60,false,false
2025-05-01,ACC-00264,Growth,Australia,13,377,false,false
2025-05-01,ACC-00265,Starter,Australia,6,72,false,false
2025-05-01,ACC-00266,Growth,United States,24,696,false,false
2025-05-01,ACC-00267,Growth,United States,20,580,false,false
2025-05-01,ACC-00268,Growth,United States,18,522,false,false
2025-05-01,ACC-00269,Growth,United States,23,667,false,false
2025-05-01,ACC-00270,Growth,Australia,31,899,false,false
2025-05-01,ACC-00271,Growth,Canada,20,580,false,false
2025-05-01,ACC-00272,Scale,United States,48,3072,false,false
2025-05-01,ACC-00273,Scale,India,82,5248,false,false
2025-05-01,ACC-00274,Growth,India,24,696,false,false
2025-05-01,ACC-00279,Scale,India,35,2240,false,false
2025-05-01,ACC-00280,Growth,Canada,12,348,false,false
2025-05-01,ACC-00281,Growth,Germany,8,232,false,false
2025-05-01,ACC-00282,Growth,Germany,19,551,false,false
2025-05-01,ACC-00283,Scale,United Kingdom,62,3968,false,false
2025-05-01,ACC-00284,Growth,United States,15,435,false,false
2025-05-01,ACC-00285,Growth,India,8,232,false,false
2025-05-01,ACC-00286,Starter,United States,3,36,false,false
2025-05-01,ACC-00288,Growth,Australia,22,638,false,false
2025-05-01,ACC-00289,Starter,United States,3,36,false,false
2025-05-01,ACC-00291,Growth,Japan,29,841,false,false
2025-05-01,ACC-00292,Starter,United States,6,72,false,false
2025-05-01,ACC-00293,Growth,Germany,11,319,false,false
2025-05-01,ACC-00295,Starter,United States,2,24,false,false
2025-05-01,ACC-00296,Starter,Japan,3,36,false,false
2025-05-01,ACC-00297,Starter,India,2,24,false,false
2025-05-01,ACC-00299,Starter,United Kingdom,4,48,false,false
2025-05-01,ACC-00300,Starter,United States,2,24,false,false
2025-05-01,ACC-00301,Growth,United States,20,580,false,false
2025-05-01,ACC-00302,Starter,United States,3,36,false,false
2025-05-01,ACC-00303,Starter,Brazil,10,120,false,false
2025-05-01,ACC-00304,Starter,United Kingdom,2,24,false,false
2025-05-01,ACC-00306,Starter,Brazil,4,48,false,false
2025-05-01,ACC-00307,Scale,United Kingdom,76,4864,false,false
2025-05-01,ACC-00308,Growth,United Kingdom,12,348,false,false
2025-05-01,ACC-00309,Scale,Japan,56,3584,false,false
2025-05-01,ACC-00310,Growth,United Kingdom,30,870,false,false
2025-05-01,ACC-00311,Starter,Japan,4,48,false,false
2025-05-01,ACC-00312,Growth,Germany,11,319,false,false
2025-05-01,ACC-00313,Starter,United States,3,36,false,false
2025-05-01,ACC-00314,Growth,United States,17,493,false,false
2025-05-01,ACC-00315,Growth,United States,14,406,false,false
2025-05-01,ACC-00316,Starter,Germany,3,36,false,false
2025-05-01,ACC-00317,Starter,India,3,36,false,false
2025-05-01,ACC-00318,Starter,United States,5,60,false,false
2025-05-01,ACC-00319,Starter,United States,1,12,false,false
2025-05-01,ACC-00320,Starter,Japan,4,48,false,false
2025-05-01,ACC-00321,Scale,United States,113,7232,false,false
2025-05-01,ACC-00322,Starter,United States,6,72,false,false
2025-05-01,ACC-00323,Growth,United States,28,812,false,false
2025-05-01,ACC-00324,Starter,Canada,7,84,false,false
2025-05-01,ACC-00325,Starter,Canada,4,48,false,false
2025-05-01,ACC-00326,Starter,India,2,24,false,false
2025-05-01,ACC-00328,Starter,India,3,36,false,false
2025-05-01,ACC-00329,Starter,United States,9,108,false,false
2025-05-01,ACC-00330,Starter,Canada,4,48,false,false
2025-05-01,ACC-00331,Starter,United States,5,60,false,true
2025-05-01,ACC-00334,Scale,Germany,104,6656,false,false
2025-05-01,ACC-00336,Scale,Canada,82,5248,false,false
2025-05-01,ACC-00338,Starter,Germany,7,84,false,false
2025-05-01,ACC-00339,Growth,United States,11,319,false,false
2025-05-01,ACC-00340,Growth,Australia,30,870,false,false
2025-05-01,ACC-00341,Starter,United States,3,36,false,false
2025-05-01,ACC-00342,Growth,Brazil,28,812,false,false
2025-05-01,ACC-00345,Starter,Australia,3,36,false,false
2025-05-01,ACC-00346,Scale,United States,81,5184,false,false
2025-05-01,ACC-00347,Starter,United States,6,72,false,false
2025-05-01,ACC-00348,Starter,Canada,3,36,false,false
2025-05-01,ACC-00349,Scale,United States,99,6336,false,false
2025-05-01,ACC-00350,Starter,Germany,5,60,false,false
2025-05-01,ACC-00351,Starter,United States,5,60,false,false
2025-05-01,ACC-00352,Growth,United States,28,812,false,false
2025-05-01,ACC-00353,Growth,United States,9,261,false,false
2025-05-01,ACC-00354,Starter,India,6,72,false,false
2025-05-01,ACC-00355,Growth,India,24,696,false,false
2025-05-01,ACC-00356,Growth,Germany,27,783,false,false
2025-05-01,ACC-00357,Growth,Germany,16,464,false,false
2025-05-01,ACC-00358,Starter,United States,6,72,false,false
2025-05-01,ACC-00361,Starter,United States,6,72,false,false
2025-05-01,ACC-00362,Scale,United States,42,2688,false,false
2025-05-01,ACC-00363,Starter,United States,5,60,false,false
2025-05-01,ACC-00364,Growth,India,28,812,false,false
2025-05-01,ACC-00365,Starter,United States,8,96,false,false
2025-05-01,ACC-00367,Starter,Australia,1,12,false,false
2025-05-01,ACC-00368,Scale,United States,101,6464,false,false
2025-05-01,ACC-00369,Starter,United States,1,12,false,false
2025-05-01,ACC-00370,Growth,United States,29,841,false,false
2025-05-01,ACC-00371,Starter,United Kingdom,5,60,false,false
2025-05-01,ACC-00372,Growth,United States,31,899,false,false
2025-05-01,ACC-00374,Starter,Germany,5,60,false,false
2025-05-01,ACC-00375,Growth,United States,27,783,false,false
2025-05-01,ACC-00376,Starter,United Kingdom,7,84,false,false
2025-05-01,ACC-00377,Growth,United States,12,348,false,false
2025-05-01,ACC-00378,Starter,United States,4,48,false,false
2025-05-01,ACC-00379,Growth,United States,30,870,false,false
2025-05-01,ACC-00380,Growth,Germany,24,696,false,false
2025-05-01,ACC-00381,Starter,United States,7,84,false,false
2025-05-01,ACC-00382,Starter,United States,4,48,false,false
2025-05-01,ACC-00383,Scale,Japan,97,6208,false,false
2025-05-01,ACC-00384,Scale,United Kingdom,99,6336,false,false
2025-05-01,ACC-00386,Starter,Germany,3,36,false,false
2025-05-01,ACC-00387,Growth,Germany,19,551,false,false
2025-05-01,ACC-00388,Starter,India,4,48,false,false
2025-05-01,ACC-00390,Starter,India,2,24,false,false
2025-05-01,ACC-00392,Starter,United Kingdom,2,24,false,false
2025-05-01,ACC-00393,Starter,Germany,6,72,false,false
2025-05-01,ACC-00394,Starter,Germany,5,60,false,false
2025-05-01,ACC-00395,Growth,United Kingdom,21,609,false,false
2025-05-01,ACC-00397,Growth,United States,9,261,false,false
2025-05-01,ACC-00400,Growth,United States,21,609,false,false
2025-05-01,ACC-00401,Scale,United States,33,2112,false,false
2025-05-01,ACC-00402,Growth,United States,18,522,false,false
2025-05-01,ACC-00403,Growth,United Kingdom,28,812,false,false
2025-05-01,ACC-00404,Scale,United States,82,5248,false,false
2025-05-01,ACC-00405,Starter,United States,4,48,false,false
2025-05-01,ACC-00407,Growth,United States,31,899,false,false
2025-05-01,ACC-00408,Growth,Japan,23,667,false,false
2025-05-01,ACC-00409,Starter,Japan,3,36,false,false
2025-05-01,ACC-00410,Starter,United States,2,24,false,false
2025-05-01,ACC-00411,Starter,United Kingdom,7,84,false,false
2025-05-01,ACC-00412,Growth,Japan,7,203,false,false
2025-05-01,ACC-00413,Growth,United States,22,638,false,false
2025-05-01,ACC-00414,Starter,United States,4,48,false,false
2025-05-01,ACC-00415,Scale,United States,107,6848,false,false
2025-05-01,ACC-00416,Growth,United States,29,841,false,false
2025-05-01,ACC-00417,Starter,Japan,2,24,false,false
2025-05-01,ACC-00418,Starter,United States,3,36,false,false
2025-05-01,ACC-00419,Starter,Germany,1,12,false,false
2025-05-01,ACC-00420,Starter,Germany,5,60,false,false
2025-05-01,ACC-00421,Scale,Canada,90,5760,false,false
2025-05-01,ACC-00422,Growth,Brazil,24,696,false,false
2025-05-01,ACC-00424,Starter,United Kingdom,4,48,false,false
2025-05-01,ACC-00425,Starter,Japan,1,12,false,false
2025-05-01,ACC-00426,Starter,Brazil,3,36,false,false
2025-05-01,ACC-00427,Starter,United States,4,48,false,false
2025-05-01,ACC-00429,Growth,United States,23,667,false,false
2025-05-01,ACC-00430,Starter,India,5,60,false,false
2025-05-01,ACC-00432,Scale,Australia,100,6400,false,false
2025-05-01,ACC-00434,Starter,Canada,8,96,false,false
2025-05-01,ACC-00435,Growth,United States,18,522,false,false
2025-05-01,ACC-00436,Scale,Germany,27,1728,false,false
2025-05-01,ACC-00437,Starter,Brazil,4,48,false,false
2025-05-01,ACC-00438,Starter,Japan,5,60,false,false
2025-05-01,ACC-00439,Starter,Germany,5,60,false,false
2025-05-01,ACC-00440,Starter,United States,6,72,false,false
2025-05-01,ACC-00441,Growth,United States,16,464,false,false
2025-05-01,ACC-00442,Starter,United Kingdom,1,12,false,false
2025-05-01,ACC-00443,Starter,United States,1,12,false,false
2025-05-01,ACC-00444,Starter,Japan,3,36,false,false
2025-05-01,ACC-00445,Growth,Canada,31,899,false,false
2025-05-01,ACC-00446,Scale,United Kingdom,102,6528,false,false
2025-05-01,ACC-00447,Starter,United States,4,48,false,false
2025-05-01,ACC-00448,Starter,Australia,6,72,false,false
2025-05-01,ACC-00449,Starter,United States,6,72,false,false
2025-05-01,ACC-00450,Scale,United Kingdom,110,7040,false,false
2025-05-01,ACC-00451,Growth,Brazil,21,609,false,false
2025-05-01,ACC-00452,Starter,United States,3,36,false,false
2025-05-01,ACC-00453,Starter,United Kingdom,6,72,false,false
2025-05-01,ACC-00454,Growth,United States,13,377,false,false
2025-05-01,ACC-00456,Starter,Germany,3,36,false,false
2025-05-01,ACC-00457,Starter,United States,5,60,false,true
2025-05-01,ACC-00458,Growth,Germany,16,464,false,false
2025-05-01,ACC-00459,Starter,India,2,24,false,false
2025-05-01,ACC-00460,Starter,United Kingdom,5,60,false,false
2025-05-01,ACC-00461,Growth,United States,24,696,false,false
2025-05-01,ACC-00462,Starter,Brazil,7,84,false,false
2025-05-01,ACC-00463,Starter,Canada,3,36,false,false
2025-05-01,ACC-00464,Growth,United States,19,551,false,false
2025-05-01,ACC-00466,Growth,Japan,9,261,false,false
2025-05-01,ACC-00467,Growth,Canada,8,232,false,false
2025-05-01,ACC-00468,Starter,United States,7,84,false,false
2025-05-01,ACC-00469,Growth,India,13,377,false,false
2025-05-01,ACC-00470,Starter,United Kingdom,1,12,false,false
2025-05-01,ACC-00471,Growth,Australia,30,870,false,false
2025-05-01,ACC-00472,Starter,United States,4,48,false,false
2025-05-01,ACC-00473,Starter,Canada,1,12,false,false
2025-05-01,ACC-00474,Starter,Canada,2,24,false,false
2025-05-01,ACC-00475,Growth,Australia,24,696,false,false
2025-05-01,ACC-00476,Growth,Japan,12,348,false,false
2025-05-01,ACC-00477,Starter,United Kingdom,5,60,false,false
2025-05-01,ACC-00478,Starter,United States,6,72,false,false
2025-05-01,ACC-00479,Starter,United States,1,12,false,false
2025-05-01,ACC-00480,Starter,Australia,5,60,false,false
2025-05-01,ACC-00481,Starter,Germany,6,72,false,false
2025-05-01,ACC-00482,Starter,United States,3,36,false,false
2025-05-01,ACC-00483,Growth,Canada,25,725,false,false
2025-05-01,ACC-00484,Scale,Germany,72,4608,false,false
2025-05-01,ACC-00485,Starter,Japan,2,24,false,false
2025-05-01,ACC-00486,Growth,India,9,261,false,false
2025-05-01,ACC-00487,Starter,Germany,4,48,false,false
2025-05-01,ACC-00488,Starter,Germany,2,24,false,false
2025-05-01,ACC-00489,Scale,United States,91,5824,false,false
2025-05-01,ACC-00490,Growth,Germany,17,493,false,false
2025-05-01,ACC-00491,Growth,India,29,841,false,false
2025-05-01,ACC-00492,Starter,United States,1,12,false,false
2025-05-01,ACC-00493,Starter,India,7,84,false,false
2025-05-01,ACC-00494,Starter,United Kingdom,5,60,false,false
2025-05-01,ACC-00495,Growth,United States,31,899,false,false
2025-05-01,ACC-00496,Starter,United States,5,60,false,false
2025-05-01,ACC-00497,Starter,United Kingdom,4,48,false,false
2025-05-01,ACC-00498,Growth,United States,6,174,false,false
2025-05-01,ACC-00499,Growth,India,7,203,false,false
2025-05-01,ACC-00500,Starter,India,4,48,false,false
2025-05-01,ACC-00501,Growth,United States,18,522,false,false
2025-05-01,ACC-00502,Growth,Brazil,17,493,false,false
2025-05-01,ACC-00503,Growth,Brazil,6,174,false,false
2025-05-01,ACC-00504,Starter,United Kingdom,1,12,false,false
2025-05-01,ACC-00505,Growth,Australia,25,725,false,false
2025-05-01,ACC-00506,Starter,United States,6,72,false,false
2025-05-01,ACC-00507,Starter,United States,4,48,false,false
2025-05-01,ACC-00508,Growth,Canada,12,348,false,false
2025-05-01,ACC-00509,Scale,India,82,5248,false,false
2025-05-01,ACC-00510,Starter,United States,2,24,false,false
2025-05-01,ACC-00511,Growth,United States,6,174,false,false
2025-05-01,ACC-00512,Starter,Australia,1,12,false,false
2025-05-01,ACC-00513,Starter,Canada,4,48,false,false
2025-05-01,ACC-00514,Starter,Canada,4,48,false,false
2025-05-01,ACC-00515,Starter,India,5,60,false,false
2025-05-01,ACC-00516,Starter,Brazil,3,36,false,false
2025-05-01,ACC-00517,Starter,United States,6,72,false,false
2025-05-01,ACC-00518,Growth,Japan,17,493,false,false
2025-05-01,ACC-00519,Starter,United States,6,72,false,false
2025-05-01,ACC-00520,Starter,India,3,36,false,false
2025-05-01,ACC-00521,Scale,India,92,5888,false,false
2025-05-01,ACC-00522,Growth,United States,7,203,false,false
2025-05-01,ACC-00523,Starter,Germany,4,48,false,false
2025-05-01,ACC-00524,Starter,Australia,2,24,false,false
2025-05-01,ACC-00525,Growth,Japan,6,174,false,false
2025-05-01,ACC-00526,Scale,United States,36,2304,false,false
2025-05-01,ACC-00527,Starter,Japan,1,12,false,false
2025-05-01,ACC-00528,Starter,India,4,48,false,false
2025-05-01,ACC-00529,Growth,United States,16,464,false,false
2025-05-01,ACC-00530,Growth,Japan,30,870,false,false
2025-05-01,ACC-00531,Starter,India,2,24,false,false
2025-05-01,ACC-00532,Starter,United States,3,36,false,false
2025-05-01,ACC-00533,Starter,Canada,5,60,false,false
2025-05-01,ACC-00534,Starter,United States,6,72,false,false
2025-05-01,ACC-00535,Growth,United Kingdom,25,725,false,false
2025-05-01,ACC-00536,Starter,Japan,5,60,false,false
2025-05-01,ACC-00537,Starter,United Kingdom,4,48,false,false
2025-05-01,ACC-00538,Starter,India,6,72,false,false
2025-05-01,ACC-00539,Starter,Canada,5,60,false,false
2025-05-01,ACC-00540,Growth,Japan,12,348,false,false
2025-05-01,ACC-00541,Growth,Brazil,15,435,false,false
2025-05-01,ACC-00542,Starter,Brazil,5,60,false,false
2025-05-01,ACC-00543,Starter,Canada,6,72,false,false
2025-05-01,ACC-00544,Growth,United States,12,348,false,false
2025-05-01,ACC-00545,Starter,United Kingdom,3,36,false,false
2025-05-01,ACC-00546,Growth,Japan,27,783,false,false
2025-05-01,ACC-00547,Growth,Canada,8,232,false,false
2025-05-01,ACC-00548,Starter,Germany,5,60,false,false
2025-05-01,ACC-00549,Starter,United States,3,36,false,false
2025-05-01,ACC-00550,Growth,United States,10,290,false,false
2025-05-01,ACC-00551,Growth,United Kingdom,18,522,true,false
2025-05-01,ACC-00552,Starter,United States,1,12,true,false
2025-05-01,ACC-00553,Starter,Germany,2,24,true,false
2025-05-01,ACC-00554,Scale,United Kingdom,37,2368,true,false
2025-05-01,ACC-00555,Scale,India,52,3328,true,false
2025-05-01,ACC-00556,Starter,Australia,1,12,true,false
2025-05-01,ACC-00557,Growth,Germany,21,609,true,false
2025-05-01,ACC-00558,Growth,United States,10,290,true,false
2025-05-01,ACC-00559,Growth,Canada,26,754,true,false
2025-05-01,ACC-00560,Starter,Canada,1,12,true,false
2025-05-01,ACC-00561,Growth,Japan,26,754,true,false
2025-05-01,ACC-00562,Starter,United Kingdom,5,60,true,false
2025-05-01,ACC-00563,Growth,Japan,9,261,true,false
2025-05-01,ACC-00564,Growth,United States,14,406,true,false
2025-05-01,ACC-00565,Growth,United States,26,754,true,false
2025-05-01,ACC-00566,Starter,Canada,3,36,true,false
2025-05-01,ACC-00567,Starter,Brazil,6,72,true,false
2025-05-01,ACC-00568,Growth,United States,10,290,true,false
2025-05-01,ACC-00569,Starter,Germany,6,72,true,false
2025-05-01,ACC-00570,Starter,Japan,3,36,true,false
2025-05-01,ACC-00571,Starter,India,6,72,true,false
2025-06-01,ACC-00002,Scale,United States,120,7680,false,false
2025-06-01,ACC-00003,Scale,Germany,71,4544,false,false
2025-06-01,ACC-00005,Growth,United States,19,551,false,false
2025-06-01,ACC-00006,Scale,Germany,55,3520,false,false
2025-06-01,ACC-00007,Starter,United States,6,72,false,false
2025-06-01,ACC-00008,Starter,United States,2,24,false,false
2025-06-01,ACC-00009,Growth,Canada,10,290,false,false
2025-06-01,ACC-00010,Starter,United States,5,60,false,false
2025-06-01,ACC-00011,Starter,United States,5,60,false,true
2025-06-01,ACC-00013,Growth,Canada,27,783,false,false
2025-06-01,ACC-00014,Growth,United States,28,812,false,false
2025-06-01,ACC-00015,Starter,Germany,4,48,false,false
2025-06-01,ACC-00016,Starter,United States,3,36,false,false
2025-06-01,ACC-00017,Starter,Canada,2,24,false,false
2025-06-01,ACC-00019,Growth,India,15,435,false,false
2025-06-01,ACC-00021,Starter,United States,7,84,false,false
2025-06-01,ACC-00022,Scale,Japan,52,3328,false,false
2025-06-01,ACC-00023,Growth,United States,26,754,false,false
2025-06-01,ACC-00026,Scale,United Kingdom,58,3712,false,false
2025-06-01,ACC-00027,Starter,United States,6,72,false,false
2025-06-01,ACC-00030,Growth,Germany,23,667,false,false
2025-06-01,ACC-00032,Growth,India,14,406,false,false
2025-06-01,ACC-00033,Growth,United States,29,841,false,false
2025-06-01,ACC-00034,Starter,United States,2,24,false,false
2025-06-01,ACC-00037,Growth,India,11,319,false,false
2025-06-01,ACC-00038,Starter,Germany,4,48,false,false
2025-06-01,ACC-00039,Starter,India,3,36,false,false
2025-06-01,ACC-00040,Starter,Australia,6,72,false,false
2025-06-01,ACC-00041,Starter,India,2,24,false,false
2025-06-01,ACC-00044,Growth,India,15,435,false,false
2025-06-01,ACC-00045,Growth,United Kingdom,13,377,false,false
2025-06-01,ACC-00046,Growth,India,29,841,false,false
2025-06-01,ACC-00048,Scale,Brazil,99,6336,false,false
2025-06-01,ACC-00049,Starter,United States,1,12,false,false
2025-06-01,ACC-00050,Starter,United Kingdom,3,36,false,false
2025-06-01,ACC-00051,Growth,India,27,783,false,false
2025-06-01,ACC-00052,Growth,Japan,13,377,false,false
2025-06-01,ACC-00054,Starter,United Kingdom,4,48,false,true
2025-06-01,ACC-00055,Growth,United Kingdom,7,203,false,false
2025-06-01,ACC-00057,Starter,Japan,8,96,false,false
2025-06-01,ACC-00058,Scale,Germany,112,7168,false,false
2025-06-01,ACC-00060,Growth,Canada,23,667,false,false
2025-06-01,ACC-00061,Starter,Germany,4,48,false,false
2025-06-01,ACC-00063,Starter,Australia,4,48,false,true
2025-06-01,ACC-00065,Growth,Brazil,7,203,false,false
2025-06-01,ACC-00066,Growth,Germany,7,203,false,false
2025-06-01,ACC-00067,Starter,United Kingdom,2,24,false,false
2025-06-01,ACC-00068,Starter,United States,7,84,false,true
2025-06-01,ACC-00069,Starter,United States,2,24,false,false
2025-06-01,ACC-00070,Growth,United States,31,899,false,false
2025-06-01,ACC-00072,Growth,United States,10,290,false,false
2025-06-01,ACC-00073,Starter,Australia,3,36,false,false
2025-06-01,ACC-00074,Growth,United States,6,174,false,false
2025-06-01,ACC-00075,Growth,United States,25,725,false,false
2025-06-01,ACC-00076,Starter,Australia,6,72,false,false
2025-06-01,ACC-00077,Starter,United States,2,24,false,true
2025-06-01,ACC-00078,Growth,United States,25,725,false,false
2025-06-01,ACC-00079,Scale,Brazil,52,3328,false,false
2025-06-01,ACC-00080,Scale,United States,100,6400,false,false
2025-06-01,ACC-00081,Starter,Australia,7,84,false,false
2025-06-01,ACC-00086,Starter,United States,5,60,false,true
2025-06-01,ACC-00087,Starter,United States,4,48,false,false
2025-06-01,ACC-00088,Starter,United Kingdom,4,48,false,false
2025-06-01,ACC-00089,Growth,United States,25,725,false,false
2025-06-01,ACC-00092,Starter,India,4,48,false,false
2025-06-01,ACC-00093,Starter,United Kingdom,1,12,false,false
2025-06-01,ACC-00094,Growth,United States,18,522,false,false
2025-06-01,ACC-00096,Starter,Canada,2,24,false,false
2025-06-01,ACC-00097,Growth,United States,14,406,false,false
2025-06-01,ACC-00100,Starter,Germany,6,72,false,false
2025-06-01,ACC-00102,Starter,United States,4,48,false,false
2025-06-01,ACC-00103,Starter,United States,8,96,false,false
2025-06-01,ACC-00104,Scale,United States,106,6784,false,false
2025-06-01,ACC-00107,Scale,United Kingdom,58,3712,false,false
2025-06-01,ACC-00109,Growth,Brazil,20,580,false,false
2025-06-01,ACC-00110,Starter,United States,5,60,false,false
2025-06-01,ACC-00111,Starter,United States,6,72,false,false
2025-06-01,ACC-00112,Starter,United States,3,36,false,false
2025-06-01,ACC-00113,Growth,Germany,8,232,false,false
2025-06-01,ACC-00115,Starter,Japan,7,84,false,false
2025-06-01,ACC-00116,Growth,United States,12,348,false,false
2025-06-01,ACC-00117,Growth,United States,10,290,false,false
2025-06-01,ACC-00119,Scale,India,33,2112,false,false
2025-06-01,ACC-00120,Scale,Japan,114,7296,false,false
2025-06-01,ACC-00121,Starter,United States,8,96,false,false
2025-06-01,ACC-00122,Growth,United States,24,696,false,false
2025-06-01,ACC-00125,Growth,United States,15,435,false,false
2025-06-01,ACC-00126,Growth,United States,25,725,false,false
2025-06-01,ACC-00128,Starter,United States,1,12,false,true
2025-06-01,ACC-00129,Growth,Japan,18,522,false,false
2025-06-01,ACC-00130,Growth,Brazil,28,812,false,false
2025-06-01,ACC-00131,Starter,United States,5,60,false,false
2025-06-01,ACC-00133,Growth,Canada,18,522,false,false
2025-06-01,ACC-00136,Growth,Germany,18,522,false,false
2025-06-01,ACC-00137,Starter,United States,3,36,false,false
2025-06-01,ACC-00139,Starter,Japan,6,72,false,false
2025-06-01,ACC-00140,Growth,United States,15,435,false,false
2025-06-01,ACC-00144,Scale,United States,104,6656,false,false
2025-06-01,ACC-00146,Starter,Canada,2,24,false,false
2025-06-01,ACC-00147,Starter,Brazil,6,72,false,false
2025-06-01,ACC-00148,Growth,United States,29,841,false,false
2025-06-01,ACC-00149,Growth,United Kingdom,8,232,false,false
2025-06-01,ACC-00152,Starter,India,5,60,false,false
2025-06-01,ACC-00155,Growth,Canada,23,667,false,false
2025-06-01,ACC-00157,Starter,United Kingdom,5,60,false,false
2025-06-01,ACC-00158,Starter,United States,10,120,false,false
2025-06-01,ACC-00159,Starter,Japan,5,60,false,false
2025-06-01,ACC-00160,Starter,United Kingdom,1,12,false,false
2025-06-01,ACC-00161,Scale,Australia,53,3392,false,false
2025-06-01,ACC-00162,Starter,United States,7,84,false,false
2025-06-01,ACC-00163,Growth,Japan,18,522,false,false
2025-06-01,ACC-00164,Starter,United States,3,36,false,true
2025-06-01,ACC-00167,Starter,Germany,5,60,false,false
2025-06-01,ACC-00169,Growth,Japan,12,348,false,false
2025-06-01,ACC-00170,Starter,India,5,60,false,false
2025-06-01,ACC-00173,Growth,Germany,6,174,false,false
2025-06-01,ACC-00175,Scale,Brazil,105,6720,false,false
2025-06-01,ACC-00176,Starter,Brazil,2,24,false,false
2025-06-01,ACC-00177,Starter,India,6,72,false,true
2025-06-01,ACC-00178,Growth,India,7,203,false,false
2025-06-01,ACC-00179,Scale,United States,60,3840,false,false
2025-06-01,ACC-00181,Starter,Germany,5,60,false,false
2025-06-01,ACC-00183,Scale,United States,28,1792,false,false
2025-06-01,ACC-00188,Growth,Brazil,29,841,false,true
2025-06-01,ACC-00189,Scale,Australia,82,5248,false,false
2025-06-01,ACC-00190,Starter,Australia,9,108,false,false
2025-06-01,ACC-00192,Growth,United States,12,348,false,false
2025-06-01,ACC-00193,Starter,Australia,5,60,false,true
2025-06-01,ACC-00194,Growth,United States,16,464,false,false
2025-06-01,ACC-00195,Starter,Brazil,5,60,false,false
2025-06-01,ACC-00197,Growth,United Kingdom,27,783,false,false
2025-06-01,ACC-00199,Starter,United States,5,60,false,false
2025-06-01,ACC-00200,Starter,Germany,3,36,false,true
2025-06-01,ACC-00201,Starter,Germany,6,72,false,false
2025-06-01,ACC-00203,Growth,United States,8,232,false,false
2025-06-01,ACC-00204,Growth,United States,17,493,false,false
2025-06-01,ACC-00205,Starter,United States,2,24,false,true
2025-06-01,ACC-00206,Growth,Australia,29,841,false,false
2025-06-01,ACC-00207,Scale,Japan,96,6144,false,false
2025-06-01,ACC-00208,Starter,United Kingdom,9,108,false,false
2025-06-01,ACC-00209,Scale,Australia,114,7296,false,false
2025-06-01,ACC-00210,Starter,India,4,48,false,true
2025-06-01,ACC-00211,Scale,Brazil,74,4736,false,false
2025-06-01,ACC-00212,Growth,India,15,435,false,false
2025-06-01,ACC-00214,Starter,Germany,3,36,false,false
2025-06-01,ACC-00215,Starter,Japan,5,60,false,false
2025-06-01,ACC-00217,Growth,Australia,16,464,false,false
2025-06-01,ACC-00218,Starter,Germany,7,84,false,false
2025-06-01,ACC-00219,Starter,Canada,6,72,false,false
2025-06-01,ACC-00220,Scale,Germany,122,7808,false,false
2025-06-01,ACC-00221,Growth,Germany,30,870,false,false
2025-06-01,ACC-00225,Growth,United States,31,899,false,false
2025-06-01,ACC-00226,Growth,United States,31,899,false,false
2025-06-01,ACC-00227,Starter,United States,7,84,false,false
2025-06-01,ACC-00228,Growth,United States,10,290,false,false
2025-06-01,ACC-00229,Starter,United States,4,48,false,false
2025-06-01,ACC-00230,Starter,India,5,60,false,false
2025-06-01,ACC-00232,Growth,Germany,11,319,false,false
2025-06-01,ACC-00233,Growth,United States,29,841,false,false
2025-06-01,ACC-00234,Growth,United States,26,754,false,false
2025-06-01,ACC-00235,Growth,United Kingdom,31,899,false,false
2025-06-01,ACC-00236,Starter,Germany,4,48,false,false
2025-06-01,ACC-00238,Starter,Germany,6,72,false,false
2025-06-01,ACC-00239,Starter,Australia,6,72,false,false
2025-06-01,ACC-00241,Growth,Brazil,7,203,false,false
2025-06-01,ACC-00243,Growth,United States,16,464,false,false
2025-06-01,ACC-00244,Growth,United States,32,928,false,false
2025-06-01,ACC-00245,Growth,United States,16,464,false,false
2025-06-01,ACC-00246,Starter,India,4,48,false,false
2025-06-01,ACC-00247,Scale,Australia,42,2688,false,false
2025-06-01,ACC-00248,Starter,Japan,7,84,false,false
2025-06-01,ACC-00249,Growth,Germany,24,696,false,false
2025-06-01,ACC-00250,Starter,United States,4,48,false,false
2025-06-01,ACC-00251,Starter,Brazil,2,24,false,false
2025-06-01,ACC-00252,Starter,United Kingdom,5,60,false,false
2025-06-01,ACC-00253,Starter,United Kingdom,6,72,false,false
2025-06-01,ACC-00254,Starter,United States,3,36,false,false
2025-06-01,ACC-00255,Starter,Brazil,6,72,false,false
2025-06-01,ACC-00256,Growth,United States,17,493,false,false
2025-06-01,ACC-00257,Starter,United States,1,12,false,false
2025-06-01,ACC-00258,Growth,United States,17,493,false,false
2025-06-01,ACC-00262,Starter,India,5,60,false,false
2025-06-01,ACC-00264,Growth,Australia,13,377,false,false
2025-06-01,ACC-00265,Starter,Australia,6,72,false,true
2025-06-01,ACC-00266,Growth,United States,24,696,false,false
2025-06-01,ACC-00267,Growth,United States,20,580,false,false
2025-06-01,ACC-00268,Growth,United States,18,522,false,false
2025-06-01,ACC-00269,Growth,United States,23,667,false,false
2025-06-01,ACC-00270,Growth,Australia,31,899,false,false
2025-06-01,ACC-00271,Growth,Canada,20,580,false,false
2025-06-01,ACC-00272,Scale,United States,49,3136,false,false
2025-06-01,ACC-00273,Scale,India,82,5248,false,false
2025-06-01,ACC-00274,Growth,India,24,696,false,false
2025-06-01,ACC-00279,Scale,India,35,2240,false,false
2025-06-01,ACC-00280,Growth,Canada,12,348,false,false
2025-06-01,ACC-00281,Growth,Germany,8,232,false,false
2025-06-01,ACC-00282,Growth,Germany,20,580,false,false
2025-06-01,ACC-00283,Scale,United Kingdom,62,3968,false,false
2025-06-01,ACC-00284,Growth,United States,15,435,false,false
2025-06-01,ACC-00285,Growth,India,8,232,false,false
2025-06-01,ACC-00286,Starter,United States,3,36,false,true
2025-06-01,ACC-00288,Growth,Australia,22,638,false,false
2025-06-01,ACC-00289,Starter,United States,3,36,false,false
2025-06-01,ACC-00291,Growth,Japan,29,841,false,false
2025-06-01,ACC-00292,Starter,United States,6,72,false,false
2025-06-01,ACC-00293,Growth,Germany,11,319,false,false
2025-06-01,ACC-00295,Starter,United States,2,24,false,false
2025-06-01,ACC-00296,Starter,Japan,3,36,false,false
2025-06-01,ACC-00297,Starter,India,2,24,false,false
2025-06-01,ACC-00299,Starter,United Kingdom,4,48,false,false
2025-06-01,ACC-00300,Starter,United States,2,24,false,false
2025-06-01,ACC-00301,Growth,United States,20,580,false,false
2025-06-01,ACC-00302,Starter,United States,3,36,false,false
2025-06-01,ACC-00303,Starter,Brazil,10,120,false,true
2025-06-01,ACC-00304,Starter,United Kingdom,2,24,false,false
2025-06-01,ACC-00306,Starter,Brazil,4,48,false,true
2025-06-01,ACC-00307,Scale,United Kingdom,76,4864,false,false
2025-06-01,ACC-00308,Growth,United Kingdom,12,348,false,false
2025-06-01,ACC-00309,Scale,Japan,56,3584,false,false
2025-06-01,ACC-00310,Growth,United Kingdom,30,870,false,false
2025-06-01,ACC-00311,Starter,Japan,5,60,false,false
2025-06-01,ACC-00312,Growth,Germany,11,319,false,false
2025-06-01,ACC-00313,Starter,United States,3,36,false,false
2025-06-01,ACC-00314,Growth,United States,17,493,false,false
2025-06-01,ACC-00315,Growth,United States,14,406,false,false
2025-06-01,ACC-00316,Starter,Germany,3,36,false,false
2025-06-01,ACC-00317,Starter,India,3,36,false,false
2025-06-01,ACC-00318,Starter,United States,5,60,false,false
2025-06-01,ACC-00319,Starter,United States,1,12,false,false
2025-06-01,ACC-00320,Starter,Japan,4,48,false,false
2025-06-01,ACC-00321,Scale,United States,113,7232,false,false
2025-06-01,ACC-00322,Starter,United States,6,72,false,false
2025-06-01,ACC-00323,Growth,United States,28,812,false,false
2025-06-01,ACC-00324,Starter,Canada,7,84,false,false
2025-06-01,ACC-00325,Starter,Canada,4,48,false,false
2025-06-01,ACC-00326,Starter,India,2,24,false,false
2025-06-01,ACC-00328,Starter,India,3,36,false,false
2025-06-01,ACC-00329,Starter,United States,9,108,false,false
2025-06-01,ACC-00330,Starter,Canada,4,48,false,false
2025-06-01,ACC-00334,Scale,Germany,104,6656,false,false
2025-06-01,ACC-00336,Scale,Canada,82,5248,false,false
2025-06-01,ACC-00338,Starter,Germany,7,84,false,false
2025-06-01,ACC-00339,Growth,United States,11,319,false,false
2025-06-01,ACC-00340,Growth,Australia,30,870,false,false
2025-06-01,ACC-00341,Starter,United States,3,36,false,true
2025-06-01,ACC-00342,Growth,Brazil,28,812,false,false
2025-06-01,ACC-00345,Starter,Australia,3,36,false,false
2025-06-01,ACC-00346,Scale,United States,81,5184,false,false
2025-06-01,ACC-00347,Starter,United States,6,72,false,false
2025-06-01,ACC-00348,Starter,Canada,3,36,false,false
2025-06-01,ACC-00349,Scale,United States,99,6336,false,false
2025-06-01,ACC-00350,Starter,Germany,5,60,false,false
2025-06-01,ACC-00351,Starter,United States,5,60,false,false
2025-06-01,ACC-00352,Growth,United States,28,812,false,false
2025-06-01,ACC-00353,Growth,United States,9,261,false,false
2025-06-01,ACC-00354,Starter,India,6,72,false,false
2025-06-01,ACC-00355,Growth,India,25,725,false,false
2025-06-01,ACC-00356,Growth,Germany,27,783,false,false
2025-06-01,ACC-00357,Growth,Germany,16,464,false,false
2025-06-01,ACC-00358,Starter,United States,6,72,false,false
2025-06-01,ACC-00361,Starter,United States,6,72,false,false
2025-06-01,ACC-00362,Scale,United States,42,2688,false,false
2025-06-01,ACC-00363,Starter,United States,5,60,false,false
2025-06-01,ACC-00364,Growth,India,28,812,false,false
2025-06-01,ACC-00365,Starter,United States,8,96,false,true
2025-06-01,ACC-00367,Starter,Australia,1,12,false,true
2025-06-01,ACC-00368,Scale,United States,101,6464,false,false
2025-06-01,ACC-00369,Starter,United States,1,12,false,false
2025-06-01,ACC-00370,Growth,United States,30,870,false,false
2025-06-01,ACC-00371,Starter,United Kingdom,5,60,false,false
2025-06-01,ACC-00372,Growth,United States,31,899,false,false
2025-06-01,ACC-00374,Starter,Germany,5,60,false,false
2025-06-01,ACC-00375,Growth,United States,27,783,false,false
2025-06-01,ACC-00376,Starter,United Kingdom,7,84,false,true
2025-06-01,ACC-00377,Growth,United States,12,348,false,false
2025-06-01,ACC-00378,Starter,United States,4,48,false,false
2025-06-01,ACC-00379,Growth,United States,30,870,false,false
2025-06-01,ACC-00380,Growth,Germany,25,725,false,false
2025-06-01,ACC-00381,Starter,United States,8,96,false,false
2025-06-01,ACC-00382,Starter,United States,4,48,false,false
2025-06-01,ACC-00383,Scale,Japan,97,6208,false,false
2025-06-01,ACC-00384,Scale,United Kingdom,99,6336,false,false
2025-06-01,ACC-00386,Starter,Germany,4,48,false,true
2025-06-01,ACC-00387,Growth,Germany,19,551,false,false
2025-06-01,ACC-00388,Starter,India,4,48,false,true
2025-06-01,ACC-00390,Starter,India,2,24,false,false
2025-06-01,ACC-00392,Starter,United Kingdom,2,24,false,false
2025-06-01,ACC-00393,Starter,Germany,6,72,false,false
2025-06-01,ACC-00394,Starter,Germany,5,60,false,false
2025-06-01,ACC-00395,Growth,United Kingdom,21,609,false,false
2025-06-01,ACC-00397,Growth,United States,9,261,false,false
2025-06-01,ACC-00400,Growth,United States,22,638,false,false
2025-06-01,ACC-00401,Scale,United States,33,2112,false,false
2025-06-01,ACC-00402,Growth,United States,18,522,false,false
2025-06-01,ACC-00403,Growth,United Kingdom,28,812,false,false
2025-06-01,ACC-00404,Scale,United States,83,5312,false,false
2025-06-01,ACC-00405,Starter,United States,4,48,false,false
2025-06-01,ACC-00407,Growth,United States,31,899,false,false
2025-06-01,ACC-00408,Growth,Japan,23,667,false,true
2025-06-01,ACC-00409,Starter,Japan,3,36,false,false
2025-06-01,ACC-00410,Starter,United States,2,24,false,false
2025-06-01,ACC-00411,Starter,United Kingdom,7,84,false,true
2025-06-01,ACC-00412,Growth,Japan,7,203,false,false
2025-06-01,ACC-00413,Growth,United States,22,638,false,false
2025-06-01,ACC-00414,Starter,United States,4,48,false,false
2025-06-01,ACC-00415,Scale,United States,107,6848,false,false
2025-06-01,ACC-00416,Growth,United States,30,870,false,false
2025-06-01,ACC-00417,Starter,Japan,2,24,false,false
2025-06-01,ACC-00418,Starter,United States,3,36,false,false
2025-06-01,ACC-00419,Starter,Germany,2,24,false,false
2025-06-01,ACC-00420,Starter,Germany,5,60,false,false
2025-06-01,ACC-00421,Scale,Canada,90,5760,false,false
2025-06-01,ACC-00422,Growth,Brazil,24,696,false,false
2025-06-01,ACC-00424,Starter,United Kingdom,4,48,false,true
2025-06-01,ACC-00425,Starter,Japan,1,12,false,true
2025-06-01,ACC-00426,Starter,Brazil,3,36,false,false
2025-06-01,ACC-00427,Starter,United States,4,48,false,false
2025-06-01,ACC-00429,Growth,United States,23,667,false,false
2025-06-01,ACC-00430,Starter,India,5,60,false,false
2025-06-01,ACC-00432,Scale,Australia,101,6464,false,false
2025-06-01,ACC-00434,Starter,Canada,8,96,false,false
2025-06-01,ACC-00435,Growth,United States,18,522,false,false
2025-06-01,ACC-00436,Scale,Germany,27,1728,false,false
2025-06-01,ACC-00437,Starter,Brazil,4,48,false,false
2025-06-01,ACC-00438,Starter,Japan,5,60,false,false
2025-06-01,ACC-00439,Starter,Germany,5,60,false,false
2025-06-01,ACC-00440,Starter,United States,6,72,false,false
2025-06-01,ACC-00441,Growth,United States,16,464,false,false
2025-06-01,ACC-00442,Starter,United Kingdom,2,24,false,false
2025-06-01,ACC-00443,Starter,United States,1,12,false,false
2025-06-01,ACC-00444,Starter,Japan,3,36,false,false
2025-06-01,ACC-00445,Growth,Canada,31,899,false,false
2025-06-01,ACC-00446,Scale,United Kingdom,103,6592,false,false
2025-06-01,ACC-00447,Starter,United States,4,48,false,false
2025-06-01,ACC-00448,Starter,Australia,7,84,false,false
2025-06-01,ACC-00449,Starter,United States,6,72,false,false
2025-06-01,ACC-00450,Scale,United Kingdom,110,7040,false,false
2025-06-01,ACC-00451,Growth,Brazil,21,609,false,false
2025-06-01,ACC-00452,Starter,United States,3,36,false,true
2025-06-01,ACC-00453,Starter,United Kingdom,6,72,false,false
2025-06-01,ACC-00454,Growth,United States,13,377,false,false
2025-06-01,ACC-00456,Starter,Germany,3,36,false,false
2025-06-01,ACC-00458,Growth,Germany,16,464,false,false
2025-06-01,ACC-00459,Starter,India,2,24,false,false
2025-06-01,ACC-00460,Starter,United Kingdom,6,72,false,false
2025-06-01,ACC-00461,Growth,United States,24,696,false,false
2025-06-01,ACC-00462,Starter,Brazil,7,84,false,false
2025-06-01,ACC-00463,Starter,Canada,3,36,false,false
2025-06-01,ACC-00464,Growth,United States,19,551,false,false
2025-06-01,ACC-00466,Growth,Japan,9,261,false,false
2025-06-01,ACC-00467,Growth,Canada,8,232,false,false
2025-06-01,ACC-00468,Starter,United States,7,84,false,false
2025-06-01,ACC-00469,Growth,India,13,377,false,false
2025-06-01,ACC-00470,Starter,United Kingdom,2,24,false,false
2025-06-01,ACC-00471,Growth,Australia,30,870,false,false
2025-06-01,ACC-00472,Starter,United States,4,48,false,false
2025-06-01,ACC-00473,Starter,Canada,1,12,false,false
2025-06-01,ACC-00474,Starter,Canada,2,24,false,true
2025-06-01,ACC-00475,Growth,Australia,24,696,false,false
2025-06-01,ACC-00476,Growth,Japan,12,348,false,false
2025-06-01,ACC-00477,Starter,United Kingdom,5,60,false,false
2025-06-01,ACC-00478,Starter,United States,6,72,false,false
2025-06-01,ACC-00479,Starter,United States,2,24,false,false
2025-06-01,ACC-00480,Starter,Australia,6,72,false,false
2025-06-01,ACC-00481,Starter,Germany,6,72,false,false
2025-06-01,ACC-00482,Starter,United States,3,36,false,false
2025-06-01,ACC-00483,Growth,Canada,25,725,false,false
2025-06-01,ACC-00484,Scale,Germany,72,4608,false,false
2025-06-01,ACC-00485,Starter,Japan,3,36,false,false
2025-06-01,ACC-00486,Growth,India,9,261,false,false
2025-06-01,ACC-00487,Starter,Germany,4,48,false,false
2025-06-01,ACC-00488,Starter,Germany,3,36,false,true
2025-06-01,ACC-00489,Scale,United States,91,5824,false,false
2025-06-01,ACC-00490,Growth,Germany,17,493,false,false
2025-06-01,ACC-00491,Growth,India,29,841,false,false
2025-06-01,ACC-00492,Starter,United States,1,12,false,false
2025-06-01,ACC-00493,Starter,India,7,84,false,false
2025-06-01,ACC-00494,Starter,United Kingdom,5,60,false,false
2025-06-01,ACC-00495,Growth,United States,31,899,false,false
2025-06-01,ACC-00496,Starter,United States,5,60,false,false
2025-06-01,ACC-00497,Starter,United Kingdom,4,48,false,true
2025-06-01,ACC-00498,Growth,United States,6,174,false,false
2025-06-01,ACC-00499,Growth,India,7,203,false,false
2025-06-01,ACC-00500,Starter,India,4,48,false,false
2025-06-01,ACC-00501,Growth,United States,18,522,false,false
2025-06-01,ACC-00502,Growth,Brazil,17,493,false,false
2025-06-01,ACC-00503,Growth,Brazil,6,174,false,false
2025-06-01,ACC-00504,Starter,United Kingdom,1,12,false,false
2025-06-01,ACC-00505,Growth,Australia,25,725,false,false
2025-06-01,ACC-00506,Starter,United States,6,72,false,false
2025-06-01,ACC-00507,Starter,United States,4,48,false,false
2025-06-01,ACC-00508,Growth,Canada,12,348,false,false
2025-06-01,ACC-00509,Scale,India,82,5248,false,false
2025-06-01,ACC-00510,Starter,United States,2,24,false,true
2025-06-01,ACC-00511,Growth,United States,6,174,false,false
2025-06-01,ACC-00512,Starter,Australia,1,12,false,false
2025-06-01,ACC-00513,Starter,Canada,4,48,false,false
2025-06-01,ACC-00514,Starter,Canada,4,48,false,false
2025-06-01,ACC-00515,Starter,India,5,60,false,false
2025-06-01,ACC-00516,Starter,Brazil,3,36,false,false
2025-06-01,ACC-00517,Starter,United States,6,72,false,false
2025-06-01,ACC-00518,Growth,Japan,17,493,false,false
2025-06-01,ACC-00519,Starter,United States,6,72,false,false
2025-06-01,ACC-00520,Starter,India,3,36,false,false
2025-06-01,ACC-00521,Scale,India,92,5888,false,false
2025-06-01,ACC-00522,Growth,United States,8,232,false,false
2025-06-01,ACC-00523,Starter,Germany,4,48,false,false
2025-06-01,ACC-00524,Starter,Australia,2,24,false,false
2025-06-01,ACC-00525,Growth,Japan,6,174,false,false
2025-06-01,ACC-00526,Scale,United States,36,2304,false,false
2025-06-01,ACC-00527,Starter,Japan,1,12,false,false
2025-06-01,ACC-00528,Starter,India,4,48,false,false
2025-06-01,ACC-00529,Growth,United States,16,464,false,false
2025-06-01,ACC-00530,Growth,Japan,30,870,false,false
2025-06-01,ACC-00531,Starter,India,2,24,false,false
2025-06-01,ACC-00532,Starter,United States,3,36,false,true
2025-06-01,ACC-00533,Starter,Canada,5,60,false,false
2025-06-01,ACC-00534,Starter,United States,6,72,false,false
2025-06-01,ACC-00535,Growth,United Kingdom,25,725,false,false
2025-06-01,ACC-00536,Starter,Japan,5,60,false,false
2025-06-01,ACC-00537,Starter,United Kingdom,4,48,false,false
2025-06-01,ACC-00538,Starter,India,6,72,false,false
2025-06-01,ACC-00539,Starter,Canada,5,60,false,false
2025-06-01,ACC-00540,Growth,Japan,12,348,false,false
2025-06-01,ACC-00541,Growth,Brazil,15,435,false,false
2025-06-01,ACC-00542,Starter,Brazil,5,60,false,false
2025-06-01,ACC-00543,Starter,Canada,6,72,false,true
2025-06-01,ACC-00544,Growth,United States,12,348,false,false
2025-06-01,ACC-00545,Starter,United Kingdom,4,48,false,false
2025-06-01,ACC-00546,Growth,Japan,27,783,false,true
2025-06-01,ACC-00547,Growth,Canada,8,232,false,false
2025-06-01,ACC-00548,Starter,Germany,5,60,false,false
2025-06-01,ACC-00549,Starter,United States,3,36,false,false
2025-06-01,ACC-00550,Growth,United States,11,319,false,false
2025-06-01,ACC-00551,Growth,United Kingdom,18,522,false,false
2025-06-01,ACC-00552,Starter,United States,1,12,false,false
2025-06-01,ACC-00553,Starter,Germany,2,24,false,false
2025-06-01,ACC-00554,Scale,United Kingdom,37,2368,false,false
2025-06-01,ACC-00555,Scale,India,52,3328,false,false
2025-06-01,ACC-00556,Starter,Australia,1,12,false,false
2025-06-01,ACC-00557,Growth,Germany,21,609,false,false
2025-06-01,ACC-00558,Growth,United States,10,290,false,false
2025-06-01,ACC-00559,Growth,Canada,26,754,false,false
2025-06-01,ACC-00560,Starter,Canada,1,12,false,false
2025-06-01,ACC-00561,Growth,Japan,26,754,false,false
2025-06-01,ACC-00562,Starter,United Kingdom,5,60,false,false
2025-06-01,ACC-00563,Growth,Japan,9,261,false,false
2025-06-01,ACC-00564,Growth,United States,15,435,false,false
2025-06-01,ACC-00565,Growth,United States,26,754,false,false
2025-06-01,ACC-00566,Starter,Canada,3,36,false,false
2025-06-01,ACC-00567,Starter,Brazil,6,72,false,false
2025-06-01,ACC-00568,Growth,United States,10,290,false,false
2025-06-01,ACC-00569,Starter,Germany,7,84,false,true
2025-06-01,ACC-00570,Starter,Japan,3,36,false,false
2025-06-01,ACC-00571,Starter,India,6,72,false,false
2025-06-01,ACC-00572,Starter,United States,2,24,true,false
2025-06-01,ACC-00573,Starter,United Kingdom,5,60,true,false
2025-06-01,ACC-00574,Starter,Germany,3,36,true,false
2025-06-01,ACC-00575,Starter,United States,2,24,true,false
2025-06-01,ACC-00576,Starter,United States,3,36,true,false
2025-06-01,ACC-00577,Starter,Brazil,5,60,true,false
2025-06-01,ACC-00578,Starter,United States,2,24,true,false
2025-06-01,ACC-00579,Growth,Canada,18,522,true,false
2025-06-01,ACC-00580,Scale,United States,102,6528,true,false
2025-06-01,ACC-00581,Scale,India,46,2944,true,false
2025-06-01,ACC-00582,Starter,United Kingdom,1,12,true,false
2025-06-01,ACC-00583,Starter,Brazil,2,24,true,false
2025-06-01,ACC-00584,Scale,United Kingdom,106,6784,true,false
2025-06-01,ACC-00585,Starter,Japan,5,60,true,false
2025-06-01,ACC-00586,Growth,United States,11,319,true,false
2025-06-01,ACC-00587,Scale,United Kingdom,47,3008,true,false
2025-06-01,ACC-00588,Growth,United States,6,174,true,false
2025-06-01,ACC-00589,Growth,United States,20,580,true,false
2025-06-01,ACC-00590,Starter,United States,3,36,true,false
2025-06-01,ACC-00591,Starter,United States,1,12,true,false
2025-06-01,ACC-00592,Growth,United Kingdom,16,464,true,false
2025-06-01,ACC-00593,Growth,Germany,22,638,true,false
2025-06-01,ACC-00594,Starter,Canada,2,24,true,false
2025-06-01,ACC-00595,Growth,United States,7,203,true,false
2025-07-01,ACC-00002,Scale,United States,121,7744,false,false
2025-07-01,ACC-00003,Scale,Germany,71,4544,false,false
2025-07-01,ACC-00005,Growth,United States,19,551,false,false
2025-07-01,ACC-00006,Scale,Germany,55,3520,false,false
2025-07-01,ACC-00007,Starter,United States,6,72,false,false
2025-07-01,ACC-00008,Starter,United States,2,24,false,false
2025-07-01,ACC-00009,Growth,Canada,10,290,false,false
2025-07-01,ACC-00010,Starter,United States,5,60,false,false
2025-07-01,ACC-00013,Growth,Canada,27,783,false,false
2025-07-01,ACC-00014,Growth,United States,28,812,false,false
2025-07-01,ACC-00015,Starter,Germany,4,48,false,false
2025-07-01,ACC-00016,Starter,United States,3,36,false,false
2025-07-01,ACC-00017,Starter,Canada,2,24,false,false
2025-07-01,ACC-00019,Growth,India,16,464,false,false
2025-07-01,ACC-00021,Starter,United States,7,84,false,false
2025-07-01,ACC-00022,Scale,Japan,53,3392,false,false
2025-07-01,ACC-00023,Growth,United States,26,754,false,false
2025-07-01,ACC-00026,Scale,United Kingdom,58,3712,false,false
2025-07-01,ACC-00027,Starter,United States,6,72,false,false
2025-07-01,ACC-00030,Growth,Germany,23,667,false,false
2025-07-01,ACC-00032,Growth,India,14,406,false,false
2025-07-01,ACC-00033,Growth,United States,29,841,false,true
2025-07-01,ACC-00034,Starter,United States,2,24,false,false
2025-07-01,ACC-00037,Growth,India,11,319,false,false
2025-07-01,ACC-00038,Starter,Germany,4,48,false,false
2025-07-01,ACC-00039,Starter,India,3,36,false,false
2025-07-01,ACC-00040,Starter,Australia,6,72,false,false
2025-07-01,ACC-00041,Starter,India,2,24,false,false
2025-07-01,ACC-00044,Growth,India,15,435,false,false
2025-07-01,ACC-00045,Growth,United Kingdom,14,406,false,false
2025-07-01,ACC-00046,Growth,India,29,841,false,false
2025-07-01,ACC-00048,Scale,Brazil,99,6336,false,false
2025-07-01,ACC-00049,Starter,United States,1,12,false,false
2025-07-01,ACC-00050,Starter,United Kingdom,3,36,false,false
2025-07-01,ACC-00051,Growth,India,27,783,false,false
2025-07-01,ACC-00052,Growth,Japan,13,377,false,false
2025-07-01,ACC-00055,Growth,United Kingdom,7,203,false,false
2025-07-01,ACC-00057,Starter,Japan,8,96,false,false
2025-07-01,ACC-00058,Scale,Germany,112,7168,false,false
2025-07-01,ACC-00060,Growth,Canada,23,667,false,false
2025-07-01,ACC-00061,Starter,Germany,4,48,false,false
2025-07-01,ACC-00065,Growth,Brazil,7,203,false,false
2025-07-01,ACC-00066,Growth,Germany,7,203,false,false
2025-07-01,ACC-00067,Starter,United Kingdom,3,36,false,false
2025-07-01,ACC-00069,Starter,United States,2,24,false,false
2025-07-01,ACC-00070,Growth,United States,31,899,false,false
2025-07-01,ACC-00072,Growth,United States,10,290,false,false
2025-07-01,ACC-00073,Starter,Australia,3,36,false,false
2025-07-01,ACC-00074,Growth,United States,6,174,false,false
2025-07-01,ACC-00075,Growth,United States,25,725,false,false
2025-07-01,ACC-00076,Starter,Australia,6,72,false,true
2025-07-01,ACC-00078,Growth,United States,25,725,false,false
2025-07-01,ACC-00079,Scale,Brazil,53,3392,false,false
2025-07-01,ACC-00080,Scale,United States,100,6400,false,false
2025-07-01,ACC-00081,Starter,Australia,7,84,false,false
2025-07-01,ACC-00087,Starter,United States,5,60,false,false
2025-07-01,ACC-00088,Starter,United Kingdom,4,48,false,false
2025-07-01,ACC-00089,Growth,United States,25,725,false,false
2025-07-01,ACC-00092,Starter,India,4,48,false,false
2025-07-01,ACC-00093,Starter,United Kingdom,1,12,false,false
2025-07-01,ACC-00094,Growth,United States,18,522,false,false
2025-07-01,ACC-00096,Starter,Canada,2,24,false,false
2025-07-01,ACC-00097,Growth,United States,14,406,false,false
2025-07-01,ACC-00100,Starter,Germany,6,72,false,false
2025-07-01,ACC-00102,Starter,United States,5,60,false,false
2025-07-01,ACC-00103,Starter,United States,8,96,false,false
2025-07-01,ACC-00104,Scale,United States,106,6784,false,false
2025-07-01,ACC-00107,Scale,United Kingdom,58,3712,false,false
2025-07-01,ACC-00109,Growth,Brazil,20,580,false,false
2025-07-01,ACC-00110,Starter,United States,5,60,false,false
2025-07-01,ACC-00111,Starter,United States,6,72,false,false
2025-07-01,ACC-00112,Starter,United States,3,36,false,false
2025-07-01,ACC-00113,Growth,Germany,8,232,false,false
2025-07-01,ACC-00115,Starter,Japan,7,84,false,false
2025-07-01,ACC-00116,Growth,United States,12,348,false,false
2025-07-01,ACC-00117,Growth,United States,10,290,false,false
2025-07-01,ACC-00119,Scale,India,33,2112,false,false
2025-07-01,ACC-00120,Scale,Japan,114,7296,false,false
2025-07-01,ACC-00121,Starter,United States,8,96,false,false
2025-07-01,ACC-00122,Growth,United States,24,696,false,false
2025-07-01,ACC-00125,Growth,United States,15,435,false,false
2025-07-01,ACC-00126,Growth,United States,25,725,false,false
2025-07-01,ACC-00129,Growth,Japan,18,522,false,false
2025-07-01,ACC-00130,Growth,Brazil,28,812,false,false
2025-07-01,ACC-00131,Starter,United States,5,60,false,false
2025-07-01,ACC-00133,Growth,Canada,18,522,false,false
2025-07-01,ACC-00136,Growth,Germany,18,522,false,false
2025-07-01,ACC-00137,Starter,United States,3,36,false,false
2025-07-01,ACC-00139,Starter,Japan,6,72,false,true
2025-07-01,ACC-00140,Growth,United States,15,435,false,false
2025-07-01,ACC-00144,Scale,United States,104,6656,false,false
2025-07-01,ACC-00146,Starter,Canada,2,24,false,false
2025-07-01,ACC-00147,Starter,Brazil,6,72,false,false
2025-07-01,ACC-00148,Growth,United States,29,841,false,false
2025-07-01,ACC-00149,Growth,United Kingdom,8,232,false,false
2025-07-01,ACC-00152,Starter,India,5,60,false,false
2025-07-01,ACC-00155,Growth,Canada,23,667,false,false
2025-07-01,ACC-00157,Starter,United Kingdom,5,60,false,false
2025-07-01,ACC-00158,Starter,United States,10,120,false,false
2025-07-01,ACC-00159,Starter,Japan,5,60,false,false
2025-07-01,ACC-00160,Starter,United Kingdom,1,12,false,false
2025-07-01,ACC-00161,Scale,Australia,53,3392,false,false
2025-07-01,ACC-00162,Starter,United States,7,84,false,false
2025-07-01,ACC-00163,Growth,Japan,18,522,false,false
2025-07-01,ACC-00167,Starter,Germany,5,60,false,false
2025-07-01,ACC-00169,Growth,Japan,12,348,false,false
2025-07-01,ACC-00170,Starter,India,5,60,false,false
2025-07-01,ACC-00173,Growth,Germany,7,203,false,false
2025-07-01,ACC-00175,Scale,Brazil,105,6720,false,false
2025-07-01,ACC-00176,Starter,Brazil,2,24,false,false
2025-07-01,ACC-00178,Growth,India,7,203,false,false
2025-07-01,ACC-00179,Scale,United States,60,3840,false,false
2025-07-01,ACC-00181,Starter,Germany,5,60,false,false
2025-07-01,ACC-00183,Scale,United States,28,1792,false,false
2025-07-01,ACC-00189,Scale,Australia,82,5248,false,false
2025-07-01,ACC-00190,Starter,Australia,9,108,false,false
2025-07-01,ACC-00192,Growth,United States,12,348,false,false
2025-07-01,ACC-00194,Growth,United States,16,464,false,false
2025-07-01,ACC-00195,Starter,Brazil,5,60,false,false
2025-07-01,ACC-00197,Growth,United Kingdom,27,783,false,false
2025-07-01,ACC-00199,Starter,United States,5,60,false,false
2025-07-01,ACC-00201,Starter,Germany,6,72,false,false
2025-07-01,ACC-00203,Growth,United States,8,232,false,false
2025-07-01,ACC-00204,Growth,United States,18,522,false,false
2025-07-01,ACC-00206,Growth,Australia,29,841,false,false
2025-07-01,ACC-00207,Scale,Japan,96,6144,false,false
2025-07-01,ACC-00208,Starter,United Kingdom,9,108,false,false
2025-07-01,ACC-00209,Scale,Australia,114,7296,false,false
2025-07-01,ACC-00211,Scale,Brazil,74,4736,false,false
2025-07-01,ACC-00212,Growth,India,16,464,false,false
2025-07-01,ACC-00214,Starter,Germany,3,36,false,false
2025-07-01,ACC-00215,Starter,Japan,5,60,false,false
2025-07-01,ACC-00217,Growth,Australia,16,464,false,false
2025-07-01,ACC-00218,Starter,Germany,7,84,false,false
2025-07-01,ACC-00219,Starter,Canada,6,72,false,false
2025-07-01,ACC-00220,Scale,Germany,122,7808,false,false
2025-07-01,ACC-00221,Growth,Germany,30,870,false,false
2025-07-01,ACC-00225,Growth,United States,31,899,false,false
2025-07-01,ACC-00226,Growth,United States,31,899,false,false
2025-07-01,ACC-00227,Starter,United States,7,84,false,false
2025-07-01,ACC-00228,Growth,United States,10,290,false,false
2025-07-01,ACC-00229,Starter,United States,5,60,false,false
2025-07-01,ACC-00230,Starter,India,5,60,false,false
2025-07-01,ACC-00232,Growth,Germany,11,319,false,false
2025-07-01,ACC-00233,Growth,United States,29,841,false,false
2025-07-01,ACC-00234,Growth,United States,26,754,false,false
2025-07-01,ACC-00235,Growth,United Kingdom,31,899,false,false
2025-07-01,ACC-00236,Starter,Germany,4,48,false,false
2025-07-01,ACC-00238,Starter,Germany,6,72,false,false
2025-07-01,ACC-00239,Starter,Australia,6,72,false,false
2025-07-01,ACC-00241,Growth,Brazil,7,203,false,false
2025-07-01,ACC-00243,Growth,United States,16,464,false,false
2025-07-01,ACC-00244,Growth,United States,32,928,false,false
2025-07-01,ACC-00245,Growth,United States,16,464,false,false
2025-07-01,ACC-00246,Starter,India,4,48,false,false
2025-07-01,ACC-00247,Scale,Australia,42,2688,false,false
2025-07-01,ACC-00248,Starter,Japan,7,84,false,false
2025-07-01,ACC-00249,Growth,Germany,25,725,false,false
2025-07-01,ACC-00250,Starter,United States,4,48,false,false
2025-07-01,ACC-00251,Starter,Brazil,2,24,false,false
2025-07-01,ACC-00252,Starter,United Kingdom,5,60,false,false
2025-07-01,ACC-00253,Starter,United Kingdom,6,72,false,false
2025-07-01,ACC-00254,Starter,United States,3,36,false,false
2025-07-01,ACC-00255,Starter,Brazil,6,72,false,false
2025-07-01,ACC-00256,Growth,United States,17,493,false,false
2025-07-01,ACC-00257,Starter,United States,1,12,false,false
2025-07-01,ACC-00258,Growth,United States,17,493,false,false
2025-07-01,ACC-00262,Starter,India,5,60,false,false
2025-07-01,ACC-00264,Growth,Australia,13,377,false,false
2025-07-01,ACC-00266,Growth,United States,24,696,false,false
2025-07-01,ACC-00267,Growth,United States,20,580,false,false
2025-07-01,ACC-00268,Growth,United States,18,522,false,false
2025-07-01,ACC-00269,Growth,United States,23,667,false,false
2025-07-01,ACC-00270,Growth,Australia,31,899,false,false
2025-07-01,ACC-00271,Growth,Canada,20,580,false,false
2025-07-01,ACC-00272,Scale,United States,49,3136,false,false
2025-07-01,ACC-00273,Scale,India,82,5248,false,false
2025-07-01,ACC-00274,Growth,India,24,696,false,false
2025-07-01,ACC-00279,Scale,India,35,2240,false,false
2025-07-01,ACC-00280,Growth,Canada,12,348,false,false
2025-07-01,ACC-00281,Growth,Germany,8,232,false,false
2025-07-01,ACC-00282,Growth,Germany,20,580,false,false
2025-07-01,ACC-00283,Scale,United Kingdom,62,3968,false,false
2025-07-01,ACC-00284,Growth,United States,15,435,false,false
2025-07-01,ACC-00285,Growth,India,8,232,false,false
2025-07-01,ACC-00288,Growth,Australia,22,638,false,false
2025-07-01,ACC-00289,Starter,United States,4,48,false,false
2025-07-01,ACC-00291,Growth,Japan,29,841,false,false
2025-07-01,ACC-00292,Starter,United States,7,84,false,false
2025-07-01,ACC-00293,Growth,Germany,11,319,false,false
2025-07-01,ACC-00295,Starter,United States,2,24,false,false
2025-07-01,ACC-00296,Starter,Japan,4,48,false,false
2025-07-01,ACC-00297,Starter,India,2,24,false,false
2025-07-01,ACC-00299,Starter,United Kingdom,4,48,false,false
2025-07-01,ACC-00300,Starter,United States,2,24,false,false
2025-07-01,ACC-00301,Growth,United States,20,580,false,false
2025-07-01,ACC-00302,Starter,United States,3,36,false,false
2025-07-01,ACC-00304,Starter,United Kingdom,3,36,false,false
2025-07-01,ACC-00307,Scale,United Kingdom,76,4864,false,false
2025-07-01,ACC-00308,Growth,United Kingdom,12,348,false,false
2025-07-01,ACC-00309,Scale,Japan,56,3584,false,false
2025-07-01,ACC-00310,Growth,United Kingdom,30,870,false,false
2025-07-01,ACC-00311,Starter,Japan,5,60,false,true
2025-07-01,ACC-00312,Growth,Germany,11,319,false,false
2025-07-01,ACC-00313,Starter,United States,3,36,false,false
2025-07-01,ACC-00314,Growth,United States,17,493,false,false
2025-07-01,ACC-00315,Growth,United States,14,406,false,false
2025-07-01,ACC-00316,Starter,Germany,3,36,false,false
2025-07-01,ACC-00317,Starter,India,3,36,false,false
2025-07-01,ACC-00318,Starter,United States,5,60,false,false
2025-07-01,ACC-00319,Starter,United States,1,12,false,false
2025-07-01,ACC-00320,Starter,Japan,4,48,false,false
2025-07-01,ACC-00321,Scale,United States,113,7232,false,false
2025-07-01,ACC-00322,Starter,United States,6,72,false,false
2025-07-01,ACC-00323,Growth,United States,28,812,false,false
2025-07-01,ACC-00324,Starter,Canada,7,84,false,false
2025-07-01,ACC-00325,Starter,Canada,4,48,false,false
2025-07-01,ACC-00326,Starter,India,2,24,false,false
2025-07-01,ACC-00328,Starter,India,3,36,false,false
2025-07-01,ACC-00329,Starter,United States,9,108,false,false
2025-07-01,ACC-00330,Starter,Canada,4,48,false,false
2025-07-01,ACC-00334,Scale,Germany,104,6656,false,false
2025-07-01,ACC-00336,Scale,Canada,82,5248,false,false
2025-07-01,ACC-00338,Starter,Germany,8,96,false,false
2025-07-01,ACC-00339,Growth,United States,11,319,false,false
2025-07-01,ACC-00340,Growth,Australia,30,870,false,false
2025-07-01,ACC-00342,Growth,Brazil,28,812,false,false
2025-07-01,ACC-00345,Starter,Australia,3,36,false,false
2025-07-01,ACC-00346,Scale,United States,81,5184,false,false
2025-07-01,ACC-00347,Starter,United States,6,72,false,false
2025-07-01,ACC-00348,Starter,Canada,3,36,false,false
2025-07-01,ACC-00349,Scale,United States,99,6336,false,false
2025-07-01,ACC-00350,Starter,Germany,5,60,false,false
2025-07-01,ACC-00351,Starter,United States,5,60,false,false
2025-07-01,ACC-00352,Growth,United States,28,812,false,false
2025-07-01,ACC-00353,Growth,United States,9,261,false,false
2025-07-01,ACC-00354,Starter,India,7,84,false,false
2025-07-01,ACC-00355,Growth,India,25,725,false,false
2025-07-01,ACC-00356,Growth,Germany,27,783,false,false
2025-07-01,ACC-00357,Growth,Germany,17,493,false,false
2025-07-01,ACC-00358,Starter,United States,6,72,false,false
2025-07-01,ACC-00361,Starter,United States,6,72,false,false
2025-07-01,ACC-00362,Scale,United States,42,2688,false,false
2025-07-01,ACC-00363,Starter,United States,5,60,false,false
2025-07-01,ACC-00364,Growth,India,28,812,false,false
2025-07-01,ACC-00368,Scale,United States,101,6464,false,false
2025-07-01,ACC-00369,Starter,United States,2,24,false,false
2025-07-01,ACC-00370,Growth,United States,30,870,false,false
2025-07-01,ACC-00371,Starter,United Kingdom,5,60,false,false
2025-07-01,ACC-00372,Growth,United States,32,928,false,false
2025-07-01,ACC-00374,Starter,Germany,5,60,false,false
2025-07-01,ACC-00375,Growth,United States,27,783,false,false
2025-07-01,ACC-00377,Growth,United States,12,348,false,false
2025-07-01,ACC-00378,Starter,United States,4,48,false,false
2025-07-01,ACC-00379,Growth,United States,30,870,false,false
2025-07-01,ACC-00380,Growth,Germany,25,725,false,false
2025-07-01,ACC-00381,Starter,United States,8,96,false,false
2025-07-01,ACC-00382,Starter,United States,4,48,false,false
2025-07-01,ACC-00383,Scale,Japan,97,6208,false,false
2025-07-01,ACC-00384,Scale,United Kingdom,99,6336,false,false
2025-07-01,ACC-00387,Growth,Germany,19,551,false,false
2025-07-01,ACC-00390,Starter,India,2,24,false,false
2025-07-01,ACC-00392,Starter,United Kingdom,2,24,false,false
2025-07-01,ACC-00393,Starter,Germany,6,72,false,false
2025-07-01,ACC-00394,Starter,Germany,5,60,false,false
2025-07-01,ACC-00395,Growth,United Kingdom,21,609,false,false
2025-07-01,ACC-00397,Growth,United States,9,261,false,false
2025-07-01,ACC-00400,Growth,United States,22,638,false,false
2025-07-01,ACC-00401,Scale,United States,33,2112,false,false
2025-07-01,ACC-00402,Growth,United States,18,522,false,false
2025-07-01,ACC-00403,Growth,United Kingdom,28,812,false,true
2025-07-01,ACC-00404,Scale,United States,83,5312,false,true
2025-07-01,ACC-00405,Starter,United States,4,48,false,false
2025-07-01,ACC-00407,Growth,United States,31,899,false,false
2025-07-01,ACC-00409,Starter,Japan,3,36,false,false
2025-07-01,ACC-00410,Starter,United States,2,24,false,false
2025-07-01,ACC-00412,Growth,Japan,7,203,false,false
2025-07-01,ACC-00413,Growth,United States,22,638,false,false
2025-07-01,ACC-00414,Starter,United States,4,48,false,false
2025-07-01,ACC-00415,Scale,United States,107,6848,false,false
2025-07-01,ACC-00416,Growth,United States,30,870,false,false
2025-07-01,ACC-00417,Starter,Japan,2,24,false,false
2025-07-01,ACC-00418,Starter,United States,3,36,false,false
2025-07-01,ACC-00419,Starter,Germany,2,24,false,false
2025-07-01,ACC-00420,Starter,Germany,5,60,false,false
2025-07-01,ACC-00421,Scale,Canada,91,5824,false,false
2025-07-01,ACC-00422,Growth,Brazil,24,696,false,false
2025-07-01,ACC-00426,Starter,Brazil,3,36,false,false
2025-07-01,ACC-00427,Starter,United States,4,48,false,false
2025-07-01,ACC-00429,Growth,United States,23,667,false,false
2025-07-01,ACC-00430,Starter,India,5,60,false,false
2025-07-01,ACC-00432,Scale,Australia,102,6528,false,false
2025-07-01,ACC-00434,Starter,Canada,8,96,false,false
2025-07-01,ACC-00435,Growth,United States,18,522,false,false
2025-07-01,ACC-00436,Scale,Germany,27,1728,false,false
2025-07-01,ACC-00437,Starter,Brazil,4,48,false,false
2025-07-01,ACC-00438,Starter,Japan,5,60,false,false
2025-07-01,ACC-00439,Starter,Germany,5,60,false,true
2025-07-01,ACC-00440,Starter,United States,6,72,false,false
2025-07-01,ACC-00441,Growth,United States,16,464,false,false
2025-07-01,ACC-00442,Starter,United Kingdom,2,24,false,false
2025-07-01,ACC-00443,Starter,United States,1,12,false,false
2025-07-01,ACC-00444,Starter,Japan,3,36,false,false
2025-07-01,ACC-00445,Growth,Canada,31,899,false,true
2025-07-01,ACC-00446,Scale,United Kingdom,103,6592,false,false
2025-07-01,ACC-00447,Starter,United States,4,48,false,false
2025-07-01,ACC-00448,Starter,Australia,7,84,false,false
2025-07-01,ACC-00449,Starter,United States,6,72,false,false
2025-07-01,ACC-00450,Scale,United Kingdom,110,7040,false,false
2025-07-01,ACC-00451,Growth,Brazil,22,638,false,false
2025-07-01,ACC-00453,Starter,United Kingdom,6,72,false,false
2025-07-01,ACC-00454,Growth,United States,13,377,false,false
2025-07-01,ACC-00456,Starter,Germany,3,36,false,false
2025-07-01,ACC-00458,Growth,Germany,16,464,false,false
2025-07-01,ACC-00459,Starter,India,2,24,false,false
2025-07-01,ACC-00460,Starter,United Kingdom,6,72,false,false
2025-07-01,ACC-00461,Growth,United States,24,696,false,false
2025-07-01,ACC-00462,Starter,Brazil,7,84,false,false
2025-07-01,ACC-00463,Starter,Canada,3,36,false,false
2025-07-01,ACC-00464,Growth,United States,19,551,false,false
2025-07-01,ACC-00466,Growth,Japan,9,261,false,false
2025-07-01,ACC-00467,Growth,Canada,9,261,false,false
2025-07-01,ACC-00468,Starter,United States,8,96,false,false
2025-07-01,ACC-00469,Growth,India,13,377,false,false
2025-07-01,ACC-00470,Starter,United Kingdom,2,24,false,false
2025-07-01,ACC-00471,Growth,Australia,30,870,false,false
2025-07-01,ACC-00472,Starter,United States,4,48,false,false
2025-07-01,ACC-00473,Starter,Canada,1,12,false,false
2025-07-01,ACC-00475,Growth,Australia,24,696,false,false
2025-07-01,ACC-00476,Growth,Japan,12,348,false,false
2025-07-01,ACC-00477,Starter,United Kingdom,5,60,false,false
2025-07-01,ACC-00478,Starter,United States,6,72,false,false
2025-07-01,ACC-00479,Starter,United States,2,24,false,false
2025-07-01,ACC-00480,Starter,Australia,6,72,false,false
2025-07-01,ACC-00481,Starter,Germany,6,72,false,false
2025-07-01,ACC-00482,Starter,United States,3,36,false,false
2025-07-01,ACC-00483,Growth,Canada,25,725,false,false
2025-07-01,ACC-00484,Scale,Germany,72,4608,false,false
2025-07-01,ACC-00485,Starter,Japan,4,48,false,false
2025-07-01,ACC-00486,Growth,India,9,261,false,false
2025-07-01,ACC-00487,Starter,Germany,4,48,false,false
2025-07-01,ACC-00489,Scale,United States,91,5824,false,false
2025-07-01,ACC-00490,Growth,Germany,17,493,false,false
2025-07-01,ACC-00491,Growth,India,29,841,false,false
2025-07-01,ACC-00492,Starter,United States,1,12,false,false
2025-07-01,ACC-00493,Starter,India,7,84,false,false
2025-07-01,ACC-00494,Starter,United Kingdom,5,60,false,false
2025-07-01,ACC-00495,Growth,United States,31,899,false,false
2025-07-01,ACC-00496,Starter,United States,6,72,false,false
2025-07-01,ACC-00498,Growth,United States,6,174,false,false
2025-07-01,ACC-00499,Growth,India,7,203,false,false
2025-07-01,ACC-00500,Starter,India,4,48,false,false
2025-07-01,ACC-00501,Growth,United States,18,522,false,false
2025-07-01,ACC-00502,Growth,Brazil,17,493,false,false
2025-07-01,ACC-00503,Growth,Brazil,6,174,false,false
2025-07-01,ACC-00504,Starter,United Kingdom,1,12,false,false
2025-07-01,ACC-00505,Growth,Australia,25,725,false,false
2025-07-01,ACC-00506,Starter,United States,6,72,false,false
2025-07-01,ACC-00507,Starter,United States,4,48,false,false
2025-07-01,ACC-00508,Growth,Canada,12,348,false,false
2025-07-01,ACC-00509,Scale,India,82,5248,false,false
2025-07-01,ACC-00511,Growth,United States,6,174,false,false
2025-07-01,ACC-00512,Starter,Australia,1,12,false,false
2025-07-01,ACC-00513,Starter,Canada,4,48,false,false
2025-07-01,ACC-00514,Starter,Canada,4,48,false,false
2025-07-01,ACC-00515,Starter,India,5,60,false,false
2025-07-01,ACC-00516,Starter,Brazil,3,36,false,false
2025-07-01,ACC-00517,Starter,United States,6,72,false,false
2025-07-01,ACC-00518,Growth,Japan,17,493,false,false
2025-07-01,ACC-00519,Starter,United States,6,72,false,false
2025-07-01,ACC-00520,Starter,India,3,36,false,false
2025-07-01,ACC-00521,Scale,India,92,5888,false,false
2025-07-01,ACC-00522,Growth,United States,8,232,false,false
2025-07-01,ACC-00523,Starter,Germany,4,48,false,false
2025-07-01,ACC-00524,Starter,Australia,2,24,false,false
2025-07-01,ACC-00525,Growth,Japan,6,174,false,false
2025-07-01,ACC-00526,Scale,United States,36,2304,false,false
2025-07-01,ACC-00527,Starter,Japan,1,12,false,false
2025-07-01,ACC-00528,Starter,India,4,48,false,false
2025-07-01,ACC-00529,Growth,United States,16,464,false,false
2025-07-01,ACC-00530,Growth,Japan,30,870,false,false
2025-07-01,ACC-00531,Starter,India,2,24,false,false
2025-07-01,ACC-00533,Starter,Canada,6,72,false,false
2025-07-01,ACC-00534,Starter,United States,6,72,false,false
2025-07-01,ACC-00535,Growth,United Kingdom,25,725,false,false
2025-07-01,ACC-00536,Starter,Japan,5,60,false,false
2025-07-01,ACC-00537,Starter,United Kingdom,5,60,false,false
2025-07-01,ACC-00538,Starter,India,6,72,false,false
2025-07-01,ACC-00539,Starter,Canada,5,60,false,false
2025-07-01,ACC-00540,Growth,Japan,12,348,false,false
2025-07-01,ACC-00541,Growth,Brazil,15,435,false,false
2025-07-01,ACC-00542,Starter,Brazil,5,60,false,false
2025-07-01,ACC-00544,Growth,United States,13,377,false,false
2025-07-01,ACC-00545,Starter,United Kingdom,4,48,false,false
2025-07-01,ACC-00547,Growth,Canada,8,232,false,false
2025-07-01,ACC-00548,Starter,Germany,5,60,false,false
2025-07-01,ACC-00549,Starter,United States,3,36,false,false
2025-07-01,ACC-00550,Growth,United States,11,319,false,false
2025-07-01,ACC-00551,Growth,United Kingdom,18,522,false,false
2025-07-01,ACC-00552,Starter,United States,1,12,false,false
2025-07-01,ACC-00553,Starter,Germany,2,24,false,false
2025-07-01,ACC-00554,Scale,United Kingdom,37,2368,false,false
2025-07-01,ACC-00555,Scale,India,52,3328,false,false
2025-07-01,ACC-00556,Starter,Australia,1,12,false,false
2025-07-01,ACC-00557,Growth,Germany,21,609,false,false
2025-07-01,ACC-00558,Growth,United States,10,290,false,false
2025-07-01,ACC-00559,Growth,Canada,26,754,false,false
2025-07-01,ACC-00560,Starter,Canada,1,12,false,false
2025-07-01,ACC-00561,Growth,Japan,26,754,false,false
2025-07-01,ACC-00562,Starter,United Kingdom,5,60,false,false
2025-07-01,ACC-00563,Growth,Japan,9,261,false,false
2025-07-01,ACC-00564,Growth,United States,15,435,false,false
2025-07-01,ACC-00565,Growth,United States,26,754,false,false
2025-07-01,ACC-00566,Starter,Canada,4,48,false,false
2025-07-01,ACC-00567,Starter,Brazil,6,72,false,false
2025-07-01,ACC-00568,Growth,United States,10,290,false,false
2025-07-01,ACC-00570,Starter,Japan,3,36,false,false
2025-07-01,ACC-00571,Starter,India,6,72,false,false
2025-07-01,ACC-00572,Starter,United States,2,24,false,false
2025-07-01,ACC-00573,Starter,United Kingdom,5,60,false,false
2025-07-01,ACC-00574,Starter,Germany,3,36,false,false
2025-07-01,ACC-00575,Starter,United States,2,24,false,false
2025-07-01,ACC-00576,Starter,United States,3,36,false,false
2025-07-01,ACC-00577,Starter,Brazil,5,60,false,false
2025-07-01,ACC-00578,Starter,United States,3,36,false,false
2025-07-01,ACC-00579,Growth,Canada,18,522,false,false
2025-07-01,ACC-00580,Scale,United States,102,6528,false,false
2025-07-01,ACC-00581,Scale,India,46,2944,false,false
2025-07-01,ACC-00582,Starter,United Kingdom,1,12,false,false
2025-07-01,ACC-00583,Starter,Brazil,2,24,false,false
2025-07-01,ACC-00584,Scale,United Kingdom,106,6784,false,false
2025-07-01,ACC-00585,Starter,Japan,5,60,false,false
2025-07-01,ACC-00586,Growth,United States,11,319,false,false
2025-07-01,ACC-00587,Scale,United Kingdom,47,3008,false,false
2025-07-01,ACC-00588,Growth,United States,6,174,false,false
2025-07-01,ACC-00589,Growth,United States,20,580,false,false
2025-07-01,ACC-00590,Starter,United States,3,36,false,false
2025-07-01,ACC-00591,Starter,United States,1,12,false,false
2025-07-01,ACC-00592,Growth,United Kingdom,16,464,false,false
2025-07-01,ACC-00593,Growth,Germany,22,638,false,false
2025-07-01,ACC-00594,Starter,Canada,2,24,false,false
2025-07-01,ACC-00595,Growth,United States,7,203,false,false
2025-07-01,ACC-00596,Growth,Germany,29,841,true,false
2025-07-01,ACC-00597,Starter,Australia,1,12,true,false
2025-07-01,ACC-00598,Starter,Japan,6,72,true,false
2025-07-01,ACC-00599,Starter,India,6,72,true,false
2025-07-01,ACC-00600,Starter,United States,4,48,true,false
2025-07-01,ACC-00601,Starter,United States,3,36,true,false
2025-07-01,ACC-00602,Growth,Germany,24,696,true,false
2025-07-01,ACC-00603,Starter,India,5,60,true,false
2025-07-01,ACC-00604,Starter,United States,6,72,true,false
2025-07-01,ACC-00605,Starter,United States,4,48,true,false
2025-07-01,ACC-00606,Scale,Canada,88,5632,true,false
2025-07-01,ACC-00607,Starter,United States,5,60,true,false
2025-07-01,ACC-00608,Starter,United Kingdom,1,12,true,false
2025-07-01,ACC-00609,Starter,Japan,6,72,true,false
2025-07-01,ACC-00610,Starter,United States,1,12,true,false
2025-07-01,ACC-00611,Growth,Germany,20,580,true,false
2025-07-01,ACC-00612,Scale,United States,116,7424,true,false
2025-07-01,ACC-00613,Starter,Germany,5,60,true,false
2025-07-01,ACC-00614,Growth,Australia,27,783,true,false
2025-07-01,ACC-00615,Starter,United Kingdom,3,36,true,false
2025-07-01,ACC-00616,Growth,India,17,493,true,false
2025-07-01,ACC-00617,Growth,United Kingdom,12,348,true,false
2025-07-01,ACC-00618,Growth,Germany,23,667,true,false
2025-08-01,ACC-00002,Scale,United States,121,7744,false,false
2025-08-01,ACC-00003,Scale,Germany,71,4544,false,false
2025-08-01,ACC-00005,Growth,United States,19,551,false,true
2025-08-01,ACC-00006,Scale,Germany,55,3520,false,false
2025-08-01,ACC-00007,Starter,United States,6,72,false,false
2025-08-01,ACC-00008,Starter,United States,3,36,false,false
2025-08-01,ACC-00009,Growth,Canada,10,290,false,false
2025-08-01,ACC-00010,Starter,United States,5,60,false,false
2025-08-01,ACC-00013,Growth,Canada,28,812,false,false
2025-08-01,ACC-00014,Growth,United States,28,812,false,false
2025-08-01,ACC-00015,Starter,Germany,4,48,false,false
2025-08-01,ACC-00016,Starter,United States,3,36,false,false
2025-08-01,ACC-00017,Starter,Canada,2,24,false,false
2025-08-01,ACC-00019,Growth,India,16,464,false,false
2025-08-01,ACC-00021,Starter,United States,7,84,false,false
2025-08-01,ACC-00022,Scale,Japan,53,3392,false,false
2025-08-01,ACC-00023,Growth,United States,27,783,false,false
2025-08-01,ACC-00026,Scale,United Kingdom,58,3712,false,false
2025-08-01,ACC-00027,Starter,United States,6,72,false,false
2025-08-01,ACC-00030,Growth,Germany,23,667,false,false
2025-08-01,ACC-00032,Growth,India,14,406,false,false
2025-08-01,ACC-00034,Starter,United States,2,24,false,false
2025-08-01,ACC-00037,Growth,India,11,319,false,false
2025-08-01,ACC-00038,Starter,Germany,4,48,false,false
2025-08-01,ACC-00039,Starter,India,3,36,false,false
2025-08-01,ACC-00040,Starter,Australia,6,72,false,false
2025-08-01,ACC-00041,Starter,India,2,24,false,false
2025-08-01,ACC-00044,Growth,India,15,435,false,false
2025-08-01,ACC-00045,Growth,United Kingdom,14,406,false,false
2025-08-01,ACC-00046,Growth,India,29,841,false,false
2025-08-01,ACC-00048,Scale,Brazil,100,6400,false,false
2025-08-01,ACC-00049,Starter,United States,1,12,false,false
2025-08-01,ACC-00050,Starter,United Kingdom,3,36,false,false
2025-08-01,ACC-00051,Growth,India,27,783,false,false
2025-08-01,ACC-00052,Growth,Japan,13,377,false,false
2025-08-01,ACC-00055,Growth,United Kingdom,7,203,false,false
2025-08-01,ACC-00057,Starter,Japan,8,96,false,false
2025-08-01,ACC-00058,Scale,Germany,113,7232,false,false
2025-08-01,ACC-00060,Growth,Canada,23,667,false,false
2025-08-01,ACC-00061,Starter,Germany,4,48,false,false
2025-08-01,ACC-00065,Growth,Brazil,7,203,false,false
2025-08-01,ACC-00066,Growth,Germany,7,203,false,false
2025-08-01,ACC-00067,Starter,United Kingdom,3,36,false,false
2025-08-01,ACC-00069,Starter,United States,2,24,false,false
2025-08-01,ACC-00070,Growth,United States,31,899,false,false
2025-08-01,ACC-00072,Growth,United States,11,319,false,false
2025-08-01,ACC-00073,Starter,Australia,3,36,false,false
2025-08-01,ACC-00074,Growth,United States,6,174,false,false
2025-08-01,ACC-00075,Growth,United States,25,725,false,false
2025-08-01,ACC-00078,Growth,United States,25,725,false,false
2025-08-01,ACC-00079,Scale,Brazil,53,3392,false,false
2025-08-01,ACC-00080,Scale,United States,100,6400,false,false
2025-08-01,ACC-00081,Starter,Australia,7,84,false,false
2025-08-01,ACC-00087,Starter,United States,5,60,false,false
2025-08-01,ACC-00088,Starter,United Kingdom,4,48,false,false
2025-08-01,ACC-00089,Growth,United States,25,725,false,false
2025-08-01,ACC-00092,Starter,India,4,48,false,false
2025-08-01,ACC-00093,Starter,United Kingdom,1,12,false,false
2025-08-01,ACC-00094,Growth,United States,18,522,false,false
2025-08-01,ACC-00096,Starter,Canada,2,24,false,false
2025-08-01,ACC-00097,Growth,United States,14,406,false,false
2025-08-01,ACC-00100,Starter,Germany,6,72,false,false
2025-08-01,ACC-00102,Starter,United States,5,60,false,false
2025-08-01,ACC-00103,Starter,United States,8,96,false,false
2025-08-01,ACC-00104,Scale,United States,106,6784,false,false
2025-08-01,ACC-00107,Scale,United Kingdom,58,3712,false,false
2025-08-01,ACC-00109,Growth,Brazil,20,580,false,false
2025-08-01,ACC-00110,Starter,United States,5,60,false,false
2025-08-01,ACC-00111,Starter,United States,6,72,false,false
2025-08-01,ACC-00112,Starter,United States,3,36,false,false
2025-08-01,ACC-00113,Growth,Germany,8,232,false,false
2025-08-01,ACC-00115,Starter,Japan,7,84,false,false
2025-08-01,ACC-00116,Growth,United States,12,348,false,false
2025-08-01,ACC-00117,Growth,United States,10,290,false,false
2025-08-01,ACC-00119,Scale,India,33,2112,false,false
2025-08-01,ACC-00120,Scale,Japan,114,7296,false,false
2025-08-01,ACC-00121,Starter,United States,8,96,false,false
2025-08-01,ACC-00122,Growth,United States,24,696,false,false
2025-08-01,ACC-00125,Growth,United States,15,435,false,false
2025-08-01,ACC-00126,Growth,United States,25,725,false,false
2025-08-01,ACC-00129,Growth,Japan,18,522,false,false
2025-08-01,ACC-00130,Growth,Brazil,28,812,false,false
2025-08-01,ACC-00131,Starter,United States,5,60,false,false
2025-08-01,ACC-00133,Growth,Canada,18,522,false,false
2025-08-01,ACC-00136,Growth,Germany,18,522,false,false
2025-08-01,ACC-00137,Starter,United States,3,36,false,false
2025-08-01,ACC-00140,Growth,United States,15,435,false,false
2025-08-01,ACC-00144,Scale,United States,104,6656,false,false
2025-08-01,ACC-00146,Starter,Canada,2,24,false,false
2025-08-01,ACC-00147,Starter,Brazil,6,72,false,false
2025-08-01,ACC-00148,Growth,United States,30,870,false,false
2025-08-01,ACC-00149,Growth,United Kingdom,9,261,false,false
2025-08-01,ACC-00152,Starter,India,5,60,false,false
2025-08-01,ACC-00155,Growth,Canada,23,667,false,false
2025-08-01,ACC-00157,Starter,United Kingdom,5,60,false,false
2025-08-01,ACC-00158,Starter,United States,10,120,false,false
2025-08-01,ACC-00159,Starter,Japan,5,60,false,false
2025-08-01,ACC-00160,Starter,United Kingdom,1,12,false,false
2025-08-01,ACC-00161,Scale,Australia,53,3392,false,false
2025-08-01,ACC-00162,Starter,United States,7,84,false,false
2025-08-01,ACC-00163,Growth,Japan,18,522,false,false
2025-08-01,ACC-00167,Starter,Germany,5,60,false,false
2025-08-01,ACC-00169,Growth,Japan,12,348,false,false
2025-08-01,ACC-00170,Starter,India,5,60,false,false
2025-08-01,ACC-00173,Growth,Germany,7,203,false,false
2025-08-01,ACC-00175,Scale,Brazil,105,6720,false,false
2025-08-01,ACC-00176,Starter,Brazil,2,24,false,false
2025-08-01,ACC-00178,Growth,India,7,203,false,false
2025-08-01,ACC-00179,Scale,United States,60,3840,false,false
2025-08-01,ACC-00181,Starter,Germany,5,60,false,false
2025-08-01,ACC-00183,Scale,United States,28,1792,false,false
2025-08-01,ACC-00189,Scale,Australia,82,5248,false,false
2025-08-01,ACC-00190,Starter,Australia,10,120,false,false
2025-08-01,ACC-00192,Growth,United States,12,348,false,false
2025-08-01,ACC-00194,Growth,United States,16,464,false,false
2025-08-01,ACC-00195,Starter,Brazil,5,60,false,false
2025-08-01,ACC-00197,Growth,United Kingdom,27,783,false,false
2025-08-01,ACC-00199,Starter,United States,5,60,false,false
2025-08-01,ACC-00201,Starter,Germany,6,72,false,false
2025-08-01,ACC-00203,Growth,United States,8,232,false,false
2025-08-01,ACC-00204,Growth,United States,18,522,false,false
2025-08-01,ACC-00206,Growth,Australia,29,841,false,false
2025-08-01,ACC-00207,Scale,Japan,96,6144,false,false
2025-08-01,ACC-00208,Starter,United Kingdom,9,108,false,false
2025-08-01,ACC-00209,Scale,Australia,114,7296,false,false
2025-08-01,ACC-00211,Scale,Brazil,74,4736,false,false
2025-08-01,ACC-00212,Growth,India,16,464,false,false
2025-08-01,ACC-00214,Starter,Germany,3,36,false,false
2025-08-01,ACC-00215,Starter,Japan,5,60,false,false
2025-08-01,ACC-00217,Growth,Australia,16,464,false,false
2025-08-01,ACC-00218,Starter,Germany,7,84,false,false
2025-08-01,ACC-00219,Starter,Canada,6,72,false,false
2025-08-01,ACC-00220,Scale,Germany,122,7808,false,false
2025-08-01,ACC-00221,Growth,Germany,30,870,false,false
2025-08-01,ACC-00225,Growth,United States,31,899,false,false
2025-08-01,ACC-00226,Growth,United States,31,899,false,false
2025-08-01,ACC-00227,Starter,United States,7,84,false,false
2025-08-01,ACC-00228,Growth,United States,10,290,false,false
2025-08-01,ACC-00229,Starter,United States,5,60,false,false
2025-08-01,ACC-00230,Starter,India,5,60,false,false
2025-08-01,ACC-00232,Growth,Germany,11,319,false,false
2025-08-01,ACC-00233,Growth,United States,30,870,false,false
2025-08-01,ACC-00234,Growth,United States,26,754,false,false
2025-08-01,ACC-00235,Growth,United Kingdom,31,899,false,false
2025-08-01,ACC-00236,Starter,Germany,4,48,false,false
2025-08-01,ACC-00238,Starter,Germany,6,72,false,false
2025-08-01,ACC-00239,Starter,Australia,6,72,false,false
2025-08-01,ACC-00241,Growth,Brazil,8,232,false,false
2025-08-01,ACC-00243,Growth,United States,16,464,false,false
2025-08-01,ACC-00244,Growth,United States,32,928,false,false
2025-08-01,ACC-00245,Growth,United States,17,493,false,false
2025-08-01,ACC-00246,Starter,India,4,48,false,false
2025-08-01,ACC-00247,Scale,Australia,42,2688,false,false
2025-08-01,ACC-00248,Starter,Japan,8,96,false,false
2025-08-01,ACC-00249,Growth,Germany,25,725,false,false
2025-08-01,ACC-00250,Starter,United States,4,48,false,false
2025-08-01,ACC-00251,Starter,Brazil,2,24,false,false
2025-08-01,ACC-00252,Starter,United Kingdom,5,60,false,false
2025-08-01,ACC-00253,Starter,United Kingdom,6,72,false,false
2025-08-01,ACC-00254,Starter,United States,3,36,false,false
2025-08-01,ACC-00255,Starter,Brazil,6,72,false,false
2025-08-01,ACC-00256,Growth,United States,17,493,false,false
2025-08-01,ACC-00257,Starter,United States,1,12,false,false
2025-08-01,ACC-00258,Growth,United States,17,493,false,false
2025-08-01,ACC-00262,Starter,India,5,60,false,false
2025-08-01,ACC-00264,Growth,Australia,13,377,false,false
2025-08-01,ACC-00266,Growth,United States,25,725,false,false
2025-08-01,ACC-00267,Growth,United States,20,580,false,false
2025-08-01,ACC-00268,Growth,United States,18,522,false,false
2025-08-01,ACC-00269,Growth,United States,23,667,false,false
2025-08-01,ACC-00270,Growth,Australia,31,899,false,false
2025-08-01,ACC-00271,Growth,Canada,20,580,false,false
2025-08-01,ACC-00272,Scale,United States,50,3200,false,false
2025-08-01,ACC-00273,Scale,India,82,5248,false,false
2025-08-01,ACC-00274,Growth,India,24,696,false,false
2025-08-01,ACC-00279,Scale,India,35,2240,false,false
2025-08-01,ACC-00280,Growth,Canada,12,348,false,false
2025-08-01,ACC-00281,Growth,Germany,8,232,false,false
2025-08-01,ACC-00282,Growth,Germany,20,580,false,false
2025-08-01,ACC-00283,Scale,United Kingdom,62,3968,false,false
2025-08-01,ACC-00284,Growth,United States,15,435,false,false
2025-08-01,ACC-00285,Growth,India,8,232,false,false
2025-08-01,ACC-00288,Growth,Australia,22,638,false,false
2025-08-01,ACC-00289,Starter,United States,4,48,false,false
2025-08-01,ACC-00291,Growth,Japan,29,841,false,false
2025-08-01,ACC-00292,Starter,United States,7,84,false,false
2025-08-01,ACC-00293,Growth,Germany,11,319,false,false
2025-08-01,ACC-00295,Starter,United States,3,36,false,false
2025-08-01,ACC-00296,Starter,Japan,4,48,false,false
2025-08-01,ACC-00297,Starter,India,2,24,false,false
2025-08-01,ACC-00299,Starter,United Kingdom,4,48,false,false
2025-08-01,ACC-00300,Starter,United States,2,24,false,false
2025-08-01,ACC-00301,Growth,United States,20,580,false,false
2025-08-01,ACC-00302,Starter,United States,3,36,false,false
2025-08-01,ACC-00304,Starter,United Kingdom,3,36,false,false
2025-08-01,ACC-00307,Scale,United Kingdom,76,4864,false,false
2025-08-01,ACC-00308,Growth,United Kingdom,12,348,false,false
2025-08-01,ACC-00309,Scale,Japan,56,3584,false,false
2025-08-01,ACC-00310,Growth,United Kingdom,30,870,false,false
2025-08-01,ACC-00312,Growth,Germany,11,319,false,false
2025-08-01,ACC-00313,Starter,United States,3,36,false,false
2025-08-01,ACC-00314,Growth,United States,17,493,false,false
2025-08-01,ACC-00315,Growth,United States,14,406,false,false
2025-08-01,ACC-00316,Starter,Germany,3,36,false,false
2025-08-01,ACC-00317,Starter,India,3,36,false,false
2025-08-01,ACC-00318,Starter,United States,5,60,false,false
2025-08-01,ACC-00319,Starter,United States,1,12,false,false
2025-08-01,ACC-00320,Starter,Japan,4,48,false,false
2025-08-01,ACC-00321,Scale,United States,113,7232,false,false
2025-08-01,ACC-00322,Starter,United States,6,72,false,false
2025-08-01,ACC-00323,Growth,United States,28,812,false,false
2025-08-01,ACC-00324,Starter,Canada,7,84,false,false
2025-08-01,ACC-00325,Starter,Canada,4,48,false,false
2025-08-01,ACC-00326,Starter,India,2,24,false,false
2025-08-01,ACC-00328,Starter,India,3,36,false,false
2025-08-01,ACC-00329,Starter,United States,9,108,false,false
2025-08-01,ACC-00330,Starter,Canada,4,48,false,false
2025-08-01,ACC-00334,Scale,Germany,104,6656,false,false
2025-08-01,ACC-00336,Scale,Canada,82,5248,false,false
2025-08-01,ACC-00338,Starter,Germany,8,96,false,false
2025-08-01,ACC-00339,Growth,United States,11,319,false,false
2025-08-01,ACC-00340,Growth,Australia,30,870,false,false
2025-08-01,ACC-00342,Growth,Brazil,28,812,false,false
2025-08-01,ACC-00345,Starter,Australia,3,36,false,false
2025-08-01,ACC-00346,Scale,United States,81,5184,false,false
2025-08-01,ACC-00347,Starter,United States,6,72,false,false
2025-08-01,ACC-00348,Starter,Canada,3,36,false,false
2025-08-01,ACC-00349,Scale,United States,99,6336,false,false
2025-08-01,ACC-00350,Starter,Germany,5,60,false,false
2025-08-01,ACC-00351,Starter,United States,5,60,false,false
2025-08-01,ACC-00352,Growth,United States,28,812,false,false
2025-08-01,ACC-00353,Growth,United States,10,290,false,false
2025-08-01,ACC-00354,Starter,India,7,84,false,false
2025-08-01,ACC-00355,Growth,India,25,725,false,false
2025-08-01,ACC-00356,Growth,Germany,27,783,false,false
2025-08-01,ACC-00357,Growth,Germany,17,493,false,false
2025-08-01,ACC-00358,Starter,United States,6,72,false,false
2025-08-01,ACC-00361,Starter,United States,6,72,false,false
2025-08-01,ACC-00362,Scale,United States,42,2688,false,false
2025-08-01,ACC-00363,Starter,United States,5,60,false,false
2025-08-01,ACC-00364,Growth,India,28,812,false,false
2025-08-01,ACC-00368,Scale,United States,101,6464,false,false
2025-08-01,ACC-00369,Starter,United States,2,24,false,false
2025-08-01,ACC-00370,Growth,United States,30,870,false,false
2025-08-01,ACC-00371,Starter,United Kingdom,6,72,false,false
2025-08-01,ACC-00372,Growth,United States,32,928,false,false
2025-08-01,ACC-00374,Starter,Germany,5,60,false,false
2025-08-01,ACC-00375,Growth,United States,27,783,false,false
2025-08-01,ACC-00377,Growth,United States,13,377,false,false
2025-08-01,ACC-00378,Starter,United States,4,48,false,false
2025-08-01,ACC-00379,Growth,United States,30,870,false,false
2025-08-01,ACC-00380,Growth,Germany,25,725,false,false
2025-08-01,ACC-00381,Starter,United States,8,96,false,false
2025-08-01,ACC-00382,Starter,United States,4,48,false,false
2025-08-01,ACC-00383,Scale,Japan,97,6208,false,false
2025-08-01,ACC-00384,Scale,United Kingdom,99,6336,false,false
2025-08-01,ACC-00387,Growth,Germany,20,580,false,false
2025-08-01,ACC-00390,Starter,India,2,24,false,false
2025-08-01,ACC-00392,Starter,United Kingdom,2,24,false,false
2025-08-01,ACC-00393,Starter,Germany,6,72,false,false
2025-08-01,ACC-00394,Starter,Germany,5,60,false,false
2025-08-01,ACC-00395,Growth,United Kingdom,21,609,false,false
2025-08-01,ACC-00397,Growth,United States,10,290,false,false
2025-08-01,ACC-00400,Growth,United States,22,638,false,false
2025-08-01,ACC-00401,Scale,United States,33,2112,false,false
2025-08-01,ACC-00402,Growth,United States,18,522,false,false
2025-08-01,ACC-00405,Starter,United States,4,48,false,false
2025-08-01,ACC-00407,Growth,United States,31,899,false,false
2025-08-01,ACC-00409,Starter,Japan,3,36,false,false
2025-08-01,ACC-00410,Starter,United States,2,24,false,false
2025-08-01,ACC-00412,Growth,Japan,7,203,false,false
2025-08-01,ACC-00413,Growth,United States,22,638,false,false
2025-08-01,ACC-00414,Starter,United States,4,48,false,false
2025-08-01,ACC-00415,Scale,United States,107,6848,false,false
2025-08-01,ACC-00416,Growth,United States,30,870,false,false
2025-08-01,ACC-00417,Starter,Japan,2,24,false,false
2025-08-01,ACC-00418,Starter,United States,3,36,false,false
2025-08-01,ACC-00419,Starter,Germany,2,24,false,false
2025-08-01,ACC-00420,Starter,Germany,5,60,false,false
2025-08-01,ACC-00421,Scale,Canada,92,5888,false,false
2025-08-01,ACC-00422,Growth,Brazil,24,696,false,false
2025-08-01,ACC-00426,Starter,Brazil,3,36,false,false
2025-08-01,ACC-00427,Starter,United States,4,48,false,false
2025-08-01,ACC-00429,Growth,United States,23,667,false,false
2025-08-01,ACC-00430,Starter,India,5,60,false,false
2025-08-01,ACC-00432,Scale,Australia,102,6528,false,false
2025-08-01,ACC-00434,Starter,Canada,8,96,false,false
2025-08-01,ACC-00435,Growth,United States,19,551,false,false
2025-08-01,ACC-00436,Scale,Germany,27,1728,false,false
2025-08-01,ACC-00437,Starter,Brazil,4,48,false,false
2025-08-01,ACC-00438,Starter,Japan,5,60,false,false
2025-08-01,ACC-00440,Starter,United States,6,72,false,true
2025-08-01,ACC-00441,Growth,United States,16,464,false,false
2025-08-01,ACC-00442,Starter,United Kingdom,2,24,false,false
2025-08-01,ACC-00443,Starter,United States,1,12,false,false
2025-08-01,ACC-00444,Starter,Japan,3,36,false,false
2025-08-01,ACC-00446,Scale,United Kingdom,103,6592,false,false
2025-08-01,ACC-00447,Starter,United States,4,48,false,false
2025-08-01,ACC-00448,Starter,Australia,7,84,false,false
2025-08-01,ACC-00449,Starter,United States,6,72,false,false
2025-08-01,ACC-00450,Scale,United Kingdom,110,7040,false,false
2025-08-01,ACC-00451,Growth,Brazil,22,638,false,false
2025-08-01,ACC-00453,Starter,United Kingdom,6,72,false,false
2025-08-01,ACC-00454,Growth,United States,13,377,false,false
2025-08-01,ACC-00456,Starter,Germany,3,36,false,false
2025-08-01,ACC-00458,Growth,Germany,16,464,false,false
2025-08-01,ACC-00459,Starter,India,2,24,false,false
2025-08-01,ACC-00460,Starter,United Kingdom,6,72,false,false
2025-08-01,ACC-00461,Growth,United States,24,696,false,false
2025-08-01,ACC-00462,Starter,Brazil,7,84,false,false
2025-08-01,ACC-00463,Starter,Canada,3,36,false,false
2025-08-01,ACC-00464,Growth,United States,19,551,false,false
2025-08-01,ACC-00466,Growth,Japan,9,261,false,false
2025-08-01,ACC-00467,Growth,Canada,9,261,false,false
2025-08-01,ACC-00468,Starter,United States,8,96,false,false
2025-08-01,ACC-00469,Growth,India,14,406,false,false
2025-08-01,ACC-00470,Starter,United Kingdom,2,24,false,false
2025-08-01,ACC-00471,Growth,Australia,30,870,false,false
2025-08-01,ACC-00472,Starter,United States,4,48,false,false
2025-08-01,ACC-00473,Starter,Canada,1,12,false,false
2025-08-01,ACC-00475,Growth,Australia,24,696,false,false
2025-08-01,ACC-00476,Growth,Japan,12,348,false,false
2025-08-01,ACC-00477,Starter,United Kingdom,5,60,false,false
2025-08-01,ACC-00478,Starter,United States,6,72,false,false
2025-08-01,ACC-00479,Starter,United States,2,24,false,false
2025-08-01,ACC-00480,Starter,Australia,6,72,false,false
2025-08-01,ACC-00481,Starter,Germany,6,72,false,false
2025-08-01,ACC-00482,Starter,United States,3,36,false,false
2025-08-01,ACC-00483,Growth,Canada,25,725,false,false
2025-08-01,ACC-00484,Scale,Germany,72,4608,false,false
2025-08-01,ACC-00485,Starter,Japan,4,48,false,false
2025-08-01,ACC-00486,Growth,India,9,261,false,false
2025-08-01,ACC-00487,Starter,Germany,4,48,false,false
2025-08-01,ACC-00489,Scale,United States,91,5824,false,false
2025-08-01,ACC-00490,Growth,Germany,17,493,false,false
2025-08-01,ACC-00491,Growth,India,29,841,false,false
2025-08-01,ACC-00492,Starter,United States,1,12,false,false
2025-08-01,ACC-00493,Starter,India,7,84,false,false
2025-08-01,ACC-00494,Starter,United Kingdom,5,60,false,false
2025-08-01,ACC-00495,Growth,United States,31,899,false,false
2025-08-01,ACC-00496,Starter,United States,6,72,false,false
2025-08-01,ACC-00498,Growth,United States,6,174,false,false
2025-08-01,ACC-00499,Growth,India,7,203,false,false
2025-08-01,ACC-00500,Starter,India,4,48,false,false
2025-08-01,ACC-00501,Growth,United States,18,522,false,false
2025-08-01,ACC-00502,Growth,Brazil,17,493,false,false
2025-08-01,ACC-00503,Growth,Brazil,6,174,false,false
2025-08-01,ACC-00504,Starter,United Kingdom,1,12,false,false
2025-08-01,ACC-00505,Growth,Australia,25,725,false,false
2025-08-01,ACC-00506,Starter,United States,6,72,false,false
2025-08-01,ACC-00507,Starter,United States,4,48,false,false
2025-08-01,ACC-00508,Growth,Canada,12,348,false,false
2025-08-01,ACC-00509,Scale,India,82,5248,false,false
2025-08-01,ACC-00511,Growth,United States,6,174,false,false
2025-08-01,ACC-00512,Starter,Australia,1,12,false,false
2025-08-01,ACC-00513,Starter,Canada,4,48,false,false
2025-08-01,ACC-00514,Starter,Canada,4,48,false,false
2025-08-01,ACC-00515,Starter,India,5,60,false,false
2025-08-01,ACC-00516,Starter,Brazil,3,36,false,false
2025-08-01,ACC-00517,Starter,United States,6,72,false,false
2025-08-01,ACC-00518,Growth,Japan,17,493,false,false
2025-08-01,ACC-00519,Starter,United States,7,84,false,false
2025-08-01,ACC-00520,Starter,India,3,36,false,false
2025-08-01,ACC-00521,Scale,India,92,5888,false,false
2025-08-01,ACC-00522,Growth,United States,8,232,false,false
2025-08-01,ACC-00523,Starter,Germany,4,48,false,false
2025-08-01,ACC-00524,Starter,Australia,2,24,false,false
2025-08-01,ACC-00525,Growth,Japan,6,174,false,false
2025-08-01,ACC-00526,Scale,United States,36,2304,false,false
2025-08-01,ACC-00527,Starter,Japan,1,12,false,false
2025-08-01,ACC-00528,Starter,India,4,48,false,false
2025-08-01,ACC-00529,Growth,United States,17,493,false,false
2025-08-01,ACC-00530,Growth,Japan,30,870,false,false
2025-08-01,ACC-00531,Starter,India,2,24,false,false
2025-08-01,ACC-00533,Starter,Canada,6,72,false,false
2025-08-01,ACC-00534,Starter,United States,6,72,false,false
2025-08-01,ACC-00535,Growth,United Kingdom,25,725,false,false
2025-08-01,ACC-00536,Starter,Japan,5,60,false,false
2025-08-01,ACC-00537,Starter,United Kingdom,5,60,false,false
2025-08-01,ACC-00538,Starter,India,6,72,false,false
2025-08-01,ACC-00539,Starter,Canada,5,60,false,false
2025-08-01,ACC-00540,Growth,Japan,12,348,false,false
2025-08-01,ACC-00541,Growth,Brazil,15,435,false,false
2025-08-01,ACC-00542,Starter,Brazil,5,60,false,false
2025-08-01,ACC-00544,Growth,United States,14,406,false,false
2025-08-01,ACC-00545,Starter,United Kingdom,4,48,false,false
2025-08-01,ACC-00547,Growth,Canada,8,232,false,false
2025-08-01,ACC-00548,Starter,Germany,5,60,false,false
2025-08-01,ACC-00549,Starter,United States,3,36,false,false
2025-08-01,ACC-00550,Growth,United States,11,319,false,false
2025-08-01,ACC-00551,Growth,United Kingdom,18,522,false,false
2025-08-01,ACC-00552,Starter,United States,1,12,false,false
2025-08-01,ACC-00553,Starter,Germany,2,24,false,false
2025-08-01,ACC-00554,Scale,United Kingdom,37,2368,false,false
2025-08-01,ACC-00555,Scale,India,52,3328,false,false
2025-08-01,ACC-00556,Starter,Australia,1,12,false,false
2025-08-01,ACC-00557,Growth,Germany,21,609,false,false
2025-08-01,ACC-00558,Growth,United States,10,290,false,false
2025-08-01,ACC-00559,Growth,Canada,26,754,false,false
2025-08-01,ACC-00560,Starter,Canada,1,12,false,false
2025-08-01,ACC-00561,Growth,Japan,26,754,false,false
2025-08-01,ACC-00562,Starter,United Kingdom,6,72,false,false
2025-08-01,ACC-00563,Growth,Japan,9,261,false,false
2025-08-01,ACC-00564,Growth,United States,15,435,false,false
2025-08-01,ACC-00565,Growth,United States,26,754,false,false
2025-08-01,ACC-00566,Starter,Canada,4,48,false,false
2025-08-01,ACC-00567,Starter,Brazil,7,84,false,false
2025-08-01,ACC-00568,Growth,United States,10,290,false,false
2025-08-01,ACC-00570,Starter,Japan,4,48,false,false
2025-08-01,ACC-00571,Starter,India,6,72,false,false
2025-08-01,ACC-00572,Starter,United States,2,24,false,false
2025-08-01,ACC-00573,Starter,United Kingdom,5,60,false,false
2025-08-01,ACC-00574,Starter,Germany,4,48,false,false
2025-08-01,ACC-00575,Starter,United States,2,24,false,false
2025-08-01,ACC-00576,Starter,United States,3,36,false,false
2025-08-01,ACC-00577,Starter,Brazil,5,60,false,false
2025-08-01,ACC-00578,Starter,United States,3,36,false,false
2025-08-01,ACC-00579,Growth,Canada,18,522,false,false
2025-08-01,ACC-00580,Scale,United States,102,6528,false,false
2025-08-01,ACC-00581,Scale,India,46,2944,false,false
2025-08-01,ACC-00582,Starter,United Kingdom,1,12,false,false
2025-08-01,ACC-00583,Starter,Brazil,2,24,false,false
2025-08-01,ACC-00584,Scale,United Kingdom,106,6784,false,false
2025-08-01,ACC-00585,Starter,Japan,5,60,false,false
2025-08-01,ACC-00586,Growth,United States,11,319,false,false
2025-08-01,ACC-00587,Scale,United Kingdom,47,3008,false,false
2025-08-01,ACC-00588,Growth,United States,6,174,false,false
2025-08-01,ACC-00589,Growth,United States,20,580,false,false
2025-08-01,ACC-00590,Starter,United States,3,36,false,false
2025-08-01,ACC-00591,Starter,United States,1,12,false,false
2025-08-01,ACC-00592,Growth,United Kingdom,16,464,false,false
2025-08-01,ACC-00593,Growth,Germany,22,638,false,false
2025-08-01,ACC-00594,Starter,Canada,2,24,false,false
2025-08-01,ACC-00595,Growth,United States,7,203,false,false
2025-08-01,ACC-00596,Growth,Germany,29,841,false,false
2025-08-01,ACC-00597,Starter,Australia,1,12,false,false
2025-08-01,ACC-00598,Starter,Japan,6,72,false,false
2025-08-01,ACC-00599,Starter,India,7,84,false,false
2025-08-01,ACC-00600,Starter,United States,4,48,false,false
2025-08-01,ACC-00601,Starter,United States,3,36,false,false
2025-08-01,ACC-00602,Growth,Germany,24,696,false,false
2025-08-01,ACC-00603,Starter,India,5,60,false,false
2025-08-01,ACC-00604,Starter,United States,6,72,false,false
2025-08-01,ACC-00605,Starter,United States,4,48,false,false
2025-08-01,ACC-00606,Scale,Canada,88,5632,false,false
2025-08-01,ACC-00607,Starter,United States,5,60,false,false
2025-08-01,ACC-00608,Starter,United Kingdom,1,12,false,false
2025-08-01,ACC-00609,Starter,Japan,6,72,false,false
2025-08-01,ACC-00610,Starter,United States,1,12,false,false
2025-08-01,ACC-00611,Growth,Germany,20,580,false,false
2025-08-01,ACC-00612,Scale,United States,117,7488,false,false
2025-08-01,ACC-00613,Starter,Germany,5,60,false,false
2025-08-01,ACC-00614,Growth,Australia,27,783,false,false
2025-08-01,ACC-00615,Starter,United Kingdom,4,48,false,false
2025-08-01,ACC-00616,Growth,India,17,493,false,false
2025-08-01,ACC-00617,Growth,United Kingdom,12,348,false,false
2025-08-01,ACC-00618,Growth,Germany,23,667,false,false
2025-08-01,ACC-00619,Starter,United Kingdom,5,60,true,false
2025-08-01,ACC-00620,Starter,United States,4,48,true,false
2025-08-01,ACC-00621,Growth,Canada,28,812,true,false
2025-08-01,ACC-00622,Growth,United States,12,348,true,false
2025-08-01,ACC-00623,Scale,Canada,85,5440,true,false
2025-08-01,ACC-00624,Starter,India,2,24,true,false
2025-08-01,ACC-00625,Starter,United Kingdom,2,24,true,false
2025-08-01,ACC-00626,Starter,United States,5,60,true,false
2025-08-01,ACC-00627,Growth,United States,21,609,true,false
2025-08-01,ACC-00628,Starter,United States,1,12,true,false
2025-08-01,ACC-00629,Growth,United Kingdom,7,203,true,false
2025-08-01,ACC-00630,Starter,Australia,1,12,true,false
2025-08-01,ACC-00631,Starter,United States,6,72,true,false
2025-08-01,ACC-00632,Starter,United States,3,36,true,false
2025-08-01,ACC-00633,Starter,United States,3,36,true,false
2025-08-01,ACC-00634,Growth,Japan,14,406,true,false
2025-08-01,ACC-00635,Growth,Canada,19,551,true,false
2025-08-01,ACC-00636,Growth,United States,29,841,true,false
2025-08-01,ACC-00637,Growth,United Kingdom,10,290,true,false
2025-08-01,ACC-00638,Starter,Australia,2,24,true,false
2025-08-01,ACC-00639,Starter,United States,6,72,true,false
2025-08-01,ACC-00640,Starter,Australia,5,60,true,false
2025-08-01,ACC-00641,Growth,India,9,261,true,false
2025-08-01,ACC-00642,Starter,United States,3,36,true,false
2025-08-01,ACC-00643,Starter,Japan,5,60,true,false
2025-09-01,ACC-00002,Scale,United States,121,7744,false,false
2025-09-01,ACC-00003,Scale,Germany,71,4544,false,false
2025-09-01,ACC-00006,Scale,Germany,55,3520,false,false
2025-09-01,ACC-00007,Starter,United States,6,72,false,false
2025-09-01,ACC-00008,Starter,United States,3,36,false,false
2025-09-01,ACC-00009,Growth,Canada,10,290,false,false
2025-09-01,ACC-00010,Starter,United States,5,60,false,false
2025-09-01,ACC-00013,Growth,Canada,28,812,false,false
2025-09-01,ACC-00014,Growth,United States,28,812,false,false
2025-09-01,ACC-00015,Starter,Germany,4,48,false,false
2025-09-01,ACC-00016,Starter,United States,3,36,false,false
2025-09-01,ACC-00017,Starter,Canada,2,24,false,false
2025-09-01,ACC-00019,Growth,India,16,464,false,false
2025-09-01,ACC-00021,Starter,United States,7,84,false,false
2025-09-01,ACC-00022,Scale,Japan,53,3392,false,false
2025-09-01,ACC-00023,Growth,United States,27,783,false,false
2025-09-01,ACC-00026,Scale,United Kingdom,58,3712,false,false
2025-09-01,ACC-00027,Starter,United States,6,72,false,false
2025-09-01,ACC-00030,Growth,Germany,24,696,false,false
2025-09-01,ACC-00032,Growth,India,14,406,false,false
2025-09-01,ACC-00034,Starter,United States,2,24,false,false
2025-09-01,ACC-00037,Growth,India,11,319,false,false
2025-09-01,ACC-00038,Starter,Germany,4,48,false,false
2025-09-01,ACC-00039,Starter,India,3,36,false,false
2025-09-01,ACC-00040,Starter,Australia,6,72,false,false
2025-09-01,ACC-00041,Starter,India,3,36,false,false
2025-09-01,ACC-00044,Growth,India,15,435,false,false
2025-09-01,ACC-00045,Growth,United Kingdom,14,406,false,false
2025-09-01,ACC-00046,Growth,India,29,841,false,false
2025-09-01,ACC-00048,Scale,Brazil,100,6400,false,false
2025-09-01,ACC-00049,Starter,United States,1,12,false,false
2025-09-01,ACC-00050,Starter,United Kingdom,3,36,false,false
2025-09-01,ACC-00051,Growth,India,27,783,false,false
2025-09-01,ACC-00052,Growth,Japan,13,377,false,false
2025-09-01,ACC-00055,Growth,United Kingdom,7,203,false,true
2025-09-01,ACC-00057,Starter,Japan,8,96,false,false
2025-09-01,ACC-00058,Scale,Germany,113,7232,false,false
2025-09-01,ACC-00060,Growth,Canada,23,667,false,true
2025-09-01,ACC-00061,Starter,Germany,4,48,false,false
2025-09-01,ACC-00065,Growth,Brazil,8,232,false,false
2025-09-01,ACC-00066,Growth,Germany,7,203,false,false
2025-09-01,ACC-00067,Starter,United Kingdom,3,36,false,false
2025-09-01,ACC-00069,Starter,United States,2,24,false,false
2025-09-01,ACC-00070,Growth,United States,31,899,false,false
2025-09-01,ACC-00072,Growth,United States,11,319,false,false
2025-09-01,ACC-00073,Starter,Australia,3,36,false,false
2025-09-01,ACC-00074,Growth,United States,6,174,false,false
2025-09-01,ACC-00075,Growth,United States,25,725,false,false
2025-09-01,ACC-00078,Growth,United States,25,725,false,false
2025-09-01,ACC-00079,Scale,Brazil,54,3456,false,false
2025-09-01,ACC-00080,Scale,United States,100,6400,false,false
2025-09-01,ACC-00081,Starter,Australia,7,84,false,false
2025-09-01,ACC-00087,Starter,United States,5,60,false,false
2025-09-01,ACC-00088,Starter,United Kingdom,4,48,false,true
2025-09-01,ACC-00089,Growth,United States,25,725,false,false
2025-09-01,ACC-00092,Starter,India,4,48,false,false
2025-09-01,ACC-00093,Starter,United Kingdom,1,12,false,false
2025-09-01,ACC-00094,Growth,United States,18,522,false,false
2025-09-01,ACC-00096,Starter,Canada,2,24,false,false
2025-09-01,ACC-00097,Growth,United States,14,406,false,false
2025-09-01,ACC-00100,Starter,Germany,6,72,false,false
2025-09-01,ACC-00102,Starter,United States,5,60,false,false
2025-09-01,ACC-00103,Starter,United States,8,96,false,false
2025-09-01,ACC-00104,Scale,United States,106,6784,false,false
2025-09-01,ACC-00107,Scale,United Kingdom,58,3712,false,false
2025-09-01,ACC-00109,Growth,Brazil,20,580,false,false
2025-09-01,ACC-00110,Starter,United States,5,60,false,false
2025-09-01,ACC-00111,Starter,United States,6,72,false,false
2025-09-01,ACC-00112,Starter,United States,3,36,false,false
2025-09-01,ACC-00113,Growth,Germany,8,232,false,false
2025-09-01,ACC-00115,Starter,Japan,7,84,false,false
2025-09-01,ACC-00116,Growth,United States,12,348,false,false
2025-09-01,ACC-00117,Growth,United States,10,290,false,false
2025-09-01,ACC-00119,Scale,India,33,2112,false,false
2025-09-01,ACC-00120,Scale,Japan,114,7296,false,false
2025-09-01,ACC-00121,Starter,United States,8,96,false,false
2025-09-01,ACC-00122,Growth,United States,24,696,false,false
2025-09-01,ACC-00125,Growth,United States,15,435,false,false
2025-09-01,ACC-00126,Growth,United States,25,725,false,false
2025-09-01,ACC-00129,Growth,Japan,18,522,false,false
2025-09-01,ACC-00130,Growth,Brazil,28,812,false,false
2025-09-01,ACC-00131,Starter,United States,6,72,false,false
2025-09-01,ACC-00133,Growth,Canada,18,522,false,false
2025-09-01,ACC-00136,Growth,Germany,18,522,false,false
2025-09-01,ACC-00137,Starter,United States,3,36,false,false
2025-09-01,ACC-00140,Growth,United States,15,435,false,false
2025-09-01,ACC-00144,Scale,United States,104,6656,false,false
2025-09-01,ACC-00146,Starter,Canada,2,24,false,false
2025-09-01,ACC-00147,Starter,Brazil,6,72,false,false
2025-09-01,ACC-00148,Growth,United States,31,899,false,false
2025-09-01,ACC-00149,Growth,United Kingdom,9,261,false,false
2025-09-01,ACC-00152,Starter,India,5,60,false,false
2025-09-01,ACC-00155,Growth,Canada,23,667,false,false
2025-09-01,ACC-00157,Starter,United Kingdom,5,60,false,false
2025-09-01,ACC-00158,Starter,United States,10,120,false,false
2025-09-01,ACC-00159,Starter,Japan,5,60,false,false
2025-09-01,ACC-00160,Starter,United Kingdom,1,12,false,false
2025-09-01,ACC-00161,Scale,Australia,53,3392,false,false
2025-09-01,ACC-00162,Starter,United States,7,84,false,false
2025-09-01,ACC-00163,Growth,Japan,18,522,false,false
2025-09-01,ACC-00167,Starter,Germany,5,60,false,true
2025-09-01,ACC-00169,Growth,Japan,12,348,false,false
2025-09-01,ACC-00170,Starter,India,5,60,false,false
2025-09-01,ACC-00173,Growth,Germany,7,203,false,false
2025-09-01,ACC-00175,Scale,Brazil,105,6720,false,false
2025-09-01,ACC-00176,Starter,Brazil,2,24,false,false
2025-09-01,ACC-00178,Growth,India,7,203,false,false
2025-09-01,ACC-00179,Scale,United States,60,3840,false,false
2025-09-01,ACC-00181,Starter,Germany,5,60,false,false
2025-09-01,ACC-00183,Scale,United States,28,1792,false,false
2025-09-01,ACC-00189,Scale,Australia,82,5248,false,false
2025-09-01,ACC-00190,Starter,Australia,10,120,false,false
2025-09-01,ACC-00192,Growth,United States,12,348,false,false
2025-09-01,ACC-00194,Growth,United States,16,464,false,false
2025-09-01,ACC-00195,Starter,Brazil,5,60,false,false
2025-09-01,ACC-00197,Growth,United Kingdom,28,812,false,false
2025-09-01,ACC-00199,Starter,United States,5,60,false,false
2025-09-01,ACC-00201,Starter,Germany,6,72,false,false
2025-09-01,ACC-00203,Growth,United States,8,232,false,false
2025-09-01,ACC-00204,Growth,United States,18,522,false,false
2025-09-01,ACC-00206,Growth,Australia,29,841,false,false
2025-09-01,ACC-00207,Scale,Japan,96,6144,false,false
2025-09-01,ACC-00208,Starter,United Kingdom,9,108,false,false
2025-09-01,ACC-00209,Scale,Australia,114,7296,false,false
2025-09-01,ACC-00211,Scale,Brazil,75,4800,false,false
2025-09-01,ACC-00212,Growth,India,16,464,false,false
2025-09-01,ACC-00214,Starter,Germany,3,36,false,false
2025-09-01,ACC-00215,Starter,Japan,5,60,false,false
2025-09-01,ACC-00217,Growth,Australia,16,464,false,true
2025-09-01,ACC-00218,Starter,Germany,7,84,false,false
2025-09-01,ACC-00219,Starter,Canada,6,72,false,false
2025-09-01,ACC-00220,Scale,Germany,122,7808,false,false
2025-09-01,ACC-00221,Growth,Germany,30,870,false,false
2025-09-01,ACC-00225,Growth,United States,32,928,false,false
2025-09-01,ACC-00226,Growth,United States,31,899,false,false
2025-09-01,ACC-00227,Starter,United States,7,84,false,false
2025-09-01,ACC-00228,Growth,United States,10,290,false,false
2025-09-01,ACC-00229,Starter,United States,5,60,false,false
2025-09-01,ACC-00230,Starter,India,5,60,false,false
2025-09-01,ACC-00232,Growth,Germany,11,319,false,false
2025-09-01,ACC-00233,Growth,United States,30,870,false,false
2025-09-01,ACC-00234,Growth,United States,26,754,false,false
2025-09-01,ACC-00235,Growth,United Kingdom,31,899,false,false
2025-09-01,ACC-00236,Starter,Germany,4,48,false,false
2025-09-01,ACC-00238,Starter,Germany,6,72,false,false
2025-09-01,ACC-00239,Starter,Australia,6,72,false,false
2025-09-01,ACC-00241,Growth,Brazil,8,232,false,false
2025-09-01,ACC-00243,Growth,United States,17,493,false,false
2025-09-01,ACC-00244,Growth,United States,32,928,false,false
2025-09-01,ACC-00245,Growth,United States,18,522,false,false
2025-09-01,ACC-00246,Starter,India,4,48,false,false
2025-09-01,ACC-00247,Scale,Australia,43,2752,false,false
2025-09-01,ACC-00248,Starter,Japan,8,96,false,false
2025-09-01,ACC-00249,Growth,Germany,25,725,false,false
2025-09-01,ACC-00250,Starter,United States,4,48,false,false
2025-09-01,ACC-00251,Starter,Brazil,2,24,false,false
2025-09-01,ACC-00252,Starter,United Kingdom,5,60,false,false
2025-09-01,ACC-00253,Starter,United Kingdom,6,72,false,false
2025-09-01,ACC-00254,Starter,United States,3,36,false,false
2025-09-01,ACC-00255,Starter,Brazil,6,72,false,false
2025-09-01,ACC-00256,Growth,United States,17,493,false,false
2025-09-01,ACC-00257,Starter,United States,1,12,false,false
2025-09-01,ACC-00258,Growth,United States,17,493,false,false
2025-09-01,ACC-00262,Starter,India,5,60,false,false
2025-09-01,ACC-00264,Growth,Australia,13,377,false,false
2025-09-01,ACC-00266,Growth,United States,25,725,false,false
2025-09-01,ACC-00267,Growth,United States,20,580,false,false
2025-09-01,ACC-00268,Growth,United States,18,522,false,false
2025-09-01,ACC-00269,Growth,United States,23,667,false,false
2025-09-01,ACC-00270,Growth,Australia,31,899,false,false
2025-09-01,ACC-00271,Growth,Canada,20,580,false,false
2025-09-01,ACC-00272,Scale,United States,50,3200,false,false
2025-09-01,ACC-00273,Scale,India,82,5248,false,false
2025-09-01,ACC-00274,Growth,India,24,696,false,false
2025-09-01,ACC-00279,Scale,India,35,2240,false,false
2025-09-01,ACC-00280,Growth,Canada,12,348,false,false
2025-09-01,ACC-00281,Growth,Germany,8,232,false,false
2025-09-01,ACC-00282,Growth,Germany,20,580,false,false
2025-09-01,ACC-00283,Scale,United Kingdom,62,3968,false,false
2025-09-01,ACC-00284,Growth,United States,15,435,false,false
2025-09-01,ACC-00285,Growth,India,8,232,false,false
2025-09-01,ACC-00288,Growth,Australia,22,638,false,true
2025-09-01,ACC-00289,Starter,United States,4,48,false,false
2025-09-01,ACC-00291,Growth,Japan,29,841,false,false
2025-09-01,ACC-00292,Starter,United States,7,84,false,false
2025-09-01,ACC-00293,Growth,Germany,11,319,false,false
2025-09-01,ACC-00295,Starter,United States,3,36,false,false
2025-09-01,ACC-00296,Starter,Japan,4,48,false,false
2025-09-01,ACC-00297,Starter,India,2,24,false,false
2025-09-01,ACC-00299,Starter,United Kingdom,4,48,false,false
2025-09-01,ACC-00300,Starter,United States,2,24,false,false
2025-09-01,ACC-00301,Growth,United States,20,580,false,false
2025-09-01,ACC-00302,Starter,United States,4,48,false,false
2025-09-01,ACC-00304,Starter,United Kingdom,3,36,false,false
2025-09-01,ACC-00307,Scale,United Kingdom,76,4864,false,false
2025-09-01,ACC-00308,Growth,United Kingdom,12,348,false,false
2025-09-01,ACC-00309,Scale,Japan,56,3584,false,false
2025-09-01,ACC-00310,Growth,United Kingdom,30,870,false,false
2025-09-01,ACC-00312,Growth,Germany,11,319,false,false
2025-09-01,ACC-00313,Starter,United States,3,36,false,false
2025-09-01,ACC-00314,Growth,United States,17,493,false,false
2025-09-01,ACC-00315,Growth,United States,14,406,false,false
2025-09-01,ACC-00316,Starter,Germany,3,36,false,false
2025-09-01,ACC-00317,Starter,India,4,48,false,false
2025-09-01,ACC-00318,Starter,United States,5,60,false,false
2025-09-01,ACC-00319,Starter,United States,1,12,false,false
2025-09-01,ACC-00320,Starter,Japan,4,48,false,false
2025-09-01,ACC-00321,Scale,United States,113,7232,false,false
2025-09-01,ACC-00322,Starter,United States,7,84,false,false
2025-09-01,ACC-00323,Growth,United States,28,812,false,false
2025-09-01,ACC-00324,Starter,Canada,7,84,false,false
2025-09-01,ACC-00325,Starter,Canada,4,48,false,false
2025-09-01,ACC-00326,Starter,India,2,24,false,false
2025-09-01,ACC-00328,Starter,India,3,36,false,false
2025-09-01,ACC-00329,Starter,United States,10,120,false,false
2025-09-01,ACC-00330,Starter,Canada,4,48,false,false
2025-09-01,ACC-00334,Scale,Germany,104,6656,false,false
2025-09-01,ACC-00336,Scale,Canada,82,5248,false,false
2025-09-01,ACC-00338,Starter,Germany,8,96,false,false
2025-09-01,ACC-00339,Growth,United States,11,319,false,false
2025-09-01,ACC-00340,Growth,Australia,30,870,false,false
2025-09-01,ACC-00342,Growth,Brazil,28,812,false,false
2025-09-01,ACC-00345,Starter,Australia,3,36,false,false
2025-09-01,ACC-00346,Scale,United States,81,5184,false,false
2025-09-01,ACC-00347,Starter,United States,6,72,false,false
2025-09-01,ACC-00348,Starter,Canada,3,36,false,false
2025-09-01,ACC-00349,Scale,United States,99,6336,false,false
2025-09-01,ACC-00350,Starter,Germany,5,60,false,false
2025-09-01,ACC-00351,Starter,United States,5,60,false,false
2025-09-01,ACC-00352,Growth,United States,28,812,false,false
2025-09-01,ACC-00353,Growth,United States,10,290,false,false
2025-09-01,ACC-00354,Starter,India,7,84,false,false
2025-09-01,ACC-00355,Growth,India,26,754,false,false
2025-09-01,ACC-00356,Growth,Germany,27,783,false,false
2025-09-01,ACC-00357,Growth,Germany,17,493,false,false
2025-09-01,ACC-00358,Starter,United States,6,72,false,false
2025-09-01,ACC-00361,Starter,United States,7,84,false,false
2025-09-01,ACC-00362,Scale,United States,42,2688,false,false
2025-09-01,ACC-00363,Starter,United States,5,60,false,false
2025-09-01,ACC-00364,Growth,India,28,812,false,false
2025-09-01,ACC-00368,Scale,United States,101,6464,false,false
2025-09-01,ACC-00369,Starter,United States,2,24,false,false
2025-09-01,ACC-00370,Growth,United States,30,870,false,false
2025-09-01,ACC-00371,Starter,United Kingdom,6,72,false,false
2025-09-01,ACC-00372,Growth,United States,32,928,false,false
2025-09-01,ACC-00374,Starter,Germany,5,60,false,false
2025-09-01,ACC-00375,Growth,United States,27,783,false,false
2025-09-01,ACC-00377,Growth,United States,13,377,false,false
2025-09-01,ACC-00378,Starter,United States,4,48,false,false
2025-09-01,ACC-00379,Growth,United States,30,870,false,false
2025-09-01,ACC-00380,Growth,Germany,26,754,false,false
2025-09-01,ACC-00381,Starter,United States,8,96,false,false
2025-09-01,ACC-00382,Starter,United States,4,48,false,false
2025-09-01,ACC-00383,Scale,Japan,97,6208,false,false
2025-09-01,ACC-00384,Scale,United Kingdom,99,6336,false,false
2025-09-01,ACC-00387,Growth,Germany,21,609,false,false
2025-09-01,ACC-00390,Starter,India,2,24,false,false
2025-09-01,ACC-00392,Starter,United Kingdom,2,24,false,false
2025-09-01,ACC-00393,Starter,Germany,6,72,false,false
2025-09-01,ACC-00394,Starter,Germany,5,60,false,false
2025-09-01,ACC-00395,Growth,United Kingdom,21,609,false,false
2025-09-01,ACC-00397,Growth,United States,10,290,false,false
2025-09-01,ACC-00400,Growth,United States,22,638,false,false
2025-09-01,ACC-00401,Scale,United States,33,2112,false,false
2025-09-01,ACC-00402,Growth,United States,18,522,false,false
2025-09-01,ACC-00405,Starter,United States,4,48,false,false
2025-09-01,ACC-00407,Growth,United States,31,899,false,false
2025-09-01,ACC-00409,Starter,Japan,3,36,false,false
2025-09-01,ACC-00410,Starter,United States,2,24,false,false
2025-09-01,ACC-00412,Growth,Japan,7,203,false,false
2025-09-01,ACC-00413,Growth,United States,23,667,false,false
2025-09-01,ACC-00414,Starter,United States,4,48,false,false
2025-09-01,ACC-00415,Scale,United States,107,6848,false,false
2025-09-01,ACC-00416,Growth,United States,30,870,false,false
2025-09-01,ACC-00417,Starter,Japan,2,24,false,false
2025-09-01,ACC-00418,Starter,United States,3,36,false,false
2025-09-01,ACC-00419,Starter,Germany,3,36,false,false
2025-09-01,ACC-00420,Starter,Germany,5,60,false,false
2025-09-01,ACC-00421,Scale,Canada,92,5888,false,false
2025-09-01,ACC-00422,Growth,Brazil,25,725,false,false
2025-09-01,ACC-00426,Starter,Brazil,4,48,false,false
2025-09-01,ACC-00427,Starter,United States,4,48,false,false
2025-09-01,ACC-00429,Growth,United States,23,667,false,false
2025-09-01,ACC-00430,Starter,India,5,60,false,false
2025-09-01,ACC-00432,Scale,Australia,102,6528,false,false
2025-09-01,ACC-00434,Starter,Canada,8,96,false,false
2025-09-01,ACC-00435,Growth,United States,19,551,false,false
2025-09-01,ACC-00436,Scale,Germany,27,1728,false,false
2025-09-01,ACC-00437,Starter,Brazil,4,48,false,false
2025-09-01,ACC-00438,Starter,Japan,5,60,false,false
2025-09-01,ACC-00441,Growth,United States,16,464,false,false
2025-09-01,ACC-00442,Starter,United Kingdom,2,24,false,false
2025-09-01,ACC-00443,Starter,United States,1,12,false,false
2025-09-01,ACC-00444,Starter,Japan,3,36,false,false
2025-09-01,ACC-00446,Scale,United Kingdom,103,6592,false,false
2025-09-01,ACC-00447,Starter,United States,4,48,false,false
2025-09-01,ACC-00448,Starter,Australia,7,84,false,false
2025-09-01,ACC-00449,Starter,United States,6,72,false,false
2025-09-01,ACC-00450,Scale,United Kingdom,110,7040,false,false
2025-09-01,ACC-00451,Growth,Brazil,23,667,false,false
2025-09-01,ACC-00453,Starter,United Kingdom,6,72,false,false
2025-09-01,ACC-00454,Growth,United States,13,377,false,false
2025-09-01,ACC-00456,Starter,Germany,3,36,false,false
2025-09-01,ACC-00458,Growth,Germany,16,464,false,false
2025-09-01,ACC-00459,Starter,India,2,24,false,false
2025-09-01,ACC-00460,Starter,United Kingdom,6,72,false,false
2025-09-01,ACC-00461,Growth,United States,24,696,false,false
2025-09-01,ACC-00462,Starter,Brazil,7,84,false,false
2025-09-01,ACC-00463,Starter,Canada,3,36,false,false
2025-09-01,ACC-00464,Growth,United States,19,551,false,false
2025-09-01,ACC-00466,Growth,Japan,10,290,false,false
2025-09-01,ACC-00467,Growth,Canada,9,261,false,false
2025-09-01,ACC-00468,Starter,United States,8,96,false,false
2025-09-01,ACC-00469,Growth,India,14,406,false,false
2025-09-01,ACC-00470,Starter,United Kingdom,2,24,false,false
2025-09-01,ACC-00471,Growth,Australia,30,870,false,false
2025-09-01,ACC-00472,Starter,United States,4,48,false,false
2025-09-01,ACC-00473,Starter,Canada,1,12,false,false
2025-09-01,ACC-00475,Growth,Australia,24,696,false,false
2025-09-01,ACC-00476,Growth,Japan,12,348,false,false
2025-09-01,ACC-00477,Starter,United Kingdom,5,60,false,false
2025-09-01,ACC-00478,Starter,United States,6,72,false,false
2025-09-01,ACC-00479,Starter,United States,2,24,false,false
2025-09-01,ACC-00480,Starter,Australia,6,72,false,false
2025-09-01,ACC-00481,Starter,Germany,6,72,false,false
2025-09-01,ACC-00482,Starter,United States,3,36,false,false
2025-09-01,ACC-00483,Growth,Canada,25,725,false,false
2025-09-01,ACC-00484,Scale,Germany,72,4608,false,false
2025-09-01,ACC-00485,Starter,Japan,4,48,false,false
2025-09-01,ACC-00486,Growth,India,9,261,false,false
2025-09-01,ACC-00487,Starter,Germany,4,48,false,false
2025-09-01,ACC-00489,Scale,United States,91,5824,false,false
2025-09-01,ACC-00490,Growth,Germany,17,493,false,false
2025-09-01,ACC-00491,Growth,India,29,841,false,false
2025-09-01,ACC-00492,Starter,United States,1,12,false,false
2025-09-01,ACC-00493,Starter,India,7,84,false,false
2025-09-01,ACC-00494,Starter,United Kingdom,5,60,false,false
2025-09-01,ACC-00495,Growth,United States,31,899,false,false
2025-09-01,ACC-00496,Starter,United States,6,72,false,false
2025-09-01,ACC-00498,Growth,United States,6,174,false,false
2025-09-01,ACC-00499,Growth,India,7,203,false,false
2025-09-01,ACC-00500,Starter,India,4,48,false,false
2025-09-01,ACC-00501,Growth,United States,18,522,false,false
2025-09-01,ACC-00502,Growth,Brazil,17,493,false,false
2025-09-01,ACC-00503,Growth,Brazil,6,174,false,false
2025-09-01,ACC-00504,Starter,United Kingdom,1,12,false,false
2025-09-01,ACC-00505,Growth,Australia,25,725,false,false
2025-09-01,ACC-00506,Starter,United States,7,84,false,false
2025-09-01,ACC-00507,Starter,United States,4,48,false,false
2025-09-01,ACC-00508,Growth,Canada,12,348,false,false
2025-09-01,ACC-00509,Scale,India,83,5312,false,false
2025-09-01,ACC-00511,Growth,United States,7,203,false,false
2025-09-01,ACC-00512,Starter,Australia,1,12,false,false
2025-09-01,ACC-00513,Starter,Canada,4,48,false,false
2025-09-01,ACC-00514,Starter,Canada,4,48,false,false
2025-09-01,ACC-00515,Starter,India,5,60,false,false
2025-09-01,ACC-00516,Starter,Brazil,4,48,false,false
2025-09-01,ACC-00517,Starter,United States,7,84,false,false
2025-09-01,ACC-00518,Growth,Japan,18,522,false,false
2025-09-01,ACC-00519,Starter,United States,7,84,false,false
2025-09-01,ACC-00520,Starter,India,3,36,false,false
2025-09-01,ACC-00521,Scale,India,92,5888,false,false
2025-09-01,ACC-00522,Growth,United States,8,232,false,false
2025-09-01,ACC-00523,Starter,Germany,4,48,false,false
2025-09-01,ACC-00524,Starter,Australia,2,24,false,false
2025-09-01,ACC-00525,Growth,Japan,7,203,false,false
2025-09-01,ACC-00526,Scale,United States,36,2304,false,false
2025-09-01,ACC-00527,Starter,Japan,2,24,false,false
2025-09-01,ACC-00528,Starter,India,5,60,false,false
2025-09-01,ACC-00529,Growth,United States,17,493,false,false
2025-09-01,ACC-00530,Growth,Japan,31,899,false,false
2025-09-01,ACC-00531,Starter,India,2,24,false,false
2025-09-01,ACC-00533,Starter,Canada,6,72,false,false
2025-09-01,ACC-00534,Starter,United States,6,72,false,false
2025-09-01,ACC-00535,Growth,United Kingdom,25,725,false,false
2025-09-01,ACC-00536,Starter,Japan,5,60,false,false
2025-09-01,ACC-00537,Starter,United Kingdom,5,60,false,false
2025-09-01,ACC-00538,Starter,India,6,72,false,false
2025-09-01,ACC-00539,Starter,Canada,5,60,false,false
2025-09-01,ACC-00540,Growth,Japan,12,348,false,false
2025-09-01,ACC-00541,Growth,Brazil,15,435,false,false
2025-09-01,ACC-00542,Starter,Brazil,5,60,false,true
2025-09-01,ACC-00544,Growth,United States,14,406,false,false
2025-09-01,ACC-00545,Starter,United Kingdom,4,48,false,false
2025-09-01,ACC-00547,Growth,Canada,8,232,false,false
2025-09-01,ACC-00548,Starter,Germany,5,60,false,false
2025-09-01,ACC-00549,Starter,United States,3,36,false,false
2025-09-01,ACC-00550,Growth,United States,11,319,false,false
2025-09-01,ACC-00551,Growth,United Kingdom,18,522,false,false
2025-09-01,ACC-00552,Starter,United States,1,12,false,false
2025-09-01,ACC-00553,Starter,Germany,2,24,false,false
2025-09-01,ACC-00554,Scale,United Kingdom,37,2368,false,false
2025-09-01,ACC-00555,Scale,India,53,3392,false,false
2025-09-01,ACC-00556,Starter,Australia,1,12,false,false
2025-09-01,ACC-00557,Growth,Germany,21,609,false,false
2025-09-01,ACC-00558,Growth,United States,10,290,false,false
2025-09-01,ACC-00559,Growth,Canada,26,754,false,false
2025-09-01,ACC-00560,Starter,Canada,1,12,false,false
2025-09-01,ACC-00561,Growth,Japan,26,754,false,false
2025-09-01,ACC-00562,Starter,United Kingdom,6,72,false,false
2025-09-01,ACC-00563,Growth,Japan,9,261,false,false
2025-09-01,ACC-00564,Growth,United States,15,435,false,false
2025-09-01,ACC-00565,Growth,United States,26,754,false,false
2025-09-01,ACC-00566,Starter,Canada,4,48,false,false
2025-09-01,ACC-00567,Starter,Brazil,7,84,false,false
2025-09-01,ACC-00568,Growth,United States,10,290,false,false
2025-09-01,ACC-00570,Starter,Japan,4,48,false,false
2025-09-01,ACC-00571,Starter,India,6,72,false,false
2025-09-01,ACC-00572,Starter,United States,2,24,false,false
2025-09-01,ACC-00573,Starter,United Kingdom,5,60,false,false
2025-09-01,ACC-00574,Starter,Germany,4,48,false,false
2025-09-01,ACC-00575,Starter,United States,2,24,false,false
2025-09-01,ACC-00576,Starter,United States,3,36,false,false
2025-09-01,ACC-00577,Starter,Brazil,5,60,false,false
2025-09-01,ACC-00578,Starter,United States,3,36,false,false
2025-09-01,ACC-00579,Growth,Canada,18,522,false,false
2025-09-01,ACC-00580,Scale,United States,102,6528,false,false
2025-09-01,ACC-00581,Scale,India,46,2944,false,false
2025-09-01,ACC-00582,Starter,United Kingdom,1,12,false,false
2025-09-01,ACC-00583,Starter,Brazil,2,24,false,false
2025-09-01,ACC-00584,Scale,United Kingdom,106,6784,false,false
2025-09-01,ACC-00585,Starter,Japan,6,72,false,false
2025-09-01,ACC-00586,Growth,United States,11,319,false,false
2025-09-01,ACC-00587,Scale,United Kingdom,47,3008,false,false
2025-09-01,ACC-00588,Growth,United States,6,174,false,false
2025-09-01,ACC-00589,Growth,United States,20,580,false,false
2025-09-01,ACC-00590,Starter,United States,3,36,false,false
2025-09-01,ACC-00591,Starter,United States,1,12,false,true
2025-09-01,ACC-00592,Growth,United Kingdom,17,493,false,false
2025-09-01,ACC-00593,Growth,Germany,22,638,false,false
2025-09-01,ACC-00594,Starter,Canada,2,24,false,false
2025-09-01,ACC-00595,Growth,United States,7,203,false,false
2025-09-01,ACC-00596,Growth,Germany,29,841,false,false
2025-09-01,ACC-00597,Starter,Australia,2,24,false,false
2025-09-01,ACC-00598,Starter,Japan,6,72,false,false
2025-09-01,ACC-00599,Starter,India,7,84,false,false
2025-09-01,ACC-00600,Starter,United States,4,48,false,false
2025-09-01,ACC-00601,Starter,United States,3,36,false,false
2025-09-01,ACC-00602,Growth,Germany,25,725,false,false
2025-09-01,ACC-00603,Starter,India,5,60,false,false
2025-09-01,ACC-00604,Starter,United States,6,72,false,false
2025-09-01,ACC-00605,Starter,United States,4,48,false,false
2025-09-01,ACC-00606,Scale,Canada,88,5632,false,false
2025-09-01,ACC-00607,Starter,United States,5,60,false,false
2025-09-01,ACC-00608,Starter,United Kingdom,1,12,false,false
2025-09-01,ACC-00609,Starter,Japan,6,72,false,false
2025-09-01,ACC-00610,Starter,United States,1,12,false,false
2025-09-01,ACC-00611,Growth,Germany,20,580,false,false
2025-09-01,ACC-00612,Scale,United States,117,7488,false,false
2025-09-01,ACC-00613,Starter,Germany,5,60,false,false
2025-09-01,ACC-00614,Growth,Australia,27,783,false,false
2025-09-01,ACC-00615,Starter,United Kingdom,4,48,false,false
2025-09-01,ACC-00616,Growth,India,17,493,false,false
2025-09-01,ACC-00617,Growth,United Kingdom,12,348,false,false
2025-09-01,ACC-00618,Growth,Germany,23,667,false,false
2025-09-01,ACC-00619,Starter,United Kingdom,5,60,false,false
2025-09-01,ACC-00620,Starter,United States,4,48,false,false
2025-09-01,ACC-00621,Growth,Canada,29,841,false,false
2025-09-01,ACC-00622,Growth,United States,12,348,false,false
2025-09-01,ACC-00623,Scale,Canada,85,5440,false,false
2025-09-01,ACC-00624,Starter,India,2,24,false,false
2025-09-01,ACC-00625,Starter,United Kingdom,2,24,false,false
2025-09-01,ACC-00626,Starter,United States,5,60,false,false
2025-09-01,ACC-00627,Growth,United States,21,609,false,false
2025-09-01,ACC-00628,Starter,United States,1,12,false,false
2025-09-01,ACC-00629,Growth,United Kingdom,7,203,false,false
2025-09-01,ACC-00630,Starter,Australia,1,12,false,false
2025-09-01,ACC-00631,Starter,United States,6,72,false,false
2025-09-01,ACC-00632,Starter,United States,3,36,false,false
2025-09-01,ACC-00633,Starter,United States,3,36,false,false
2025-09-01,ACC-00634,Growth,Japan,14,406,false,false
2025-09-01,ACC-00635,Growth,Canada,19,551,false,false
2025-09-01,ACC-00636,Growth,United States,29,841,false,false
2025-09-01,ACC-00637,Growth,United Kingdom,10,290,false,false
2025-09-01,ACC-00638,Starter,Australia,2,24,false,false
2025-09-01,ACC-00639,Starter,United States,6,72,false,false
2025-09-01,ACC-00640,Starter,Australia,5,60,false,true
2025-09-01,ACC-00641,Growth,India,9,261,false,false
2025-09-01,ACC-00642,Starter,United States,4,48,false,false
2025-09-01,ACC-00643,Starter,Japan,5,60,false,false
2025-09-01,ACC-00644,Starter,United States,2,24,true,false
2025-09-01,ACC-00645,Scale,United Kingdom,49,3136,true,false
2025-09-01,ACC-00646,Starter,Australia,5,60,true,false
2025-09-01,ACC-00647,Starter,Germany,2,24,true,false
2025-09-01,ACC-00648,Growth,United States,26,754,true,false
2025-09-01,ACC-00649,Growth,United States,19,551,true,false
2025-09-01,ACC-00650,Growth,United States,19,551,true,false
2025-09-01,ACC-00651,Starter,United States,5,60,true,false
2025-09-01,ACC-00652,Starter,Australia,3,36,true,false
2025-09-01,ACC-00653,Starter,Germany,1,12,true,false
2025-09-01,ACC-00654,Growth,Canada,30,870,true,false
2025-09-01,ACC-00655,Starter,Canada,2,24,true,false
2025-09-01,ACC-00656,Scale,Canada,71,4544,true,false
2025-09-01,ACC-00657,Starter,United States,6,72,true,false
2025-09-01,ACC-00658,Starter,United Kingdom,2,24,true,false
2025-09-01,ACC-00659,Starter,United States,6,72,true,false
2025-09-01,ACC-00660,Growth,Canada,8,232,true,false
2025-09-01,ACC-00661,Scale,Brazil,118,7552,true,false
2025-09-01,ACC-00662,Growth,Japan,15,435,true,false
2025-09-01,ACC-00663,Starter,United Kingdom,1,12,true,false
2025-09-01,ACC-00664,Starter,India,6,72,true,false
2025-09-01,ACC-00665,Starter,Canada,5,60,true,false
2025-10-01,ACC-00002,Scale,United States,121,7744,false,false
2025-10-01,ACC-00003,Scale,Germany,71,4544,false,false
2025-10-01,ACC-00006,Scale,Germany,55,3520,false,false
2025-10-01,ACC-00007,Starter,United States,6,72,false,false
2025-10-01,ACC-00008,Starter,United States,3,36,false,false
2025-10-01,ACC-00009,Growth,Canada,11,319,false,false
2025-10-01,ACC-00010,Starter,United States,5,60,false,false
2025-10-01,ACC-00013,Growth,Canada,28,812,false,false
2025-10-01,ACC-00014,Growth,United States,28,812,false,false
2025-10-01,ACC-00015,Starter,Germany,4,48,false,false
2025-10-01,ACC-00016,Starter,United States,3,36,false,false
2025-10-01,ACC-00017,Starter,Canada,2,24,false,false
2025-10-01,ACC-00019,Growth,India,16,464,false,false
2025-10-01,ACC-00021,Starter,United States,7,84,false,false
2025-10-01,ACC-00022,Scale,Japan,53,3392,false,false
2025-10-01,ACC-00023,Growth,United States,28,812,false,false
2025-10-01,ACC-00026,Scale,United Kingdom,58,3712,false,false
2025-10-01,ACC-00027,Starter,United States,6,72,false,false
2025-10-01,ACC-00030,Growth,Germany,24,696,false,false
2025-10-01,ACC-00032,Growth,India,14,406,false,false
2025-10-01,ACC-00034,Starter,United States,2,24,false,false
2025-10-01,ACC-00037,Growth,India,11,319,false,false
2025-10-01,ACC-00038,Starter,Germany,4,48,false,false
2025-10-01,ACC-00039,Starter,India,3,36,false,false
2025-10-01,ACC-00040,Starter,Australia,6,72,false,false
2025-10-01,ACC-00041,Starter,India,3,36,false,false
2025-10-01,ACC-00044,Growth,India,15,435,false,false
2025-10-01,ACC-00045,Growth,United Kingdom,14,406,false,false
2025-10-01,ACC-00046,Growth,India,29,841,false,false
2025-10-01,ACC-00048,Scale,Brazil,100,6400,false,false
2025-10-01,ACC-00049,Starter,United States,1,12,false,false
2025-10-01,ACC-00050,Starter,United Kingdom,3,36,false,false
2025-10-01,ACC-00051,Growth,India,27,783,false,false
2025-10-01,ACC-00052,Growth,Japan,13,377,false,false
2025-10-01,ACC-00057,Starter,Japan,8,96,false,false
2025-10-01,ACC-00058,Scale,Germany,113,7232,false,false
2025-10-01,ACC-00061,Starter,Germany,4,48,false,false
2025-10-01,ACC-00065,Growth,Brazil,8,232,false,false
2025-10-01,ACC-00066,Growth,Germany,7,203,false,false
2025-10-01,ACC-00067,Starter,United Kingdom,3,36,false,false
2025-10-01,ACC-00069,Starter,United States,2,24,false,false
2025-10-01,ACC-00070,Growth,United States,31,899,false,false
2025-10-01,ACC-00072,Growth,United States,11,319,false,false
2025-10-01,ACC-00073,Starter,Australia,3,36,false,false
2025-10-01,ACC-00074,Growth,United States,6,174,false,false
2025-10-01,ACC-00075,Growth,United States,25,725,false,false
2025-10-01,ACC-00078,Growth,United States,25,725,false,false
2025-10-01,ACC-00079,Scale,Brazil,54,3456,false,false
2025-10-01,ACC-00080,Scale,United States,100,6400,false,false
2025-10-01,ACC-00081,Starter,Australia,7,84,false,false
2025-10-01,ACC-00087,Starter,United States,5,60,false,false
2025-10-01,ACC-00089,Growth,United States,25,725,false,false
2025-10-01,ACC-00092,Starter,India,4,48,false,false
2025-10-01,ACC-00093,Starter,United Kingdom,1,12,false,false
2025-10-01,ACC-00094,Growth,United States,18,522,false,false
2025-10-01,ACC-00096,Starter,Canada,2,24,false,false
2025-10-01,ACC-00097,Growth,United States,14,406,false,false
2025-10-01,ACC-00100,Starter,Germany,6,72,false,false
2025-10-01,ACC-00102,Starter,United States,5,60,false,false
2025-10-01,ACC-00103,Starter,United States,8,96,false,false
2025-10-01,ACC-00104,Scale,United States,106,6784,false,false
2025-10-01,ACC-00107,Scale,United Kingdom,58,3712,false,false
2025-10-01,ACC-00109,Growth,Brazil,21,609,false,false
2025-10-01,ACC-00110,Starter,United States,5,60,false,false
2025-10-01,ACC-00111,Starter,United States,6,72,false,false
2025-10-01,ACC-00112,Starter,United States,3,36,false,false
2025-10-01,ACC-00113,Growth,Germany,8,232,false,false
2025-10-01,ACC-00115,Starter,Japan,7,84,false,false
2025-10-01,ACC-00116,Growth,United States,12,348,false,false
2025-10-01,ACC-00117,Growth,United States,11,319,false,false
2025-10-01,ACC-00119,Scale,India,33,2112,false,false
2025-10-01,ACC-00120,Scale,Japan,114,7296,false,false
2025-10-01,ACC-00121,Starter,United States,8,96,false,false
2025-10-01,ACC-00122,Growth,United States,24,696,false,false
2025-10-01,ACC-00125,Growth,United States,15,435,false,false
2025-10-01,ACC-00126,Growth,United States,25,725,false,false
2025-10-01,ACC-00129,Growth,Japan,18,522,false,false
2025-10-01,ACC-00130,Growth,Brazil,28,812,false,false
2025-10-01,ACC-00131,Starter,United States,6,72,false,false
2025-10-01,ACC-00133,Growth,Canada,18,522,false,false
2025-10-01,ACC-00136,Growth,Germany,18,522,false,false
2025-10-01,ACC-00137,Starter,United States,3,36,false,false
2025-10-01,ACC-00140,Growth,United States,15,435,false,false
2025-10-01,ACC-00144,Scale,United States,104,6656,false,false
2025-10-01,ACC-00146,Starter,Canada,2,24,false,false
2025-10-01,ACC-00147,Starter,Brazil,6,72,false,false
2025-10-01,ACC-00148,Growth,United States,31,899,false,false
2025-10-01,ACC-00149,Growth,United Kingdom,9,261,false,false
2025-10-01,ACC-00152,Starter,India,5,60,false,false
2025-10-01,ACC-00155,Growth,Canada,23,667,false,false
2025-10-01,ACC-00157,Starter,United Kingdom,5,60,false,false
2025-10-01,ACC-00158,Starter,United States,10,120,false,false
2025-10-01,ACC-00159,Starter,Japan,5,60,false,false
2025-10-01,ACC-00160,Starter,United Kingdom,1,12,false,false
2025-10-01,ACC-00161,Scale,Australia,53,3392,false,false
2025-10-01,ACC-00162,Starter,United States,7,84,false,false
2025-10-01,ACC-00163,Growth,Japan,18,522,false,false
2025-10-01,ACC-00169,Growth,Japan,12,348,false,false
2025-10-01,ACC-00170,Starter,India,5,60,false,false
2025-10-01,ACC-00173,Growth,Germany,7,203,false,false
2025-10-01,ACC-00175,Scale,Brazil,105,6720,false,false
2025-10-01,ACC-00176,Starter,Brazil,2,24,false,false
2025-10-01,ACC-00178,Growth,India,7,203,false,false
2025-10-01,ACC-00179,Scale,United States,60,3840,false,false
2025-10-01,ACC-00181,Starter,Germany,6,72,false,false
2025-10-01,ACC-00183,Scale,United States,28,1792,false,false
2025-10-01,ACC-00189,Scale,Australia,82,5248,false,false
2025-10-01,ACC-00190,Starter,Australia,11,132,false,false
2025-10-01,ACC-00192,Growth,United States,12,348,false,false
2025-10-01,ACC-00194,Growth,United States,16,464,false,false
2025-10-01,ACC-00195,Starter,Brazil,5,60,false,false
2025-10-01,ACC-00197,Growth,United Kingdom,28,812,false,false
2025-10-01,ACC-00199,Starter,United States,5,60,false,true
2025-10-01,ACC-00201,Starter,Germany,6,72,false,true
2025-10-01,ACC-00203,Growth,United States,8,232,false,false
2025-10-01,ACC-00204,Growth,United States,18,522,false,false
2025-10-01,ACC-00206,Growth,Australia,29,841,false,false
2025-10-01,ACC-00207,Scale,Japan,96,6144,false,false
2025-10-01,ACC-00208,Starter,United Kingdom,9,108,false,false
2025-10-01,ACC-00209,Scale,Australia,114,7296,false,false
2025-10-01,ACC-00211,Scale,Brazil,75,4800,false,false
2025-10-01,ACC-00212,Growth,India,16,464,false,false
2025-10-01,ACC-00214,Starter,Germany,3,36,false,false
2025-10-01,ACC-00215,Starter,Japan,5,60,false,false
2025-10-01,ACC-00218,Starter,Germany,7,84,false,false
2025-10-01,ACC-00219,Starter,Canada,6,72,false,false
2025-10-01,ACC-00220,Scale,Germany,122,7808,false,false
2025-10-01,ACC-00221,Growth,Germany,30,870,false,false
2025-10-01,ACC-00225,Growth,United States,32,928,false,true
2025-10-01,ACC-00226,Growth,United States,31,899,false,false
2025-10-01,ACC-00227,Starter,United States,7,84,false,false
2025-10-01,ACC-00228,Growth,United States,10,290,false,false
2025-10-01,ACC-00229,Starter,United States,5,60,false,false
2025-10-01,ACC-00230,Starter,India,5,60,false,false
2025-10-01,ACC-00232,Growth,Germany,11,319,false,false
2025-10-01,ACC-00233,Growth,United States,30,870,false,false
2025-10-01,ACC-00234,Growth,United States,26,754,false,false
2025-10-01,ACC-00235,Growth,United Kingdom,31,899,false,false
2025-10-01,ACC-00236,Starter,Germany,4,48,false,false
2025-10-01,ACC-00238,Starter,Germany,6,72,false,false
2025-10-01,ACC-00239,Starter,Australia,6,72,false,false
2025-10-01,ACC-00241,Growth,Brazil,8,232,false,false
2025-10-01,ACC-00243,Growth,United States,18,522,false,false
2025-10-01,ACC-00244,Growth,United States,32,928,false,false
2025-10-01,ACC-00245,Growth,United States,18,522,false,false
2025-10-01,ACC-00246,Starter,India,4,48,false,false
2025-10-01,ACC-00247,Scale,Australia,43,2752,false,false
2025-10-01,ACC-00248,Starter,Japan,8,96,false,false
2025-10-01,ACC-00249,Growth,Germany,25,725,false,false
2025-10-01,ACC-00250,Starter,United States,4,48,false,false
2025-10-01,ACC-00251,Starter,Brazil,2,24,false,false
2025-10-01,ACC-00252,Starter,United Kingdom,5,60,false,false
2025-10-01,ACC-00253,Starter,United Kingdom,6,72,false,false
2025-10-01,ACC-00254,Starter,United States,3,36,false,false
2025-10-01,ACC-00255,Starter,Brazil,6,72,false,false
2025-10-01,ACC-00256,Growth,United States,17,493,false,false
2025-10-01,ACC-00257,Starter,United States,1,12,false,false
2025-10-01,ACC-00258,Growth,United States,17,493,false,false
2025-10-01,ACC-00262,Starter,India,5,60,false,false
2025-10-01,ACC-00264,Growth,Australia,14,406,false,false
2025-10-01,ACC-00266,Growth,United States,25,725,false,false
2025-10-01,ACC-00267,Growth,United States,20,580,false,false
2025-10-01,ACC-00268,Growth,United States,18,522,false,false
2025-10-01,ACC-00269,Growth,United States,23,667,false,false
2025-10-01,ACC-00270,Growth,Australia,31,899,false,false
2025-10-01,ACC-00271,Growth,Canada,20,580,false,false
2025-10-01,ACC-00272,Scale,United States,50,3200,false,false
2025-10-01,ACC-00273,Scale,India,82,5248,false,false
2025-10-01,ACC-00274,Growth,India,24,696,false,false
2025-10-01,ACC-00279,Scale,India,35,2240,false,false
2025-10-01,ACC-00280,Growth,Canada,12,348,false,false
2025-10-01,ACC-00281,Growth,Germany,8,232,false,false
2025-10-01,ACC-00282,Growth,Germany,20,580,false,false
2025-10-01,ACC-00283,Scale,United Kingdom,62,3968,false,false
2025-10-01,ACC-00284,Growth,United States,15,435,false,false
2025-10-01,ACC-00285,Growth,India,9,261,false,false
2025-10-01,ACC-00289,Starter,United States,4,48,false,false
2025-10-01,ACC-00291,Growth,Japan,29,841,false,false
2025-10-01,ACC-00292,Starter,United States,7,84,false,false
2025-10-01,ACC-00293,Growth,Germany,11,319,false,false
2025-10-01,ACC-00295,Starter,United States,3,36,false,false
2025-10-01,ACC-00296,Starter,Japan,4,48,false,true
2025-10-01,ACC-00297,Starter,India,2,24,false,false
2025-10-01,ACC-00299,Starter,United Kingdom,4,48,false,false
2025-10-01,ACC-00300,Starter,United States,2,24,false,false
2025-10-01,ACC-00301,Growth,United States,20,580,false,false
2025-10-01,ACC-00302,Starter,United States,4,48,false,false
2025-10-01,ACC-00304,Starter,United Kingdom,3,36,false,false
2025-10-01,ACC-00307,Scale,United Kingdom,77,4928,false,false
2025-10-01,ACC-00308,Growth,United Kingdom,12,348,false,false
2025-10-01,ACC-00309,Scale,Japan,56,3584,false,false
2025-10-01,ACC-00310,Growth,United Kingdom,30,870,false,false
2025-10-01,ACC-00312,Growth,Germany,11,319,false,false
2025-10-01,ACC-00313,Starter,United States,3,36,false,false
2025-10-01,ACC-00314,Growth,United States,17,493,false,false
2025-10-01,ACC-00315,Growth,United States,14,406,false,false
2025-10-01,ACC-00316,Starter,Germany,3,36,false,false
2025-10-01,ACC-00317,Starter,India,4,48,false,false
2025-10-01,ACC-00318,Starter,United States,5,60,false,false
2025-10-01,ACC-00319,Starter,United States,1,12,false,false
2025-10-01,ACC-00320,Starter,Japan,4,48,false,false
2025-10-01,ACC-00321,Scale,United States,113,7232,false,false
2025-10-01,ACC-00322,Starter,United States,7,84,false,false
2025-10-01,ACC-00323,Growth,United States,29,841,false,false
2025-10-01,ACC-00324,Starter,Canada,7,84,false,false
2025-10-01,ACC-00325,Starter,Canada,4,48,false,false
2025-10-01,ACC-00326,Starter,India,2,24,false,false
2025-10-01,ACC-00328,Starter,India,3,36,false,false
2025-10-01,ACC-00329,Starter,United States,10,120,false,false
2025-10-01,ACC-00330,Starter,Canada,4,48,false,false
2025-10-01,ACC-00334,Scale,Germany,104,6656,false,false
2025-10-01,ACC-00336,Scale,Canada,82,5248,false,false
2025-10-01,ACC-00338,Starter,Germany,8,96,false,false
2025-10-01,ACC-00339,Growth,United States,11,319,false,false
2025-10-01,ACC-00340,Growth,Australia,31,899,false,false
2025-10-01,ACC-00342,Growth,Brazil,28,812,false,false
2025-10-01,ACC-00345,Starter,Australia,3,36,false,false
2025-10-01,ACC-00346,Scale,United States,81,5184,false,false
2025-10-01,ACC-00347,Starter,United States,6,72,false,false
2025-10-01,ACC-00348,Starter,Canada,3,36,false,false
2025-10-01,ACC-00349,Scale,United States,99,6336,false,false
2025-10-01,ACC-00350,Starter,Germany,5,60,false,false
2025-10-01,ACC-00351,Starter,United States,5,60,false,false
2025-10-01,ACC-00352,Growth,United States,28,812,false,false
2025-10-01,ACC-00353,Growth,United States,10,290,false,false
2025-10-01,ACC-00354,Starter,India,7,84,false,false
2025-10-01,ACC-00355,Growth,India,27,783,false,false
2025-10-01,ACC-00356,Growth,Germany,27,783,false,false
2025-10-01,ACC-00357,Growth,Germany,17,493,false,false
2025-10-01,ACC-00358,Starter,United States,6,72,false,false
2025-10-01,ACC-00361,Starter,United States,7,84,false,false
2025-10-01,ACC-00362,Scale,United States,42,2688,false,false
2025-10-01,ACC-00363,Starter,United States,5,60,false,false
2025-10-01,ACC-00364,Growth,India,29,841,false,false
2025-10-01,ACC-00368,Scale,United States,101,6464,false,false
2025-10-01,ACC-00369,Starter,United States,2,24,false,false
2025-10-01,ACC-00370,Growth,United States,30,870,false,false
2025-10-01,ACC-00371,Starter,United Kingdom,6,72,false,false
2025-10-01,ACC-00372,Growth,United States,33,957,false,false
2025-10-01,ACC-00374,Starter,Germany,6,72,false,false
2025-10-01,ACC-00375,Growth,United States,27,783,false,false
2025-10-01,ACC-00377,Growth,United States,13,377,false,false
2025-10-01,ACC-00378,Starter,United States,4,48,false,false
2025-10-01,ACC-00379,Growth,United States,31,899,false,false
2025-10-01,ACC-00380,Growth,Germany,27,783,false,false
2025-10-01,ACC-00381,Starter,United States,8,96,false,false
2025-10-01,ACC-00382,Starter,United States,4,48,false,false
2025-10-01,ACC-00383,Scale,Japan,97,6208,false,false
2025-10-01,ACC-00384,Scale,United Kingdom,99,6336,false,false
2025-10-01,ACC-00387,Growth,Germany,21,609,false,false
2025-10-01,ACC-00390,Starter,India,2,24,false,false
2025-10-01,ACC-00392,Starter,United Kingdom,2,24,false,false
2025-10-01,ACC-00393,Starter,Germany,6,72,false,true
2025-10-01,ACC-00394,Starter,Germany,5,60,false,false
2025-10-01,ACC-00395,Growth,United Kingdom,21,609,false,false
2025-10-01,ACC-00397,Growth,United States,10,290,false,false
2025-10-01,ACC-00400,Growth,United States,23,667,false,false
2025-10-01,ACC-00401,Scale,United States,33,2112,false,false
2025-10-01,ACC-00402,Growth,United States,18,522,false,false
2025-10-01,ACC-00405,Starter,United States,4,48,false,false
2025-10-01,ACC-00407,Growth,United States,31,899,false,false
2025-10-01,ACC-00409,Starter,Japan,3,36,false,false
2025-10-01,ACC-00410,Starter,United States,2,24,false,false
2025-10-01,ACC-00412,Growth,Japan,7,203,false,false
2025-10-01,ACC-00413,Growth,United States,23,667,false,false
2025-10-01,ACC-00414,Starter,United States,4,48,false,false
2025-10-01,ACC-00415,Scale,United States,107,6848,false,false
2025-10-01,ACC-00416,Growth,United States,30,870,false,false
2025-10-01,ACC-00417,Starter,Japan,2,24,false,false
2025-10-01,ACC-00418,Starter,United States,3,36,false,false
2025-10-01,ACC-00419,Starter,Germany,3,36,false,false
2025-10-01,ACC-00420,Starter,Germany,5,60,false,false
2025-10-01,ACC-00421,Scale,Canada,92,5888,false,false
2025-10-01,ACC-00422,Growth,Brazil,25,725,false,false
2025-10-01,ACC-00426,Starter,Brazil,4,48,false,false
2025-10-01,ACC-00427,Starter,United States,4,48,false,false
2025-10-01,ACC-00429,Growth,United States,23,667,false,false
2025-10-01,ACC-00430,Starter,India,5,60,false,false
2025-10-01,ACC-00432,Scale,Australia,102,6528,false,false
2025-10-01,ACC-00434,Starter,Canada,8,96,false,false
2025-10-01,ACC-00435,Growth,United States,19,551,false,false
2025-10-01,ACC-00436,Scale,Germany,27,1728,false,false
2025-10-01,ACC-00437,Starter,Brazil,4,48,false,false
2025-10-01,ACC-00438,Starter,Japan,5,60,false,false
2025-10-01,ACC-00441,Growth,United States,16,464,false,false
2025-10-01,ACC-00442,Starter,United Kingdom,2,24,false,false
2025-10-01,ACC-00443,Starter,United States,1,12,false,false
2025-10-01,ACC-00444,Starter,Japan,4,48,false,false
2025-10-01,ACC-00446,Scale,United Kingdom,103,6592,false,false
2025-10-01,ACC-00447,Starter,United States,4,48,false,false
2025-10-01,ACC-00448,Starter,Australia,7,84,false,false
2025-10-01,ACC-00449,Starter,United States,6,72,false,false
2025-10-01,ACC-00450,Scale,United Kingdom,110,7040,false,false
2025-10-01,ACC-00451,Growth,Brazil,23,667,false,false
2025-10-01,ACC-00453,Starter,United Kingdom,6,72,false,false
2025-10-01,ACC-00454,Growth,United States,13,377,false,false
2025-10-01,ACC-00456,Starter,Germany,3,36,false,false
2025-10-01,ACC-00458,Growth,Germany,16,464,false,false
2025-10-01,ACC-00459,Starter,India,2,24,false,false
2025-10-01,ACC-00460,Starter,United Kingdom,6,72,false,false
2025-10-01,ACC-00461,Growth,United States,24,696,false,false
2025-10-01,ACC-00462,Starter,Brazil,7,84,false,false
2025-10-01,ACC-00463,Starter,Canada,3,36,false,false
2025-10-01,ACC-00464,Growth,United States,19,551,false,false
2025-10-01,ACC-00466,Growth,Japan,10,290,false,false
2025-10-01,ACC-00467,Growth,Canada,9,261,false,false
2025-10-01,ACC-00468,Starter,United States,8,96,false,false
2025-10-01,ACC-00469,Growth,India,14,406,false,false
2025-10-01,ACC-00470,Starter,United Kingdom,2,24,false,false
2025-10-01,ACC-00471,Growth,Australia,30,870,false,false
2025-10-01,ACC-00472,Starter,United States,4,48,false,false
2025-10-01,ACC-00473,Starter,Canada,1,12,false,false
2025-10-01,ACC-00475,Growth,Australia,24,696,false,false
2025-10-01,ACC-00476,Growth,Japan,12,348,false,false
2025-10-01,ACC-00477,Starter,United Kingdom,5,60,false,false
2025-10-01,ACC-00478,Starter,United States,6,72,false,false
2025-10-01,ACC-00479,Starter,United States,2,24,false,false
2025-10-01,ACC-00480,Starter,Australia,6,72,false,false
2025-10-01,ACC-00481,Starter,Germany,6,72,false,false
2025-10-01,ACC-00482,Starter,United States,3,36,false,false
2025-10-01,ACC-00483,Growth,Canada,25,725,false,false
2025-10-01,ACC-00484,Scale,Germany,72,4608,false,false
2025-10-01,ACC-00485,Starter,Japan,4,48,false,false
2025-10-01,ACC-00486,Growth,India,9,261,false,false
2025-10-01,ACC-00487,Starter,Germany,4,48,false,false
2025-10-01,ACC-00489,Scale,United States,91,5824,false,false
2025-10-01,ACC-00490,Growth,Germany,18,522,false,false
2025-10-01,ACC-00491,Growth,India,29,841,false,false
2025-10-01,ACC-00492,Starter,United States,1,12,false,false
2025-10-01,ACC-00493,Starter,India,7,84,false,false
2025-10-01,ACC-00494,Starter,United Kingdom,5,60,false,false
2025-10-01,ACC-00495,Growth,United States,32,928,false,false
2025-10-01,ACC-00496,Starter,United States,6,72,false,false
2025-10-01,ACC-00498,Growth,United States,6,174,false,false
2025-10-01,ACC-00499,Growth,India,7,203,false,false
2025-10-01,ACC-00500,Starter,India,4,48,false,false
2025-10-01,ACC-00501,Growth,United States,18,522,false,false
2025-10-01,ACC-00502,Growth,Brazil,17,493,false,false
2025-10-01,ACC-00503,Growth,Brazil,6,174,false,false
2025-10-01,ACC-00504,Starter,United Kingdom,1,12,false,false
2025-10-01,ACC-00505,Growth,Australia,25,725,false,false
2025-10-01,ACC-00506,Starter,United States,7,84,false,false
2025-10-01,ACC-00507,Starter,United States,5,60,false,false
2025-10-01,ACC-00508,Growth,Canada,12,348,false,false
2025-10-01,ACC-00509,Scale,India,83,5312,false,false
2025-10-01,ACC-00511,Growth,United States,7,203,false,false
2025-10-01,ACC-00512,Starter,Australia,1,12,false,false
2025-10-01,ACC-00513,Starter,Canada,4,48,false,false
2025-10-01,ACC-00514,Starter,Canada,4,48,false,false
2025-10-01,ACC-00515,Starter,India,5,60,false,false
2025-10-01,ACC-00516,Starter,Brazil,4,48,false,false
2025-10-01,ACC-00517,Starter,United States,8,96,false,false
2025-10-01,ACC-00518,Growth,Japan,18,522,false,false
2025-10-01,ACC-00519,Starter,United States,7,84,false,false
2025-10-01,ACC-00520,Starter,India,4,48,false,false
2025-10-01,ACC-00521,Scale,India,93,5952,false,false
2025-10-01,ACC-00522,Growth,United States,8,232,false,false
2025-10-01,ACC-00523,Starter,Germany,4,48,false,false
2025-10-01,ACC-00524,Starter,Australia,2,24,false,false
2025-10-01,ACC-00525,Growth,Japan,7,203,false,false
2025-10-01,ACC-00526,Scale,United States,36,2304,false,false
2025-10-01,ACC-00527,Starter,Japan,2,24,false,false
2025-10-01,ACC-00528,Starter,India,6,72,false,false
2025-10-01,ACC-00529,Growth,United States,17,493,false,false
2025-10-01,ACC-00530,Growth,Japan,31,899,false,false
2025-10-01,ACC-00531,Starter,India,2,24,false,false
2025-10-01,ACC-00533,Starter,Canada,6,72,false,true
2025-10-01,ACC-00534,Starter,United States,6,72,false,false
2025-10-01,ACC-00535,Growth,United Kingdom,25,725,false,false
2025-10-01,ACC-00536,Starter,Japan,5,60,false,false
2025-10-01,ACC-00537,Starter,United Kingdom,5,60,false,false
2025-10-01,ACC-00538,Starter,India,6,72,false,false
2025-10-01,ACC-00539,Starter,Canada,5,60,false,false
2025-10-01,ACC-00540,Growth,Japan,12,348,false,false
2025-10-01,ACC-00541,Growth,Brazil,15,435,false,false
2025-10-01,ACC-00544,Growth,United States,14,406,false,false
2025-10-01,ACC-00545,Starter,United Kingdom,4,48,false,false
2025-10-01,ACC-00547,Growth,Canada,8,232,false,false
2025-10-01,ACC-00548,Starter,Germany,5,60,false,false
2025-10-01,ACC-00549,Starter,United States,4,48,false,false
2025-10-01,ACC-00550,Growth,United States,11,319,false,false
2025-10-01,ACC-00551,Growth,United Kingdom,18,522,false,false
2025-10-01,ACC-00552,Starter,United States,1,12,false,false
2025-10-01,ACC-00553,Starter,Germany,2,24,false,false
2025-10-01,ACC-00554,Scale,United Kingdom,37,2368,false,false
2025-10-01,ACC-00555,Scale,India,53,3392,false,false
2025-10-01,ACC-00556,Starter,Australia,1,12,false,false
2025-10-01,ACC-00557,Growth,Germany,22,638,false,false
2025-10-01,ACC-00558,Growth,United States,10,290,false,false
2025-10-01,ACC-00559,Growth,Canada,26,754,false,false
2025-10-01,ACC-00560,Starter,Canada,1,12,false,false
2025-10-01,ACC-00561,Growth,Japan,26,754,false,false
2025-10-01,ACC-00562,Starter,United Kingdom,6,72,false,false
2025-10-01,ACC-00563,Growth,Japan,9,261,false,false
2025-10-01,ACC-00564,Growth,United States,15,435,false,false
2025-10-01,ACC-00565,Growth,United States,27,783,false,false
2025-10-01,ACC-00566,Starter,Canada,4,48,false,false
2025-10-01,ACC-00567,Starter,Brazil,7,84,false,false
2025-10-01,ACC-00568,Growth,United States,10,290,false,false
2025-10-01,ACC-00570,Starter,Japan,4,48,false,false
2025-10-01,ACC-00571,Starter,India,6,72,false,false
2025-10-01,ACC-00572,Starter,United States,2,24,false,false
2025-10-01,ACC-00573,Starter,United Kingdom,5,60,false,false
2025-10-01,ACC-00574,Starter,Germany,4,48,false,false
2025-10-01,ACC-00575,Starter,United States,2,24,false,false
2025-10-01,ACC-00576,Starter,United States,3,36,false,false
2025-10-01,ACC-00577,Starter,Brazil,5,60,false,false
2025-10-01,ACC-00578,Starter,United States,3,36,false,false
2025-10-01,ACC-00579,Growth,Canada,18,522,false,false
2025-10-01,ACC-00580,Scale,United States,102,6528,false,false
2025-10-01,ACC-00581,Scale,India,46,2944,false,false
2025-10-01,ACC-00582,Starter,United Kingdom,1,12,false,false
2025-10-01,ACC-00583,Starter,Brazil,2,24,false,false
2025-10-01,ACC-00584,Scale,United Kingdom,106,6784,false,false
2025-10-01,ACC-00585,Starter,Japan,6,72,false,false
2025-10-01,ACC-00586,Growth,United States,11,319,false,false
2025-10-01,ACC-00587,Scale,United Kingdom,47,3008,false,false
2025-10-01,ACC-00588,Growth,United States,6,174,false,false
2025-10-01,ACC-00589,Growth,United States,20,580,false,false
2025-10-01,ACC-00590,Starter,United States,3,36,false,false
2025-10-01,ACC-00592,Growth,United Kingdom,17,493,false,false
2025-10-01,ACC-00593,Growth,Germany,22,638,false,false
2025-10-01,ACC-00594,Starter,Canada,2,24,false,false
2025-10-01,ACC-00595,Growth,United States,7,203,false,false
2025-10-01,ACC-00596,Growth,Germany,29,841,false,false
2025-10-01,ACC-00597,Starter,Australia,2,24,false,false
2025-10-01,ACC-00598,Starter,Japan,6,72,false,false
2025-10-01,ACC-00599,Starter,India,7,84,false,false
2025-10-01,ACC-00600,Starter,United States,4,48,false,false
2025-10-01,ACC-00601,Starter,United States,3,36,false,false
2025-10-01,ACC-00602,Growth,Germany,26,754,false,false
2025-10-01,ACC-00603,Starter,India,5,60,false,false
2025-10-01,ACC-00604,Starter,United States,6,72,false,false
2025-10-01,ACC-00605,Starter,United States,4,48,false,false
2025-10-01,ACC-00606,Scale,Canada,89,5696,false,false
2025-10-01,ACC-00607,Starter,United States,5,60,false,false
2025-10-01,ACC-00608,Starter,United Kingdom,1,12,false,false
2025-10-01,ACC-00609,Starter,Japan,6,72,false,false
2025-10-01,ACC-00610,Starter,United States,1,12,false,false
2025-10-01,ACC-00611,Growth,Germany,20,580,false,false
2025-10-01,ACC-00612,Scale,United States,117,7488,false,false
2025-10-01,ACC-00613,Starter,Germany,5,60,false,false
2025-10-01,ACC-00614,Growth,Australia,27,783,false,false
2025-10-01,ACC-00615,Starter,United Kingdom,4,48,false,false
2025-10-01,ACC-00616,Growth,India,17,493,false,false
2025-10-01,ACC-00617,Growth,United Kingdom,12,348,false,false
2025-10-01,ACC-00618,Growth,Germany,23,667,false,false
2025-10-01,ACC-00619,Starter,United Kingdom,5,60,false,false
2025-10-01,ACC-00620,Starter,United States,4,48,false,false
2025-10-01,ACC-00621,Growth,Canada,29,841,false,false
2025-10-01,ACC-00622,Growth,United States,12,348,false,false
2025-10-01,ACC-00623,Scale,Canada,85,5440,false,false
2025-10-01,ACC-00624,Starter,India,2,24,false,false
2025-10-01,ACC-00625,Starter,United Kingdom,2,24,false,false
2025-10-01,ACC-00626,Starter,United States,5,60,false,false
2025-10-01,ACC-00627,Growth,United States,21,609,false,false
2025-10-01,ACC-00628,Starter,United States,2,24,false,false
2025-10-01,ACC-00629,Growth,United Kingdom,8,232,false,false
2025-10-01,ACC-00630,Starter,Australia,1,12,false,false
2025-10-01,ACC-00631,Starter,United States,7,84,false,false
2025-10-01,ACC-00632,Starter,United States,3,36,false,false
2025-10-01,ACC-00633,Starter,United States,3,36,false,false
2025-10-01,ACC-00634,Growth,Japan,14,406,false,false
2025-10-01,ACC-00635,Growth,Canada,19,551,false,false
2025-10-01,ACC-00636,Growth,United States,30,870,false,false
2025-10-01,ACC-00637,Growth,United Kingdom,10,290,false,false
2025-10-01,ACC-00638,Starter,Australia,2,24,false,false
2025-10-01,ACC-00639,Starter,United States,6,72,false,false
2025-10-01,ACC-00641,Growth,India,9,261,false,false
2025-10-01,ACC-00642,Starter,United States,4,48,false,false
2025-10-01,ACC-00643,Starter,Japan,5,60,false,false
2025-10-01,ACC-00644,Starter,United States,2,24,false,false
2025-10-01,ACC-00645,Scale,United Kingdom,49,3136,false,false
2025-10-01,ACC-00646,Starter,Australia,5,60,false,false
2025-10-01,ACC-00647,Starter,Germany,3,36,false,false
2025-10-01,ACC-00648,Growth,United States,26,754,false,false
2025-10-01,ACC-00649,Growth,United States,19,551,false,false
2025-10-01,ACC-00650,Growth,United States,19,551,false,false
2025-10-01,ACC-00651,Starter,United States,5,60,false,false
2025-10-01,ACC-00652,Starter,Australia,3,36,false,false
2025-10-01,ACC-00653,Starter,Germany,2,24,false,false
2025-10-01,ACC-00654,Growth,Canada,30,870,false,false
2025-10-01,ACC-00655,Starter,Canada,2,24,false,false
2025-10-01,ACC-00656,Scale,Canada,71,4544,false,false
2025-10-01,ACC-00657,Starter,United States,6,72,false,false
2025-10-01,ACC-00658,Starter,United Kingdom,2,24,false,false
2025-10-01,ACC-00659,Starter,United States,6,72,false,false
2025-10-01,ACC-00660,Growth,Canada,8,232,false,false
2025-10-01,ACC-00661,Scale,Brazil,118,7552,false,false
2025-10-01,ACC-00662,Growth,Japan,15,435,false,false
2025-10-01,ACC-00663,Starter,United Kingdom,1,12,false,false
2025-10-01,ACC-00664,Starter,India,6,72,false,false
2025-10-01,ACC-00665,Starter,Canada,5,60,false,false
2025-10-01,ACC-00666,Starter,United States,3,36,true,false
2025-10-01,ACC-00667,Growth,United States,24,696,true,false
2025-10-01,ACC-00668,Starter,United States,1,12,true,false
2025-10-01,ACC-00669,Starter,Germany,2,24,true,false
2025-10-01,ACC-00670,Starter,Canada,5,60,true,false
2025-10-01,ACC-00671,Growth,Australia,23,667,true,false
2025-10-01,ACC-00672,Growth,Germany,20,580,true,false
2025-10-01,ACC-00673,Growth,Canada,26,754,true,false
2025-10-01,ACC-00674,Starter,Canada,6,72,true,false
2025-10-01,ACC-00675,Starter,United States,5,60,true,false
2025-10-01,ACC-00676,Growth,Japan,13,377,true,false
2025-10-01,ACC-00677,Growth,United States,13,377,true,false
2025-10-01,ACC-00678,Starter,Canada,2,24,true,false
2025-10-01,ACC-00679,Growth,United States,28,812,true,false
2025-10-01,ACC-00680,Growth,Germany,23,667,true,false
2025-10-01,ACC-00681,Starter,Canada,1,12,true,false
2025-10-01,ACC-00682,Scale,United Kingdom,115,7360,true,false
2025-10-01,ACC-00683,Starter,United Kingdom,2,24,true,false
2025-10-01,ACC-00684,Starter,United States,1,12,true,false
2025-10-01,ACC-00685,Growth,United States,30,870,true,false
2025-10-01,ACC-00686,Starter,United Kingdom,3,36,true,false
2025-10-01,ACC-00687,Starter,United States,2,24,true,false
2025-10-01,ACC-00688,Starter,United Kingdom,6,72,true,false
2025-10-01,ACC-00689,Starter,Japan,4,48,true,false
2025-10-01,ACC-00690,Scale,Australia,77,4928,true,false
2025-10-01,ACC-00691,Scale,Brazil,89,5696,true,false
2025-10-01,ACC-00692,Growth,United Kingdom,26,754,true,false
2025-11-01,ACC-00002,Scale,United States,121,7744,false,false
2025-11-01,ACC-00003,Scale,Germany,71,4544,false,false
2025-11-01,ACC-00006,Scale,Germany,55,3520,false,false
2025-11-01,ACC-00007,Starter,United States,6,72,false,false
2025-11-01,ACC-00008,Starter,United States,3,36,false,false
2025-11-01,ACC-00009,Growth,Canada,11,319,false,false
2025-11-01,ACC-00010,Starter,United States,6,72,false,false
2025-11-01,ACC-00013,Growth,Canada,28,812,false,false
2025-11-01,ACC-00014,Growth,United States,28,812,false,false
2025-11-01,ACC-00015,Starter,Germany,5,60,false,false
2025-11-01,ACC-00016,Starter,United States,4,48,false,false
2025-11-01,ACC-00017,Starter,Canada,2,24,false,false
2025-11-01,ACC-00019,Growth,India,16,464,false,false
2025-11-01,ACC-00021,Starter,United States,7,84,false,false
2025-11-01,ACC-00022,Scale,Japan,53,3392,false,false
2025-11-01,ACC-00023,Growth,United States,28,812,false,false
2025-11-01,ACC-00026,Scale,United Kingdom,58,3712,false,false
2025-11-01,ACC-00027,Starter,United States,6,72,false,false
2025-11-01,ACC-00030,Growth,Germany,24,696,false,false
2025-11-01,ACC-00032,Growth,India,14,406,false,false
2025-11-01,ACC-00034,Starter,United States,2,24,false,false
2025-11-01,ACC-00037,Growth,India,11,319,false,false
2025-11-01,ACC-00038,Starter,Germany,4,48,false,false
2025-11-01,ACC-00039,Starter,India,3,36,false,false
2025-11-01,ACC-00040,Starter,Australia,6,72,false,false
2025-11-01,ACC-00041,Starter,India,3,36,false,false
2025-11-01,ACC-00044,Growth,India,15,435,false,false
2025-11-01,ACC-00045,Growth,United Kingdom,14,406,false,false
2025-11-01,ACC-00046,Growth,India,29,841,false,false
2025-11-01,ACC-00048,Scale,Brazil,100,6400,false,false
2025-11-01,ACC-00049,Starter,United States,1,12,false,false
2025-11-01,ACC-00050,Starter,United Kingdom,3,36,false,false
2025-11-01,ACC-00051,Growth,India,27,783,false,false
2025-11-01,ACC-00052,Growth,Japan,13,377,false,false
2025-11-01,ACC-00057,Starter,Japan,8,96,false,false
2025-11-01,ACC-00058,Scale,Germany,113,7232,false,false
2025-11-01,ACC-00061,Starter,Germany,4,48,false,false
2025-11-01,ACC-00065,Growth,Brazil,8,232,false,false
2025-11-01,ACC-00066,Growth,Germany,7,203,false,false
2025-11-01,ACC-00067,Starter,United Kingdom,4,48,false,false
2025-11-01,ACC-00069,Starter,United States,2,24,false,false
2025-11-01,ACC-00070,Growth,United States,31,899,false,false
2025-11-01,ACC-00072,Growth,United States,11,319,false,false
2025-11-01,ACC-00073,Starter,Australia,3,36,false,false
2025-11-01,ACC-00074,Growth,United States,6,174,false,false
2025-11-01,ACC-00075,Growth,United States,25,725,false,false
2025-11-01,ACC-00078,Growth,United States,25,725,false,false
2025-11-01,ACC-00079,Scale,Brazil,54,3456,false,false
2025-11-01,ACC-00080,Scale,United States,100,6400,false,false
2025-11-01,ACC-00081,Starter,Australia,7,84,false,false
2025-11-01,ACC-00087,Starter,United States,5,60,false,false
2025-11-01,ACC-00089,Growth,United States,25,725,false,false
2025-11-01,ACC-00092,Starter,India,4,48,false,false
2025-11-01,ACC-00093,Starter,United Kingdom,1,12,false,false
2025-11-01,ACC-00094,Growth,United States,18,522,false,false
2025-11-01,ACC-00096,Starter,Canada,2,24,false,false
2025-11-01,ACC-00097,Growth,United States,14,406,false,false
2025-11-01,ACC-00100,Starter,Germany,6,72,false,false
2025-11-01,ACC-00102,Starter,United States,5,60,false,false
2025-11-01,ACC-00103,Starter,United States,8,96,false,false
2025-11-01,ACC-00104,Scale,United States,106,6784,false,false
2025-11-01,ACC-00107,Scale,United Kingdom,59,3776,false,false
2025-11-01,ACC-00109,Growth,Brazil,21,609,false,false
2025-11-01,ACC-00110,Starter,United States,5,60,false,false
2025-11-01,ACC-00111,Starter,United States,6,72,false,false
2025-11-01,ACC-00112,Starter,United States,3,36,false,false
2025-11-01,ACC-00113,Growth,Germany,8,232,false,false
2025-11-01,ACC-00115,Starter,Japan,7,84,false,false
2025-11-01,ACC-00116,Growth,United States,12,348,false,false
2025-11-01,ACC-00117,Growth,United States,11,319,false,false
2025-11-01,ACC-00119,Scale,India,33,2112,false,false
2025-11-01,ACC-00120,Scale,Japan,114,7296,false,false
2025-11-01,ACC-00121,Starter,United States,8,96,false,false
2025-11-01,ACC-00122,Growth,United States,24,696,false,false
2025-11-01,ACC-00125,Growth,United States,15,435,false,false
2025-11-01,ACC-00126,Growth,United States,25,725,false,false
2025-11-01,ACC-00129,Growth,Japan,18,522,false,false
2025-11-01,ACC-00130,Growth,Brazil,29,841,false,false
2025-11-01,ACC-00131,Starter,United States,6,72,false,false
2025-11-01,ACC-00133,Growth,Canada,18,522,false,false
2025-11-01,ACC-00136,Growth,Germany,18,522,false,false
2025-11-01,ACC-00137,Starter,United States,3,36,false,false
2025-11-01,ACC-00140,Growth,United States,15,435,false,false
2025-11-01,ACC-00144,Scale,United States,105,6720,false,false
2025-11-01,ACC-00146,Starter,Canada,2,24,false,false
2025-11-01,ACC-00147,Starter,Brazil,6,72,false,false
2025-11-01,ACC-00148,Growth,United States,31,899,false,false
2025-11-01,ACC-00149,Growth,United Kingdom,9,261,false,false
2025-11-01,ACC-00152,Starter,India,5,60,false,false
2025-11-01,ACC-00155,Growth,Canada,24,696,false,false
2025-11-01,ACC-00157,Starter,United Kingdom,6,72,false,false
2025-11-01,ACC-00158,Starter,United States,10,120,false,false
2025-11-01,ACC-00159,Starter,Japan,5,60,false,false
2025-11-01,ACC-00160,Starter,United Kingdom,1,12,false,false
2025-11-01,ACC-00161,Scale,Australia,53,3392,false,false
2025-11-01,ACC-00162,Starter,United States,7,84,false,false
2025-11-01,ACC-00163,Growth,Japan,18,522,false,false
2025-11-01,ACC-00169,Growth,Japan,12,348,false,false
2025-11-01,ACC-00170,Starter,India,5,60,false,false
2025-11-01,ACC-00173,Growth,Germany,7,203,false,false
2025-11-01,ACC-00175,Scale,Brazil,105,6720,false,false
2025-11-01,ACC-00176,Starter,Brazil,2,24,false,false
2025-11-01,ACC-00178,Growth,India,7,203,false,false
2025-11-01,ACC-00179,Scale,United States,60,3840,false,false
2025-11-01,ACC-00181,Starter,Germany,6,72,false,false
2025-11-01,ACC-00183,Scale,United States,28,1792,false,false
2025-11-01,ACC-00189,Scale,Australia,82,5248,false,false
2025-11-01,ACC-00190,Starter,Australia,11,132,false,false
2025-11-01,ACC-00192,Growth,United States,12,348,false,false
2025-11-01,ACC-00194,Growth,United States,16,464,false,false
2025-11-01,ACC-00195,Starter,Brazil,5,60,false,false
2025-11-01,ACC-00197,Growth,United Kingdom,28,812,false,false
2025-11-01,ACC-00203,Growth,United States,8,232,false,false
2025-11-01,ACC-00204,Growth,United States,18,522,false,false
2025-11-01,ACC-00206,Growth,Australia,29,841,false,false
2025-11-01,ACC-00207,Scale,Japan,96,6144,false,false
2025-11-01,ACC-00208,Starter,United Kingdom,9,108,false,false
2025-11-01,ACC-00209,Scale,Australia,114,7296,false,false
2025-11-01,ACC-00211,Scale,Brazil,75,4800,false,false
2025-11-01,ACC-00212,Growth,India,16,464,false,false
2025-11-01,ACC-00214,Starter,Germany,3,36,false,false
2025-11-01,ACC-00215,Starter,Japan,5,60,false,false
2025-11-01,ACC-00218,Starter,Germany,7,84,false,false
2025-11-01,ACC-00219,Starter,Canada,6,72,false,false
2025-11-01,ACC-00220,Scale,Germany,122,7808,false,false
2025-11-01,ACC-00221,Growth,Germany,31,899,false,false
2025-11-01,ACC-00226,Growth,United States,31,899,false,false
2025-11-01,ACC-00227,Starter,United States,7,84,false,false
2025-11-01,ACC-00228,Growth,United States,10,290,false,false
2025-11-01,ACC-00229,Starter,United States,5,60,false,false
2025-11-01,ACC-00230,Starter,India,5,60,false,false
2025-11-01,ACC-00232,Growth,Germany,11,319,false,false
2025-11-01,ACC-00233,Growth,United States,30,870,false,false
2025-11-01,ACC-00234,Growth,United States,26,754,false,false
2025-11-01,ACC-00235,Growth,United Kingdom,31,899,false,false
2025-11-01,ACC-00236,Starter,Germany,4,48,false,false
2025-11-01,ACC-00238,Starter,Germany,6,72,false,false
2025-11-01,ACC-00239,Starter,Australia,6,72,false,false
2025-11-01,ACC-00241,Growth,Brazil,9,261,false,false
2025-11-01,ACC-00243,Growth,United States,18,522,false,false
2025-11-01,ACC-00244,Growth,United States,32,928,false,false
2025-11-01,ACC-00245,Growth,United States,18,522,false,false
2025-11-01,ACC-00246,Starter,India,4,48,false,false
2025-11-01,ACC-00247,Scale,Australia,43,2752,false,false
2025-11-01,ACC-00248,Starter,Japan,8,96,false,false
2025-11-01,ACC-00249,Growth,Germany,26,754,false,false
2025-11-01,ACC-00250,Starter,United States,4,48,false,false
2025-11-01,ACC-00251,Starter,Brazil,2,24,false,false
2025-11-01,ACC-00252,Starter,United Kingdom,5,60,false,false
2025-11-01,ACC-00253,Starter,United Kingdom,6,72,false,false
2025-11-01,ACC-00254,Starter,United States,3,36,false,false
2025-11-01,ACC-00255,Starter,Brazil,6,72,false,false
2025-11-01,ACC-00256,Growth,United States,17,493,false,false
2025-11-01,ACC-00257,Starter,United States,1,12,false,true
2025-11-01,ACC-00258,Growth,United States,17,493,false,false
2025-11-01,ACC-00262,Starter,India,6,72,false,false
2025-11-01,ACC-00264,Growth,Australia,14,406,false,false
2025-11-01,ACC-00266,Growth,United States,25,725,false,false
2025-11-01,ACC-00267,Growth,United States,20,580,false,false
2025-11-01,ACC-00268,Growth,United States,18,522,false,false
2025-11-01,ACC-00269,Growth,United States,24,696,false,false
2025-11-01,ACC-00270,Growth,Australia,31,899,false,false
2025-11-01,ACC-00271,Growth,Canada,20,580,false,false
2025-11-01,ACC-00272,Scale,United States,50,3200,false,false
2025-11-01,ACC-00273,Scale,India,82,5248,false,false
2025-11-01,ACC-00274,Growth,India,24,696,false,false
2025-11-01,ACC-00279,Scale,India,35,2240,false,false
2025-11-01,ACC-00280,Growth,Canada,12,348,false,false
2025-11-01,ACC-00281,Growth,Germany,8,232,false,false
2025-11-01,ACC-00282,Growth,Germany,20,580,false,false
2025-11-01,ACC-00283,Scale,United Kingdom,62,3968,false,false
2025-11-01,ACC-00284,Growth,United States,15,435,false,false
2025-11-01,ACC-00285,Growth,India,10,290,false,false
2025-11-01,ACC-00289,Starter,United States,4,48,false,false
2025-11-01,ACC-00291,Growth,Japan,30,870,false,false
2025-11-01,ACC-00292,Starter,United States,7,84,false,false
2025-11-01,ACC-00293,Growth,Germany,11,319,false,false
2025-11-01,ACC-00295,Starter,United States,3,36,false,false
2025-11-01,ACC-00297,Starter,India,2,24,false,false
2025-11-01,ACC-00299,Starter,United Kingdom,4,48,false,false
2025-11-01,ACC-00300,Starter,United States,3,36,false,false
2025-11-01,ACC-00301,Growth,United States,20,580,false,false
2025-11-01,ACC-00302,Starter,United States,4,48,false,false
2025-11-01,ACC-00304,Starter,United Kingdom,3,36,false,false
2025-11-01,ACC-00307,Scale,United Kingdom,77,4928,false,false
2025-11-01,ACC-00308,Growth,United Kingdom,12,348,false,false
2025-11-01,ACC-00309,Scale,Japan,56,3584,false,false
2025-11-01,ACC-00310,Growth,United Kingdom,30,870,false,false
2025-11-01,ACC-00312,Growth,Germany,11,319,false,false
2025-11-01,ACC-00313,Starter,United States,3,36,false,false
2025-11-01,ACC-00314,Growth,United States,17,493,false,false
2025-11-01,ACC-00315,Growth,United States,14,406,false,false
2025-11-01,ACC-00316,Starter,Germany,3,36,false,false
2025-11-01,ACC-00317,Starter,India,4,48,false,false
2025-11-01,ACC-00318,Starter,United States,5,60,false,false
2025-11-01,ACC-00319,Starter,United States,1,12,false,false
2025-11-01,ACC-00320,Starter,Japan,4,48,false,false
2025-11-01,ACC-00321,Scale,United States,113,7232,false,false
2025-11-01,ACC-00322,Starter,United States,7,84,false,false
2025-11-01,ACC-00323,Growth,United States,29,841,false,false
2025-11-01,ACC-00324,Starter,Canada,7,84,false,false
2025-11-01,ACC-00325,Starter,Canada,4,48,false,false
2025-11-01,ACC-00326,Starter,India,3,36,false,false
2025-11-01,ACC-00328,Starter,India,3,36,false,false
2025-11-01,ACC-00329,Starter,United States,11,132,false,false
2025-11-01,ACC-00330,Starter,Canada,4,48,false,false
2025-11-01,ACC-00334,Scale,Germany,104,6656,false,false
2025-11-01,ACC-00336,Scale,Canada,82,5248,false,false
2025-11-01,ACC-00338,Starter,Germany,8,96,false,false
2025-11-01,ACC-00339,Growth,United States,11,319,false,false
2025-11-01,ACC-00340,Growth,Australia,31,899,false,false
2025-11-01,ACC-00342,Growth,Brazil,28,812,false,false
2025-11-01,ACC-00345,Starter,Australia,4,48,false,false
2025-11-01,ACC-00346,Scale,United States,81,5184,false,false
2025-11-01,ACC-00347,Starter,United States,6,72,false,false
2025-11-01,ACC-00348,Starter,Canada,3,36,false,false
2025-11-01,ACC-00349,Scale,United States,100,6400,false,false
2025-11-01,ACC-00350,Starter,Germany,5,60,false,false
2025-11-01,ACC-00351,Starter,United States,5,60,false,false
2025-11-01,ACC-00352,Growth,United States,28,812,false,false
2025-11-01,ACC-00353,Growth,United States,10,290,false,false
2025-11-01,ACC-00354,Starter,India,7,84,false,false
2025-11-01,ACC-00355,Growth,India,27,783,false,false
2025-11-01,ACC-00356,Growth,Germany,27,783,false,false
2025-11-01,ACC-00357,Growth,Germany,17,493,false,false
2025-11-01,ACC-00358,Starter,United States,6,72,false,false
2025-11-01,ACC-00361,Starter,United States,7,84,false,false
2025-11-01,ACC-00362,Scale,United States,42,2688,false,false
2025-11-01,ACC-00363,Starter,United States,6,72,false,false
2025-11-01,ACC-00364,Growth,India,29,841,false,false
2025-11-01,ACC-00368,Scale,United States,101,6464,false,false
2025-11-01,ACC-00369,Starter,United States,2,24,false,false
2025-11-01,ACC-00370,Growth,United States,30,870,false,false
2025-11-01,ACC-00371,Starter,United Kingdom,6,72,false,false
2025-11-01,ACC-00372,Growth,United States,33,957,false,false
2025-11-01,ACC-00374,Starter,Germany,6,72,false,false
2025-11-01,ACC-00375,Growth,United States,27,783,false,false
2025-11-01,ACC-00377,Growth,United States,13,377,false,false
2025-11-01,ACC-00378,Starter,United States,4,48,false,false
2025-11-01,ACC-00379,Growth,United States,31,899,false,false
2025-11-01,ACC-00380,Growth,Germany,27,783,false,false
2025-11-01,ACC-00381,Starter,United States,8,96,false,false
2025-11-01,ACC-00382,Starter,United States,4,48,false,false
2025-11-01,ACC-00383,Scale,Japan,97,6208,false,false
2025-11-01,ACC-00384,Scale,United Kingdom,99,6336,false,false
2025-11-01,ACC-00387,Growth,Germany,21,609,false,false
2025-11-01,ACC-00390,Starter,India,2,24,false,false
2025-11-01,ACC-00392,Starter,United Kingdom,2,24,false,false
2025-11-01,ACC-00394,Starter,Germany,5,60,false,false
2025-11-01,ACC-00395,Growth,United Kingdom,22,638,false,false
2025-11-01,ACC-00397,Growth,United States,10,290,false,false
2025-11-01,ACC-00400,Growth,United States,23,667,false,false
2025-11-01,ACC-00401,Scale,United States,33,2112,false,false
2025-11-01,ACC-00402,Growth,United States,19,551,false,false
2025-11-01,ACC-00405,Starter,United States,4,48,false,true
2025-11-01,ACC-00407,Growth,United States,31,899,false,false
2025-11-01,ACC-00409,Starter,Japan,3,36,false,false
2025-11-01,ACC-00410,Starter,United States,2,24,false,false
2025-11-01,ACC-00412,Growth,Japan,7,203,false,false
2025-11-01,ACC-00413,Growth,United States,23,667,false,false
2025-11-01,ACC-00414,Starter,United States,4,48,false,false
2025-11-01,ACC-00415,Scale,United States,107,6848,false,false
2025-11-01,ACC-00416,Growth,United States,30,870,false,false
2025-11-01,ACC-00417,Starter,Japan,2,24,false,false
2025-11-01,ACC-00418,Starter,United States,3,36,false,false
2025-11-01,ACC-00419,Starter,Germany,3,36,false,false
2025-11-01,ACC-00420,Starter,Germany,5,60,false,false
2025-11-01,ACC-00421,Scale,Canada,92,5888,false,false
2025-11-01,ACC-00422,Growth,Brazil,25,725,false,false
2025-11-01,ACC-00426,Starter,Brazil,4,48,false,false
2025-11-01,ACC-00427,Starter,United States,5,60,false,false
2025-11-01,ACC-00429,Growth,United States,23,667,false,false
2025-11-01,ACC-00430,Starter,India,5,60,false,false
2025-11-01,ACC-00432,Scale,Australia,102,6528,false,false
2025-11-01,ACC-00434,Starter,Canada,8,96,false,false
2025-11-01,ACC-00435,Growth,United States,19,551,false,false
2025-11-01,ACC-00436,Scale,Germany,27,1728,false,false
2025-11-01,ACC-00437,Starter,Brazil,4,48,false,false
2025-11-01,ACC-00438,Starter,Japan,5,60,false,false
2025-11-01,ACC-00441,Growth,United States,16,464,false,false
2025-11-01,ACC-00442,Starter,United Kingdom,2,24,false,true
2025-11-01,ACC-00443,Starter,United States,1,12,false,false
2025-11-01,ACC-00444,Starter,Japan,4,48,false,false
2025-11-01,ACC-00446,Scale,United Kingdom,103,6592,false,false
2025-11-01,ACC-00447,Starter,United States,4,48,false,false
2025-11-01,ACC-00448,Starter,Australia,7,84,false,false
2025-11-01,ACC-00449,Starter,United States,6,72,false,false
2025-11-01,ACC-00450,Scale,United Kingdom,110,7040,false,false
2025-11-01,ACC-00451,Growth,Brazil,23,667,false,false
2025-11-01,ACC-00453,Starter,United Kingdom,7,84,false,false
2025-11-01,ACC-00454,Growth,United States,13,377,false,false
2025-11-01,ACC-00456,Starter,Germany,3,36,false,false
2025-11-01,ACC-00458,Growth,Germany,16,464,false,false
2025-11-01,ACC-00459,Starter,India,2,24,false,false
2025-11-01,ACC-00460,Starter,United Kingdom,6,72,false,false
2025-11-01,ACC-00461,Growth,United States,24,696,false,false
2025-11-01,ACC-00462,Starter,Brazil,7,84,false,false
2025-11-01,ACC-00463,Starter,Canada,3,36,false,false
2025-11-01,ACC-00464,Growth,United States,20,580,false,false
2025-11-01,ACC-00466,Growth,Japan,10,290,false,false
2025-11-01,ACC-00467,Growth,Canada,9,261,false,false
2025-11-01,ACC-00468,Starter,United States,8,96,false,false
2025-11-01,ACC-00469,Growth,India,14,406,false,false
2025-11-01,ACC-00470,Starter,United Kingdom,2,24,false,true
2025-11-01,ACC-00471,Growth,Australia,30,870,false,false
2025-11-01,ACC-00472,Starter,United States,4,48,false,false
2025-11-01,ACC-00473,Starter,Canada,1,12,false,false
2025-11-01,ACC-00475,Growth,Australia,24,696,false,false
2025-11-01,ACC-00476,Growth,Japan,12,348,false,false
2025-11-01,ACC-00477,Starter,United Kingdom,5,60,false,false
2025-11-01,ACC-00478,Starter,United States,6,72,false,false
2025-11-01,ACC-00479,Starter,United States,2,24,false,false
2025-11-01,ACC-00480,Starter,Australia,6,72,false,false
2025-11-01,ACC-00481,Starter,Germany,6,72,false,true
2025-11-01,ACC-00482,Starter,United States,3,36,false,false
2025-11-01,ACC-00483,Growth,Canada,25,725,false,false
2025-11-01,ACC-00484,Scale,Germany,72,4608,false,false
2025-11-01,ACC-00485,Starter,Japan,4,48,false,false
2025-11-01,ACC-00486,Growth,India,9,261,false,false
2025-11-01,ACC-00487,Starter,Germany,5,60,false,false
2025-11-01,ACC-00489,Scale,United States,91,5824,false,false
2025-11-01,ACC-00490,Growth,Germany,19,551,false,false
2025-11-01,ACC-00491,Growth,India,29,841,false,false
2025-11-01,ACC-00492,Starter,United States,1,12,false,false
2025-11-01,ACC-00493,Starter,India,7,84,false,false
2025-11-01,ACC-00494,Starter,United Kingdom,5,60,false,false
2025-11-01,ACC-00495,Growth,United States,32,928,false,false
2025-11-01,ACC-00496,Starter,United States,6,72,false,false
2025-11-01,ACC-00498,Growth,United States,6,174,false,false
2025-11-01,ACC-00499,Growth,India,7,203,false,false
2025-11-01,ACC-00500,Starter,India,4,48,false,false
2025-11-01,ACC-00501,Growth,United States,18,522,false,false
2025-11-01,ACC-00502,Growth,Brazil,17,493,false,false
2025-11-01,ACC-00503,Growth,Brazil,6,174,false,false
2025-11-01,ACC-00504,Starter,United Kingdom,2,24,false,false
2025-11-01,ACC-00505,Growth,Australia,25,725,false,false
2025-11-01,ACC-00506,Starter,United States,7,84,false,false
2025-11-01,ACC-00507,Starter,United States,5,60,false,false
2025-11-01,ACC-00508,Growth,Canada,12,348,false,false
2025-11-01,ACC-00509,Scale,India,83,5312,false,false
2025-11-01,ACC-00511,Growth,United States,7,203,false,false
2025-11-01,ACC-00512,Starter,Australia,1,12,false,false
2025-11-01,ACC-00513,Starter,Canada,4,48,false,false
2025-11-01,ACC-00514,Starter,Canada,4,48,false,false
2025-11-01,ACC-00515,Starter,India,5,60,false,false
2025-11-01,ACC-00516,Starter,Brazil,4,48,false,false
2025-11-01,ACC-00517,Starter,United States,8,96,false,false
2025-11-01,ACC-00518,Growth,Japan,18,522,false,false
2025-11-01,ACC-00519,Starter,United States,7,84,false,false
2025-11-01,ACC-00520,Starter,India,4,48,false,false
2025-11-01,ACC-00521,Scale,India,94,6016,false,false
2025-11-01,ACC-00522,Growth,United States,8,232,false,false
2025-11-01,ACC-00523,Starter,Germany,4,48,false,false
2025-11-01,ACC-00524,Starter,Australia,2,24,false,false
2025-11-01,ACC-00525,Growth,Japan,7,203,false,false
2025-11-01,ACC-00526,Scale,United States,36,2304,false,false
2025-11-01,ACC-00527,Starter,Japan,2,24,false,false
2025-11-01,ACC-00528,Starter,India,6,72,false,false
2025-11-01,ACC-00529,Growth,United States,17,493,false,false
2025-11-01,ACC-00530,Growth,Japan,31,899,false,false
2025-11-01,ACC-00531,Starter,India,3,36,false,false
2025-11-01,ACC-00534,Starter,United States,6,72,false,false
2025-11-01,ACC-00535,Growth,United Kingdom,25,725,false,false
2025-11-01,ACC-00536,Starter,Japan,5,60,false,false
2025-11-01,ACC-00537,Starter,United Kingdom,5,60,false,false
2025-11-01,ACC-00538,Starter,India,6,72,false,false
2025-11-01,ACC-00539,Starter,Canada,5,60,false,false
2025-11-01,ACC-00540,Growth,Japan,12,348,false,false
2025-11-01,ACC-00541,Growth,Brazil,15,435,false,false
2025-11-01,ACC-00544,Growth,United States,14,406,false,false
2025-11-01,ACC-00545,Starter,United Kingdom,4,48,false,false
2025-11-01,ACC-00547,Growth,Canada,8,232,false,false
2025-11-01,ACC-00548,Starter,Germany,5,60,false,false
2025-11-01,ACC-00549,Starter,United States,4,48,false,false
2025-11-01,ACC-00550,Growth,United States,11,319,false,false
2025-11-01,ACC-00551,Growth,United Kingdom,18,522,false,false
2025-11-01,ACC-00552,Starter,United States,1,12,false,false
2025-11-01,ACC-00553,Starter,Germany,2,24,false,true
2025-11-01,ACC-00554,Scale,United Kingdom,37,2368,false,false
2025-11-01,ACC-00555,Scale,India,54,3456,false,false
2025-11-01,ACC-00556,Starter,Australia,1,12,false,false
2025-11-01,ACC-00557,Growth,Germany,22,638,false,false
2025-11-01,ACC-00558,Growth,United States,10,290,false,false
2025-11-01,ACC-00559,Growth,Canada,26,754,false,false
2025-11-01,ACC-00560,Starter,Canada,1,12,false,false
2025-11-01,ACC-00561,Growth,Japan,26,754,false,false
2025-11-01,ACC-00562,Starter,United Kingdom,6,72,false,false
2025-11-01,ACC-00563,Growth,Japan,10,290,false,false
2025-11-01,ACC-00564,Growth,United States,15,435,false,false
2025-11-01,ACC-00565,Growth,United States,27,783,false,false
2025-11-01,ACC-00566,Starter,Canada,4,48,false,false
2025-11-01,ACC-00567,Starter,Brazil,7,84,false,false
2025-11-01,ACC-00568,Growth,United States,10,290,false,false
2025-11-01,ACC-00570,Starter,Japan,4,48,false,false
2025-11-01,ACC-00571,Starter,India,6,72,false,false
2025-11-01,ACC-00572,Starter,United States,3,36,false,false
2025-11-01,ACC-00573,Starter,United Kingdom,5,60,false,false
2025-11-01,ACC-00574,Starter,Germany,4,48,false,false
2025-11-01,ACC-00575,Starter,United States,2,24,false,false
2025-11-01,ACC-00576,Starter,United States,3,36,false,false
2025-11-01,ACC-00577,Starter,Brazil,5,60,false,false
2025-11-01,ACC-00578,Starter,United States,3,36,false,false
2025-11-01,ACC-00579,Growth,Canada,18,522,false,false
2025-11-01,ACC-00580,Scale,United States,102,6528,false,false
2025-11-01,ACC-00581,Scale,India,46,2944,false,false
2025-11-01,ACC-00582,Starter,United Kingdom,1,12,false,false
2025-11-01,ACC-00583,Starter,Brazil,2,24,false,false
2025-11-01,ACC-00584,Scale,United Kingdom,106,6784,false,false
2025-11-01,ACC-00585,Starter,Japan,6,72,false,false
2025-11-01,ACC-00586,Growth,United States,11,319,false,false
2025-11-01,ACC-00587,Scale,United Kingdom,47,3008,false,false
2025-11-01,ACC-00588,Growth,United States,6,174,false,false
2025-11-01,ACC-00589,Growth,United States,20,580,false,false
2025-11-01,ACC-00590,Starter,United States,3,36,false,false
2025-11-01,ACC-00592,Growth,United Kingdom,17,493,false,false
2025-11-01,ACC-00593,Growth,Germany,22,638,false,false
2025-11-01,ACC-00594,Starter,Canada,2,24,false,false
2025-11-01,ACC-00595,Growth,United States,7,203,false,false
2025-11-01,ACC-00596,Growth,Germany,29,841,false,false
2025-11-01,ACC-00597,Starter,Australia,2,24,false,false
2025-11-01,ACC-00598,Starter,Japan,6,72,false,false
2025-11-01,ACC-00599,Starter,India,7,84,false,false
2025-11-01,ACC-00600,Starter,United States,5,60,false,false
2025-11-01,ACC-00601,Starter,United States,4,48,false,false
2025-11-01,ACC-00602,Growth,Germany,26,754,false,false
2025-11-01,ACC-00603,Starter,India,5,60,false,false
2025-11-01,ACC-00604,Starter,United States,6,72,false,false
2025-11-01,ACC-00605,Starter,United States,4,48,false,false
2025-11-01,ACC-00606,Scale,Canada,89,5696,false,false
2025-11-01,ACC-00607,Starter,United States,5,60,false,false
2025-11-01,ACC-00608,Starter,United Kingdom,1,12,false,false
2025-11-01,ACC-00609,Starter,Japan,6,72,false,false
2025-11-01,ACC-00610,Starter,United States,1,12,false,false
2025-11-01,ACC-00611,Growth,Germany,20,580,false,false
2025-11-01,ACC-00612,Scale,United States,117,7488,false,false
2025-11-01,ACC-00613,Starter,Germany,5,60,false,false
2025-11-01,ACC-00614,Growth,Australia,27,783,false,false
2025-11-01,ACC-00615,Starter,United Kingdom,4,48,false,false
2025-11-01,ACC-00616,Growth,India,17,493,false,false
2025-11-01,ACC-00617,Growth,United Kingdom,12,348,false,false
2025-11-01,ACC-00618,Growth,Germany,23,667,false,false
2025-11-01,ACC-00619,Starter,United Kingdom,5,60,false,false
2025-11-01,ACC-00620,Starter,United States,4,48,false,false
2025-11-01,ACC-00621,Growth,Canada,29,841,false,false
2025-11-01,ACC-00622,Growth,United States,12,348,false,false
2025-11-01,ACC-00623,Scale,Canada,85,5440,false,false
2025-11-01,ACC-00624,Starter,India,2,24,false,false
2025-11-01,ACC-00625,Starter,United Kingdom,2,24,false,false
2025-11-01,ACC-00626,Starter,United States,5,60,false,false
2025-11-01,ACC-00627,Growth,United States,21,609,false,false
2025-11-01,ACC-00628,Starter,United States,2,24,false,false
2025-11-01,ACC-00629,Growth,United Kingdom,8,232,false,false
2025-11-01,ACC-00630,Starter,Australia,1,12,false,false
2025-11-01,ACC-00631,Starter,United States,7,84,false,false
2025-11-01,ACC-00632,Starter,United States,3,36,false,false
2025-11-01,ACC-00633,Starter,United States,3,36,false,false
2025-11-01,ACC-00634,Growth,Japan,14,406,false,false
2025-11-01,ACC-00635,Growth,Canada,19,551,false,false
2025-11-01,ACC-00636,Growth,United States,30,870,false,false
2025-11-01,ACC-00637,Growth,United Kingdom,10,290,false,false
2025-11-01,ACC-00638,Starter,Australia,2,24,false,false
2025-11-01,ACC-00639,Starter,United States,7,84,false,false
2025-11-01,ACC-00641,Growth,India,9,261,false,false
2025-11-01,ACC-00642,Starter,United States,5,60,false,false
2025-11-01,ACC-00643,Starter,Japan,5,60,false,false
2025-11-01,ACC-00644,Starter,United States,2,24,false,false
2025-11-01,ACC-00645,Scale,United Kingdom,49,3136,false,false
2025-11-01,ACC-00646,Starter,Australia,5,60,false,false
2025-11-01,ACC-00647,Starter,Germany,3,36,false,false
2025-11-01,ACC-00648,Growth,United States,26,754,false,false
2025-11-01,ACC-00649,Growth,United States,19,551,false,false
2025-11-01,ACC-00650,Growth,United States,19,551,false,false
2025-11-01,ACC-00651,Starter,United States,5,60,false,false
2025-11-01,ACC-00652,Starter,Australia,3,36,false,false
2025-11-01,ACC-00653,Starter,Germany,2,24,false,false
2025-11-01,ACC-00654,Growth,Canada,30,870,false,false
2025-11-01,ACC-00655,Starter,Canada,2,24,false,false
2025-11-01,ACC-00656,Scale,Canada,71,4544,false,false
2025-11-01,ACC-00657,Starter,United States,6,72,false,false
2025-11-01,ACC-00658,Starter,United Kingdom,2,24,false,false
2025-11-01,ACC-00659,Starter,United States,6,72,false,false
2025-11-01,ACC-00660,Growth,Canada,8,232,false,false
2025-11-01,ACC-00661,Scale,Brazil,118,7552,false,false
2025-11-01,ACC-00662,Growth,Japan,15,435,false,false
2025-11-01,ACC-00663,Starter,United Kingdom,1,12,false,true
2025-11-01,ACC-00664,Starter,India,6,72,false,false
2025-11-01,ACC-00665,Starter,Canada,5,60,false,false
2025-11-01,ACC-00666,Starter,United States,3,36,false,false
2025-11-01,ACC-00667,Growth,United States,24,696,false,false
2025-11-01,ACC-00668,Starter,United States,1,12,false,false
2025-11-01,ACC-00669,Starter,Germany,2,24,false,false
2025-11-01,ACC-00670,Starter,Canada,6,72,false,false
2025-11-01,ACC-00671,Growth,Australia,23,667,false,false
2025-11-01,ACC-00672,Growth,Germany,20,580,false,false
2025-11-01,ACC-00673,Growth,Canada,26,754,false,false
2025-11-01,ACC-00674,Starter,Canada,6,72,false,false
2025-11-01,ACC-00675,Starter,United States,5,60,false,false
2025-11-01,ACC-00676,Growth,Japan,13,377,false,false
2025-11-01,ACC-00677,Growth,United States,13,377,false,false
2025-11-01,ACC-00678,Starter,Canada,2,24,false,false
2025-11-01,ACC-00679,Growth,United States,28,812,false,true
2025-11-01,ACC-00680,Growth,Germany,23,667,false,false
2025-11-01,ACC-00681,Starter,Canada,1,12,false,false
2025-11-01,ACC-00682,Scale,United Kingdom,115,7360,false,false
2025-11-01,ACC-00683,Starter,United Kingdom,2,24,false,false
2025-11-01,ACC-00684,Starter,United States,1,12,false,false
2025-11-01,ACC-00685,Growth,United States,30,870,false,false
2025-11-01,ACC-00686,Starter,United Kingdom,3,36,false,false
2025-11-01,ACC-00687,Starter,United States,2,24,false,false
2025-11-01,ACC-00688,Starter,United Kingdom,6,72,false,false
2025-11-01,ACC-00689,Starter,Japan,4,48,false,false
2025-11-01,ACC-00690,Scale,Australia,77,4928,false,false
2025-11-01,ACC-00691,Scale,Brazil,90,5760,false,false
2025-11-01,ACC-00692,Growth,United Kingdom,26,754,false,false
2025-11-01,ACC-00693,Starter,United Kingdom,3,36,true,false
2025-11-01,ACC-00694,Starter,United Kingdom,1,12,true,false
2025-11-01,ACC-00695,Growth,United States,10,290,true,false
2025-11-01,ACC-00696,Starter,United States,1,12,true,false
2025-11-01,ACC-00697,Growth,Germany,14,406,true,false
2025-11-01,ACC-00698,Starter,India,1,12,true,false
2025-11-01,ACC-00699,Starter,Japan,6,72,true,false
2025-11-01,ACC-00700,Scale,Australia,105,6720,true,false
2025-11-01,ACC-00701,Growth,Germany,23,667,true,false
2025-11-01,ACC-00702,Starter,United States,3,36,true,false
2025-11-01,ACC-00703,Starter,United States,4,48,true,false
2025-11-01,ACC-00704,Starter,United States,2,24,true,false
2025-11-01,ACC-00705,Growth,United Kingdom,27,783,true,false
2025-11-01,ACC-00706,Growth,United Kingdom,29,841,true,false
2025-11-01,ACC-00707,Growth,India,17,493,true,false
2025-11-01,ACC-00708,Starter,United States,3,36,true,false
2025-11-01,ACC-00709,Scale,Japan,33,2112,true,false
2025-11-01,ACC-00710,Scale,Japan,85,5440,true,false
2025-11-01,ACC-00711,Growth,Canada,28,812,true,false
2025-11-01,ACC-00712,Scale,Japan,94,6016,true,false
2025-11-01,ACC-00713,Growth,United States,20,580,true,false
2025-11-01,ACC-00714,Starter,United States,3,36,true,false
2025-11-01,ACC-00715,Scale,Australia,107,6848,true,false
2025-11-01,ACC-00716,Growth,United States,8,232,true,false
2025-11-01,ACC-00717,Growth,India,25,725,true,false
2025-12-01,ACC-00002,Scale,United States,121,7744,false,false
2025-12-01,ACC-00003,Scale,Germany,71,4544,false,false
2025-12-01,ACC-00006,Scale,Germany,55,3520,false,false
2025-12-01,ACC-00007,Starter,United States,7,84,false,false
2025-12-01,ACC-00008,Starter,United States,3,36,false,false
2025-12-01,ACC-00009,Growth,Canada,11,319,false,false
2025-12-01,ACC-00010,Starter,United States,6,72,false,false
2025-12-01,ACC-00013,Growth,Canada,28,812,false,false
2025-12-01,ACC-00014,Growth,United States,28,812,false,false
2025-12-01,ACC-00015,Starter,Germany,5,60,false,false
2025-12-01,ACC-00016,Starter,United States,4,48,false,false
2025-12-01,ACC-00017,Starter,Canada,2,24,false,false
2025-12-01,ACC-00019,Growth,India,16,464,false,false
2025-12-01,ACC-00021,Starter,United States,7,84,false,false
2025-12-01,ACC-00022,Scale,Japan,53,3392,false,false
2025-12-01,ACC-00023,Growth,United States,29,841,false,false
2025-12-01,ACC-00026,Scale,United Kingdom,58,3712,false,false
2025-12-01,ACC-00027,Starter,United States,6,72,false,false
2025-12-01,ACC-00030,Growth,Germany,24,696,false,false
2025-12-01,ACC-00032,Growth,India,14,406,false,false
2025-12-01,ACC-00034,Starter,United States,2,24,false,false
2025-12-01,ACC-00037,Growth,India,11,319,false,false
2025-12-01,ACC-00038,Starter,Germany,5,60,false,false
2025-12-01,ACC-00039,Starter,India,3,36,false,false
2025-12-01,ACC-00040,Starter,Australia,6,72,false,false
2025-12-01,ACC-00041,Starter,India,3,36,false,false
2025-12-01,ACC-00044,Growth,India,15,435,false,false
2025-12-01,ACC-00045,Growth,United Kingdom,14,406,false,false
2025-12-01,ACC-00046,Growth,India,29,841,false,false
2025-12-01,ACC-00048,Scale,Brazil,100,6400,false,false
2025-12-01,ACC-00049,Starter,United States,1,12,false,false
2025-12-01,ACC-00050,Starter,United Kingdom,3,36,false,false
2025-12-01,ACC-00051,Growth,India,27,783,false,false
2025-12-01,ACC-00052,Growth,Japan,13,377,false,false
2025-12-01,ACC-00057,Starter,Japan,9,108,false,false
2025-12-01,ACC-00058,Scale,Germany,113,7232,false,false
2025-12-01,ACC-00061,Starter,Germany,4,48,false,false
2025-12-01,ACC-00065,Growth,Brazil,8,232,false,false
2025-12-01,ACC-00066,Growth,Germany,7,203,false,false
2025-12-01,ACC-00067,Starter,United Kingdom,4,48,false,false
2025-12-01,ACC-00069,Starter,United States,2,24,false,false
2025-12-01,ACC-00070,Growth,United States,31,899,false,false
2025-12-01,ACC-00072,Growth,United States,11,319,false,false
2025-12-01,ACC-00073,Starter,Australia,3,36,false,false
2025-12-01,ACC-00074,Growth,United States,6,174,false,false
2025-12-01,ACC-00075,Growth,United States,25,725,false,false
2025-12-01,ACC-00078,Growth,United States,26,754,false,false
2025-12-01,ACC-00079,Scale,Brazil,54,3456,false,false
2025-12-01,ACC-00080,Scale,United States,101,6464,false,false
2025-12-01,ACC-00081,Starter,Australia,7,84,false,false
2025-12-01,ACC-00087,Starter,United States,5,60,false,false
2025-12-01,ACC-00089,Growth,United States,25,725,false,false
2025-12-01,ACC-00092,Starter,India,4,48,false,false
2025-12-01,ACC-00093,Starter,United Kingdom,1,12,false,false
2025-12-01,ACC-00094,Growth,United States,18,522,false,false
2025-12-01,ACC-00096,Starter,Canada,3,36,false,false
2025-12-01,ACC-00097,Growth,United States,14,406,false,false
2025-12-01,ACC-00100,Starter,Germany,6,72,false,false
2025-12-01,ACC-00102,Starter,United States,5,60,false,false
2025-12-01,ACC-00103,Starter,United States,8,96,false,false
2025-12-01,ACC-00104,Scale,United States,106,6784,false,false
2025-12-01,ACC-00107,Scale,United Kingdom,59,3776,false,false
2025-12-01,ACC-00109,Growth,Brazil,21,609,false,false
2025-12-01,ACC-00110,Starter,United States,5,60,false,false
2025-12-01,ACC-00111,Starter,United States,7,84,false,false
2025-12-01,ACC-00112,Starter,United States,3,36,false,false
2025-12-01,ACC-00113,Growth,Germany,8,232,false,false
2025-12-01,ACC-00115,Starter,Japan,7,84,false,false
2025-12-01,ACC-00116,Growth,United States,12,348,false,false
2025-12-01,ACC-00117,Growth,United States,11,319,false,false
2025-12-01,ACC-00119,Scale,India,33,2112,false,false
2025-12-01,ACC-00120,Scale,Japan,114,7296,false,false
2025-12-01,ACC-00121,Starter,United States,8,96,false,false
2025-12-01,ACC-00122,Growth,United States,24,696,false,false
2025-12-01,ACC-00125,Growth,United States,15,435,false,false
2025-12-01,ACC-00126,Growth,United States,26,754,false,false
2025-12-01,ACC-00129,Growth,Japan,18,522,false,false
2025-12-01,ACC-00130,Growth,Brazil,29,841,false,false
2025-12-01,ACC-00131,Starter,United States,6,72,false,false
2025-12-01,ACC-00133,Growth,Canada,18,522,false,false
2025-12-01,ACC-00136,Growth,Germany,18,522,false,false
2025-12-01,ACC-00137,Starter,United States,3,36,false,false
2025-12-01,ACC-00140,Growth,United States,16,464,false,false
2025-12-01,ACC-00144,Scale,United States,105,6720,false,false
2025-12-01,ACC-00146,Starter,Canada,2,24,false,false
2025-12-01,ACC-00147,Starter,Brazil,6,72,false,false
2025-12-01,ACC-00148,Growth,United States,32,928,false,false
2025-12-01,ACC-00149,Growth,United Kingdom,10,290,false,false
2025-12-01,ACC-00152,Starter,India,5,60,false,false
2025-12-01,ACC-00155,Growth,Canada,24,696,false,false
2025-12-01,ACC-00157,Starter,United Kingdom,6,72,false,false
2025-12-01,ACC-00158,Starter,United States,10,120,false,false
2025-12-01,ACC-00159,Starter,Japan,5,60,false,false
2025-12-01,ACC-00160,Starter,United Kingdom,1,12,false,false
2025-12-01,ACC-00161,Scale,Australia,53,3392,false,false
2025-12-01,ACC-00162,Starter,United States,7,84,false,false
2025-12-01,ACC-00163,Growth,Japan,18,522,false,false
2025-12-01,ACC-00169,Growth,Japan,12,348,false,false
2025-12-01,ACC-00170,Starter,India,5,60,false,false
2025-12-01,ACC-00173,Growth,Germany,7,203,false,false
2025-12-01,ACC-00175,Scale,Brazil,105,6720,false,false
2025-12-01,ACC-00176,Starter,Brazil,2,24,false,false
2025-12-01,ACC-00178,Growth,India,7,203,false,false
2025-12-01,ACC-00179,Scale,United States,60,3840,false,false
2025-12-01,ACC-00181,Starter,Germany,6,72,false,false
2025-12-01,ACC-00183,Scale,United States,28,1792,false,false
2025-12-01,ACC-00189,Scale,Australia,82,5248,false,false
2025-12-01,ACC-00190,Starter,Australia,11,132,false,false
2025-12-01,ACC-00192,Growth,United States,12,348,false,false
2025-12-01,ACC-00194,Growth,United States,16,464,false,false
2025-12-01,ACC-00195,Starter,Brazil,5,60,false,false
2025-12-01,ACC-00197,Growth,United Kingdom,28,812,false,false
2025-12-01,ACC-00203,Growth,United States,8,232,false,false
2025-12-01,ACC-00204,Growth,United States,19,551,false,false
2025-12-01,ACC-00206,Growth,Australia,29,841,false,false
2025-12-01,ACC-00207,Scale,Japan,96,6144,false,false
2025-12-01,ACC-00208,Starter,United Kingdom,9,108,false,false
2025-12-01,ACC-00209,Scale,Australia,114,7296,false,false
2025-12-01,ACC-00211,Scale,Brazil,75,4800,false,false
2025-12-01,ACC-00212,Growth,India,16,464,false,false
2025-12-01,ACC-00214,Starter,Germany,3,36,false,false
2025-12-01,ACC-00215,Starter,Japan,5,60,false,false
2025-12-01,ACC-00218,Starter,Germany,7,84,false,false
2025-12-01,ACC-00219,Starter,Canada,6,72,false,false
2025-12-01,ACC-00220,Scale,Germany,122,7808,false,false
2025-12-01,ACC-00221,Growth,Germany,31,899,false,false
2025-12-01,ACC-00226,Growth,United States,32,928,false,false
2025-12-01,ACC-00227,Starter,United States,7,84,false,false
2025-12-01,ACC-00228,Growth,United States,10,290,false,false
2025-12-01,ACC-00229,Starter,United States,5,60,false,true
2025-12-01,ACC-00230,Starter,India,5,60,false,false
2025-12-01,ACC-00232,Growth,Germany,11,319,false,false
2025-12-01,ACC-00233,Growth,United States,30,870,false,false
2025-12-01,ACC-00234,Growth,United States,27,783,false,false
2025-12-01,ACC-00235,Growth,United Kingdom,31,899,false,false
2025-12-01,ACC-00236,Starter,Germany,4,48,false,false
2025-12-01,ACC-00238,Starter,Germany,6,72,false,false
2025-12-01,ACC-00239,Starter,Australia,6,72,false,false
2025-12-01,ACC-00241,Growth,Brazil,9,261,false,false
2025-12-01,ACC-00243,Growth,United States,18,522,false,false
2025-12-01,ACC-00244,Growth,United States,33,957,false,false
2025-12-01,ACC-00245,Growth,United States,18,522,false,false
2025-12-01,ACC-00246,Starter,India,4,48,false,false
2025-12-01,ACC-00247,Scale,Australia,43,2752,false,false
2025-12-01,ACC-00248,Starter,Japan,8,96,false,false
2025-12-01,ACC-00249,Growth,Germany,26,754,false,false
2025-12-01,ACC-00250,Starter,United States,4,48,false,false
2025-12-01,ACC-00251,Starter,Brazil,2,24,false,false
2025-12-01,ACC-00252,Starter,United Kingdom,6,72,false,false
2025-12-01,ACC-00253,Starter,United Kingdom,6,72,false,false
2025-12-01,ACC-00254,Starter,United States,3,36,false,false
2025-12-01,ACC-00255,Starter,Brazil,6,72,false,false
2025-12-01,ACC-00256,Growth,United States,17,493,false,false
2025-12-01,ACC-00258,Growth,United States,17,493,false,false
2025-12-01,ACC-00262,Starter,India,6,72,false,false
2025-12-01,ACC-00264,Growth,Australia,14,406,false,false
2025-12-01,ACC-00266,Growth,United States,25,725,false,false
2025-12-01,ACC-00267,Growth,United States,20,580,false,false
2025-12-01,ACC-00268,Growth,United States,18,522,false,false
2025-12-01,ACC-00269,Growth,United States,24,696,false,false
2025-12-01,ACC-00270,Growth,Australia,31,899,false,false
2025-12-01,ACC-00271,Growth,Canada,20,580,false,false
2025-12-01,ACC-00272,Scale,United States,50,3200,false,false
2025-12-01,ACC-00273,Scale,India,82,5248,false,false
2025-12-01,ACC-00274,Growth,India,25,725,false,false
2025-12-01,ACC-00279,Scale,India,35,2240,false,false
2025-12-01,ACC-00280,Growth,Canada,12,348,false,false
2025-12-01,ACC-00281,Growth,Germany,8,232,false,false
2025-12-01,ACC-00282,Growth,Germany,20,580,false,false
2025-12-01,ACC-00283,Scale,United Kingdom,62,3968,false,true
2025-12-01,ACC-00284,Growth,United States,15,435,false,false
2025-12-01,ACC-00285,Growth,India,10,290,false,false
2025-12-01,ACC-00289,Starter,United States,5,60,false,false
2025-12-01,ACC-00291,Growth,Japan,31,899,false,false
2025-12-01,ACC-00292,Starter,United States,7,84,false,false
2025-12-01,ACC-00293,Growth,Germany,11,319,false,false
2025-12-01,ACC-00295,Starter,United States,3,36,false,false
2025-12-01,ACC-00297,Starter,India,2,24,false,false
2025-12-01,ACC-00299,Starter,United Kingdom,4,48,false,false
2025-12-01,ACC-00300,Starter,United States,3,36,false,false
2025-12-01,ACC-00301,Growth,United States,20,580,false,false
2025-12-01,ACC-00302,Starter,United States,4,48,false,false
2025-12-01,ACC-00304,Starter,United Kingdom,3,36,false,false
2025-12-01,ACC-00307,Scale,United Kingdom,77,4928,false,false
2025-12-01,ACC-00308,Growth,United Kingdom,12,348,false,false
2025-12-01,ACC-00309,Scale,Japan,56,3584,false,false
2025-12-01,ACC-00310,Growth,United Kingdom,30,870,false,false
2025-12-01,ACC-00312,Growth,Germany,11,319,false,false
2025-12-01,ACC-00313,Starter,United States,4,48,false,false
2025-12-01,ACC-00314,Growth,United States,17,493,false,false
2025-12-01,ACC-00315,Growth,United States,14,406,false,false
2025-12-01,ACC-00316,Starter,Germany,4,48,false,false
2025-12-01,ACC-00317,Starter,India,4,48,false,false
2025-12-01,ACC-00318,Starter,United States,6,72,false,false
2025-12-01,ACC-00319,Starter,United States,1,12,false,false
2025-12-01,ACC-00320,Starter,Japan,4,48,false,false
2025-12-01,ACC-00321,Scale,United States,113,7232,false,false
2025-12-01,ACC-00322,Starter,United States,7,84,false,false
2025-12-01,ACC-00323,Growth,United States,29,841,false,false
2025-12-01,ACC-00324,Starter,Canada,7,84,false,false
2025-12-01,ACC-00325,Starter,Canada,4,48,false,false
2025-12-01,ACC-00326,Starter,India,3,36,false,false
2025-12-01,ACC-00328,Starter,India,3,36,false,false
2025-12-01,ACC-00329,Starter,United States,11,132,false,false
2025-12-01,ACC-00330,Starter,Canada,4,48,false,false
2025-12-01,ACC-00334,Scale,Germany,104,6656,false,false
2025-12-01,ACC-00336,Scale,Canada,82,5248,false,false
2025-12-01,ACC-00338,Starter,Germany,8,96,false,false
2025-12-01,ACC-00339,Growth,United States,11,319,false,false
2025-12-01,ACC-00340,Growth,Australia,31,899,false,false
2025-12-01,ACC-00342,Growth,Brazil,28,812,false,false
2025-12-01,ACC-00345,Starter,Australia,4,48,false,false
2025-12-01,ACC-00346,Scale,United States,82,5248,false,false
2025-12-01,ACC-00347,Starter,United States,6,72,false,false
2025-12-01,ACC-00348,Starter,Canada,3,36,false,false
2025-12-01,ACC-00349,Scale,United States,100,6400,false,false
2025-12-01,ACC-00350,Starter,Germany,5,60,false,false
2025-12-01,ACC-00351,Starter,United States,5,60,false,false
2025-12-01,ACC-00352,Growth,United States,28,812,false,false
2025-12-01,ACC-00353,Growth,United States,11,319,false,false
2025-12-01,ACC-00354,Starter,India,7,84,false,false
2025-12-01,ACC-00355,Growth,India,27,783,false,false
2025-12-01,ACC-00356,Growth,Germany,27,783,false,false
2025-12-01,ACC-00357,Growth,Germany,17,493,false,false
2025-12-01,ACC-00358,Starter,United States,6,72,false,false
2025-12-01,ACC-00361,Starter,United States,8,96,false,false
2025-12-01,ACC-00362,Scale,United States,42,2688,false,false
2025-12-01,ACC-00363,Starter,United States,6,72,false,false
2025-12-01,ACC-00364,Growth,India,29,841,false,false
2025-12-01,ACC-00368,Scale,United States,101,6464,false,false
2025-12-01,ACC-00369,Starter,United States,2,24,false,false
2025-12-01,ACC-00370,Growth,United States,30,870,false,false
2025-12-01,ACC-00371,Starter,United Kingdom,6,72,false,false
2025-12-01,ACC-00372,Growth,United States,33,957,false,false
2025-12-01,ACC-00374,Starter,Germany,6,72,false,false
2025-12-01,ACC-00375,Growth,United States,27,783,false,false
2025-12-01,ACC-00377,Growth,United States,13,377,false,false
2025-12-01,ACC-00378,Starter,United States,4,48,false,false
2025-12-01,ACC-00379,Growth,United States,31,899,false,false
2025-12-01,ACC-00380,Growth,Germany,27,783,false,false
2025-12-01,ACC-00381,Starter,United States,8,96,false,false
2025-12-01,ACC-00382,Starter,United States,5,60,false,false
2025-12-01,ACC-00383,Scale,Japan,97,6208,false,false
2025-12-01,ACC-00384,Scale,United Kingdom,99,6336,false,false
2025-12-01,ACC-00387,Growth,Germany,21,609,false,false
2025-12-01,ACC-00390,Starter,India,2,24,false,false
2025-12-01,ACC-00392,Starter,United Kingdom,2,24,false,false
2025-12-01,ACC-00394,Starter,Germany,5,60,false,false
2025-12-01,ACC-00395,Growth,United Kingdom,22,638,false,false
2025-12-01,ACC-00397,Growth,United States,10,290,false,false
2025-12-01,ACC-00400,Growth,United States,23,667,false,false
2025-12-01,ACC-00401,Scale,United States,34,2176,false,false
2025-12-01,ACC-00402,Growth,United States,19,551,false,false
2025-12-01,ACC-00407,Growth,United States,32,928,false,false
2025-12-01,ACC-00409,Starter,Japan,3,36,false,false
2025-12-01,ACC-00410,Starter,United States,2,24,false,false
2025-12-01,ACC-00412,Growth,Japan,7,203,false,false
2025-12-01,ACC-00413,Growth,United States,24,696,false,false
2025-12-01,ACC-00414,Starter,United States,4,48,false,false
2025-12-01,ACC-00415,Scale,United States,107,6848,false,false
2025-12-01,ACC-00416,Growth,United States,30,870,false,false
2025-12-01,ACC-00417,Starter,Japan,2,24,false,true
2025-12-01,ACC-00418,Starter,United States,3,36,false,false
2025-12-01,ACC-00419,Starter,Germany,3,36,false,false
2025-12-01,ACC-00420,Starter,Germany,5,60,false,false
2025-12-01,ACC-00421,Scale,Canada,92,5888,false,false
2025-12-01,ACC-00422,Growth,Brazil,25,725,false,false
2025-12-01,ACC-00426,Starter,Brazil,5,60,false,false
2025-12-01,ACC-00427,Starter,United States,6,72,false,false
2025-12-01,ACC-00429,Growth,United States,23,667,false,false
2025-12-01,ACC-00430,Starter,India,5,60,false,false
2025-12-01,ACC-00432,Scale,Australia,102,6528,false,false
2025-12-01,ACC-00434,Starter,Canada,8,96,false,false
2025-12-01,ACC-00435,Growth,United States,19,551,false,false
2025-12-01,ACC-00436,Scale,Germany,27,1728,false,false
2025-12-01,ACC-00437,Starter,Brazil,4,48,false,false
2025-12-01,ACC-00438,Starter,Japan,5,60,false,false
2025-12-01,ACC-00441,Growth,United States,16,464,false,false
2025-12-01,ACC-00443,Starter,United States,1,12,false,false
2025-12-01,ACC-00444,Starter,Japan,4,48,false,false
2025-12-01,ACC-00446,Scale,United Kingdom,103,6592,false,false
2025-12-01,ACC-00447,Starter,United States,4,48,false,false
2025-12-01,ACC-00448,Starter,Australia,7,84,false,false
2025-12-01,ACC-00449,Starter,United States,6,72,false,false
2025-12-01,ACC-00450,Scale,United Kingdom,110,7040,false,false
2025-12-01,ACC-00451,Growth,Brazil,23,667,false,false
2025-12-01,ACC-00453,Starter,United Kingdom,7,84,false,false
2025-12-01,ACC-00454,Growth,United States,13,377,false,false
2025-12-01,ACC-00456,Starter,Germany,3,36,false,false
2025-12-01,ACC-00458,Growth,Germany,16,464,false,false
2025-12-01,ACC-00459,Starter,India,2,24,false,false
2025-12-01,ACC-00460,Starter,United Kingdom,6,72,false,false
2025-12-01,ACC-00461,Growth,United States,24,696,false,true
2025-12-01,ACC-00462,Starter,Brazil,7,84,false,false
2025-12-01,ACC-00463,Starter,Canada,3,36,false,false
2025-12-01,ACC-00464,Growth,United States,20,580,false,false
2025-12-01,ACC-00466,Growth,Japan,10,290,false,false
2025-12-01,ACC-00467,Growth,Canada,9,261,false,false
2025-12-01,ACC-00468,Starter,United States,8,96,false,false
2025-12-01,ACC-00469,Growth,India,14,406,false,false
2025-12-01,ACC-00471,Growth,Australia,30,870,false,false
2025-12-01,ACC-00472,Starter,United States,4,48,false,false
2025-12-01,ACC-00473,Starter,Canada,1,12,false,false
2025-12-01,ACC-00475,Growth,Australia,24,696,false,false
2025-12-01,ACC-00476,Growth,Japan,12,348,false,false
2025-12-01,ACC-00477,Starter,United Kingdom,5,60,false,false
2025-12-01,ACC-00478,Starter,United States,6,72,false,false
2025-12-01,ACC-00479,Starter,United States,2,24,false,false
2025-12-01,ACC-00480,Starter,Australia,6,72,false,false
2025-12-01,ACC-00482,Starter,United States,3,36,false,false
2025-12-01,ACC-00483,Growth,Canada,25,725,false,false
2025-12-01,ACC-00484,Scale,Germany,72,4608,false,false
2025-12-01,ACC-00485,Starter,Japan,4,48,false,false
2025-12-01,ACC-00486,Growth,India,9,261,false,false
2025-12-01,ACC-00487,Starter,Germany,6,72,false,false
2025-12-01,ACC-00489,Scale,United States,91,5824,false,false
2025-12-01,ACC-00490,Growth,Germany,19,551,false,false
2025-12-01,ACC-00491,Growth,India,29,841,false,false
2025-12-01,ACC-00492,Starter,United States,1,12,false,false
2025-12-01,ACC-00493,Starter,India,8,96,false,false
2025-12-01,ACC-00494,Starter,United Kingdom,5,60,false,false
2025-12-01,ACC-00495,Growth,United States,32,928,false,false
2025-12-01,ACC-00496,Starter,United States,6,72,false,false
2025-12-01,ACC-00498,Growth,United States,7,203,false,false
2025-12-01,ACC-00499,Growth,India,7,203,false,false
2025-12-01,ACC-00500,Starter,India,4,48,false,false
2025-12-01,ACC-00501,Growth,United States,18,522,false,false
2025-12-01,ACC-00502,Growth,Brazil,17,493,false,false
2025-12-01,ACC-00503,Growth,Brazil,7,203,false,false
2025-12-01,ACC-00504,Starter,United Kingdom,2,24,false,false
2025-12-01,ACC-00505,Growth,Australia,25,725,false,false
2025-12-01,ACC-00506,Starter,United States,7,84,false,false
2025-12-01,ACC-00507,Starter,United States,5,60,false,true
2025-12-01,ACC-00508,Growth,Canada,12,348,false,false
2025-12-01,ACC-00509,Scale,India,83,5312,false,false
2025-12-01,ACC-00511,Growth,United States,7,203,false,false
2025-12-01,ACC-00512,Starter,Australia,1,12,false,false
2025-12-01,ACC-00513,Starter,Canada,4,48,false,false
2025-12-01,ACC-00514,Starter,Canada,4,48,false,false
2025-12-01,ACC-00515,Starter,India,6,72,false,false
2025-12-01,ACC-00516,Starter,Brazil,5,60,false,false
2025-12-01,ACC-00517,Starter,United States,8,96,false,false
2025-12-01,ACC-00518,Growth,Japan,18,522,false,true
2025-12-01,ACC-00519,Starter,United States,7,84,false,true
2025-12-01,ACC-00520,Starter,India,4,48,false,false
2025-12-01,ACC-00521,Scale,India,94,6016,false,false
2025-12-01,ACC-00522,Growth,United States,8,232,false,false
2025-12-01,ACC-00523,Starter,Germany,4,48,false,false
2025-12-01,ACC-00524,Starter,Australia,2,24,false,false
2025-12-01,ACC-00525,Growth,Japan,7,203,false,false
2025-12-01,ACC-00526,Scale,United States,36,2304,false,false
2025-12-01,ACC-00527,Starter,Japan,2,24,false,false
2025-12-01,ACC-00528,Starter,India,7,84,false,false
2025-12-01,ACC-00529,Growth,United States,17,493,false,false
2025-12-01,ACC-00530,Growth,Japan,31,899,false,false
2025-12-01,ACC-00531,Starter,India,3,36,false,false
2025-12-01,ACC-00534,Starter,United States,6,72,false,false
2025-12-01,ACC-00535,Growth,United Kingdom,25,725,false,false
2025-12-01,ACC-00536,Starter,Japan,5,60,false,false
2025-12-01,ACC-00537,Starter,United Kingdom,5,60,false,false
2025-12-01,ACC-00538,Starter,India,6,72,false,false
2025-12-01,ACC-00539,Starter,Canada,5,60,false,false
2025-12-01,ACC-00540,Growth,Japan,12,348,false,false
2025-12-01,ACC-00541,Growth,Brazil,15,435,false,false
2025-12-01,ACC-00544,Growth,United States,14,406,false,false
2025-12-01,ACC-00545,Starter,United Kingdom,4,48,false,false
2025-12-01,ACC-00547,Growth,Canada,8,232,false,false
2025-12-01,ACC-00548,Starter,Germany,5,60,false,false
2025-12-01,ACC-00549,Starter,United States,4,48,false,false
2025-12-01,ACC-00550,Growth,United States,11,319,false,false
2025-12-01,ACC-00551,Growth,United Kingdom,18,522,false,false
2025-12-01,ACC-00552,Starter,United States,1,12,false,false
2025-12-01,ACC-00554,Scale,United Kingdom,37,2368,false,false
2025-12-01,ACC-00555,Scale,India,54,3456,false,false
2025-12-01,ACC-00556,Starter,Australia,1,12,false,false
2025-12-01,ACC-00557,Growth,Germany,22,638,false,false
2025-12-01,ACC-00558,Growth,United States,10,290,false,false
2025-12-01,ACC-00559,Growth,Canada,26,754,false,false
2025-12-01,ACC-00560,Starter,Canada,1,12,false,false
2025-12-01,ACC-00561,Growth,Japan,26,754,false,false
2025-12-01,ACC-00562,Starter,United Kingdom,6,72,false,false
2025-12-01,ACC-00563,Growth,Japan,10,290,false,false
2025-12-01,ACC-00564,Growth,United States,15,435,false,false
2025-12-01,ACC-00565,Growth,United States,27,783,false,false
2025-12-01,ACC-00566,Starter,Canada,4,48,false,false
2025-12-01,ACC-00567,Starter,Brazil,7,84,false,false
2025-12-01,ACC-00568,Growth,United States,10,290,false,false
2025-12-01,ACC-00570,Starter,Japan,4,48,false,false
2025-12-01,ACC-00571,Starter,India,6,72,false,false
2025-12-01,ACC-00572,Starter,United States,3,36,false,false
2025-12-01,ACC-00573,Starter,United Kingdom,5,60,false,false
2025-12-01,ACC-00574,Starter,Germany,4,48,false,false
2025-12-01,ACC-00575,Starter,United States,2,24,false,false
2025-12-01,ACC-00576,Starter,United States,3,36,false,false
2025-12-01,ACC-00577,Starter,Brazil,6,72,false,false
2025-12-01,ACC-00578,Starter,United States,3,36,false,false
2025-12-01,ACC-00579,Growth,Canada,19,551,false,false
2025-12-01,ACC-00580,Scale,United States,102,6528,false,false
2025-12-01,ACC-00581,Scale,India,47,3008,false,false
2025-12-01,ACC-00582,Starter,United Kingdom,1,12,false,true
2025-12-01,ACC-00583,Starter,Brazil,2,24,false,false
2025-12-01,ACC-00584,Scale,United Kingdom,106,6784,false,false
2025-12-01,ACC-00585,Starter,Japan,6,72,false,false
2025-12-01,ACC-00586,Growth,United States,11,319,false,false
2025-12-01,ACC-00587,Scale,United Kingdom,47,3008,false,false
2025-12-01,ACC-00588,Growth,United States,6,174,false,false
2025-12-01,ACC-00589,Growth,United States,20,580,false,false
2025-12-01,ACC-00590,Starter,United States,3,36,false,false
2025-12-01,ACC-00592,Growth,United Kingdom,17,493,false,false
2025-12-01,ACC-00593,Growth,Germany,22,638,false,false
2025-12-01,ACC-00594,Starter,Canada,2,24,false,false
2025-12-01,ACC-00595,Growth,United States,7,203,false,false
2025-12-01,ACC-00596,Growth,Germany,29,841,false,false
2025-12-01,ACC-00597,Starter,Australia,2,24,false,false
2025-12-01,ACC-00598,Starter,Japan,6,72,false,false
2025-12-01,ACC-00599,Starter,India,8,96,false,false
2025-12-01,ACC-00600,Starter,United States,5,60,false,false
2025-12-01,ACC-00601,Starter,United States,4,48,false,false
2025-12-01,ACC-00602,Growth,Germany,26,754,false,false
2025-12-01,ACC-00603,Starter,India,5,60,false,false
2025-12-01,ACC-00604,Starter,United States,7,84,false,false
2025-12-01,ACC-00605,Starter,United States,4,48,false,false
2025-12-01,ACC-00606,Scale,Canada,89,5696,false,false
2025-12-01,ACC-00607,Starter,United States,6,72,false,false
2025-12-01,ACC-00608,Starter,United Kingdom,1,12,false,false
2025-12-01,ACC-00609,Starter,Japan,6,72,false,false
2025-12-01,ACC-00610,Starter,United States,1,12,false,false
2025-12-01,ACC-00611,Growth,Germany,20,580,false,false
2025-12-01,ACC-00612,Scale,United States,117,7488,false,false
2025-12-01,ACC-00613,Starter,Germany,5,60,false,false
2025-12-01,ACC-00614,Growth,Australia,27,783,false,false
2025-12-01,ACC-00615,Starter,United Kingdom,4,48,false,false
2025-12-01,ACC-00616,Growth,India,17,493,false,false
2025-12-01,ACC-00617,Growth,United Kingdom,12,348,false,false
2025-12-01,ACC-00618,Growth,Germany,23,667,false,false
2025-12-01,ACC-00619,Starter,United Kingdom,5,60,false,false
2025-12-01,ACC-00620,Starter,United States,4,48,false,false
2025-12-01,ACC-00621,Growth,Canada,29,841,false,false
2025-12-01,ACC-00622,Growth,United States,12,348,false,false
2025-12-01,ACC-00623,Scale,Canada,85,5440,false,false
2025-12-01,ACC-00624,Starter,India,2,24,false,false
2025-12-01,ACC-00625,Starter,United Kingdom,2,24,false,false
2025-12-01,ACC-00626,Starter,United States,5,60,false,false
2025-12-01,ACC-00627,Growth,United States,21,609,false,false
2025-12-01,ACC-00628,Starter,United States,2,24,false,false
2025-12-01,ACC-00629,Growth,United Kingdom,9,261,false,false
2025-12-01,ACC-00630,Starter,Australia,1,12,false,false
2025-12-01,ACC-00631,Starter,United States,7,84,false,false
2025-12-01,ACC-00632,Starter,United States,3,36,false,false
2025-12-01,ACC-00633,Starter,United States,3,36,false,false
2025-12-01,ACC-00634,Growth,Japan,14,406,false,false
2025-12-01,ACC-00635,Growth,Canada,19,551,false,false
2025-12-01,ACC-00636,Growth,United States,30,870,false,false
2025-12-01,ACC-00637,Growth,United Kingdom,10,290,false,false
2025-12-01,ACC-00638,Starter,Australia,2,24,false,false
2025-12-01,ACC-00639,Starter,United States,7,84,false,false
2025-12-01,ACC-00641,Growth,India,9,261,false,false
2025-12-01,ACC-00642,Starter,United States,5,60,false,false
2025-12-01,ACC-00643,Starter,Japan,5,60,false,false
2025-12-01,ACC-00644,Starter,United States,2,24,false,false
2025-12-01,ACC-00645,Scale,United Kingdom,49,3136,false,false
2025-12-01,ACC-00646,Starter,Australia,5,60,false,false
2025-12-01,ACC-00647,Starter,Germany,3,36,false,false
2025-12-01,ACC-00648,Growth,United States,26,754,false,false
2025-12-01,ACC-00649,Growth,United States,19,551,false,false
2025-12-01,ACC-00650,Growth,United States,19,551,false,false
2025-12-01,ACC-00651,Starter,United States,5,60,false,false
2025-12-01,ACC-00652,Starter,Australia,3,36,false,false
2025-12-01,ACC-00653,Starter,Germany,2,24,false,false
2025-12-01,ACC-00654,Growth,Canada,30,870,false,false
2025-12-01,ACC-00655,Starter,Canada,2,24,false,false
2025-12-01,ACC-00656,Scale,Canada,71,4544,false,false
2025-12-01,ACC-00657,Starter,United States,6,72,false,false
2025-12-01,ACC-00658,Starter,United Kingdom,2,24,false,false
2025-12-01,ACC-00659,Starter,United States,6,72,false,false
2025-12-01,ACC-00660,Growth,Canada,8,232,false,false
2025-12-01,ACC-00661,Scale,Brazil,118,7552,false,true
2025-12-01,ACC-00662,Growth,Japan,15,435,false,false
2025-12-01,ACC-00664,Starter,India,6,72,false,false
2025-12-01,ACC-00665,Starter,Canada,5,60,false,false
2025-12-01,ACC-00666,Starter,United States,3,36,false,false
2025-12-01,ACC-00667,Growth,United States,24,696,false,false
2025-12-01,ACC-00668,Starter,United States,1,12,false,false
2025-12-01,ACC-00669,Starter,Germany,3,36,false,false
2025-12-01,ACC-00670,Starter,Canada,7,84,false,false
2025-12-01,ACC-00671,Growth,Australia,23,667,false,false
2025-12-01,ACC-00672,Growth,Germany,20,580,false,false
2025-12-01,ACC-00673,Growth,Canada,27,783,false,false
2025-12-01,ACC-00674,Starter,Canada,6,72,false,false
2025-12-01,ACC-00675,Starter,United States,5,60,false,false
2025-12-01,ACC-00676,Growth,Japan,14,406,false,false
2025-12-01,ACC-00677,Growth,United States,13,377,false,false
2025-12-01,ACC-00678,Starter,Canada,3,36,false,false
2025-12-01,ACC-00680,Growth,Germany,23,667,false,false
2025-12-01,ACC-00681,Starter,Canada,1,12,false,false
2025-12-01,ACC-00682,Scale,United Kingdom,115,7360,false,false
2025-12-01,ACC-00683,Starter,United Kingdom,2,24,false,false
2025-12-01,ACC-00684,Starter,United States,2,24,false,false
2025-12-01,ACC-00685,Growth,United States,30,870,false,false
2025-12-01,ACC-00686,Starter,United Kingdom,3,36,false,false
2025-12-01,ACC-00687,Starter,United States,2,24,false,false
2025-12-01,ACC-00688,Starter,United Kingdom,6,72,false,false
2025-12-01,ACC-00689,Starter,Japan,5,60,false,false
2025-12-01,ACC-00690,Scale,Australia,77,4928,false,false
2025-12-01,ACC-00691,Scale,Brazil,90,5760,false,false
2025-12-01,ACC-00692,Growth,United Kingdom,26,754,false,false
2025-12-01,ACC-00693,Starter,United Kingdom,3,36,false,false
2025-12-01,ACC-00694,Starter,United Kingdom,1,12,false,false
2025-12-01,ACC-00695,Growth,United States,10,290,false,false
2025-12-01,ACC-00696,Starter,United States,1,12,false,false
2025-12-01,ACC-00697,Growth,Germany,14,406,false,false
2025-12-01,ACC-00698,Starter,India,1,12,false,false
2025-12-01,ACC-00699,Starter,Japan,6,72,false,false
2025-12-01,ACC-00700,Scale,Australia,105,6720,false,false
2025-12-01,ACC-00701,Growth,Germany,23,667,false,false
2025-12-01,ACC-00702,Starter,United States,3,36,false,false
2025-12-01,ACC-00703,Starter,United States,4,48,false,false
2025-12-01,ACC-00704,Starter,United States,2,24,false,false
2025-12-01,ACC-00705,Growth,United Kingdom,27,783,false,false
2025-12-01,ACC-00706,Growth,United Kingdom,30,870,false,false
2025-12-01,ACC-00707,Growth,India,17,493,false,false
2025-12-01,ACC-00708,Starter,United States,3,36,false,false
2025-12-01,ACC-00709,Scale,Japan,33,2112,false,false
2025-12-01,ACC-00710,Scale,Japan,85,5440,false,false
2025-12-01,ACC-00711,Growth,Canada,28,812,false,false
2025-12-01,ACC-00712,Scale,Japan,94,6016,false,false
2025-12-01,ACC-00713,Growth,United States,20,580,false,false
2025-12-01,ACC-00714,Starter,United States,3,36,false,false
2025-12-01,ACC-00715,Scale,Australia,107,6848,false,false
2025-12-01,ACC-00716,Growth,United States,8,232,false,false
2025-12-01,ACC-00717,Growth,India,25,725,false,false
2025-12-01,ACC-00718,Starter,United States,1,12,true,false
2025-12-01,ACC-00719,Starter,Canada,2,24,true,false
2025-12-01,ACC-00720,Starter,United States,5,60,true,false
2025-12-01,ACC-00721,Growth,Germany,17,493,true,false
2025-12-01,ACC-00722,Starter,India,1,12,true,false
2025-12-01,ACC-00723,Starter,United Kingdom,6,72,true,false
2025-12-01,ACC-00724,Growth,Australia,16,464,true,false
2025-12-01,ACC-00725,Scale,United States,71,4544,true,false
2025-12-01,ACC-00726,Starter,Germany,4,48,true,false
2025-12-01,ACC-00727,Growth,United States,28,812,true,false
2025-12-01,ACC-00728,Starter,United States,5,60,true,false
2025-12-01,ACC-00729,Starter,India,6,72,true,false
2025-12-01,ACC-00730,Starter,United States,2,24,true,false
2025-12-01,ACC-00731,Starter,Germany,5,60,true,false
2025-12-01,ACC-00732,Starter,United States,3,36,true,false
2025-12-01,ACC-00733,Starter,India,3,36,true,false
2025-12-01,ACC-00734,Starter,United States,3,36,true,false
2025-12-01,ACC-00735,Starter,Germany,2,24,true,false
2025-12-01,ACC-00736,Starter,United States,2,24,true,false
2025-12-01,ACC-00737,Starter,Canada,2,24,true,false
2025-12-01,ACC-00738,Starter,United Kingdom,1,12,true,false
2025-12-01,ACC-00739,Growth,United States,22,638,true,false
2025-12-01,ACC-00740,Starter,India,4,48,true,false
2025-12-01,ACC-00741,Growth,United States,25,725,true,false
2025-12-01,ACC-00742,Growth,Germany,11,319,true,false
2025-12-01,ACC-00743,Starter,United Kingdom,4,48,true,false
