timestamp,path,method,status,latency_ms,country,device
2025-09-01T00:05:43.000Z,/cart,GET,304,104,JP,Desktop
2025-09-01T00:07:30.000Z,/search,GET,200,50,US,Mobile
2025-09-01T00:10:20.000Z,/api/checkout,POST,200,228,IN,Mobile
2025-09-01T00:13:57.000Z,/products/:id,GET,200,55,JP,Mobile
2025-09-01T00:26:54.000Z,/products,GET,200,86,US,Desktop
2025-09-01T00:34:24.000Z,/,GET,200,20,IN,Desktop
2025-09-01T00:34:45.000Z,/products/:id,GET,200,37,CA,Mobile
2025-09-01T00:38:49.000Z,/products,GET,200,73,JP,Mobile
2025-09-01T00:39:16.000Z,/products,GET,200,79,FR,Mobile
2025-09-01T00:39:39.000Z,/products/:id,GET,200,60,US,Mobile
2025-09-01T00:40:14.000Z,/cart,GET,200,67,US,Mobile
2025-09-01T00:47:57.000Z,/,GET,304,86,US,Desktop
2025-09-01T00:51:36.000Z,/api/checkout,POST,200,178,IN,Desktop
2025-09-01T00:58:54.000Z,/cart,GET,200,92,US,Mobile
2025-09-01T01:06:56.000Z,/products/:id,GET,200,82,DE,Mobile
2025-09-01T01:12:06.000Z,/cart,GET,200,76,CA,Desktop
2025-09-01T01:18:12.000Z,/api/checkout,POST,200,194,US,Mobile
2025-09-01T01:25:50.000Z,/products,GET,200,68,US,Desktop
2025-09-01T01:27:57.000Z,/products/:id,GET,200,55,JP,Mobile
2025-09-01T01:33:03.000Z,/products/:id,GET,200,42,FR,Desktop
2025-09-01T01:34:24.000Z,/products,GET,200,48,JP,Mobile
2025-09-01T01:35:30.000Z,/products,GET,200,57,US,Desktop
2025-09-01T01:42:30.000Z,/products/:id,GET,304,92,GB,Desktop
2025-09-01T01:43:51.000Z,/,GET,200,44,US,Desktop
2025-09-01T01:46:29.000Z,/products/:id,GET,200,74,US,Mobile
2025-09-01T01:56:42.000Z,/products,GET,200,45,IN,Tablet
2025-09-01T01:57:17.000Z,/products,GET,200,84,GB,Desktop
2025-09-01T01:57:48.000Z,/products,GET,200,147,US,Mobile
2025-09-01T02:00:00.000Z,/products,GET,200,90,US,Mobile
2025-09-01T02:01:20.000Z,/account,GET,200,49,CA,Desktop
2025-09-01T02:02:23.000Z,/products,GET,200,46,JP,Tablet
2025-09-01T02:03:07.000Z,/search,GET,200,223,US,Mobile
2025-09-01T02:03:50.000Z,/,GET,200,111,IN,Mobile
2025-09-01T02:07:51.000Z,/products/:id,GET,200,31,DE,Desktop
2025-09-01T02:21:27.000Z,/products,GET,200,47,JP,Mobile
2025-09-01T02:22:24.000Z,/api/cart,POST,200,87,US,Mobile
2025-09-01T02:59:11.000Z,/,GET,200,133,DE,Mobile
2025-09-01T03:01:18.000Z,/cart,GET,200,50,US,Mobile
2025-09-01T03:11:13.000Z,/,GET,200,37,GB,Mobile
2025-09-01T03:15:19.000Z,/,GET,200,90,US,Desktop
2025-09-01T03:17:55.000Z,/,GET,200,38,IN,Desktop
2025-09-01T03:26:32.000Z,/,GET,200,38,JP,Desktop
2025-09-01T03:28:42.000Z,/account,GET,200,64,CA,Desktop
2025-09-01T03:29:56.000Z,/products,GET,401,143,IN,Mobile
2025-09-01T03:31:49.000Z,/products,GET,200,34,DE,Mobile
2025-09-01T03:31:51.000Z,/,GET,200,89,BR,Desktop
2025-09-01T03:35:10.000Z,/products,GET,200,83,CA,Desktop
2025-09-01T03:35:26.000Z,/,GET,200,73,FR,Mobile
2025-09-01T03:35:30.000Z,/,GET,200,40,DE,Mobile
2025-09-01T03:37:43.000Z,/,GET,200,38,US,Desktop
2025-09-01T03:39:36.000Z,/search,GET,200,166,IN,Desktop
2025-09-01T03:46:44.000Z,/search,GET,200,97,FR,Desktop
2025-09-01T03:47:50.000Z,/,GET,200,50,CA,Desktop
2025-09-01T03:58:00.000Z,/products/:id,GET,200,50,US,Desktop
2025-09-01T04:01:57.000Z,/api/cart,POST,200,118,DE,Tablet
2025-09-01T04:03:10.000Z,/products/:id,GET,200,31,FR,Mobile
2025-09-01T04:04:41.000Z,/api/cart,POST,200,147,JP,Desktop
2025-09-01T04:08:35.000Z,/search,GET,404,170,JP,Mobile
2025-09-01T04:10:45.000Z,/,GET,200,18,BR,Mobile
2025-09-01T04:21:54.000Z,/products/:id,GET,200,41,FR,Desktop
2025-09-01T04:24:01.000Z,/products/:id,GET,200,56,US,Desktop
2025-09-01T04:25:06.000Z,/account,GET,200,71,BR,Mobile
2025-09-01T04:35:21.000Z,/cart,GET,200,69,CA,Desktop
2025-09-01T04:35:48.000Z,/api/cart,POST,200,133,JP,Desktop
2025-09-01T04:45:58.000Z,/,GET,200,38,US,Desktop
2025-09-01T04:57:02.000Z,/api/cart,POST,200,82,CA,Tablet
2025-09-01T04:58:22.000Z,/products,GET,200,36,JP,Desktop
2025-09-01T05:03:27.000Z,/products,GET,200,73,IN,Desktop
2025-09-01T05:07:21.000Z,/products/:id,GET,200,39,FR,Mobile
2025-09-01T05:07:45.000Z,/products/:id,GET,200,39,BR,Tablet
2025-09-01T05:11:57.000Z,/account,GET,200,60,FR,Desktop
2025-09-01T05:23:21.000Z,/products/:id,GET,200,76,US,Mobile
2025-09-01T05:25:08.000Z,/search,GET,200,74,US,Mobile
2025-09-01T05:32:24.000Z,/,GET,200,26,FR,Mobile
2025-09-01T05:33:50.000Z,/products/:id,GET,200,61,GB,Mobile
2025-09-01T05:43:58.000Z,/api/checkout,POST,200,234,US,Desktop
2025-09-01T05:46:07.000Z,/api/cart,POST,200,48,IN,Mobile
2025-09-01T05:58:13.000Z,/account,GET,200,103,GB,Mobile
2025-09-01T05:58:14.000Z,/products/:id,GET,200,74,CA,Mobile
2025-09-01T06:01:31.000Z,/search,GET,200,216,US,Tablet
2025-09-01T06:04:37.000Z,/,GET,200,32,DE,Mobile
2025-09-01T06:06:45.000Z,/products/:id,GET,200,79,US,Desktop
2025-09-01T06:08:17.000Z,/products,GET,200,81,CA,Desktop
2025-09-01T06:14:59.000Z,/,GET,200,18,CA,Desktop
2025-09-01T06:16:45.000Z,/,GET,200,33,US,Desktop
2025-09-01T06:20:34.000Z,/products/:id,GET,200,66,DE,Mobile
2025-09-01T06:27:28.000Z,/account,GET,200,61,US,Mobile
2025-09-01T06:27:41.000Z,/account,GET,200,34,US,Desktop
2025-09-01T06:32:48.000Z,/api/cart,POST,200,121,FR,Desktop
2025-09-01T06:33:18.000Z,/,GET,200,52,IN,Mobile
2025-09-01T06:36:37.000Z,/products,GET,200,81,US,Desktop
2025-09-01T06:38:44.000Z,/products/:id,GET,200,55,FR,Desktop
2025-09-01T06:43:01.000Z,/search,GET,200,133,CA,Tablet
2025-09-01T06:54:08.000Z,/,GET,200,37,BR,Desktop
2025-09-01T07:00:11.000Z,/api/cart,POST,200,115,GB,Desktop
2025-09-01T07:00:35.000Z,/,GET,200,24,DE,Mobile
2025-09-01T07:02:44.000Z,/,GET,200,57,US,Desktop
2025-09-01T07:02:45.000Z,/products,GET,200,59,DE,Mobile
2025-09-01T07:05:08.000Z,/,GET,200,15,FR,Mobile
2025-09-01T07:13:30.000Z,/search,GET,200,35,DE,Desktop
2025-09-01T07:16:00.000Z,/products/:id,GET,200,51,GB,Mobile
2025-09-01T07:17:37.000Z,/products,GET,200,61,IN,Mobile
2025-09-01T07:18:09.000Z,/,GET,200,57,IN,Mobile
2025-09-01T07:20:52.000Z,/,GET,200,50,US,Mobile
2025-09-01T07:20:59.000Z,/products,GET,200,57,DE,Desktop
2025-09-01T07:27:38.000Z,/products/:id,GET,200,97,BR,Mobile
2025-09-01T07:28:08.000Z,/account,GET,200,114,US,Mobile
2025-09-01T07:28:44.000Z,/api/checkout,POST,200,282,DE,Mobile
2025-09-01T07:33:23.000Z,/products/:id,GET,200,53,DE,Mobile
2025-09-01T07:34:53.000Z,/api/checkout,POST,200,555,US,Mobile
2025-09-01T07:35:12.000Z,/cart,GET,200,30,US,Mobile
2025-09-01T07:35:30.000Z,/api/cart,POST,200,78,IN,Mobile
2025-09-01T07:42:34.000Z,/products/:id,GET,200,135,IN,Mobile
2025-09-01T07:48:17.000Z,/products,GET,200,174,JP,Mobile
2025-09-01T07:51:29.000Z,/products/:id,GET,200,46,FR,Tablet
2025-09-01T07:54:27.000Z,/,GET,200,68,GB,Mobile
2025-09-01T08:00:45.000Z,/,GET,200,69,CA,Desktop
2025-09-01T08:04:59.000Z,/,GET,200,48,GB,Mobile
2025-09-01T08:05:44.000Z,/search,GET,200,132,US,Desktop
2025-09-01T08:06:41.000Z,/,GET,304,55,BR,Mobile
2025-09-01T08:11:33.000Z,/products,GET,200,75,GB,Desktop
2025-09-01T08:14:04.000Z,/,GET,200,92,CA,Mobile
2025-09-01T08:15:24.000Z,/cart,GET,401,37,US,Mobile
2025-09-01T08:16:39.000Z,/api/checkout,POST,304,308,CA,Tablet
2025-09-01T08:17:26.000Z,/,GET,200,54,US,Desktop
2025-09-01T08:21:31.000Z,/search,GET,200,125,IN,Mobile
2025-09-01T08:23:49.000Z,/,GET,200,110,BR,Desktop
2025-09-01T08:24:06.000Z,/,GET,304,35,IN,Mobile
2025-09-01T08:24:39.000Z,/cart,GET,200,63,GB,Mobile
2025-09-01T08:25:31.000Z,/products,GET,200,135,US,Mobile
2025-09-01T08:30:11.000Z,/account,GET,200,98,US,Desktop
2025-09-01T08:30:15.000Z,/api/cart,POST,200,60,DE,Mobile
2025-09-01T08:37:15.000Z,/products,GET,200,85,GB,Mobile
2025-09-01T08:44:05.000Z,/account,GET,200,99,US,Mobile
2025-09-01T08:44:54.000Z,/search,GET,200,133,US,Desktop
2025-09-01T08:47:09.000Z,/,GET,200,116,US,Tablet
2025-09-01T08:50:44.000Z,/products/:id,GET,200,105,FR,Desktop
2025-09-01T08:56:39.000Z,/products/:id,GET,200,185,IN,Tablet
2025-09-01T09:02:05.000Z,/products/:id,GET,404,49,US,Mobile
2025-09-01T09:02:48.000Z,/account,GET,200,87,US,Desktop
2025-09-01T09:05:00.000Z,/cart,GET,200,27,FR,Mobile
2025-09-01T09:06:53.000Z,/api/cart,POST,200,39,US,Desktop
2025-09-01T09:08:04.000Z,/,GET,200,51,US,Desktop
2025-09-01T09:10:05.000Z,/cart,GET,200,58,US,Desktop
2025-09-01T09:13:19.000Z,/api/checkout,POST,200,315,CA,Desktop
2025-09-01T09:19:30.000Z,/,GET,200,42,JP,Desktop
2025-09-01T09:24:16.000Z,/search,GET,200,160,IN,Mobile
2025-09-01T09:25:25.000Z,/,GET,200,35,FR,Desktop
2025-09-01T09:25:28.000Z,/products,GET,200,46,GB,Desktop
2025-09-01T09:26:34.000Z,/cart,GET,200,193,JP,Desktop
2025-09-01T09:29:57.000Z,/,GET,200,28,CA,Desktop
2025-09-01T09:35:35.000Z,/api/cart,POST,200,33,DE,Desktop
2025-09-01T09:36:27.000Z,/api/cart,POST,200,62,BR,Mobile
2025-09-01T09:43:42.000Z,/products/:id,GET,200,100,DE,Desktop
2025-09-01T09:44:39.000Z,/products/:id,GET,200,146,JP,Tablet
2025-09-01T09:49:35.000Z,/search,GET,200,77,US,Mobile
2025-09-01T09:51:44.000Z,/products,GET,404,46,US,Mobile
2025-09-01T09:52:10.000Z,/products,GET,200,82,US,Mobile
2025-09-01T09:54:12.000Z,/api/checkout,POST,200,249,US,Desktop
2025-09-01T09:54:33.000Z,/,GET,200,34,US,Desktop
2025-09-01T09:56:37.000Z,/,GET,200,80,BR,Mobile
2025-09-01T09:57:42.000Z,/api/cart,POST,200,81,IN,Desktop
2025-09-01T09:57:47.000Z,/products,GET,200,75,US,Desktop
2025-09-01T10:02:52.000Z,/products,GET,200,158,IN,Mobile
2025-09-01T10:06:34.000Z,/,GET,200,28,CA,Tablet
2025-09-01T10:07:12.000Z,/,GET,200,51,FR,Desktop
2025-09-01T10:14:53.000Z,/products,GET,200,46,CA,Mobile
2025-09-01T10:17:35.000Z,/,GET,200,32,JP,Tablet
2025-09-01T10:18:05.000Z,/,GET,200,45,JP,Desktop
2025-09-01T10:18:57.000Z,/,GET,200,49,US,Desktop
2025-09-01T10:20:26.000Z,/products/:id,GET,200,30,US,Mobile
2025-09-01T10:22:09.000Z,/products/:id,GET,200,72,FR,Desktop
2025-09-01T10:24:00.000Z,/search,GET,200,89,CA,Mobile
2025-09-01T10:24:31.000Z,/products/:id,GET,200,71,US,Mobile
2025-09-01T10:33:40.000Z,/products,GET,200,89,US,Desktop
2025-09-01T10:37:41.000Z,/products/:id,GET,200,53,JP,Tablet
2025-09-01T10:40:34.000Z,/products/:id,GET,200,63,IN,Desktop
2025-09-01T10:41:49.000Z,/products,GET,200,39,DE,Desktop
2025-09-01T10:43:59.000Z,/products/:id,GET,200,85,US,Mobile
2025-09-01T10:45:23.000Z,/search,GET,200,60,IN,Desktop
2025-09-01T10:48:59.000Z,/products/:id,GET,200,61,US,Mobile
2025-09-01T10:51:46.000Z,/cart,GET,200,68,FR,Mobile
2025-09-01T10:51:54.000Z,/products,GET,200,130,US,Mobile
2025-09-01T10:52:10.000Z,/products/:id,GET,200,147,US,Desktop
2025-09-01T10:53:23.000Z,/cart,GET,200,37,IN,Tablet
2025-09-01T10:54:09.000Z,/cart,GET,200,40,IN,Mobile
2025-09-01T10:54:43.000Z,/products,GET,200,67,JP,Desktop
2025-09-01T10:57:14.000Z,/products,GET,200,80,DE,Desktop
2025-09-01T10:57:30.000Z,/products/:id,GET,200,72,US,Desktop
2025-09-01T10:58:24.000Z,/,GET,200,125,DE,Desktop
2025-09-01T10:59:55.000Z,/products,GET,200,102,US,Mobile
2025-09-01T11:01:41.000Z,/api/checkout,POST,200,165,US,Mobile
2025-09-01T11:10:00.000Z,/cart,GET,200,27,CA,Tablet
2025-09-01T11:10:38.000Z,/search,GET,200,210,FR,Desktop
2025-09-01T11:11:24.000Z,/api/cart,POST,200,68,US,Mobile
2025-09-01T11:11:40.000Z,/,GET,200,44,IN,Mobile
2025-09-01T11:12:39.000Z,/api/checkout,POST,200,234,IN,Desktop
2025-09-01T11:14:34.000Z,/,GET,200,138,IN,Mobile
2025-09-01T11:16:41.000Z,/,GET,200,80,CA,Desktop
2025-09-01T11:17:16.000Z,/search,GET,200,143,DE,Desktop
2025-09-01T11:18:13.000Z,/products/:id,GET,200,30,IN,Tablet
2025-09-01T11:18:44.000Z,/cart,GET,404,47,US,Mobile
2025-09-01T11:19:19.000Z,/search,GET,200,218,JP,Tablet
2025-09-01T11:20:28.000Z,/account,GET,200,167,US,Mobile
2025-09-01T11:21:01.000Z,/products/:id,GET,200,36,US,Mobile
2025-09-01T11:21:41.000Z,/api/cart,POST,200,132,US,Desktop
2025-09-01T11:22:00.000Z,/products,GET,200,42,US,Mobile
2025-09-01T11:22:26.000Z,/,GET,200,34,DE,Desktop
2025-09-01T11:23:29.000Z,/,GET,200,53,JP,Mobile
2025-09-01T11:26:42.000Z,/products,GET,404,126,IN,Desktop
2025-09-01T11:27:28.000Z,/products/:id,GET,200,62,DE,Mobile
2025-09-01T11:28:04.000Z,/products,GET,200,102,IN,Mobile
2025-09-01T11:28:11.000Z,/products/:id,GET,200,73,CA,Desktop
2025-09-01T11:28:56.000Z,/search,GET,200,191,GB,Mobile
2025-09-01T11:31:00.000Z,/,GET,200,40,IN,Desktop
2025-09-01T11:32:04.000Z,/products,GET,200,98,US,Desktop
2025-09-01T11:33:06.000Z,/cart,GET,200,30,US,Desktop
2025-09-01T11:35:43.000Z,/search,GET,200,119,US,Desktop
2025-09-01T11:36:14.000Z,/products,GET,200,102,US,Desktop
2025-09-01T11:41:05.000Z,/products,GET,304,44,FR,Desktop
2025-09-01T11:41:50.000Z,/search,GET,200,95,US,Mobile
2025-09-01T11:44:03.000Z,/products/:id,GET,200,88,US,Mobile
2025-09-01T11:49:58.000Z,/api/cart,POST,200,62,FR,Mobile
2025-09-01T11:50:15.000Z,/,GET,200,35,FR,Mobile
2025-09-01T11:50:35.000Z,/,GET,200,37,DE,Mobile
2025-09-01T11:58:42.000Z,/cart,GET,200,117,GB,Desktop
2025-09-01T11:58:44.000Z,/products,GET,200,56,GB,Desktop
2025-09-01T12:06:56.000Z,/products/:id,GET,200,85,BR,Desktop
2025-09-01T12:10:48.000Z,/products/:id,GET,200,153,US,Desktop
2025-09-01T12:12:53.000Z,/,GET,200,37,CA,Tablet
2025-09-01T12:15:53.000Z,/,GET,200,116,BR,Desktop
2025-09-01T12:15:59.000Z,/search,GET,200,161,US,Desktop
2025-09-01T12:17:11.000Z,/products/:id,GET,200,98,DE,Mobile
2025-09-01T12:18:38.000Z,/products/:id,GET,200,27,DE,Mobile
2025-09-01T12:20:04.000Z,/api/cart,POST,200,49,IN,Desktop
2025-09-01T12:22:13.000Z,/search,GET,200,51,FR,Mobile
2025-09-01T12:22:14.000Z,/products,GET,200,111,GB,Mobile
2025-09-01T12:25:35.000Z,/products,GET,200,134,GB,Desktop
2025-09-01T12:26:58.000Z,/products/:id,GET,200,86,DE,Desktop
2025-09-01T12:28:25.000Z,/products,GET,200,66,US,Mobile
2025-09-01T12:32:03.000Z,/products/:id,GET,200,102,US,Desktop
2025-09-01T12:34:40.000Z,/products/:id,GET,200,84,DE,Desktop
2025-09-01T12:36:41.000Z,/search,GET,200,112,IN,Mobile
2025-09-01T12:38:21.000Z,/products/:id,GET,200,93,JP,Mobile
2025-09-01T12:39:39.000Z,/,GET,200,38,US,Mobile
2025-09-01T12:40:28.000Z,/products/:id,GET,200,49,US,Mobile
2025-09-01T12:47:14.000Z,/,GET,200,17,GB,Mobile
2025-09-01T12:47:49.000Z,/search,GET,200,129,US,Mobile
2025-09-01T12:49:59.000Z,/api/cart,POST,200,60,US,Mobile
2025-09-01T12:51:09.000Z,/,GET,200,122,US,Mobile
2025-09-01T12:55:09.000Z,/products/:id,GET,200,49,US,Mobile
2025-09-01T12:55:31.000Z,/products,GET,200,213,IN,Desktop
2025-09-01T12:58:35.000Z,/cart,GET,200,40,GB,Mobile
2025-09-01T13:04:48.000Z,/products,GET,200,93,IN,Desktop
2025-09-01T13:16:07.000Z,/products/:id,GET,200,60,BR,Desktop
2025-09-01T13:18:58.000Z,/account,GET,200,68,JP,Mobile
2025-09-01T13:20:50.000Z,/,GET,200,40,US,Desktop
2025-09-01T13:22:30.000Z,/products/:id,GET,200,75,US,Tablet
2025-09-01T13:22:47.000Z,/cart,GET,200,47,JP,Desktop
2025-09-01T13:29:32.000Z,/products/:id,GET,304,38,DE,Desktop
2025-09-01T13:29:35.000Z,/products/:id,GET,200,54,IN,Mobile
2025-09-01T13:30:00.000Z,/api/cart,POST,200,141,US,Desktop
2025-09-01T13:30:19.000Z,/products/:id,GET,200,49,CA,Desktop
2025-09-01T13:30:46.000Z,/products/:id,GET,200,77,JP,Mobile
2025-09-01T13:34:11.000Z,/products/:id,GET,200,33,US,Desktop
2025-09-01T13:38:38.000Z,/,GET,200,89,DE,Mobile
2025-09-01T13:39:43.000Z,/,GET,200,37,CA,Desktop
2025-09-01T13:41:45.000Z,/products/:id,GET,200,64,US,Mobile
2025-09-01T13:46:11.000Z,/api/cart,POST,304,69,GB,Tablet
2025-09-01T13:46:13.000Z,/api/checkout,POST,200,143,US,Tablet
2025-09-01T13:46:15.000Z,/api/cart,POST,200,81,GB,Desktop
2025-09-01T13:48:06.000Z,/api/cart,POST,200,115,DE,Mobile
2025-09-01T13:48:52.000Z,/,GET,200,25,US,Mobile
2025-09-01T13:49:34.000Z,/cart,GET,200,53,US,Mobile
2025-09-01T13:54:19.000Z,/products/:id,GET,200,20,US,Desktop
2025-09-01T13:59:40.000Z,/,GET,200,24,US,Tablet
2025-09-01T14:01:26.000Z,/api/cart,POST,200,115,IN,Mobile
2025-09-01T14:01:57.000Z,/products,GET,200,42,US,Mobile
2025-09-01T14:04:36.000Z,/cart,GET,304,53,BR,Tablet
2025-09-01T14:14:59.000Z,/,GET,200,41,JP,Desktop
2025-09-01T14:18:09.000Z,/products,GET,200,153,US,Mobile
2025-09-01T14:18:17.000Z,/,GET,200,47,CA,Mobile
2025-09-01T14:18:42.000Z,/products/:id,GET,200,54,JP,Mobile
2025-09-01T14:19:54.000Z,/cart,GET,200,48,US,Tablet
2025-09-01T14:20:39.000Z,/products,GET,200,70,US,Mobile
2025-09-01T14:23:35.000Z,/account,GET,404,52,US,Desktop
2025-09-01T14:29:17.000Z,/cart,GET,200,76,IN,Mobile
2025-09-01T14:30:30.000Z,/cart,GET,304,46,US,Desktop
2025-09-01T14:32:51.000Z,/,GET,304,76,US,Mobile
2025-09-01T14:34:52.000Z,/search,GET,200,56,US,Mobile
2025-09-01T14:41:14.000Z,/products,GET,200,51,IN,Desktop
2025-09-01T14:41:41.000Z,/products/:id,GET,200,58,BR,Desktop
2025-09-01T14:42:18.000Z,/products/:id,GET,200,22,US,Desktop
2025-09-01T14:43:32.000Z,/api/checkout,POST,200,235,US,Desktop
2025-09-01T14:45:47.000Z,/cart,GET,200,61,US,Desktop
2025-09-01T14:47:41.000Z,/search,GET,200,133,US,Desktop
2025-09-01T14:48:30.000Z,/api/checkout,POST,200,237,GB,Mobile
2025-09-01T14:49:42.000Z,/products,GET,200,95,US,Mobile
2025-09-01T14:50:34.000Z,/cart,GET,200,49,DE,Desktop
2025-09-01T14:51:03.000Z,/,GET,200,35,FR,Desktop
2025-09-01T14:54:24.000Z,/search,GET,200,115,IN,Desktop
2025-09-01T14:55:18.000Z,/api/cart,POST,200,77,CA,Mobile
2025-09-01T14:55:44.000Z,/products,GET,200,148,US,Desktop
2025-09-01T14:56:25.000Z,/cart,GET,200,39,DE,Desktop
2025-09-01T14:57:44.000Z,/search,GET,200,240,US,Mobile
2025-09-01T14:57:45.000Z,/cart,GET,200,33,GB,Desktop
2025-09-01T15:00:09.000Z,/api/cart,POST,304,50,FR,Tablet
2025-09-01T15:01:53.000Z,/cart,GET,200,25,JP,Mobile
2025-09-01T15:03:11.000Z,/products/:id,GET,200,59,US,Mobile
2025-09-01T15:07:59.000Z,/cart,GET,200,60,DE,Mobile
2025-09-01T15:08:12.000Z,/products,GET,200,134,GB,Mobile
2025-09-01T15:09:32.000Z,/products,GET,200,103,BR,Mobile
2025-09-01T15:11:27.000Z,/search,GET,200,83,US,Desktop
2025-09-01T15:12:02.000Z,/,GET,200,39,US,Desktop
2025-09-01T15:13:04.000Z,/api/cart,POST,200,69,US,Mobile
2025-09-01T15:14:15.000Z,/cart,GET,404,29,JP,Desktop
2025-09-01T15:14:36.000Z,/account,GET,200,62,US,Mobile
2025-09-01T15:15:05.000Z,/,GET,200,54,IN,Desktop
2025-09-01T15:15:45.000Z,/account,GET,200,68,FR,Desktop
2025-09-01T15:15:46.000Z,/search,GET,200,251,FR,Desktop
2025-09-01T15:17:47.000Z,/cart,GET,200,34,US,Desktop
2025-09-01T15:20:56.000Z,/,GET,200,42,US,Tablet
2025-09-01T15:24:55.000Z,/products/:id,GET,200,107,IN,Desktop
2025-09-01T15:28:08.000Z,/,GET,200,25,GB,Desktop
2025-09-01T15:28:41.000Z,/products,GET,200,84,CA,Desktop
2025-09-01T15:29:15.000Z,/search,GET,200,88,US,Desktop
2025-09-01T15:29:40.000Z,/products,GET,200,52,US,Mobile
2025-09-01T15:30:17.000Z,/,GET,200,83,US,Desktop
2025-09-01T15:33:19.000Z,/products,GET,200,133,GB,Mobile
2025-09-01T15:36:39.000Z,/products,GET,200,87,GB,Desktop
2025-09-01T15:37:14.000Z,/products/:id,GET,200,41,US,Desktop
2025-09-01T15:37:17.000Z,/account,GET,200,51,JP,Desktop
2025-09-01T15:39:35.000Z,/,GET,200,85,US,Desktop
2025-09-01T15:44:08.000Z,/,GET,200,27,IN,Desktop
2025-09-01T15:44:35.000Z,/cart,GET,200,92,IN,Mobile
2025-09-01T15:49:40.000Z,/cart,GET,200,91,FR,Tablet
2025-09-01T15:50:29.000Z,/products/:id,GET,200,61,FR,Mobile
2025-09-01T15:54:30.000Z,/,GET,200,26,US,Mobile
2025-09-01T16:00:10.000Z,/,GET,200,17,FR,Desktop
2025-09-01T16:02:53.000Z,/search,GET,200,160,DE,Desktop
2025-09-01T16:03:15.000Z,/search,GET,200,209,IN,Tablet
2025-09-01T16:08:17.000Z,/products/:id,GET,200,91,IN,Mobile
2025-09-01T16:09:30.000Z,/,GET,200,28,CA,Tablet
2025-09-01T16:10:51.000Z,/api/cart,POST,200,74,JP,Desktop
2025-09-01T16:11:28.000Z,/products,GET,200,56,CA,Desktop
2025-09-01T16:12:24.000Z,/products,GET,404,66,CA,Mobile
2025-09-01T16:16:34.000Z,/search,GET,200,83,US,Mobile
2025-09-01T16:17:17.000Z,/products,GET,200,72,US,Mobile
2025-09-01T16:26:35.000Z,/products/:id,GET,200,75,JP,Desktop
2025-09-01T16:27:25.000Z,/,GET,200,24,US,Mobile
2025-09-01T16:28:23.000Z,/account,GET,200,66,GB,Desktop
2025-09-01T16:29:29.000Z,/,GET,200,157,US,Desktop
2025-09-01T16:29:32.000Z,/search,GET,200,86,BR,Mobile
2025-09-01T16:31:32.000Z,/,GET,200,35,IN,Desktop
2025-09-01T16:35:20.000Z,/cart,GET,200,37,BR,Desktop
2025-09-01T16:36:09.000Z,/api/cart,POST,200,165,IN,Desktop
2025-09-01T16:36:12.000Z,/products/:id,GET,500,55,DE,Mobile
2025-09-01T16:38:26.000Z,/,GET,200,79,GB,Mobile
2025-09-01T16:42:01.000Z,/products/:id,GET,200,28,US,Desktop
2025-09-01T16:48:10.000Z,/api/cart,POST,200,63,US,Desktop
2025-09-01T16:50:50.000Z,/,GET,200,25,US,Desktop
2025-09-01T16:52:35.000Z,/,GET,200,56,US,Mobile
2025-09-01T16:56:55.000Z,/,GET,200,29,IN,Mobile
2025-09-01T16:59:03.000Z,/,GET,200,37,IN,Mobile
2025-09-01T17:00:59.000Z,/products,GET,200,44,CA,Mobile
2025-09-01T17:02:53.000Z,/,GET,200,21,US,Desktop
2025-09-01T17:06:26.000Z,/,GET,200,33,CA,Mobile
2025-09-01T17:09:08.000Z,/cart,GET,200,86,JP,Tablet
2025-09-01T17:11:58.000Z,/cart,GET,200,44,US,Desktop
2025-09-01T17:13:29.000Z,/api/checkout,POST,200,106,US,Mobile
2025-09-01T17:14:03.000Z,/,GET,200,46,US,Mobile
2025-09-01T17:14:20.000Z,/api/checkout,POST,200,163,US,Desktop
2025-09-01T17:20:42.000Z,/,GET,200,41,BR,Desktop
2025-09-01T17:21:55.000Z,/,GET,200,34,US,Mobile
2025-09-01T17:24:32.000Z,/account,GET,200,39,JP,Mobile
2025-09-01T17:29:45.000Z,/,GET,200,63,US,Desktop
2025-09-01T17:30:12.000Z,/,GET,200,54,IN,Tablet
2025-09-01T17:34:05.000Z,/products,GET,200,116,IN,Mobile
2025-09-01T17:34:25.000Z,/products/:id,GET,200,32,US,Desktop
2025-09-01T17:36:56.000Z,/account,GET,200,97,GB,Desktop
2025-09-01T17:37:11.000Z,/products/:id,GET,200,64,US,Mobile
2025-09-01T17:38:52.000Z,/api/checkout,POST,304,239,US,Desktop
2025-09-01T17:43:45.000Z,/products,GET,200,76,US,Tablet
2025-09-01T17:48:46.000Z,/search,GET,200,122,GB,Mobile
2025-09-01T17:53:11.000Z,/,GET,200,18,US,Desktop
2025-09-01T17:53:39.000Z,/products/:id,GET,200,88,US,Mobile
2025-09-01T17:55:01.000Z,/products,GET,200,47,GB,Desktop
2025-09-01T17:55:42.000Z,/api/checkout,POST,200,350,US,Desktop
2025-09-01T17:58:44.000Z,/search,GET,200,71,IN,Mobile
2025-09-01T18:00:44.000Z,/search,GET,200,213,CA,Mobile
2025-09-01T18:01:33.000Z,/products,GET,200,50,US,Desktop
2025-09-01T18:01:56.000Z,/api/cart,POST,200,124,JP,Desktop
2025-09-01T18:03:00.000Z,/,GET,200,44,BR,Desktop
2025-09-01T18:05:52.000Z,/,GET,200,33,IN,Desktop
2025-09-01T18:07:18.000Z,/products/:id,GET,404,27,US,Mobile
2025-09-01T18:08:00.000Z,/api/checkout,POST,200,223,GB,Mobile
2025-09-01T18:10:13.000Z,/products/:id,GET,200,79,US,Mobile
2025-09-01T18:10:23.000Z,/account,GET,304,60,CA,Desktop
2025-09-01T18:26:04.000Z,/api/cart,POST,200,68,US,Desktop
2025-09-01T18:28:00.000Z,/products/:id,GET,200,63,US,Desktop
2025-09-01T18:29:42.000Z,/api/cart,POST,200,94,GB,Mobile
2025-09-01T18:37:01.000Z,/products,GET,200,77,JP,Tablet
2025-09-01T18:41:23.000Z,/search,GET,200,57,US,Mobile
2025-09-01T18:46:16.000Z,/cart,GET,200,86,IN,Tablet
2025-09-01T18:47:00.000Z,/,GET,200,29,DE,Mobile
2025-09-01T18:48:31.000Z,/search,GET,200,57,JP,Mobile
2025-09-01T18:49:19.000Z,/,GET,200,43,US,Mobile
2025-09-01T18:56:31.000Z,/search,GET,200,147,US,Mobile
2025-09-01T18:58:01.000Z,/products,GET,200,81,BR,Mobile
2025-09-01T19:15:20.000Z,/,GET,200,11,US,Desktop
2025-09-01T19:17:53.000Z,/api/cart,POST,200,177,FR,Desktop
2025-09-01T19:18:24.000Z,/cart,GET,200,61,US,Desktop
2025-09-01T19:25:45.000Z,/cart,GET,200,44,US,Desktop
2025-09-01T19:29:39.000Z,/,GET,200,45,US,Desktop
2025-09-01T19:33:04.000Z,/api/checkout,POST,200,211,DE,Mobile
2025-09-01T19:33:38.000Z,/api/cart,POST,200,44,GB,Desktop
2025-09-01T19:34:32.000Z,/,GET,200,50,CA,Mobile
2025-09-01T19:34:41.000Z,/api/cart,POST,200,84,IN,Mobile
2025-09-01T19:34:41.000Z,/api/cart,POST,200,87,IN,Mobile
2025-09-01T19:39:18.000Z,/,GET,200,54,CA,Mobile
2025-09-01T19:41:01.000Z,/search,GET,200,117,BR,Tablet
2025-09-01T19:46:17.000Z,/products,GET,200,79,IN,Desktop
2025-09-01T19:49:43.000Z,/products/:id,GET,200,45,US,Desktop
2025-09-01T20:10:30.000Z,/api/cart,POST,200,57,BR,Desktop
2025-09-01T20:12:03.000Z,/,GET,200,74,US,Desktop
2025-09-01T20:13:53.000Z,/products/:id,GET,304,60,DE,Desktop
2025-09-01T20:21:34.000Z,/products,GET,200,75,DE,Desktop
2025-09-01T20:22:27.000Z,/cart,GET,200,37,US,Desktop
2025-09-01T20:25:47.000Z,/products/:id,GET,200,21,BR,Mobile
2025-09-01T20:32:20.000Z,/,GET,200,31,GB,Desktop
2025-09-01T20:34:54.000Z,/products,GET,200,88,US,Desktop
2025-09-01T20:35:20.000Z,/products,GET,200,56,FR,Mobile
2025-09-01T20:36:34.000Z,/,GET,200,48,JP,Mobile
2025-09-01T20:43:56.000Z,/search,GET,200,125,US,Mobile
2025-09-01T20:45:36.000Z,/search,GET,200,155,US,Desktop
2025-09-01T20:46:43.000Z,/api/cart,POST,200,96,US,Desktop
2025-09-01T20:49:58.000Z,/api/cart,POST,200,92,US,Mobile
2025-09-01T20:55:10.000Z,/products/:id,GET,200,42,US,Desktop
2025-09-01T21:14:18.000Z,/api/checkout,POST,200,150,GB,Mobile
2025-09-01T21:22:12.000Z,/cart,GET,200,69,BR,Desktop
2025-09-01T21:23:17.000Z,/products,GET,200,41,GB,Mobile
2025-09-01T21:23:51.000Z,/,GET,200,17,DE,Mobile
2025-09-01T21:26:19.000Z,/,GET,200,45,US,Desktop
2025-09-01T21:27:44.000Z,/search,GET,200,217,US,Mobile
2025-09-01T21:33:09.000Z,/products,GET,200,74,US,Desktop
2025-09-01T21:38:54.000Z,/products,GET,200,85,FR,Mobile
2025-09-01T21:49:43.000Z,/products,GET,200,97,GB,Mobile
2025-09-01T21:49:47.000Z,/,GET,200,44,IN,Mobile
2025-09-01T21:50:10.000Z,/,GET,200,29,US,Mobile
2025-09-01T21:51:23.000Z,/api/checkout,POST,200,161,FR,Mobile
2025-09-01T21:55:49.000Z,/api/cart,POST,200,99,US,Desktop
2025-09-01T22:18:32.000Z,/search,GET,200,184,IN,Desktop
2025-09-01T22:18:34.000Z,/products,GET,200,91,DE,Mobile
2025-09-01T22:19:33.000Z,/api/checkout,POST,200,104,IN,Desktop
2025-09-01T22:23:27.000Z,/api/cart,POST,200,77,FR,Mobile
2025-09-01T22:24:09.000Z,/products,GET,200,61,IN,Desktop
2025-09-01T22:25:44.000Z,/search,GET,200,94,US,Desktop
2025-09-01T22:32:30.000Z,/api/checkout,POST,200,161,US,Desktop
2025-09-01T22:37:11.000Z,/,GET,200,80,GB,Desktop
2025-09-01T22:39:07.000Z,/cart,GET,200,42,DE,Mobile
2025-09-01T22:39:30.000Z,/cart,GET,200,28,DE,Desktop
2025-09-01T22:46:01.000Z,/api/cart,POST,200,87,BR,Mobile
2025-09-01T22:50:13.000Z,/,GET,200,42,BR,Mobile
2025-09-01T23:18:03.000Z,/products/:id,GET,200,16,US,Mobile
2025-09-01T23:25:06.000Z,/search,GET,304,130,US,Mobile
2025-09-01T23:27:27.000Z,/products/:id,GET,404,62,CA,Mobile
2025-09-01T23:27:49.000Z,/api/cart,POST,200,57,GB,Desktop
2025-09-01T23:32:16.000Z,/api/checkout,POST,200,285,FR,Desktop
2025-09-01T23:33:43.000Z,/search,GET,200,168,US,Mobile
2025-09-01T23:48:07.000Z,/products,GET,200,68,CA,Tablet
2025-09-01T23:48:30.000Z,/products,GET,200,40,IN,Mobile
2025-09-01T23:51:26.000Z,/search,GET,200,219,JP,Mobile
2025-09-01T23:52:16.000Z,/api/cart,POST,200,114,DE,Mobile
2025-09-01T23:52:20.000Z,/products,GET,200,101,DE,Mobile
2025-09-02T00:10:07.000Z,/,GET,200,46,IN,Desktop
2025-09-02T00:19:48.000Z,/products,GET,404,70,US,Mobile
2025-09-02T00:21:37.000Z,/products/:id,GET,200,108,BR,Desktop
2025-09-02T00:24:02.000Z,/api/checkout,POST,200,166,US,Desktop
2025-09-02T00:26:40.000Z,/products,GET,200,43,FR,Desktop
2025-09-02T00:31:33.000Z,/products,GET,200,76,GB,Desktop
2025-09-02T00:40:31.000Z,/,GET,200,27,JP,Mobile
2025-09-02T00:57:44.000Z,/account,GET,200,64,DE,Mobile
2025-09-02T00:58:33.000Z,/,GET,200,47,BR,Desktop
2025-09-02T01:01:43.000Z,/,GET,200,32,DE,Mobile
2025-09-02T01:02:51.000Z,/,GET,200,40,US,Desktop
2025-09-02T01:06:20.000Z,/api/cart,POST,200,26,CA,Mobile
2025-09-02T01:08:28.000Z,/products/:id,GET,200,38,DE,Tablet
2025-09-02T01:12:42.000Z,/products/:id,GET,200,64,JP,Mobile
2025-09-02T01:15:43.000Z,/,GET,404,21,US,Desktop
2025-09-02T01:23:29.000Z,/,GET,200,27,GB,Mobile
2025-09-02T01:48:21.000Z,/products,GET,200,71,FR,Mobile
2025-09-02T01:53:50.000Z,/api/cart,POST,200,97,GB,Mobile
2025-09-02T01:54:20.000Z,/search,GET,200,105,DE,Desktop
2025-09-02T02:01:04.000Z,/account,GET,200,35,IN,Desktop
2025-09-02T02:06:51.000Z,/api/checkout,POST,200,202,IN,Mobile
2025-09-02T02:16:29.000Z,/,GET,200,34,US,Mobile
2025-09-02T02:28:01.000Z,/products,GET,200,70,US,Mobile
2025-09-02T02:28:19.000Z,/,GET,200,30,US,Tablet
2025-09-02T02:35:44.000Z,/products/:id,GET,200,64,BR,Desktop
2025-09-02T02:44:15.000Z,/products/:id,GET,401,38,CA,Mobile
2025-09-02T02:50:48.000Z,/products/:id,GET,200,145,US,Desktop
2025-09-02T02:54:26.000Z,/products/:id,GET,200,109,JP,Desktop
2025-09-02T02:56:32.000Z,/cart,GET,200,51,JP,Mobile
2025-09-02T03:02:18.000Z,/api/cart,POST,200,82,GB,Mobile
2025-09-02T03:03:45.000Z,/products,GET,200,341,DE,Mobile
2025-09-02T03:04:01.000Z,/search,GET,200,122,US,Desktop
2025-09-02T03:04:10.000Z,/products/:id,GET,200,62,FR,Mobile
2025-09-02T03:04:57.000Z,/products,GET,200,57,US,Desktop
2025-09-02T03:17:30.000Z,/products/:id,GET,200,75,GB,Mobile
2025-09-02T03:19:17.000Z,/api/cart,POST,200,120,DE,Desktop
2025-09-02T03:19:22.000Z,/products/:id,GET,200,121,JP,Desktop
2025-09-02T03:36:22.000Z,/api/checkout,POST,200,305,US,Desktop
2025-09-02T03:38:31.000Z,/,GET,200,48,US,Desktop
2025-09-02T03:41:43.000Z,/products,GET,200,40,IN,Desktop
2025-09-02T03:42:18.000Z,/,GET,200,146,DE,Mobile
2025-09-02T03:45:00.000Z,/cart,GET,200,67,DE,Mobile
2025-09-02T03:47:01.000Z,/products,GET,200,68,DE,Mobile
2025-09-02T03:47:14.000Z,/cart,GET,200,78,JP,Desktop
2025-09-02T03:49:14.000Z,/products/:id,GET,200,117,JP,Desktop
2025-09-02T03:49:51.000Z,/cart,GET,200,34,US,Mobile
2025-09-02T03:54:48.000Z,/products,GET,200,86,DE,Desktop
2025-09-02T03:55:13.000Z,/account,GET,200,50,DE,Desktop
2025-09-02T04:07:11.000Z,/,GET,200,47,US,Desktop
2025-09-02T04:21:23.000Z,/cart,GET,200,48,DE,Mobile
2025-09-02T04:26:38.000Z,/products/:id,GET,200,73,GB,Tablet
2025-09-02T04:30:10.000Z,/,GET,200,47,GB,Mobile
2025-09-02T04:33:11.000Z,/api/cart,POST,200,111,US,Mobile
2025-09-02T04:33:31.000Z,/,GET,200,20,FR,Desktop
2025-09-02T04:42:26.000Z,/cart,GET,200,32,FR,Desktop
2025-09-02T04:43:11.000Z,/products,GET,200,88,US,Desktop
2025-09-02T04:44:48.000Z,/,GET,200,27,GB,Desktop
2025-09-02T04:46:22.000Z,/,GET,200,25,IN,Mobile
2025-09-02T04:47:44.000Z,/account,GET,200,77,US,Desktop
2025-09-02T05:02:48.000Z,/search,GET,200,96,CA,Desktop
2025-09-02T05:03:14.000Z,/products,GET,200,116,US,Mobile
2025-09-02T05:03:37.000Z,/products/:id,GET,200,51,US,Tablet
2025-09-02T05:05:19.000Z,/cart,GET,200,65,BR,Desktop
2025-09-02T05:06:54.000Z,/api/checkout,POST,200,249,US,Desktop
2025-09-02T05:11:06.000Z,/products,GET,200,131,US,Mobile
2025-09-02T05:13:55.000Z,/cart,GET,200,34,DE,Desktop
2025-09-02T05:14:36.000Z,/api/checkout,POST,200,417,DE,Desktop
2025-09-02T05:15:31.000Z,/,GET,200,52,US,Mobile
2025-09-02T05:16:27.000Z,/products,GET,200,45,US,Tablet
2025-09-02T05:19:07.000Z,/search,GET,200,187,CA,Desktop
2025-09-02T05:21:56.000Z,/search,GET,200,70,GB,Mobile
2025-09-02T05:22:12.000Z,/products/:id,GET,200,41,IN,Mobile
2025-09-02T05:32:10.000Z,/,GET,200,46,US,Mobile
2025-09-02T05:33:11.000Z,/api/cart,POST,200,107,BR,Mobile
2025-09-02T05:34:05.000Z,/products,GET,200,162,US,Mobile
2025-09-02T05:37:15.000Z,/search,GET,200,90,IN,Mobile
2025-09-02T05:41:27.000Z,/api/cart,POST,200,54,US,Mobile
2025-09-02T05:43:28.000Z,/products/:id,GET,304,64,JP,Mobile
2025-09-02T05:43:47.000Z,/,GET,200,44,CA,Mobile
2025-09-02T05:44:01.000Z,/products,GET,200,82,US,Mobile
2025-09-02T05:45:39.000Z,/,GET,200,26,IN,Mobile
2025-09-02T05:47:04.000Z,/,GET,200,21,GB,Desktop
2025-09-02T05:49:43.000Z,/,GET,200,76,BR,Desktop
2025-09-02T05:50:23.000Z,/account,GET,200,36,US,Mobile
2025-09-02T05:59:26.000Z,/,GET,200,39,BR,Mobile
2025-09-02T06:00:20.000Z,/products,GET,404,70,BR,Desktop
2025-09-02T06:01:19.000Z,/products/:id,GET,200,118,US,Mobile
2025-09-02T06:04:20.000Z,/,GET,200,35,GB,Mobile
2025-09-02T06:04:56.000Z,/api/cart,POST,200,68,BR,Desktop
2025-09-02T06:05:51.000Z,/search,GET,200,179,JP,Desktop
2025-09-02T06:06:06.000Z,/products/:id,GET,200,24,BR,Desktop
2025-09-02T06:09:21.000Z,/products,GET,200,66,GB,Desktop
2025-09-02T06:10:46.000Z,/api/cart,POST,404,85,US,Desktop
2025-09-02T06:12:13.000Z,/api/cart,POST,200,64,DE,Mobile
2025-09-02T06:15:58.000Z,/products,GET,200,100,US,Mobile
2025-09-02T06:17:22.000Z,/,GET,200,29,IN,Desktop
2025-09-02T06:22:26.000Z,/,GET,200,34,IN,Mobile
2025-09-02T06:26:03.000Z,/products,GET,200,52,FR,Desktop
2025-09-02T06:28:53.000Z,/cart,GET,200,55,US,Mobile
2025-09-02T06:30:06.000Z,/products,GET,200,61,CA,Desktop
2025-09-02T06:30:11.000Z,/,GET,200,12,GB,Mobile
2025-09-02T06:30:35.000Z,/products/:id,GET,200,100,US,Mobile
2025-09-02T06:35:50.000Z,/products/:id,GET,200,28,JP,Desktop
2025-09-02T06:45:03.000Z,/account,GET,200,94,IN,Mobile
2025-09-02T06:49:38.000Z,/api/checkout,POST,200,242,CA,Mobile
2025-09-02T06:54:32.000Z,/products,GET,200,173,DE,Mobile
2025-09-02T06:55:34.000Z,/api/checkout,POST,200,335,FR,Mobile
2025-09-02T06:58:03.000Z,/cart,GET,200,73,JP,Mobile
2025-09-02T06:58:08.000Z,/api/cart,POST,200,110,CA,Desktop
2025-09-02T06:59:37.000Z,/products/:id,GET,200,123,IN,Mobile
2025-09-02T07:03:00.000Z,/products,GET,200,28,BR,Mobile
2025-09-02T07:03:43.000Z,/products/:id,GET,200,153,US,Mobile
2025-09-02T07:06:10.000Z,/,GET,200,43,GB,Mobile
2025-09-02T07:07:22.000Z,/products,GET,404,172,US,Mobile
2025-09-02T07:11:17.000Z,/search,GET,200,66,CA,Desktop
2025-09-02T07:11:50.000Z,/cart,GET,200,66,US,Desktop
2025-09-02T07:13:44.000Z,/,GET,200,47,US,Desktop
2025-09-02T07:26:35.000Z,/api/cart,POST,200,102,FR,Desktop
2025-09-02T07:27:42.000Z,/,GET,200,55,GB,Mobile
2025-09-02T07:29:42.000Z,/search,GET,200,67,US,Mobile
2025-09-02T07:34:02.000Z,/,GET,304,83,JP,Mobile
2025-09-02T07:35:02.000Z,/products/:id,GET,200,61,US,Mobile
2025-09-02T07:38:52.000Z,/products,GET,200,128,US,Mobile
2025-09-02T07:39:08.000Z,/search,GET,200,141,US,Desktop
2025-09-02T07:45:06.000Z,/search,GET,200,120,IN,Mobile
2025-09-02T07:48:04.000Z,/search,GET,200,112,US,Mobile
2025-09-02T07:50:54.000Z,/products/:id,GET,200,55,CA,Desktop
2025-09-02T07:55:55.000Z,/account,GET,200,81,US,Desktop
2025-09-02T07:56:23.000Z,/,GET,200,33,US,Mobile
2025-09-02T07:56:53.000Z,/search,GET,200,115,CA,Desktop
2025-09-02T08:00:47.000Z,/,GET,200,25,BR,Desktop
2025-09-02T08:04:39.000Z,/search,GET,200,120,GB,Mobile
2025-09-02T08:04:54.000Z,/,GET,200,52,DE,Mobile
2025-09-02T08:07:26.000Z,/products/:id,GET,200,76,US,Mobile
2025-09-02T08:08:57.000Z,/products/:id,GET,200,72,CA,Mobile
2025-09-02T08:09:12.000Z,/products,GET,200,93,DE,Desktop
2025-09-02T08:09:56.000Z,/products,GET,200,95,BR,Desktop
2025-09-02T08:12:26.000Z,/api/checkout,POST,200,153,BR,Mobile
2025-09-02T08:12:56.000Z,/products,GET,200,142,CA,Mobile
2025-09-02T08:13:46.000Z,/cart,GET,200,104,IN,Tablet
2025-09-02T08:16:25.000Z,/products/:id,GET,404,43,GB,Desktop
2025-09-02T08:16:34.000Z,/products,GET,200,73,FR,Desktop
2025-09-02T08:18:18.000Z,/search,GET,200,40,GB,Tablet
2025-09-02T08:18:54.000Z,/cart,GET,200,52,US,Mobile
2025-09-02T08:21:00.000Z,/api/cart,POST,404,167,US,Desktop
2025-09-02T08:21:01.000Z,/,GET,304,59,US,Mobile
2025-09-02T08:21:50.000Z,/,GET,200,54,CA,Desktop
2025-09-02T08:22:11.000Z,/search,GET,200,265,US,Mobile
2025-09-02T08:22:56.000Z,/products,GET,200,122,GB,Mobile
2025-09-02T08:25:14.000Z,/products/:id,GET,200,90,US,Mobile
2025-09-02T08:26:16.000Z,/cart,GET,200,37,US,Mobile
2025-09-02T08:33:33.000Z,/api/cart,POST,200,67,GB,Mobile
2025-09-02T08:33:36.000Z,/products,GET,200,71,FR,Mobile
2025-09-02T08:37:32.000Z,/api/checkout,POST,200,193,BR,Desktop
2025-09-02T08:38:59.000Z,/,GET,200,144,IN,Desktop
2025-09-02T08:39:05.000Z,/products/:id,GET,200,83,IN,Desktop
2025-09-02T08:40:19.000Z,/products/:id,GET,200,112,FR,Mobile
2025-09-02T08:46:23.000Z,/,GET,200,20,US,Desktop
2025-09-02T08:48:45.000Z,/cart,GET,200,87,IN,Tablet
2025-09-02T08:50:11.000Z,/search,GET,200,161,CA,Desktop
2025-09-02T08:55:00.000Z,/cart,GET,200,19,US,Mobile
2025-09-02T08:55:58.000Z,/search,GET,200,114,IN,Tablet
2025-09-02T08:59:17.000Z,/products,GET,200,89,GB,Mobile
2025-09-02T09:00:24.000Z,/api/checkout,POST,200,488,CA,Desktop
2025-09-02T09:04:32.000Z,/products/:id,GET,200,90,DE,Mobile
2025-09-02T09:04:43.000Z,/search,GET,200,378,US,Desktop
2025-09-02T09:05:34.000Z,/,GET,200,78,IN,Tablet
2025-09-02T09:07:00.000Z,/,GET,200,52,US,Desktop
2025-09-02T09:08:41.000Z,/,GET,200,50,CA,Tablet
2025-09-02T09:10:51.000Z,/,GET,200,22,IN,Mobile
2025-09-02T09:13:52.000Z,/account,GET,200,66,GB,Mobile
2025-09-02T09:17:30.000Z,/,GET,304,29,GB,Desktop
2025-09-02T09:17:54.000Z,/products/:id,GET,200,66,CA,Desktop
2025-09-02T09:22:39.000Z,/search,GET,200,184,BR,Desktop
2025-09-02T09:22:57.000Z,/products,GET,200,73,FR,Desktop
2025-09-02T09:23:10.000Z,/cart,GET,200,51,US,Mobile
2025-09-02T09:25:55.000Z,/,GET,200,105,US,Mobile
2025-09-02T09:26:40.000Z,/products/:id,GET,200,72,US,Mobile
2025-09-02T09:30:53.000Z,/products,GET,200,111,GB,Mobile
2025-09-02T09:31:38.000Z,/products/:id,GET,200,60,US,Desktop
2025-09-02T09:32:46.000Z,/search,GET,200,187,US,Desktop
2025-09-02T09:33:36.000Z,/search,GET,200,140,DE,Mobile
2025-09-02T09:40:09.000Z,/cart,GET,200,38,GB,Desktop
2025-09-02T09:45:01.000Z,/products/:id,GET,200,50,GB,Mobile
2025-09-02T09:46:17.000Z,/cart,GET,200,48,FR,Desktop
2025-09-02T09:47:35.000Z,/products/:id,GET,200,17,US,Desktop
2025-09-02T09:49:59.000Z,/,GET,200,61,JP,Mobile
2025-09-02T09:50:31.000Z,/cart,GET,200,121,BR,Mobile
2025-09-02T09:51:25.000Z,/,GET,200,35,US,Mobile
2025-09-02T09:51:44.000Z,/search,GET,200,136,GB,Desktop
2025-09-02T09:55:10.000Z,/,GET,200,40,IN,Mobile
2025-09-02T09:56:19.000Z,/products/:id,GET,200,98,US,Mobile
2025-09-02T09:56:39.000Z,/products,GET,200,148,GB,Mobile
2025-09-02T10:02:22.000Z,/api/cart,POST,200,109,US,Mobile
2025-09-02T10:02:54.000Z,/products/:id,GET,200,29,FR,Mobile
2025-09-02T10:03:03.000Z,/products/:id,GET,200,65,GB,Desktop
2025-09-02T10:03:43.000Z,/search,GET,200,137,US,Mobile
2025-09-02T10:06:34.000Z,/cart,GET,404,42,GB,Mobile
2025-09-02T10:15:15.000Z,/,GET,304,53,DE,Desktop
2025-09-02T10:16:54.000Z,/api/cart,POST,401,96,US,Mobile
2025-09-02T10:17:21.000Z,/,GET,200,53,GB,Mobile
2025-09-02T10:23:56.000Z,/products,GET,200,41,JP,Desktop
2025-09-02T10:26:11.000Z,/search,GET,200,176,US,Desktop
2025-09-02T10:33:36.000Z,/,GET,200,44,US,Mobile
2025-09-02T10:33:38.000Z,/cart,GET,200,110,US,Desktop
2025-09-02T10:33:57.000Z,/products,GET,200,105,DE,Desktop
2025-09-02T10:34:35.000Z,/search,GET,200,115,US,Desktop
2025-09-02T10:43:53.000Z,/products,GET,200,71,US,Tablet
2025-09-02T10:47:03.000Z,/products,GET,200,70,IN,Desktop
2025-09-02T10:47:42.000Z,/products,GET,200,51,GB,Mobile
2025-09-02T10:50:09.000Z,/search,GET,200,242,US,Mobile
2025-09-02T10:57:01.000Z,/products/:id,GET,200,91,US,Desktop
2025-09-02T10:57:04.000Z,/search,GET,200,138,IN,Desktop
2025-09-02T10:59:26.000Z,/products/:id,GET,200,80,IN,Mobile
2025-09-02T11:06:54.000Z,/api/checkout,POST,200,242,US,Desktop
2025-09-02T11:08:02.000Z,/,GET,200,33,US,Mobile
2025-09-02T11:09:42.000Z,/products/:id,GET,200,29,US,Mobile
2025-09-02T11:10:19.000Z,/,GET,200,24,BR,Desktop
2025-09-02T11:10:34.000Z,/products/:id,GET,200,20,US,Mobile
2025-09-02T11:10:55.000Z,/products/:id,GET,304,125,GB,Desktop
2025-09-02T11:12:04.000Z,/,GET,200,53,DE,Desktop
2025-09-02T11:13:52.000Z,/,GET,200,56,DE,Mobile
2025-09-02T11:16:11.000Z,/cart,GET,200,52,US,Mobile
2025-09-02T11:17:18.000Z,/,GET,200,45,IN,Tablet
2025-09-02T11:20:18.000Z,/cart,GET,404,125,US,Mobile
2025-09-02T11:21:21.000Z,/products,GET,200,147,IN,Desktop
2025-09-02T11:23:51.000Z,/search,GET,200,229,JP,Mobile
2025-09-02T11:24:06.000Z,/products/:id,GET,200,26,GB,Desktop
2025-09-02T11:25:12.000Z,/products,GET,401,68,US,Desktop
2025-09-02T11:27:52.000Z,/products,GET,200,157,US,Mobile
2025-09-02T11:29:11.000Z,/,GET,200,32,FR,Desktop
2025-09-02T11:30:03.000Z,/search,GET,200,144,JP,Desktop
2025-09-02T11:30:15.000Z,/products,GET,200,102,DE,Desktop
2025-09-02T11:31:39.000Z,/,GET,200,51,DE,Desktop
2025-09-02T11:32:01.000Z,/cart,GET,200,57,US,Desktop
2025-09-02T11:33:01.000Z,/api/checkout,POST,200,157,IN,Mobile
2025-09-02T11:34:37.000Z,/api/cart,POST,200,110,FR,Mobile
2025-09-02T11:35:42.000Z,/products,GET,200,110,US,Mobile
2025-09-02T11:38:18.000Z,/cart,GET,200,34,DE,Mobile
2025-09-02T11:39:02.000Z,/products/:id,GET,200,66,FR,Desktop
2025-09-02T11:40:03.000Z,/cart,GET,200,106,JP,Desktop
2025-09-02T11:41:31.000Z,/,GET,200,28,GB,Mobile
2025-09-02T11:42:44.000Z,/products,GET,200,52,CA,Desktop
2025-09-02T11:42:50.000Z,/products/:id,GET,304,82,IN,Mobile
2025-09-02T11:46:21.000Z,/products,GET,200,110,DE,Desktop
2025-09-02T11:51:33.000Z,/search,GET,200,86,DE,Mobile
2025-09-02T11:53:25.000Z,/products/:id,GET,200,79,US,Mobile
2025-09-02T11:54:32.000Z,/cart,GET,200,51,FR,Desktop
2025-09-02T11:54:59.000Z,/cart,GET,200,67,US,Desktop
2025-09-02T11:55:17.000Z,/products,GET,200,46,US,Mobile
2025-09-02T11:55:46.000Z,/products,GET,200,107,US,Mobile
2025-09-02T11:59:54.000Z,/search,GET,404,240,CA,Mobile
2025-09-02T12:04:36.000Z,/account,GET,200,146,IN,Mobile
2025-09-02T12:05:03.000Z,/products/:id,GET,200,79,DE,Desktop
2025-09-02T12:06:08.000Z,/products/:id,GET,200,61,DE,Desktop
2025-09-02T12:10:14.000Z,/api/cart,POST,200,170,DE,Desktop
2025-09-02T12:22:41.000Z,/products,GET,200,105,BR,Desktop
2025-09-02T12:24:22.000Z,/,GET,200,106,US,Mobile
2025-09-02T12:24:50.000Z,/,GET,200,37,GB,Mobile
2025-09-02T12:27:29.000Z,/products,GET,200,103,US,Desktop
2025-09-02T12:28:37.000Z,/,GET,200,29,US,Mobile
2025-09-02T12:39:39.000Z,/,GET,200,42,US,Mobile
2025-09-02T12:40:14.000Z,/search,GET,200,109,DE,Mobile
2025-09-02T12:40:51.000Z,/search,GET,200,438,FR,Desktop
2025-09-02T12:41:33.000Z,/api/checkout,POST,200,207,US,Desktop
2025-09-02T12:41:53.000Z,/api/checkout,POST,200,180,US,Mobile
2025-09-02T12:47:51.000Z,/cart,GET,200,78,DE,Desktop
2025-09-02T12:50:37.000Z,/api/checkout,POST,200,284,IN,Desktop
2025-09-02T12:55:26.000Z,/products/:id,GET,200,47,JP,Desktop
2025-09-02T12:57:32.000Z,/account,GET,200,94,BR,Desktop
2025-09-02T13:00:51.000Z,/search,GET,200,132,US,Desktop
2025-09-02T13:02:15.000Z,/products/:id,GET,200,71,US,Desktop
2025-09-02T13:04:58.000Z,/products/:id,GET,200,37,US,Mobile
2025-09-02T13:05:01.000Z,/api/cart,POST,304,45,BR,Mobile
2025-09-02T13:05:46.000Z,/products/:id,GET,200,20,CA,Mobile
2025-09-02T13:06:59.000Z,/products/:id,GET,304,89,JP,Mobile
2025-09-02T13:08:22.000Z,/,GET,200,29,IN,Mobile
2025-09-02T13:10:05.000Z,/api/cart,POST,200,80,FR,Desktop
2025-09-02T13:10:12.000Z,/search,GET,200,153,GB,Desktop
2025-09-02T13:12:05.000Z,/api/cart,POST,200,115,US,Desktop
2025-09-02T13:13:17.000Z,/products,GET,200,140,GB,Desktop
2025-09-02T13:13:44.000Z,/,GET,304,71,BR,Tablet
2025-09-02T13:14:59.000Z,/,GET,200,62,US,Desktop
2025-09-02T13:16:21.000Z,/products,GET,200,83,IN,Desktop
2025-09-02T13:16:39.000Z,/search,GET,200,222,DE,Desktop
2025-09-02T13:17:44.000Z,/cart,GET,200,40,US,Desktop
2025-09-02T13:21:00.000Z,/api/checkout,POST,200,265,BR,Mobile
2025-09-02T13:21:30.000Z,/cart,GET,200,29,JP,Desktop
2025-09-02T13:22:15.000Z,/api/checkout,POST,200,222,IN,Mobile
2025-09-02T13:23:00.000Z,/products,GET,200,70,IN,Desktop
2025-09-02T13:25:44.000Z,/,GET,404,44,BR,Mobile
2025-09-02T13:26:53.000Z,/search,GET,200,321,US,Desktop
2025-09-02T13:27:39.000Z,/products/:id,GET,200,36,US,Mobile
2025-09-02T13:30:46.000Z,/products/:id,GET,200,47,US,Desktop
2025-09-02T13:30:55.000Z,/search,GET,200,197,US,Desktop
2025-09-02T13:31:21.000Z,/api/cart,POST,200,130,US,Mobile
2025-09-02T13:32:58.000Z,/api/cart,POST,200,118,GB,Desktop
2025-09-02T13:33:20.000Z,/products/:id,GET,200,78,GB,Desktop
2025-09-02T13:35:22.000Z,/api/cart,POST,200,75,US,Desktop
2025-09-02T13:40:28.000Z,/api/cart,POST,200,109,BR,Mobile
2025-09-02T13:41:31.000Z,/products/:id,GET,200,59,US,Mobile
2025-09-02T13:43:48.000Z,/products,GET,200,157,CA,Mobile
2025-09-02T13:44:23.000Z,/,GET,200,24,DE,Desktop
2025-09-02T13:44:53.000Z,/products,GET,200,94,DE,Mobile
2025-09-02T13:45:24.000Z,/products/:id,GET,200,61,IN,Mobile
2025-09-02T13:47:32.000Z,/search,GET,200,91,GB,Mobile
2025-09-02T13:47:42.000Z,/search,GET,200,190,CA,Mobile
2025-09-02T13:48:57.000Z,/search,GET,200,141,DE,Mobile
2025-09-02T13:49:23.000Z,/products/:id,GET,304,156,US,Mobile
2025-09-02T13:50:29.000Z,/products,GET,200,98,US,Desktop
2025-09-02T13:57:37.000Z,/api/checkout,POST,200,242,FR,Mobile
2025-09-02T14:02:28.000Z,/products/:id,GET,200,57,US,Desktop
2025-09-02T14:03:48.000Z,/,GET,200,99,IN,Desktop
2025-09-02T14:08:26.000Z,/search,GET,200,105,DE,Mobile
2025-09-02T14:08:44.000Z,/products/:id,GET,200,39,CA,Mobile
2025-09-02T14:12:26.000Z,/products,GET,404,79,DE,Desktop
2025-09-02T14:12:44.000Z,/products,GET,200,95,US,Mobile
2025-09-02T14:13:21.000Z,/products/:id,GET,200,81,US,Mobile
2025-09-02T14:13:23.000Z,/cart,GET,200,37,US,Desktop
2025-09-02T14:14:23.000Z,/products,GET,200,118,US,Mobile
2025-09-02T14:16:43.000Z,/products,GET,200,104,US,Desktop
2025-09-02T14:16:47.000Z,/cart,GET,200,70,FR,Tablet
2025-09-02T14:20:55.000Z,/api/cart,POST,200,38,IN,Desktop
2025-09-02T14:22:25.000Z,/products,GET,200,57,IN,Desktop
2025-09-02T14:22:30.000Z,/account,GET,304,63,CA,Desktop
2025-09-02T14:24:24.000Z,/products,GET,200,100,US,Mobile
2025-09-02T14:28:31.000Z,/api/checkout,POST,200,254,JP,Desktop
2025-09-02T14:31:02.000Z,/products,GET,200,90,GB,Mobile
2025-09-02T14:37:16.000Z,/products,GET,200,82,IN,Mobile
2025-09-02T14:38:01.000Z,/products,GET,200,160,US,Desktop
2025-09-02T14:39:56.000Z,/api/checkout,POST,200,128,US,Tablet
2025-09-02T14:40:41.000Z,/products,GET,200,107,FR,Mobile
2025-09-02T14:41:45.000Z,/cart,GET,200,12,CA,Mobile
2025-09-02T14:43:18.000Z,/account,GET,200,57,JP,Desktop
2025-09-02T14:45:30.000Z,/cart,GET,200,64,IN,Mobile
2025-09-02T14:46:59.000Z,/products/:id,GET,200,121,FR,Mobile
2025-09-02T14:53:47.000Z,/search,GET,200,71,JP,Mobile
2025-09-02T14:54:44.000Z,/,GET,200,29,US,Desktop
2025-09-02T14:58:35.000Z,/products/:id,GET,200,37,JP,Desktop
2025-09-02T14:58:40.000Z,/,GET,304,36,DE,Desktop
2025-09-02T15:01:00.000Z,/,GET,200,58,US,Mobile
2025-09-02T15:07:39.000Z,/,GET,200,42,DE,Mobile
2025-09-02T15:07:52.000Z,/products/:id,GET,200,81,IN,Mobile
2025-09-02T15:11:43.000Z,/,GET,200,13,JP,Mobile
2025-09-02T15:16:48.000Z,/products/:id,GET,200,82,IN,Mobile
2025-09-02T15:27:03.000Z,/products,GET,304,59,GB,Mobile
2025-09-02T15:27:33.000Z,/search,GET,200,133,BR,Desktop
2025-09-02T15:32:18.000Z,/products/:id,GET,200,112,US,Desktop
2025-09-02T15:32:35.000Z,/products,GET,200,139,FR,Mobile
2025-09-02T15:33:08.000Z,/search,GET,200,69,BR,Mobile
2025-09-02T15:33:36.000Z,/products/:id,GET,200,37,FR,Desktop
2025-09-02T15:33:40.000Z,/products/:id,GET,200,43,IN,Tablet
2025-09-02T15:34:25.000Z,/cart,GET,200,56,IN,Desktop
2025-09-02T15:34:58.000Z,/account,GET,304,124,IN,Mobile
2025-09-02T15:39:10.000Z,/account,GET,200,38,BR,Desktop
2025-09-02T15:40:07.000Z,/,GET,200,44,JP,Mobile
2025-09-02T15:40:08.000Z,/products/:id,GET,200,73,US,Desktop
2025-09-02T15:42:17.000Z,/search,GET,200,110,US,Desktop
2025-09-02T15:43:41.000Z,/,GET,200,36,FR,Mobile
2025-09-02T15:44:48.000Z,/products/:id,GET,200,41,IN,Mobile
2025-09-02T15:45:39.000Z,/products/:id,GET,200,59,GB,Mobile
2025-09-02T15:50:02.000Z,/api/cart,POST,200,77,IN,Desktop
2025-09-02T15:51:18.000Z,/,GET,200,32,GB,Desktop
2025-09-02T15:51:23.000Z,/account,GET,200,39,US,Desktop
2025-09-02T15:54:44.000Z,/products/:id,GET,200,60,JP,Mobile
2025-09-02T16:00:33.000Z,/,GET,200,20,CA,Mobile
2025-09-02T16:03:33.000Z,/,GET,200,48,US,Mobile
2025-09-02T16:09:10.000Z,/products/:id,GET,200,69,IN,Desktop
2025-09-02T16:11:24.000Z,/products,GET,200,98,US,Desktop
2025-09-02T16:13:16.000Z,/products/:id,GET,200,73,CA,Desktop
2025-09-02T16:13:45.000Z,/search,GET,200,113,GB,Mobile
2025-09-02T16:13:50.000Z,/products,GET,200,63,US,Mobile
2025-09-02T16:14:12.000Z,/products/:id,GET,200,68,US,Mobile
2025-09-02T16:15:42.000Z,/products,GET,200,218,US,Mobile
2025-09-02T16:16:30.000Z,/,GET,200,92,CA,Mobile
2025-09-02T16:17:58.000Z,/,GET,200,33,US,Desktop
2025-09-02T16:18:07.000Z,/api/checkout,POST,200,356,US,Mobile
2025-09-02T16:22:44.000Z,/cart,GET,200,80,US,Tablet
2025-09-02T16:23:27.000Z,/products,GET,200,49,US,Mobile
2025-09-02T16:25:40.000Z,/products,GET,200,132,CA,Desktop
2025-09-02T16:25:43.000Z,/products,GET,404,173,IN,Desktop
2025-09-02T16:27:46.000Z,/products/:id,GET,200,46,DE,Mobile
2025-09-02T16:29:32.000Z,/products,GET,200,121,IN,Mobile
2025-09-02T16:37:03.000Z,/search,GET,200,113,US,Mobile
2025-09-02T16:40:11.000Z,/,GET,200,64,FR,Mobile
2025-09-02T16:42:47.000Z,/api/cart,POST,200,58,IN,Desktop
2025-09-02T16:46:04.000Z,/products,GET,200,140,US,Mobile
2025-09-02T16:47:27.000Z,/,GET,200,69,CA,Mobile
2025-09-02T16:47:39.000Z,/products,GET,200,65,JP,Mobile
2025-09-02T16:53:43.000Z,/cart,GET,200,47,JP,Mobile
2025-09-02T16:53:55.000Z,/products,GET,200,142,GB,Mobile
2025-09-02T16:54:20.000Z,/search,GET,200,156,FR,Desktop
2025-09-02T16:57:58.000Z,/,GET,200,64,US,Tablet
2025-09-02T17:00:30.000Z,/api/cart,POST,404,83,BR,Desktop
2025-09-02T17:05:41.000Z,/products,GET,404,85,FR,Desktop
2025-09-02T17:12:13.000Z,/api/cart,POST,200,47,DE,Tablet
2025-09-02T17:12:43.000Z,/cart,GET,200,66,US,Mobile
2025-09-02T17:13:52.000Z,/api/cart,POST,200,115,US,Mobile
2025-09-02T17:16:34.000Z,/cart,GET,200,106,GB,Desktop
2025-09-02T17:27:56.000Z,/account,GET,200,90,CA,Mobile
2025-09-02T17:36:44.000Z,/products/:id,GET,200,94,US,Desktop
2025-09-02T17:37:19.000Z,/products/:id,GET,200,60,GB,Desktop
2025-09-02T17:37:47.000Z,/search,GET,200,130,US,Mobile
2025-09-02T17:38:12.000Z,/products,GET,200,36,IN,Desktop
2025-09-02T17:41:50.000Z,/,GET,200,75,US,Mobile
2025-09-02T17:43:08.000Z,/api/checkout,POST,200,299,IN,Desktop
2025-09-02T17:47:05.000Z,/products,GET,200,118,US,Desktop
2025-09-02T17:51:39.000Z,/,GET,200,38,IN,Desktop
2025-09-02T18:05:41.000Z,/search,GET,304,123,GB,Mobile
2025-09-02T18:12:46.000Z,/,GET,200,54,BR,Desktop
2025-09-02T18:18:44.000Z,/products,GET,200,68,US,Desktop
2025-09-02T18:20:56.000Z,/,GET,200,30,US,Desktop
2025-09-02T18:24:36.000Z,/,GET,200,119,US,Mobile
2025-09-02T18:25:19.000Z,/search,GET,200,118,US,Mobile
2025-09-02T18:25:52.000Z,/,GET,200,38,US,Desktop
2025-09-02T18:35:34.000Z,/search,GET,200,274,CA,Mobile
2025-09-02T18:38:02.000Z,/products/:id,GET,200,38,US,Desktop
2025-09-02T18:38:22.000Z,/products/:id,GET,200,46,DE,Mobile
2025-09-02T18:40:08.000Z,/account,GET,304,73,CA,Desktop
2025-09-02T18:40:09.000Z,/api/checkout,POST,200,121,US,Desktop
2025-09-02T18:40:14.000Z,/api/cart,POST,200,49,DE,Mobile
2025-09-02T18:41:23.000Z,/products,GET,200,72,FR,Desktop
2025-09-02T18:42:26.000Z,/,GET,200,57,FR,Desktop
2025-09-02T18:48:32.000Z,/products/:id,GET,200,41,US,Mobile
2025-09-02T18:49:00.000Z,/,GET,200,27,US,Tablet
2025-09-02T18:51:35.000Z,/products/:id,GET,200,43,IN,Mobile
2025-09-02T18:52:18.000Z,/products/:id,GET,200,71,FR,Desktop
2025-09-02T18:55:06.000Z,/products,GET,200,137,GB,Tablet
2025-09-02T19:00:39.000Z,/,GET,200,83,US,Desktop
2025-09-02T19:05:13.000Z,/products/:id,GET,200,23,BR,Desktop
2025-09-02T19:08:16.000Z,/cart,GET,200,35,FR,Mobile
2025-09-02T19:11:07.000Z,/products,GET,200,34,DE,Mobile
2025-09-02T19:15:19.000Z,/cart,GET,200,83,CA,Mobile
2025-09-02T19:22:58.000Z,/,GET,200,51,US,Mobile
2025-09-02T19:25:50.000Z,/products,GET,404,34,GB,Mobile
2025-09-02T19:27:13.000Z,/,GET,200,56,US,Mobile
2025-09-02T19:40:02.000Z,/products,GET,200,55,IN,Mobile
2025-09-02T19:42:07.000Z,/,GET,200,42,JP,Mobile
2025-09-02T19:42:12.000Z,/search,GET,200,67,US,Mobile
2025-09-02T19:45:10.000Z,/products,GET,200,75,US,Desktop
2025-09-02T19:46:35.000Z,/,GET,200,37,CA,Mobile
2025-09-02T19:53:22.000Z,/search,GET,200,126,US,Desktop
2025-09-02T19:53:53.000Z,/cart,GET,200,44,FR,Desktop
2025-09-02T19:54:41.000Z,/products,GET,200,55,CA,Mobile
2025-09-02T19:56:24.000Z,/,GET,200,20,IN,Tablet
2025-09-02T19:57:03.000Z,/products/:id,GET,200,98,JP,Desktop
2025-09-02T19:57:58.000Z,/search,GET,200,191,US,Mobile
2025-09-02T20:02:02.000Z,/,GET,200,56,US,Desktop
2025-09-02T20:11:42.000Z,/api/checkout,POST,200,142,BR,Desktop
2025-09-02T20:12:35.000Z,/api/cart,POST,200,93,US,Mobile
2025-09-02T20:14:11.000Z,/search,GET,200,95,IN,Tablet
2025-09-02T20:15:50.000Z,/products/:id,GET,200,215,BR,Mobile
2025-09-02T20:18:47.000Z,/api/cart,POST,200,71,IN,Desktop
2025-09-02T20:21:16.000Z,/cart,GET,200,117,IN,Desktop
2025-09-02T20:25:02.000Z,/products,GET,200,104,US,Tablet
2025-09-02T20:27:16.000Z,/,GET,200,41,BR,Desktop
2025-09-02T20:35:51.000Z,/products/:id,GET,200,82,BR,Desktop
2025-09-02T20:37:18.000Z,/,GET,404,44,GB,Desktop
2025-09-02T20:37:20.000Z,/products/:id,GET,200,70,US,Mobile
2025-09-02T20:38:39.000Z,/products,GET,200,53,JP,Desktop
2025-09-02T20:40:16.000Z,/api/cart,POST,200,93,CA,Desktop
2025-09-02T20:46:21.000Z,/api/checkout,POST,200,147,IN,Desktop
2025-09-02T20:48:44.000Z,/products,GET,200,118,DE,Desktop
2025-09-02T20:49:11.000Z,/search,GET,200,115,GB,Desktop
2025-09-02T20:49:42.000Z,/search,GET,200,62,GB,Mobile
2025-09-02T20:53:17.000Z,/products,GET,200,136,BR,Mobile
2025-09-02T20:53:54.000Z,/products/:id,GET,200,59,JP,Mobile
2025-09-02T20:56:20.000Z,/search,GET,200,221,CA,Mobile
2025-09-02T20:58:09.000Z,/,GET,200,21,CA,Desktop
2025-09-02T20:59:15.000Z,/cart,GET,200,46,US,Desktop
2025-09-02T21:04:32.000Z,/cart,GET,200,162,US,Mobile
2025-09-02T21:24:40.000Z,/products,GET,200,100,DE,Mobile
2025-09-02T21:25:19.000Z,/api/cart,POST,200,160,DE,Mobile
2025-09-02T21:30:44.000Z,/,GET,200,28,US,Mobile
2025-09-02T21:32:00.000Z,/products,GET,200,154,US,Mobile
2025-09-02T21:32:31.000Z,/,GET,200,33,FR,Mobile
2025-09-02T21:34:48.000Z,/,GET,200,49,US,Tablet
2025-09-02T21:36:43.000Z,/,GET,200,59,IN,Desktop
2025-09-02T21:37:14.000Z,/search,GET,200,237,IN,Tablet
2025-09-02T21:40:25.000Z,/search,GET,200,142,US,Tablet
2025-09-02T21:41:27.000Z,/products,GET,200,60,IN,Desktop
2025-09-02T21:46:12.000Z,/products/:id,GET,200,57,CA,Mobile
2025-09-02T21:54:59.000Z,/search,GET,200,141,US,Desktop
2025-09-02T21:55:05.000Z,/products,GET,200,122,IN,Desktop
2025-09-02T21:57:29.000Z,/products/:id,GET,200,62,FR,Desktop
2025-09-02T22:00:00.000Z,/products/:id,GET,200,88,DE,Desktop
2025-09-02T22:01:37.000Z,/api/cart,POST,200,59,JP,Mobile
2025-09-02T22:08:25.000Z,/cart,GET,200,74,CA,Desktop
2025-09-02T22:14:27.000Z,/search,GET,200,238,IN,Desktop
2025-09-02T22:16:46.000Z,/search,GET,200,284,US,Desktop
2025-09-02T22:35:55.000Z,/search,GET,200,198,JP,Mobile
2025-09-02T22:36:52.000Z,/api/cart,POST,200,92,US,Mobile
2025-09-02T22:36:53.000Z,/products/:id,GET,200,34,US,Mobile
2025-09-02T22:40:52.000Z,/,GET,200,67,IN,Mobile
2025-09-02T22:50:50.000Z,/account,GET,200,105,IN,Desktop
2025-09-02T22:56:42.000Z,/search,GET,304,137,US,Mobile
2025-09-02T22:57:01.000Z,/account,GET,200,110,GB,Tablet
2025-09-02T22:58:49.000Z,/search,GET,200,230,FR,Desktop
2025-09-02T23:03:31.000Z,/products/:id,GET,200,115,IN,Mobile
2025-09-02T23:06:45.000Z,/products/:id,GET,200,104,BR,Mobile
2025-09-02T23:09:58.000Z,/,GET,200,52,US,Desktop
2025-09-02T23:11:43.000Z,/products,GET,200,50,CA,Desktop
2025-09-02T23:14:53.000Z,/,GET,200,21,FR,Mobile
2025-09-02T23:15:04.000Z,/search,GET,200,218,US,Mobile
2025-09-02T23:16:04.000Z,/api/checkout,POST,200,478,US,Mobile
2025-09-02T23:19:33.000Z,/products,GET,200,23,US,Mobile
2025-09-02T23:25:41.000Z,/products,GET,200,167,GB,Mobile
2025-09-02T23:30:04.000Z,/api/cart,POST,200,48,US,Mobile
2025-09-02T23:32:41.000Z,/,GET,200,58,GB,Desktop
2025-09-02T23:45:59.000Z,/,GET,200,57,JP,Desktop
2025-09-02T23:46:28.000Z,/account,GET,200,54,BR,Mobile
2025-09-02T23:47:24.000Z,/products/:id,GET,200,37,US,Mobile
2025-09-02T23:50:25.000Z,/api/checkout,POST,200,243,US,Desktop
2025-09-03T00:03:35.000Z,/cart,GET,200,54,US,Mobile
2025-09-03T00:08:54.000Z,/cart,GET,200,38,DE,Desktop
2025-09-03T00:11:26.000Z,/products/:id,GET,200,64,US,Mobile
2025-09-03T00:15:07.000Z,/,GET,404,85,CA,Mobile
2025-09-03T00:22:11.000Z,/products,GET,200,99,IN,Desktop
2025-09-03T00:22:55.000Z,/,GET,200,26,DE,Desktop
2025-09-03T00:23:26.000Z,/products,GET,404,43,US,Mobile
2025-09-03T00:42:01.000Z,/products,GET,200,101,US,Tablet
2025-09-03T00:47:52.000Z,/api/checkout,POST,200,336,US,Mobile
2025-09-03T00:52:47.000Z,/,GET,200,60,CA,Tablet
2025-09-03T00:54:59.000Z,/api/checkout,POST,200,292,BR,Desktop
2025-09-03T01:00:18.000Z,/api/cart,POST,200,175,IN,Mobile
2025-09-03T01:07:17.000Z,/products/:id,GET,200,46,US,Desktop
2025-09-03T01:26:49.000Z,/cart,GET,200,49,FR,Tablet
2025-09-03T01:33:01.000Z,/account,GET,200,119,BR,Mobile
2025-09-03T01:37:46.000Z,/products/:id,GET,200,150,US,Desktop
2025-09-03T01:43:43.000Z,/search,GET,200,103,IN,Mobile
2025-09-03T01:47:25.000Z,/,GET,200,28,CA,Mobile
2025-09-03T01:51:55.000Z,/products/:id,GET,200,66,BR,Desktop
2025-09-03T01:54:14.000Z,/search,GET,200,172,IN,Mobile
2025-09-03T01:55:02.000Z,/products/:id,GET,200,41,US,Desktop
2025-09-03T01:55:37.000Z,/api/checkout,POST,200,138,DE,Desktop
2025-09-03T01:59:42.000Z,/products,GET,200,104,IN,Desktop
2025-09-03T02:00:43.000Z,/products/:id,GET,304,30,US,Mobile
2025-09-03T02:09:34.000Z,/,GET,200,69,BR,Desktop
2025-09-03T02:09:37.000Z,/products,GET,200,128,GB,Desktop
2025-09-03T02:11:36.000Z,/products/:id,GET,200,97,JP,Tablet
2025-09-03T02:13:20.000Z,/search,GET,200,121,CA,Desktop
2025-09-03T02:14:40.000Z,/,GET,200,73,US,Mobile
2025-09-03T02:16:13.000Z,/,GET,200,43,CA,Desktop
2025-09-03T02:21:12.000Z,/products/:id,GET,200,73,US,Mobile
2025-09-03T02:22:29.000Z,/,GET,200,38,JP,Mobile
2025-09-03T02:32:06.000Z,/search,GET,200,63,US,Mobile
2025-09-03T02:32:13.000Z,/products/:id,GET,200,47,CA,Mobile
2025-09-03T02:56:13.000Z,/products/:id,GET,200,57,IN,Desktop
2025-09-03T02:57:55.000Z,/api/cart,POST,200,60,US,Desktop
2025-09-03T03:04:30.000Z,/products/:id,GET,200,83,US,Desktop
2025-09-03T03:05:15.000Z,/products,GET,200,53,US,Mobile
2025-09-03T03:05:45.000Z,/search,GET,200,115,US,Mobile
2025-09-03T03:23:04.000Z,/cart,GET,200,43,US,Desktop
2025-09-03T03:25:29.000Z,/products,GET,200,54,US,Desktop
2025-09-03T03:35:08.000Z,/products,GET,200,72,BR,Desktop
2025-09-03T03:46:51.000Z,/products/:id,GET,200,51,DE,Mobile
2025-09-03T03:47:27.000Z,/cart,GET,404,42,US,Desktop
2025-09-03T03:49:43.000Z,/api/checkout,POST,200,230,US,Mobile
2025-09-03T03:53:32.000Z,/search,GET,200,168,FR,Tablet
2025-09-03T03:53:42.000Z,/products/:id,GET,200,87,IN,Desktop
2025-09-03T04:02:12.000Z,/products/:id,GET,200,41,IN,Desktop
2025-09-03T04:02:29.000Z,/search,GET,200,75,DE,Desktop
2025-09-03T04:04:30.000Z,/products/:id,GET,200,74,US,Desktop
2025-09-03T04:07:15.000Z,/products/:id,GET,200,51,US,Mobile
2025-09-03T04:08:56.000Z,/,GET,404,46,CA,Desktop
2025-09-03T04:12:03.000Z,/products/:id,GET,200,99,US,Desktop
2025-09-03T04:14:43.000Z,/products,GET,200,27,GB,Mobile
2025-09-03T04:17:01.000Z,/products/:id,GET,200,55,JP,Desktop
2025-09-03T04:18:49.000Z,/cart,GET,200,64,GB,Mobile
2025-09-03T04:27:23.000Z,/,GET,200,47,US,Desktop
2025-09-03T04:29:59.000Z,/,GET,200,36,BR,Desktop
2025-09-03T04:31:52.000Z,/products,GET,200,48,US,Tablet
2025-09-03T04:32:13.000Z,/api/checkout,POST,200,407,FR,Desktop
2025-09-03T04:38:27.000Z,/products/:id,GET,200,63,JP,Mobile
2025-09-03T04:46:21.000Z,/search,GET,200,145,DE,Mobile
2025-09-03T04:48:11.000Z,/,GET,200,49,JP,Mobile
2025-09-03T04:52:09.000Z,/products,GET,200,24,US,Mobile
2025-09-03T04:54:50.000Z,/products,GET,200,34,DE,Mobile
2025-09-03T04:59:58.000Z,/api/checkout,POST,200,322,FR,Mobile
2025-09-03T05:04:11.000Z,/,GET,200,29,US,Desktop
2025-09-03T05:12:11.000Z,/products/:id,GET,200,57,US,Mobile
2025-09-03T05:14:17.000Z,/products,GET,200,23,US,Mobile
2025-09-03T05:14:43.000Z,/,GET,200,72,BR,Mobile
2025-09-03T05:17:38.000Z,/cart,GET,200,22,US,Mobile
2025-09-03T05:24:31.000Z,/products/:id,GET,200,46,US,Mobile
2025-09-03T05:25:41.000Z,/products/:id,GET,200,68,US,Desktop
2025-09-03T05:25:55.000Z,/products,GET,200,60,US,Mobile
2025-09-03T05:26:28.000Z,/api/cart,POST,200,156,DE,Mobile
2025-09-03T05:27:27.000Z,/api/checkout,POST,200,170,US,Mobile
2025-09-03T05:27:58.000Z,/search,GET,200,180,CA,Mobile
2025-09-03T05:28:10.000Z,/,GET,200,63,US,Mobile
2025-09-03T05:28:21.000Z,/search,GET,304,193,US,Desktop
2025-09-03T05:29:44.000Z,/,GET,200,32,US,Desktop
2025-09-03T05:33:11.000Z,/,GET,200,20,JP,Mobile
2025-09-03T05:33:31.000Z,/products,GET,200,87,CA,Mobile
2025-09-03T05:34:04.000Z,/products/:id,GET,200,71,US,Mobile
2025-09-03T05:35:25.000Z,/cart,GET,200,49,FR,Mobile
2025-09-03T05:35:52.000Z,/products/:id,GET,200,64,IN,Mobile
2025-09-03T05:39:53.000Z,/,GET,200,125,US,Desktop
2025-09-03T05:42:31.000Z,/cart,GET,200,35,IN,Mobile
2025-09-03T05:42:48.000Z,/products/:id,GET,200,85,IN,Mobile
2025-09-03T05:46:16.000Z,/products,GET,200,134,DE,Desktop
2025-09-03T05:54:25.000Z,/products/:id,GET,200,198,IN,Desktop
2025-09-03T05:57:09.000Z,/api/cart,POST,200,145,GB,Mobile
2025-09-03T06:05:36.000Z,/products,GET,200,107,GB,Mobile
2025-09-03T06:08:48.000Z,/products/:id,GET,200,76,US,Desktop
2025-09-03T06:10:10.000Z,/,GET,200,74,US,Mobile
2025-09-03T06:13:05.000Z,/cart,GET,200,25,JP,Desktop
2025-09-03T06:15:35.000Z,/search,GET,200,323,US,Mobile
2025-09-03T06:25:33.000Z,/search,GET,200,265,FR,Mobile
2025-09-03T06:31:29.000Z,/products,GET,200,193,US,Desktop
2025-09-03T06:37:51.000Z,/products,GET,200,72,FR,Mobile
2025-09-03T06:39:57.000Z,/,GET,200,25,US,Desktop
2025-09-03T06:42:46.000Z,/cart,GET,200,54,GB,Desktop
2025-09-03T06:44:58.000Z,/products/:id,GET,200,98,DE,Desktop
2025-09-03T06:47:12.000Z,/search,GET,200,128,GB,Desktop
2025-09-03T06:58:54.000Z,/products,GET,200,104,US,Mobile
2025-09-03T06:59:44.000Z,/,GET,200,30,JP,Mobile
2025-09-03T07:03:02.000Z,/products,GET,200,80,JP,Desktop
2025-09-03T07:03:12.000Z,/products/:id,GET,200,47,BR,Mobile
2025-09-03T07:04:46.000Z,/api/checkout,POST,200,208,DE,Desktop
2025-09-03T07:08:09.000Z,/products/:id,GET,200,48,US,Desktop
2025-09-03T07:11:00.000Z,/products,GET,404,111,IN,Mobile
2025-09-03T07:11:24.000Z,/,GET,200,83,GB,Desktop
2025-09-03T07:14:17.000Z,/,GET,200,32,IN,Mobile
2025-09-03T07:20:00.000Z,/search,GET,200,96,CA,Mobile
2025-09-03T07:20:21.000Z,/products,GET,200,48,CA,Mobile
2025-09-03T07:21:45.000Z,/account,GET,200,58,US,Mobile
2025-09-03T07:24:10.000Z,/cart,GET,304,59,US,Mobile
2025-09-03T07:25:10.000Z,/account,GET,200,77,FR,Desktop
2025-09-03T07:26:55.000Z,/cart,GET,404,45,US,Desktop
2025-09-03T07:27:43.000Z,/products,GET,200,47,US,Tablet
2025-09-03T07:28:24.000Z,/search,GET,200,305,GB,Mobile
2025-09-03T07:31:57.000Z,/api/checkout,POST,200,240,IN,Mobile
2025-09-03T07:32:42.000Z,/products/:id,GET,200,70,US,Mobile
2025-09-03T07:38:16.000Z,/,GET,200,24,US,Mobile
2025-09-03T07:44:38.000Z,/products/:id,GET,200,58,JP,Desktop
2025-09-03T07:49:56.000Z,/search,GET,200,88,DE,Desktop
2025-09-03T07:55:43.000Z,/,GET,200,28,JP,Mobile
2025-09-03T07:55:44.000Z,/search,GET,200,117,GB,Mobile
2025-09-03T08:00:32.000Z,/products,GET,200,83,GB,Desktop
2025-09-03T08:01:37.000Z,/search,GET,200,127,BR,Mobile
2025-09-03T08:06:24.000Z,/,GET,200,44,CA,Mobile
2025-09-03T08:07:52.000Z,/products,GET,200,76,US,Mobile
2025-09-03T08:08:37.000Z,/products,GET,200,68,US,Mobile
2025-09-03T08:11:23.000Z,/api/cart,POST,200,100,CA,Mobile
2025-09-03T08:12:57.000Z,/products/:id,GET,200,102,CA,Desktop
2025-09-03T08:13:45.000Z,/cart,GET,200,37,FR,Mobile
2025-09-03T08:17:01.000Z,/search,GET,200,138,DE,Mobile
2025-09-03T08:18:40.000Z,/,GET,200,53,DE,Mobile
2025-09-03T08:20:23.000Z,/,GET,200,27,IN,Desktop
2025-09-03T08:20:37.000Z,/api/checkout,POST,200,134,FR,Mobile
2025-09-03T08:23:38.000Z,/,GET,200,24,GB,Mobile
2025-09-03T08:24:22.000Z,/api/cart,POST,200,79,US,Desktop
2025-09-03T08:28:49.000Z,/,GET,200,79,US,Desktop
2025-09-03T08:30:34.000Z,/products/:id,GET,200,61,US,Mobile
2025-09-03T08:33:08.000Z,/cart,GET,200,54,US,Mobile
2025-09-03T08:33:57.000Z,/products/:id,GET,200,131,FR,Mobile
2025-09-03T08:35:28.000Z,/search,GET,200,85,BR,Mobile
2025-09-03T08:41:10.000Z,/api/cart,POST,200,73,FR,Mobile
2025-09-03T08:48:12.000Z,/search,GET,200,226,CA,Desktop
2025-09-03T08:48:44.000Z,/,GET,200,24,DE,Mobile
2025-09-03T08:48:56.000Z,/products/:id,GET,200,45,US,Desktop
2025-09-03T08:49:25.000Z,/products/:id,GET,401,33,DE,Mobile
2025-09-03T08:51:15.000Z,/products/:id,GET,304,60,CA,Mobile
2025-09-03T08:54:40.000Z,/cart,GET,200,36,US,Mobile
2025-09-03T09:02:29.000Z,/account,GET,200,47,GB,Mobile
2025-09-03T09:03:16.000Z,/api/checkout,POST,200,244,IN,Tablet
2025-09-03T09:04:39.000Z,/products,GET,200,46,US,Mobile
2025-09-03T09:05:30.000Z,/cart,GET,200,75,IN,Mobile
2025-09-03T09:05:31.000Z,/api/checkout,POST,200,196,DE,Desktop
2025-09-03T09:07:15.000Z,/account,GET,200,47,DE,Desktop
2025-09-03T09:09:04.000Z,/products/:id,GET,200,29,BR,Mobile
2025-09-03T09:13:12.000Z,/,GET,200,40,JP,Mobile
2025-09-03T09:14:52.000Z,/products/:id,GET,200,56,BR,Mobile
2025-09-03T09:14:53.000Z,/api/cart,POST,304,164,JP,Mobile
2025-09-03T09:16:21.000Z,/search,GET,200,92,US,Tablet
2025-09-03T09:17:48.000Z,/,GET,200,31,US,Desktop
2025-09-03T09:22:45.000Z,/,GET,200,67,IN,Mobile
2025-09-03T09:23:30.000Z,/products,GET,200,61,US,Desktop
2025-09-03T09:27:25.000Z,/products,GET,404,42,JP,Mobile
2025-09-03T09:29:29.000Z,/api/cart,POST,200,88,FR,Tablet
2025-09-03T09:30:13.000Z,/api/checkout,POST,200,356,US,Desktop
2025-09-03T09:32:53.000Z,/products/:id,GET,200,58,US,Desktop
2025-09-03T09:33:28.000Z,/cart,GET,200,60,US,Desktop
2025-09-03T09:33:58.000Z,/products/:id,GET,200,85,BR,Mobile
2025-09-03T09:34:48.000Z,/search,GET,200,83,CA,Desktop
2025-09-03T09:36:46.000Z,/products/:id,GET,200,49,IN,Mobile
2025-09-03T09:37:35.000Z,/products,GET,200,65,US,Mobile
2025-09-03T09:38:26.000Z,/,GET,200,35,US,Mobile
2025-09-03T09:39:40.000Z,/api/cart,POST,200,275,BR,Mobile
2025-09-03T09:40:46.000Z,/,GET,200,104,CA,Mobile
2025-09-03T09:41:00.000Z,/products,GET,200,99,US,Mobile
2025-09-03T09:41:31.000Z,/,GET,200,64,JP,Mobile
2025-09-03T09:48:16.000Z,/cart,GET,200,109,DE,Tablet
2025-09-03T09:50:10.000Z,/,GET,200,64,US,Mobile
2025-09-03T09:52:10.000Z,/,GET,401,52,BR,Desktop
2025-09-03T09:52:41.000Z,/products,GET,200,70,US,Desktop
2025-09-03T09:53:51.000Z,/products,GET,200,73,DE,Mobile
2025-09-03T09:56:17.000Z,/products/:id,GET,200,60,CA,Desktop
2025-09-03T09:56:31.000Z,/products/:id,GET,200,85,CA,Desktop
2025-09-03T09:59:31.000Z,/search,GET,200,159,BR,Desktop
2025-09-03T10:00:11.000Z,/products/:id,GET,200,87,FR,Mobile
2025-09-03T10:01:50.000Z,/,GET,200,59,US,Mobile
2025-09-03T10:06:46.000Z,/cart,GET,200,48,BR,Mobile
2025-09-03T10:10:27.000Z,/products/:id,GET,200,33,US,Tablet
2025-09-03T10:13:48.000Z,/search,GET,200,93,GB,Desktop
2025-09-03T10:14:39.000Z,/products,GET,200,139,CA,Desktop
2025-09-03T10:14:45.000Z,/products/:id,GET,200,34,FR,Mobile
2025-09-03T10:18:13.000Z,/api/checkout,POST,200,96,DE,Mobile
2025-09-03T10:20:49.000Z,/,GET,200,36,GB,Tablet
2025-09-03T10:21:37.000Z,/products,GET,200,103,US,Desktop
2025-09-03T10:22:52.000Z,/api/cart,POST,200,156,BR,Desktop
2025-09-03T10:30:32.000Z,/search,GET,200,197,US,Desktop
2025-09-03T10:30:34.000Z,/search,GET,304,282,DE,Mobile
2025-09-03T10:30:54.000Z,/,GET,200,52,US,Mobile
2025-09-03T10:31:00.000Z,/products/:id,GET,200,100,FR,Mobile
2025-09-03T10:31:30.000Z,/products/:id,GET,200,55,CA,Tablet
2025-09-03T10:34:22.000Z,/api/checkout,POST,200,488,DE,Desktop
2025-09-03T10:34:25.000Z,/products/:id,GET,200,45,US,Desktop
2025-09-03T10:35:37.000Z,/search,GET,200,92,US,Desktop
2025-09-03T10:35:57.000Z,/cart,GET,200,62,CA,Desktop
2025-09-03T10:37:00.000Z,/products/:id,GET,200,57,FR,Desktop
2025-09-03T10:37:22.000Z,/cart,GET,200,44,US,Mobile
2025-09-03T10:37:49.000Z,/api/checkout,POST,200,166,FR,Mobile
2025-09-03T10:39:41.000Z,/api/checkout,POST,200,323,US,Mobile
2025-09-03T10:40:20.000Z,/products,GET,200,59,DE,Desktop
2025-09-03T10:42:38.000Z,/cart,GET,200,52,US,Desktop
2025-09-03T10:44:03.000Z,/products,GET,200,121,DE,Mobile
2025-09-03T10:45:45.000Z,/api/cart,POST,500,75,DE,Desktop
2025-09-03T10:45:57.000Z,/products,GET,200,68,CA,Desktop
2025-09-03T10:49:42.000Z,/products/:id,GET,200,42,GB,Desktop
2025-09-03T10:51:22.000Z,/products,GET,200,91,IN,Mobile
2025-09-03T10:54:41.000Z,/products,GET,200,53,US,Mobile
2025-09-03T10:58:18.000Z,/products/:id,GET,200,67,GB,Desktop
2025-09-03T11:02:15.000Z,/search,GET,200,91,US,Mobile
2025-09-03T11:02:38.000Z,/products,GET,200,219,FR,Mobile
2025-09-03T11:02:54.000Z,/,GET,200,43,DE,Desktop
2025-09-03T11:03:11.000Z,/products/:id,GET,200,70,DE,Desktop
2025-09-03T11:03:56.000Z,/products,GET,200,87,BR,Mobile
2025-09-03T11:10:37.000Z,/api/cart,POST,200,76,CA,Desktop
2025-09-03T11:11:04.000Z,/search,GET,200,83,US,Desktop
2025-09-03T11:13:14.000Z,/api/checkout,POST,200,142,US,Mobile
2025-09-03T11:16:47.000Z,/products/:id,GET,200,62,CA,Tablet
2025-09-03T11:20:36.000Z,/api/cart,POST,200,85,US,Desktop
2025-09-03T11:20:58.000Z,/search,GET,200,119,US,Mobile
2025-09-03T11:24:59.000Z,/products,GET,200,28,US,Mobile
2025-09-03T11:25:00.000Z,/products/:id,GET,200,56,CA,Desktop
2025-09-03T11:25:59.000Z,/,GET,200,27,US,Mobile
2025-09-03T11:26:58.000Z,/cart,GET,200,59,GB,Desktop
2025-09-03T11:28:12.000Z,/products,GET,200,92,JP,Desktop
2025-09-03T11:28:22.000Z,/products/:id,GET,200,60,US,Desktop
2025-09-03T11:29:36.000Z,/products,GET,200,48,IN,Desktop
2025-09-03T11:29:42.000Z,/,GET,200,60,US,Mobile
2025-09-03T11:30:28.000Z,/cart,GET,200,58,US,Mobile
2025-09-03T11:34:29.000Z,/search,GET,200,110,FR,Tablet
2025-09-03T11:36:30.000Z,/search,GET,200,162,US,Mobile
2025-09-03T11:40:47.000Z,/,GET,200,36,US,Mobile
2025-09-03T11:41:03.000Z,/products,GET,200,61,JP,Mobile
2025-09-03T11:44:42.000Z,/products,GET,200,49,FR,Mobile
2025-09-03T11:46:09.000Z,/cart,GET,200,23,CA,Mobile
2025-09-03T11:46:10.000Z,/products,GET,200,171,FR,Mobile
2025-09-03T11:49:33.000Z,/,GET,200,78,US,Mobile
2025-09-03T11:53:19.000Z,/api/cart,POST,200,214,US,Mobile
2025-09-03T11:54:06.000Z,/,GET,200,54,JP,Desktop
2025-09-03T11:56:06.000Z,/search,GET,200,243,DE,Desktop
2025-09-03T12:00:12.000Z,/,GET,200,17,US,Mobile
2025-09-03T12:01:44.000Z,/products/:id,GET,200,62,FR,Desktop
2025-09-03T12:02:42.000Z,/search,GET,200,72,US,Desktop
2025-09-03T12:04:23.000Z,/products,GET,404,73,US,Mobile
2025-09-03T12:09:31.000Z,/products/:id,GET,200,124,US,Mobile
2025-09-03T12:11:02.000Z,/search,GET,401,171,FR,Mobile
2025-09-03T12:11:58.000Z,/,GET,200,36,DE,Mobile
2025-09-03T12:20:30.000Z,/products,GET,200,68,JP,Desktop
2025-09-03T12:23:52.000Z,/account,GET,200,130,US,Desktop
2025-09-03T12:24:15.000Z,/api/cart,POST,200,94,US,Desktop
2025-09-03T12:24:27.000Z,/search,GET,200,71,CA,Mobile
2025-09-03T12:25:15.000Z,/cart,GET,200,40,IN,Desktop
2025-09-03T12:27:39.000Z,/products/:id,GET,200,54,US,Desktop
2025-09-03T12:27:46.000Z,/cart,GET,200,51,GB,Mobile
2025-09-03T12:28:19.000Z,/products,GET,200,114,FR,Mobile
2025-09-03T12:29:58.000Z,/products/:id,GET,200,33,FR,Tablet
2025-09-03T12:32:28.000Z,/products,GET,200,55,IN,Desktop
2025-09-03T12:33:00.000Z,/api/cart,POST,200,142,US,Desktop
2025-09-03T12:34:22.000Z,/products/:id,GET,200,49,US,Tablet
2025-09-03T12:35:42.000Z,/,GET,200,38,JP,Desktop
2025-09-03T12:38:14.000Z,/api/cart,POST,200,85,CA,Mobile
2025-09-03T12:42:11.000Z,/products/:id,GET,200,180,JP,Desktop
2025-09-03T12:42:58.000Z,/products,GET,200,178,FR,Tablet
2025-09-03T12:44:13.000Z,/,GET,200,38,US,Desktop
2025-09-03T12:45:32.000Z,/api/checkout,POST,200,110,US,Mobile
2025-09-03T12:45:43.000Z,/,GET,200,45,BR,Mobile
2025-09-03T12:46:26.000Z,/search,GET,200,158,CA,Desktop
2025-09-03T12:46:56.000Z,/products,GET,200,83,IN,Mobile
2025-09-03T12:49:05.000Z,/search,GET,200,152,FR,Mobile
2025-09-03T12:56:48.000Z,/cart,GET,200,47,CA,Mobile
2025-09-03T12:57:40.000Z,/products,GET,200,113,US,Desktop
2025-09-03T13:01:14.000Z,/,GET,200,38,DE,Desktop
2025-09-03T13:01:56.000Z,/cart,GET,200,83,IN,Mobile
2025-09-03T13:02:21.000Z,/products,GET,401,53,DE,Mobile
2025-09-03T13:03:03.000Z,/,GET,200,53,US,Desktop
2025-09-03T13:03:25.000Z,/products,GET,404,76,CA,Desktop
2025-09-03T13:05:23.000Z,/search,GET,200,118,CA,Mobile
2025-09-03T13:05:23.000Z,/products,GET,200,99,US,Desktop
2025-09-03T13:05:51.000Z,/products,GET,200,87,US,Mobile
2025-09-03T13:09:54.000Z,/api/cart,POST,200,114,GB,Mobile
2025-09-03T13:13:19.000Z,/api/checkout,POST,200,116,GB,Mobile
2025-09-03T13:14:55.000Z,/products/:id,GET,200,39,US,Mobile
2025-09-03T13:21:26.000Z,/search,GET,200,119,CA,Desktop
2025-09-03T13:22:32.000Z,/cart,GET,200,51,JP,Desktop
2025-09-03T13:24:58.000Z,/products/:id,GET,200,30,US,Tablet
2025-09-03T13:30:58.000Z,/products,GET,200,92,US,Mobile
2025-09-03T13:32:01.000Z,/,GET,200,24,US,Mobile
2025-09-03T13:33:32.000Z,/,GET,404,105,US,Mobile
2025-09-03T13:35:57.000Z,/cart,GET,200,57,GB,Mobile
2025-09-03T13:36:56.000Z,/api/cart,POST,200,207,US,Desktop
2025-09-03T13:38:14.000Z,/,GET,200,48,DE,Desktop
2025-09-03T13:39:04.000Z,/products,GET,200,62,US,Mobile
2025-09-03T13:41:07.000Z,/search,GET,200,144,GB,Desktop
2025-09-03T13:41:20.000Z,/search,GET,200,79,BR,Mobile
2025-09-03T13:43:42.000Z,/api/checkout,POST,200,116,CA,Tablet
2025-09-03T13:49:21.000Z,/products/:id,GET,200,39,BR,Mobile
2025-09-03T13:51:03.000Z,/cart,GET,200,54,CA,Mobile
2025-09-03T13:51:38.000Z,/account,GET,200,27,BR,Mobile
2025-09-03T13:52:03.000Z,/cart,GET,200,67,US,Tablet
2025-09-03T13:52:30.000Z,/cart,GET,200,27,US,Mobile
2025-09-03T13:52:34.000Z,/account,GET,200,125,US,Desktop
2025-09-03T13:57:58.000Z,/,GET,200,82,GB,Mobile
2025-09-03T13:58:10.000Z,/cart,GET,200,74,DE,Desktop
2025-09-03T14:00:48.000Z,/cart,GET,200,24,US,Desktop
2025-09-03T14:01:27.000Z,/products/:id,GET,200,210,US,Desktop
2025-09-03T14:01:48.000Z,/cart,GET,200,31,GB,Desktop
2025-09-03T14:03:41.000Z,/products/:id,GET,200,43,US,Mobile
2025-09-03T14:06:01.000Z,/account,GET,200,157,US,Mobile
2025-09-03T14:06:59.000Z,/cart,GET,200,32,US,Mobile
2025-09-03T14:07:43.000Z,/products/:id,GET,200,50,JP,Desktop
2025-09-03T14:10:06.000Z,/,GET,304,35,FR,Mobile
2025-09-03T14:14:37.000Z,/api/cart,POST,200,67,BR,Mobile
2025-09-03T14:16:17.000Z,/,GET,200,74,US,Desktop
2025-09-03T14:20:38.000Z,/products,GET,200,69,FR,Mobile
2025-09-03T14:21:11.000Z,/api/cart,POST,200,117,GB,Desktop
2025-09-03T14:21:25.000Z,/products,GET,200,113,DE,Mobile
2025-09-03T14:24:35.000Z,/products/:id,GET,200,20,US,Desktop
2025-09-03T14:24:49.000Z,/,GET,200,33,US,Mobile
2025-09-03T14:27:41.000Z,/api/checkout,POST,200,596,DE,Mobile
2025-09-03T14:34:31.000Z,/api/checkout,POST,200,217,DE,Mobile
2025-09-03T14:35:00.000Z,/products,GET,200,69,JP,Desktop
2025-09-03T14:35:56.000Z,/,GET,200,54,DE,Mobile
2025-09-03T14:37:46.000Z,/api/checkout,POST,200,139,US,Mobile
2025-09-03T14:39:01.000Z,/products,GET,200,215,US,Desktop
2025-09-03T14:40:49.000Z,/search,GET,200,154,US,Mobile
2025-09-03T14:42:50.000Z,/api/checkout,POST,200,197,FR,Mobile
2025-09-03T14:47:42.000Z,/search,GET,200,203,DE,Desktop
2025-09-03T14:54:39.000Z,/products,GET,200,109,US,Mobile
2025-09-03T14:55:28.000Z,/products,GET,200,76,BR,Desktop
2025-09-03T14:57:30.000Z,/products,GET,404,110,JP,Mobile
2025-09-03T14:58:19.000Z,/products/:id,GET,304,59,IN,Mobile
2025-09-03T15:02:46.000Z,/products,GET,200,56,US,Mobile
2025-09-03T15:04:38.000Z,/search,GET,200,130,GB,Desktop
2025-09-03T15:07:56.000Z,/cart,GET,200,56,DE,Mobile
2025-09-03T15:09:59.000Z,/,GET,200,72,IN,Desktop
2025-09-03T15:12:07.000Z,/products/:id,GET,200,52,FR,Desktop
2025-09-03T15:16:11.000Z,/,GET,200,37,US,Desktop
2025-09-03T15:18:53.000Z,/products,GET,200,63,DE,Desktop
2025-09-03T15:21:18.000Z,/cart,GET,404,77,IN,Desktop
2025-09-03T15:21:55.000Z,/products/:id,GET,200,86,BR,Desktop
2025-09-03T15:22:11.000Z,/products/:id,GET,200,30,US,Mobile
2025-09-03T15:23:31.000Z,/search,GET,200,186,BR,Desktop
2025-09-03T15:24:16.000Z,/search,GET,200,160,DE,Mobile
2025-09-03T15:24:56.000Z,/products,GET,200,94,JP,Mobile
2025-09-03T15:28:51.000Z,/,GET,200,32,JP,Desktop
2025-09-03T15:29:38.000Z,/cart,GET,200,65,CA,Mobile
2025-09-03T15:31:43.000Z,/api/checkout,POST,200,300,US,Mobile
2025-09-03T15:33:19.000Z,/products/:id,GET,200,69,BR,Desktop
2025-09-03T15:35:34.000Z,/products,GET,200,76,US,Tablet
2025-09-03T15:36:23.000Z,/products,GET,200,52,US,Tablet
2025-09-03T15:38:28.000Z,/products/:id,GET,200,30,US,Mobile
2025-09-03T15:38:42.000Z,/products/:id,GET,200,71,JP,Mobile
2025-09-03T15:39:06.000Z,/products,GET,200,92,BR,Mobile
2025-09-03T15:40:22.000Z,/,GET,200,27,US,Desktop
2025-09-03T15:42:00.000Z,/products,GET,200,86,US,Desktop
2025-09-03T15:42:31.000Z,/account,GET,304,90,US,Desktop
2025-09-03T15:44:34.000Z,/search,GET,200,254,US,Desktop
2025-09-03T15:44:58.000Z,/products,GET,200,38,GB,Desktop
2025-09-03T15:45:58.000Z,/products,GET,200,61,US,Desktop
2025-09-03T15:45:59.000Z,/api/cart,POST,200,44,US,Desktop
2025-09-03T15:47:26.000Z,/products,GET,200,50,US,Mobile
2025-09-03T15:49:07.000Z,/api/cart,POST,200,58,BR,Desktop
2025-09-03T15:51:13.000Z,/products/:id,GET,200,56,US,Desktop
2025-09-03T15:52:18.000Z,/products,GET,200,52,DE,Tablet
2025-09-03T15:54:06.000Z,/cart,GET,200,33,US,Desktop
2025-09-03T15:54:31.000Z,/products,GET,200,111,US,Mobile
2025-09-03T15:57:28.000Z,/cart,GET,200,51,JP,Desktop
2025-09-03T16:00:39.000Z,/products,GET,200,76,DE,Desktop
2025-09-03T16:00:49.000Z,/search,GET,200,212,FR,Mobile
2025-09-03T16:01:32.000Z,/,GET,200,49,IN,Desktop
2025-09-03T16:02:12.000Z,/,GET,200,49,CA,Tablet
2025-09-03T16:04:32.000Z,/search,GET,200,82,IN,Mobile
2025-09-03T16:07:56.000Z,/api/checkout,POST,200,248,DE,Desktop
2025-09-03T16:09:18.000Z,/search,GET,200,177,US,Desktop
2025-09-03T16:11:55.000Z,/products,GET,200,69,US,Mobile
2025-09-03T16:13:56.000Z,/products/:id,GET,200,157,FR,Desktop
2025-09-03T16:16:22.000Z,/,GET,200,35,DE,Mobile
2025-09-03T16:16:58.000Z,/products/:id,GET,200,61,US,Desktop
2025-09-03T16:18:59.000Z,/products,GET,200,61,US,Mobile
2025-09-03T16:20:15.000Z,/search,GET,401,193,US,Desktop
2025-09-03T16:24:34.000Z,/account,GET,404,55,US,Mobile
2025-09-03T16:25:36.000Z,/,GET,200,89,BR,Tablet
2025-09-03T16:32:16.000Z,/,GET,200,29,CA,Mobile
2025-09-03T16:36:44.000Z,/search,GET,200,61,BR,Desktop
2025-09-03T16:36:56.000Z,/products/:id,GET,200,126,JP,Desktop
2025-09-03T16:38:03.000Z,/,GET,200,78,CA,Mobile
2025-09-03T16:39:09.000Z,/api/checkout,POST,200,270,US,Mobile
2025-09-03T16:40:08.000Z,/search,GET,200,167,US,Mobile
2025-09-03T16:40:24.000Z,/products,GET,200,137,JP,Mobile
2025-09-03T16:41:58.000Z,/products/:id,GET,200,83,DE,Desktop
2025-09-03T16:42:17.000Z,/products,GET,200,215,IN,Mobile
2025-09-03T16:43:27.000Z,/products/:id,GET,200,35,JP,Mobile
2025-09-03T16:43:42.000Z,/,GET,500,67,CA,Desktop
2025-09-03T16:43:55.000Z,/products,GET,304,52,BR,Desktop
2025-09-03T16:45:06.000Z,/,GET,200,58,US,Desktop
2025-09-03T16:46:29.000Z,/api/cart,POST,200,56,US,Mobile
2025-09-03T16:47:58.000Z,/products/:id,GET,200,80,US,Mobile
2025-09-03T16:50:01.000Z,/products/:id,GET,200,75,IN,Desktop
2025-09-03T16:55:20.000Z,/products,GET,200,78,US,Desktop
2025-09-03T16:55:29.000Z,/api/checkout,POST,200,256,FR,Mobile
2025-09-03T16:58:32.000Z,/products,GET,200,105,US,Mobile
2025-09-03T16:59:22.000Z,/search,GET,200,118,CA,Desktop
2025-09-03T17:02:34.000Z,/api/cart,POST,200,174,CA,Tablet
2025-09-03T17:08:58.000Z,/,GET,401,176,US,Mobile
2025-09-03T17:14:08.000Z,/products/:id,GET,304,47,JP,Mobile
2025-09-03T17:14:18.000Z,/products,GET,200,51,GB,Mobile
2025-09-03T17:18:58.000Z,/products,GET,304,83,US,Mobile
2025-09-03T17:20:07.000Z,/search,GET,200,291,BR,Desktop
2025-09-03T17:22:18.000Z,/,GET,200,41,IN,Mobile
2025-09-03T17:22:40.000Z,/products/:id,GET,200,42,GB,Mobile
2025-09-03T17:24:12.000Z,/products,GET,200,129,JP,Mobile
2025-09-03T17:25:42.000Z,/products,GET,200,46,BR,Mobile
2025-09-03T17:27:44.000Z,/,GET,200,49,US,Mobile
2025-09-03T17:28:28.000Z,/api/cart,POST,200,169,DE,Mobile
2025-09-03T17:29:28.000Z,/,GET,200,14,US,Mobile
2025-09-03T17:32:40.000Z,/products,GET,200,46,US,Mobile
2025-09-03T17:37:16.000Z,/products,GET,404,33,US,Mobile
2025-09-03T17:39:04.000Z,/search,GET,200,150,IN,Desktop
2025-09-03T17:39:30.000Z,/products/:id,GET,200,82,JP,Mobile
2025-09-03T17:40:28.000Z,/products,GET,200,70,US,Desktop
2025-09-03T17:43:14.000Z,/products,GET,200,114,US,Mobile
2025-09-03T17:50:51.000Z,/products,GET,200,32,US,Desktop
2025-09-03T17:51:05.000Z,/api/checkout,POST,200,146,DE,Desktop
2025-09-03T17:52:55.000Z,/products/:id,GET,404,29,GB,Mobile
2025-09-03T17:55:22.000Z,/cart,GET,200,46,IN,Desktop
2025-09-03T17:55:58.000Z,/api/checkout,POST,200,126,US,Desktop
2025-09-03T17:58:37.000Z,/,GET,200,27,JP,Mobile
2025-09-03T18:03:23.000Z,/cart,GET,200,48,US,Mobile
2025-09-03T18:06:44.000Z,/api/cart,POST,200,58,CA,Mobile
2025-09-03T18:11:21.000Z,/,GET,200,32,US,Mobile
2025-09-03T18:14:14.000Z,/products,GET,200,67,US,Desktop
2025-09-03T18:19:10.000Z,/,GET,200,39,IN,Mobile
2025-09-03T18:21:23.000Z,/,GET,200,40,US,Mobile
2025-09-03T18:21:43.000Z,/,GET,200,92,US,Desktop
2025-09-03T18:25:56.000Z,/cart,GET,404,34,FR,Desktop
2025-09-03T18:26:11.000Z,/account,GET,200,43,US,Mobile
2025-09-03T18:30:52.000Z,/search,GET,200,107,US,Mobile
2025-09-03T18:30:54.000Z,/products,GET,200,61,FR,Tablet
2025-09-03T18:40:35.000Z,/account,GET,401,24,IN,Tablet
2025-09-03T18:43:02.000Z,/search,GET,200,70,GB,Desktop
2025-09-03T18:43:27.000Z,/search,GET,200,126,IN,Mobile
2025-09-03T18:47:21.000Z,/,GET,200,59,GB,Tablet
2025-09-03T18:58:20.000Z,/api/cart,POST,200,133,DE,Tablet
2025-09-03T18:58:28.000Z,/cart,GET,200,90,CA,Desktop
2025-09-03T19:01:47.000Z,/,GET,200,50,CA,Desktop
2025-09-03T19:05:11.000Z,/,GET,200,66,US,Mobile
2025-09-03T19:11:37.000Z,/products/:id,GET,200,53,JP,Mobile
2025-09-03T19:16:52.000Z,/api/cart,POST,200,90,FR,Mobile
2025-09-03T19:18:10.000Z,/,GET,200,37,US,Mobile
2025-09-03T19:20:38.000Z,/api/checkout,POST,200,109,BR,Desktop
2025-09-03T19:31:56.000Z,/cart,GET,200,113,FR,Desktop
2025-09-03T19:33:02.000Z,/,GET,200,24,US,Mobile
2025-09-03T19:36:56.000Z,/products/:id,GET,200,42,US,Mobile
2025-09-03T19:37:32.000Z,/,GET,200,88,FR,Mobile
2025-09-03T19:41:07.000Z,/,GET,200,31,IN,Tablet
2025-09-03T19:41:23.000Z,/products/:id,GET,200,35,BR,Mobile
2025-09-03T19:42:19.000Z,/products/:id,GET,200,84,US,Tablet
2025-09-03T19:47:20.000Z,/products/:id,GET,200,59,GB,Desktop
2025-09-03T19:50:25.000Z,/cart,GET,200,40,CA,Desktop
2025-09-03T19:53:33.000Z,/products/:id,GET,200,29,IN,Mobile
2025-09-03T19:58:47.000Z,/search,GET,200,149,US,Desktop
2025-09-03T19:58:48.000Z,/products/:id,GET,200,104,GB,Mobile
2025-09-03T20:06:16.000Z,/products,GET,200,97,US,Desktop
2025-09-03T20:06:42.000Z,/products/:id,GET,200,79,US,Desktop
2025-09-03T20:20:34.000Z,/products/:id,GET,200,56,FR,Mobile
2025-09-03T20:20:51.000Z,/products,GET,200,209,BR,Desktop
2025-09-03T20:22:56.000Z,/search,GET,200,127,JP,Desktop
2025-09-03T20:22:56.000Z,/products,GET,200,90,JP,Mobile
2025-09-03T20:24:44.000Z,/products,GET,200,66,CA,Mobile
2025-09-03T20:30:23.000Z,/,GET,200,69,CA,Mobile
2025-09-03T20:34:58.000Z,/products/:id,GET,200,33,US,Mobile
2025-09-03T20:41:26.000Z,/cart,GET,200,32,DE,Mobile
2025-09-03T20:49:56.000Z,/search,GET,200,66,JP,Mobile
2025-09-03T20:51:23.000Z,/cart,GET,404,33,DE,Mobile
2025-09-03T20:51:44.000Z,/account,GET,200,64,DE,Desktop
2025-09-03T20:53:16.000Z,/products,GET,200,62,US,Desktop
2025-09-03T21:01:58.000Z,/products/:id,GET,200,86,DE,Desktop
2025-09-03T21:02:45.000Z,/,GET,200,22,BR,Mobile
2025-09-03T21:03:05.000Z,/,GET,200,32,BR,Mobile
2025-09-03T21:15:27.000Z,/products/:id,GET,200,66,US,Desktop
2025-09-03T21:22:37.000Z,/products,GET,304,160,US,Desktop
2025-09-03T21:25:08.000Z,/,GET,200,65,DE,Mobile
2025-09-03T21:25:30.000Z,/products,GET,304,68,JP,Desktop
2025-09-03T21:27:25.000Z,/,GET,200,58,DE,Mobile
2025-09-03T21:27:54.000Z,/api/cart,POST,200,104,GB,Desktop
2025-09-03T21:37:27.000Z,/products/:id,GET,200,41,US,Desktop
2025-09-03T21:42:45.000Z,/search,GET,200,117,US,Desktop
2025-09-03T21:55:08.000Z,/cart,GET,200,44,DE,Tablet
2025-09-03T22:03:52.000Z,/api/checkout,POST,200,245,US,Desktop
2025-09-03T22:05:26.000Z,/,GET,200,34,US,Mobile
2025-09-03T22:06:25.000Z,/products,GET,200,62,BR,Mobile
2025-09-03T22:07:28.000Z,/search,GET,200,130,IN,Desktop
2025-09-03T22:18:22.000Z,/products,GET,200,156,CA,Desktop
2025-09-03T22:22:43.000Z,/products/:id,GET,200,37,DE,Tablet
2025-09-03T22:24:00.000Z,/cart,GET,200,36,FR,Desktop
2025-09-03T22:26:13.000Z,/,GET,200,33,US,Mobile
2025-09-03T22:28:17.000Z,/,GET,200,33,JP,Mobile
2025-09-03T22:42:28.000Z,/account,GET,200,213,US,Desktop
2025-09-03T22:46:22.000Z,/,GET,200,70,BR,Desktop
2025-09-03T23:15:16.000Z,/,GET,200,62,IN,Mobile
2025-09-03T23:17:37.000Z,/cart,GET,200,33,CA,Mobile
2025-09-03T23:24:54.000Z,/api/cart,POST,200,74,US,Mobile
2025-09-03T23:37:53.000Z,/products,GET,200,122,US,Desktop
2025-09-03T23:43:12.000Z,/api/checkout,POST,200,230,BR,Mobile
2025-09-03T23:45:38.000Z,/products/:id,GET,200,66,JP,Mobile
2025-09-03T23:47:47.000Z,/products/:id,GET,200,52,CA,Mobile
2025-09-03T23:53:40.000Z,/search,GET,200,247,US,Desktop
2025-09-03T23:55:03.000Z,/account,GET,200,47,DE,Mobile
2025-09-03T23:59:46.000Z,/search,GET,200,226,JP,Mobile
2025-09-04T00:11:42.000Z,/,GET,200,80,GB,Mobile
2025-09-04T00:21:28.000Z,/api/checkout,POST,200,459,DE,Desktop
2025-09-04T00:36:58.000Z,/api/checkout,POST,404,290,CA,Desktop
2025-09-04T00:44:19.000Z,/account,GET,200,103,JP,Desktop
2025-09-04T00:49:59.000Z,/products,GET,200,76,FR,Mobile
2025-09-04T00:56:40.000Z,/,GET,200,16,GB,Mobile
2025-09-04T01:14:18.000Z,/products/:id,GET,200,28,JP,Desktop
2025-09-04T01:18:03.000Z,/search,GET,200,124,US,Mobile
2025-09-04T01:19:55.000Z,/search,GET,200,159,GB,Mobile
2025-09-04T01:25:41.000Z,/products,GET,200,78,JP,Mobile
2025-09-04T01:26:54.000Z,/products,GET,200,58,IN,Mobile
2025-09-04T01:28:33.000Z,/products,GET,200,75,US,Desktop
2025-09-04T01:30:50.000Z,/search,GET,200,174,DE,Mobile
2025-09-04T01:39:35.000Z,/products,GET,200,79,FR,Desktop
2025-09-04T01:40:52.000Z,/,GET,200,18,GB,Desktop
2025-09-04T01:42:59.000Z,/products/:id,GET,200,65,JP,Mobile
2025-09-04T01:49:23.000Z,/api/cart,POST,200,65,US,Desktop
2025-09-04T01:54:55.000Z,/,GET,200,46,DE,Mobile
2025-09-04T01:57:22.000Z,/search,GET,200,87,US,Desktop
2025-09-04T02:07:18.000Z,/products,GET,200,53,GB,Mobile
2025-09-04T02:15:17.000Z,/products,GET,200,94,BR,Mobile
2025-09-04T02:17:33.000Z,/,GET,200,47,FR,Desktop
2025-09-04T02:18:09.000Z,/search,GET,200,88,US,Desktop
2025-09-04T02:18:40.000Z,/search,GET,200,138,GB,Desktop
2025-09-04T02:30:05.000Z,/,GET,200,26,JP,Mobile
2025-09-04T02:42:42.000Z,/cart,GET,200,52,US,Mobile
2025-09-04T02:43:00.000Z,/account,GET,200,76,CA,Desktop
2025-09-04T02:45:48.000Z,/search,GET,200,118,CA,Mobile
2025-09-04T02:48:18.000Z,/products/:id,GET,200,29,DE,Desktop
2025-09-04T02:55:39.000Z,/cart,GET,200,20,DE,Desktop
2025-09-04T03:03:48.000Z,/products,GET,200,53,US,Mobile
2025-09-04T03:04:02.000Z,/products,GET,200,87,JP,Mobile
2025-09-04T03:14:10.000Z,/products/:id,GET,200,107,US,Desktop
2025-09-04T03:18:25.000Z,/search,GET,200,88,IN,Desktop
2025-09-04T03:28:47.000Z,/cart,GET,200,77,DE,Desktop
2025-09-04T03:28:56.000Z,/products/:id,GET,200,74,US,Mobile
2025-09-04T03:32:08.000Z,/products/:id,GET,200,39,JP,Desktop
2025-09-04T03:32:16.000Z,/products/:id,GET,200,94,US,Mobile
2025-09-04T03:32:54.000Z,/account,GET,200,52,GB,Desktop
2025-09-04T03:34:04.000Z,/products/:id,GET,200,82,FR,Desktop
2025-09-04T03:34:29.000Z,/,GET,200,25,CA,Tablet
2025-09-04T03:44:48.000Z,/search,GET,200,179,BR,Mobile
2025-09-04T03:49:23.000Z,/products/:id,GET,200,41,JP,Desktop
2025-09-04T03:52:21.000Z,/,GET,200,37,US,Mobile
2025-09-04T03:56:42.000Z,/search,GET,200,170,US,Desktop
2025-09-04T04:03:00.000Z,/,GET,200,84,US,Mobile
2025-09-04T04:05:06.000Z,/api/cart,POST,200,148,US,Mobile
2025-09-04T04:12:21.000Z,/,GET,200,81,FR,Mobile
2025-09-04T04:12:52.000Z,/api/checkout,POST,200,202,US,Mobile
2025-09-04T04:14:50.000Z,/products,GET,200,82,BR,Mobile
2025-09-04T04:16:05.000Z,/products/:id,GET,200,35,US,Tablet
2025-09-04T04:17:10.000Z,/products,GET,200,79,IN,Desktop
2025-09-04T04:20:18.000Z,/products,GET,200,102,US,Desktop
2025-09-04T04:29:34.000Z,/,GET,200,20,US,Desktop
2025-09-04T04:31:57.000Z,/api/cart,POST,200,71,US,Desktop
2025-09-04T04:34:06.000Z,/cart,GET,200,84,US,Mobile
2025-09-04T04:43:40.000Z,/,GET,200,32,IN,Mobile
2025-09-04T04:50:45.000Z,/,GET,200,55,JP,Mobile
2025-09-04T04:50:50.000Z,/api/cart,POST,200,41,US,Desktop
2025-09-04T04:50:51.000Z,/api/cart,POST,304,89,US,Mobile
2025-09-04T04:54:39.000Z,/products,GET,200,96,US,Tablet
2025-09-04T04:54:51.000Z,/,GET,200,29,US,Mobile
2025-09-04T04:57:53.000Z,/,GET,200,57,US,Mobile
2025-09-04T05:09:24.000Z,/,GET,404,68,US,Tablet
2025-09-04T05:16:41.000Z,/products/:id,GET,200,51,DE,Desktop
2025-09-04T05:30:53.000Z,/products,GET,200,86,GB,Mobile
2025-09-04T05:31:22.000Z,/products/:id,GET,200,260,US,Mobile
2025-09-04T05:35:11.000Z,/,GET,200,38,US,Mobile
2025-09-04T05:43:16.000Z,/,GET,200,33,CA,Mobile
2025-09-04T05:44:31.000Z,/search,GET,404,161,DE,Mobile
2025-09-04T05:47:48.000Z,/search,GET,200,242,US,Desktop
2025-09-04T05:48:48.000Z,/products,GET,200,146,US,Desktop
2025-09-04T05:51:10.000Z,/,GET,200,35,GB,Desktop
2025-09-04T05:51:11.000Z,/products,GET,200,138,US,Desktop
2025-09-04T05:59:03.000Z,/,GET,200,68,BR,Desktop
2025-09-04T06:07:38.000Z,/api/cart,POST,200,91,US,Desktop
2025-09-04T06:11:18.000Z,/api/cart,POST,200,98,DE,Desktop
2025-09-04T06:34:40.000Z,/api/cart,POST,200,78,GB,Tablet
2025-09-04T06:35:37.000Z,/products,GET,200,91,US,Mobile
2025-09-04T06:36:20.000Z,/api/cart,POST,200,50,US,Mobile
2025-09-04T06:43:17.000Z,/,GET,200,28,GB,Mobile
2025-09-04T06:45:17.000Z,/cart,GET,200,47,CA,Mobile
2025-09-04T06:47:09.000Z,/,GET,200,57,IN,Mobile
2025-09-04T06:48:07.000Z,/search,GET,200,260,BR,Mobile
2025-09-04T06:51:46.000Z,/products/:id,GET,200,51,BR,Mobile
2025-09-04T06:56:15.000Z,/api/checkout,POST,200,123,IN,Desktop
2025-09-04T06:58:33.000Z,/,GET,200,64,US,Desktop
2025-09-04T07:03:57.000Z,/search,GET,200,226,US,Desktop
2025-09-04T07:11:39.000Z,/cart,GET,200,33,GB,Mobile
2025-09-04T07:12:38.000Z,/cart,GET,200,53,JP,Mobile
2025-09-04T07:14:24.000Z,/,GET,304,27,CA,Desktop
2025-09-04T07:19:13.000Z,/products,GET,200,105,IN,Desktop
2025-09-04T07:20:17.000Z,/cart,GET,404,32,US,Mobile
2025-09-04T07:30:02.000Z,/products/:id,GET,200,32,DE,Desktop
2025-09-04T07:30:27.000Z,/products,GET,304,235,JP,Desktop
2025-09-04T07:30:29.000Z,/,GET,200,27,US,Mobile
2025-09-04T07:30:33.000Z,/,GET,200,59,US,Mobile
2025-09-04T07:31:58.000Z,/products/:id,GET,200,55,GB,Desktop
2025-09-04T07:33:53.000Z,/products,GET,200,56,IN,Mobile
2025-09-04T07:35:52.000Z,/cart,GET,200,39,DE,Mobile
2025-09-04T07:37:41.000Z,/products/:id,GET,200,75,BR,Desktop
2025-09-04T07:46:30.000Z,/api/cart,POST,200,80,IN,Desktop
2025-09-04T07:47:40.000Z,/products,GET,200,132,US,Desktop
2025-09-04T07:51:57.000Z,/products/:id,GET,200,46,BR,Desktop
2025-09-04T07:54:08.000Z,/,GET,200,82,US,Desktop
2025-09-04T07:55:02.000Z,/,GET,200,58,US,Desktop
2025-09-04T07:56:05.000Z,/cart,GET,200,51,US,Tablet
2025-09-04T07:57:18.000Z,/products/:id,GET,200,26,FR,Mobile
2025-09-04T08:01:02.000Z,/products,GET,304,112,US,Desktop
2025-09-04T08:02:39.000Z,/,GET,200,38,US,Mobile
2025-09-04T08:02:45.000Z,/products/:id,GET,200,122,US,Desktop
2025-09-04T08:02:57.000Z,/account,GET,200,54,US,Desktop
2025-09-04T08:06:59.000Z,/,GET,200,58,IN,Mobile
2025-09-04T08:07:02.000Z,/cart,GET,200,44,US,Mobile
2025-09-04T08:07:54.000Z,/account,GET,200,116,GB,Mobile
2025-09-04T08:10:35.000Z,/,GET,200,92,CA,Mobile
2025-09-04T08:12:49.000Z,/search,GET,200,266,US,Desktop
2025-09-04T08:13:45.000Z,/api/cart,POST,200,76,GB,Desktop
2025-09-04T08:15:40.000Z,/products,GET,200,105,GB,Mobile
2025-09-04T08:20:43.000Z,/products/:id,GET,200,43,BR,Mobile
2025-09-04T08:23:27.000Z,/products/:id,GET,200,70,GB,Desktop
2025-09-04T08:24:17.000Z,/products,GET,200,131,FR,Desktop
2025-09-04T08:30:07.000Z,/products,GET,200,46,IN,Desktop
2025-09-04T08:31:37.000Z,/cart,GET,200,85,JP,Desktop
2025-09-04T08:31:50.000Z,/,GET,304,66,US,Mobile
2025-09-04T08:33:50.000Z,/products/:id,GET,200,35,DE,Mobile
2025-09-04T08:35:41.000Z,/search,GET,200,263,US,Desktop
2025-09-04T08:37:48.000Z,/account,GET,200,54,BR,Desktop
2025-09-04T08:42:11.000Z,/products,GET,200,48,CA,Desktop
2025-09-04T08:45:44.000Z,/products/:id,GET,200,37,US,Mobile
2025-09-04T08:52:48.000Z,/api/cart,POST,500,66,DE,Mobile
2025-09-04T08:52:55.000Z,/products/:id,GET,200,95,US,Desktop
2025-09-04T08:54:42.000Z,/cart,GET,200,72,US,Tablet
2025-09-04T08:58:30.000Z,/api/cart,POST,200,140,US,Desktop
2025-09-04T09:03:56.000Z,/api/checkout,POST,200,66,GB,Tablet
2025-09-04T09:05:52.000Z,/products,GET,200,73,CA,Mobile
2025-09-04T09:08:38.000Z,/cart,GET,304,120,FR,Desktop
2025-09-04T09:14:37.000Z,/,GET,200,83,CA,Mobile
2025-09-04T09:21:07.000Z,/cart,GET,200,62,US,Mobile
2025-09-04T09:21:47.000Z,/api/checkout,POST,200,215,US,Tablet
2025-09-04T09:33:56.000Z,/products/:id,GET,404,68,DE,Desktop
2025-09-04T09:37:04.000Z,/,GET,200,50,BR,Mobile
2025-09-04T09:38:05.000Z,/products/:id,GET,200,38,GB,Mobile
2025-09-04T09:38:51.000Z,/account,GET,200,68,GB,Desktop
2025-09-04T09:42:17.000Z,/cart,GET,200,21,US,Desktop
2025-09-04T09:45:43.000Z,/api/checkout,POST,200,416,CA,Desktop
2025-09-04T09:47:02.000Z,/products,GET,200,98,DE,Mobile
2025-09-04T09:47:35.000Z,/,GET,200,53,US,Mobile
2025-09-04T09:50:16.000Z,/cart,GET,200,51,FR,Desktop
2025-09-04T09:52:11.000Z,/api/cart,POST,200,293,GB,Desktop
2025-09-04T09:54:32.000Z,/cart,GET,200,39,DE,Mobile
2025-09-04T09:55:07.000Z,/products,GET,200,83,FR,Desktop
2025-09-04T09:56:17.000Z,/api/cart,POST,200,163,JP,Desktop
2025-09-04T10:03:39.000Z,/cart,GET,200,30,US,Mobile
2025-09-04T10:05:51.000Z,/products/:id,GET,200,97,IN,Desktop
2025-09-04T10:13:33.000Z,/account,GET,304,139,US,Mobile
2025-09-04T10:22:40.000Z,/api/cart,POST,200,203,US,Mobile
2025-09-04T10:23:56.000Z,/,GET,200,44,US,Tablet
2025-09-04T10:24:10.000Z,/products,GET,200,123,US,Mobile
2025-09-04T10:24:50.000Z,/products,GET,200,47,GB,Mobile
2025-09-04T10:31:21.000Z,/products/:id,GET,200,93,GB,Desktop
2025-09-04T10:31:58.000Z,/search,GET,200,203,IN,Tablet
2025-09-04T10:32:18.000Z,/products/:id,GET,200,82,US,Desktop
2025-09-04T10:32:48.000Z,/api/cart,POST,200,91,IN,Mobile
2025-09-04T10:35:21.000Z,/products/:id,GET,200,68,BR,Mobile
2025-09-04T10:37:30.000Z,/api/cart,POST,200,123,DE,Desktop
2025-09-04T10:41:04.000Z,/api/checkout,POST,200,298,CA,Mobile
2025-09-04T10:42:20.000Z,/products/:id,GET,200,239,BR,Desktop
2025-09-04T10:47:00.000Z,/api/checkout,POST,200,122,FR,Desktop
2025-09-04T10:51:01.000Z,/api/cart,POST,200,85,FR,Mobile
2025-09-04T10:52:22.000Z,/,GET,500,60,US,Desktop
2025-09-04T10:57:23.000Z,/cart,GET,404,42,GB,Tablet
2025-09-04T10:57:42.000Z,/products/:id,GET,200,23,GB,Mobile
2025-09-04T10:58:44.000Z,/products/:id,GET,200,71,JP,Mobile
2025-09-04T10:59:13.000Z,/,GET,200,37,US,Tablet
2025-09-04T11:01:58.000Z,/cart,GET,200,57,BR,Desktop
2025-09-04T11:02:59.000Z,/api/cart,POST,200,82,JP,Desktop
2025-09-04T11:03:44.000Z,/products/:id,GET,200,46,CA,Mobile
2025-09-04T11:07:50.000Z,/cart,GET,200,69,DE,Desktop
2025-09-04T11:09:18.000Z,/,GET,200,29,IN,Desktop
2025-09-04T11:09:46.000Z,/api/cart,POST,200,79,US,Desktop
2025-09-04T11:13:23.000Z,/api/checkout,POST,200,497,GB,Mobile
2025-09-04T11:17:37.000Z,/products/:id,GET,200,113,GB,Desktop
2025-09-04T11:27:53.000Z,/products,GET,200,55,IN,Mobile
2025-09-04T11:28:12.000Z,/search,GET,200,108,US,Mobile
2025-09-04T11:28:15.000Z,/cart,GET,200,45,US,Mobile
2025-09-04T11:29:22.000Z,/api/checkout,POST,200,211,FR,Mobile
2025-09-04T11:35:22.000Z,/api/checkout,POST,200,195,US,Tablet
2025-09-04T11:36:58.000Z,/products,GET,200,41,GB,Mobile
2025-09-04T11:39:33.000Z,/search,GET,200,91,GB,Desktop
2025-09-04T11:42:33.000Z,/,GET,200,120,CA,Desktop
2025-09-04T11:47:08.000Z,/products/:id,GET,200,29,FR,Mobile
2025-09-04T11:50:53.000Z,/products/:id,GET,200,79,GB,Desktop
2025-09-04T11:53:03.000Z,/products/:id,GET,200,50,US,Desktop
2025-09-04T11:57:38.000Z,/,GET,200,22,CA,Mobile
2025-09-04T12:00:34.000Z,/api/cart,POST,200,58,JP,Mobile
2025-09-04T12:01:52.000Z,/search,GET,200,188,US,Mobile
2025-09-04T12:03:13.000Z,/search,GET,200,87,BR,Mobile
2025-09-04T12:04:00.000Z,/products/:id,GET,200,40,US,Desktop
2025-09-04T12:04:21.000Z,/products,GET,200,110,US,Mobile
2025-09-04T12:04:36.000Z,/cart,GET,401,39,US,Desktop
2025-09-04T12:05:29.000Z,/products/:id,GET,304,59,US,Desktop
2025-09-04T12:05:46.000Z,/search,GET,200,172,US,Desktop
2025-09-04T12:05:56.000Z,/products,GET,200,59,CA,Desktop
2025-09-04T12:06:09.000Z,/cart,GET,200,51,GB,Mobile
2025-09-04T12:07:15.000Z,/products,GET,200,81,US,Mobile
2025-09-04T12:12:06.000Z,/products,GET,200,61,FR,Desktop
2025-09-04T12:12:50.000Z,/,GET,200,65,US,Mobile
2025-09-04T12:13:50.000Z,/,GET,200,28,US,Mobile
2025-09-04T12:16:02.000Z,/api/checkout,POST,200,157,US,Mobile
2025-09-04T12:18:46.000Z,/cart,GET,304,27,IN,Mobile
2025-09-04T12:19:53.000Z,/cart,GET,200,68,BR,Desktop
2025-09-04T12:20:30.000Z,/search,GET,200,95,US,Mobile
2025-09-04T12:21:42.000Z,/products,GET,200,146,US,Desktop
2025-09-04T12:21:58.000Z,/,GET,200,47,BR,Mobile
2025-09-04T12:22:58.000Z,/api/cart,POST,200,77,US,Desktop
2025-09-04T12:26:34.000Z,/products,GET,200,293,US,Desktop
2025-09-04T12:28:55.000Z,/api/checkout,POST,200,217,BR,Mobile
2025-09-04T12:30:25.000Z,/account,GET,200,73,US,Mobile
2025-09-04T12:32:33.000Z,/products,GET,200,101,JP,Mobile
2025-09-04T12:36:18.000Z,/,GET,200,33,IN,Desktop
2025-09-04T12:36:20.000Z,/products/:id,GET,200,91,JP,Mobile
2025-09-04T12:40:37.000Z,/api/checkout,POST,200,233,FR,Desktop
2025-09-04T12:44:56.000Z,/,GET,200,23,DE,Mobile
2025-09-04T12:54:30.000Z,/products,GET,200,81,US,Mobile
2025-09-04T13:01:34.000Z,/,GET,200,21,US,Mobile
2025-09-04T13:01:54.000Z,/products/:id,GET,200,63,GB,Mobile
2025-09-04T13:05:35.000Z,/products/:id,GET,200,43,US,Mobile
2025-09-04T13:07:23.000Z,/,GET,304,43,IN,Mobile
2025-09-04T13:07:48.000Z,/products,GET,200,75,GB,Mobile
2025-09-04T13:08:45.000Z,/account,GET,200,72,GB,Mobile
2025-09-04T13:13:44.000Z,/search,GET,404,105,IN,Desktop
2025-09-04T13:19:14.000Z,/products,GET,200,141,GB,Mobile
2025-09-04T13:22:05.000Z,/products,GET,200,93,GB,Tablet
2025-09-04T13:25:32.000Z,/account,GET,200,54,JP,Mobile
2025-09-04T13:28:04.000Z,/api/checkout,POST,200,101,IN,Tablet
2025-09-04T13:31:13.000Z,/products,GET,200,110,BR,Desktop
2025-09-04T13:32:52.000Z,/api/cart,POST,200,183,GB,Desktop
2025-09-04T13:33:38.000Z,/,GET,200,26,US,Desktop
2025-09-04T13:35:40.000Z,/search,GET,200,111,GB,Mobile
2025-09-04T13:40:44.000Z,/cart,GET,200,80,US,Desktop
2025-09-04T13:43:09.000Z,/api/checkout,POST,200,321,US,Desktop
2025-09-04T13:44:38.000Z,/products/:id,GET,200,33,US,Mobile
2025-09-04T13:47:49.000Z,/,GET,200,32,US,Tablet
2025-09-04T13:49:52.000Z,/search,GET,200,110,CA,Desktop
2025-09-04T13:50:21.000Z,/products,GET,200,112,GB,Tablet
2025-09-04T13:50:44.000Z,/products,GET,200,57,US,Mobile
2025-09-04T13:52:22.000Z,/,GET,304,55,IN,Mobile
2025-09-04T13:55:18.000Z,/products/:id,GET,200,44,US,Desktop
2025-09-04T13:56:08.000Z,/,GET,200,84,US,Mobile
2025-09-04T13:58:03.000Z,/,GET,200,50,CA,Tablet
2025-09-04T13:59:15.000Z,/search,GET,200,100,CA,Desktop
2025-09-04T14:02:36.000Z,/products/:id,GET,200,44,BR,Desktop
2025-09-04T14:04:01.000Z,/products/:id,GET,200,34,BR,Mobile
2025-09-04T14:04:05.000Z,/products/:id,GET,200,69,US,Mobile
2025-09-04T14:07:50.000Z,/search,GET,200,137,DE,Mobile
2025-09-04T14:14:47.000Z,/api/cart,POST,200,246,US,Desktop
2025-09-04T14:15:06.000Z,/api/cart,POST,200,115,GB,Desktop
2025-09-04T14:16:21.000Z,/products/:id,GET,200,85,FR,Desktop
2025-09-04T14:17:43.000Z,/products/:id,GET,200,85,IN,Tablet
2025-09-04T14:20:53.000Z,/api/cart,POST,200,86,JP,Mobile
2025-09-04T14:23:29.000Z,/search,GET,200,79,US,Mobile
2025-09-04T14:27:43.000Z,/api/checkout,POST,200,138,IN,Desktop
2025-09-04T14:28:32.000Z,/search,GET,404,94,FR,Desktop
2025-09-04T14:29:50.000Z,/products,GET,200,93,CA,Desktop
2025-09-04T14:34:06.000Z,/,GET,200,55,GB,Mobile
2025-09-04T14:36:37.000Z,/account,GET,200,104,US,Mobile
2025-09-04T14:38:37.000Z,/products,GET,200,107,DE,Desktop
2025-09-04T14:42:17.000Z,/products/:id,GET,200,86,IN,Mobile
2025-09-04T14:47:03.000Z,/,GET,200,34,BR,Desktop
2025-09-04T14:47:04.000Z,/products,GET,200,56,GB,Tablet
2025-09-04T14:48:40.000Z,/search,GET,200,176,IN,Mobile
2025-09-04T14:52:47.000Z,/,GET,200,46,GB,Desktop
2025-09-04T14:59:23.000Z,/products,GET,200,76,US,Desktop
2025-09-04T15:00:30.000Z,/,GET,200,68,US,Mobile
2025-09-04T15:00:46.000Z,/search,GET,200,104,US,Desktop
2025-09-04T15:04:14.000Z,/,GET,200,30,GB,Mobile
2025-09-04T15:09:10.000Z,/account,GET,304,82,BR,Desktop
2025-09-04T15:12:26.000Z,/products/:id,GET,200,88,FR,Mobile
2025-09-04T15:16:46.000Z,/account,GET,200,66,BR,Mobile
2025-09-04T15:20:57.000Z,/products/:id,GET,200,51,BR,Tablet
2025-09-04T15:23:01.000Z,/api/checkout,POST,200,421,JP,Mobile
2025-09-04T15:23:39.000Z,/,GET,200,43,GB,Mobile
2025-09-04T15:23:56.000Z,/,GET,200,54,US,Mobile
2025-09-04T15:24:41.000Z,/products,GET,200,127,GB,Mobile
2025-09-04T15:25:27.000Z,/products/:id,GET,200,79,US,Desktop
2025-09-04T15:30:26.000Z,/products,GET,200,148,US,Desktop
2025-09-04T15:30:36.000Z,/products,GET,200,48,US,Desktop
2025-09-04T15:42:16.000Z,/search,GET,200,153,GB,Desktop
2025-09-04T15:46:09.000Z,/api/cart,POST,200,63,US,Mobile
2025-09-04T15:47:09.000Z,/cart,GET,200,102,GB,Mobile
2025-09-04T15:48:08.000Z,/products,GET,200,63,FR,Mobile
2025-09-04T15:49:05.000Z,/products/:id,GET,200,75,IN,Tablet
2025-09-04T15:49:34.000Z,/,GET,200,13,US,Mobile
2025-09-04T15:53:42.000Z,/cart,GET,200,41,US,Mobile
2025-09-04T15:54:32.000Z,/products/:id,GET,200,89,GB,Mobile
2025-09-04T15:56:45.000Z,/,GET,200,42,US,Mobile
2025-09-04T15:56:59.000Z,/products/:id,GET,200,26,JP,Mobile
2025-09-04T15:59:23.000Z,/products,GET,200,38,US,Mobile
2025-09-04T16:01:43.000Z,/products,GET,200,66,IN,Mobile
2025-09-04T16:03:56.000Z,/,GET,200,15,JP,Mobile
2025-09-04T16:04:16.000Z,/,GET,200,42,FR,Mobile
2025-09-04T16:04:30.000Z,/search,GET,200,162,IN,Desktop
2025-09-04T16:05:02.000Z,/search,GET,200,210,BR,Desktop
2025-09-04T16:07:51.000Z,/,GET,200,64,US,Desktop
2025-09-04T16:18:30.000Z,/products,GET,200,85,US,Tablet
2025-09-04T16:19:37.000Z,/api/cart,POST,200,54,DE,Mobile
2025-09-04T16:22:34.000Z,/products/:id,GET,200,22,FR,Mobile
2025-09-04T16:23:23.000Z,/api/cart,POST,200,101,DE,Desktop
2025-09-04T16:23:30.000Z,/,GET,200,25,BR,Mobile
2025-09-04T16:23:36.000Z,/,GET,200,51,US,Mobile
2025-09-04T16:24:19.000Z,/cart,GET,200,40,DE,Mobile
2025-09-04T16:24:30.000Z,/,GET,200,63,US,Mobile
2025-09-04T16:27:34.000Z,/,GET,200,31,US,Mobile
2025-09-04T16:27:56.000Z,/,GET,200,32,FR,Mobile
2025-09-04T16:28:37.000Z,/products/:id,GET,200,71,CA,Desktop
2025-09-04T16:31:42.000Z,/products,GET,200,188,IN,Mobile
2025-09-04T16:31:59.000Z,/api/checkout,POST,200,229,US,Mobile
2025-09-04T16:33:45.000Z,/,GET,404,26,US,Desktop
2025-09-04T16:37:00.000Z,/products/:id,GET,200,57,IN,Desktop
2025-09-04T16:37:14.000Z,/,GET,200,52,FR,Mobile
2025-09-04T16:37:46.000Z,/,GET,200,53,JP,Mobile
2025-09-04T16:41:58.000Z,/cart,GET,200,55,JP,Desktop
2025-09-04T16:43:48.000Z,/api/checkout,POST,200,347,FR,Mobile
2025-09-04T16:43:58.000Z,/search,GET,200,223,JP,Mobile
2025-09-04T16:47:08.000Z,/products/:id,GET,200,55,DE,Mobile
2025-09-04T16:48:09.000Z,/search,GET,200,147,FR,Mobile
2025-09-04T16:49:28.000Z,/,GET,200,36,IN,Mobile
2025-09-04T16:49:43.000Z,/,GET,200,21,IN,Desktop
2025-09-04T16:50:21.000Z,/,GET,200,60,CA,Mobile
2025-09-04T16:50:26.000Z,/products/:id,GET,200,62,US,Tablet
2025-09-04T16:51:16.000Z,/,GET,200,54,US,Desktop
2025-09-04T16:55:02.000Z,/search,GET,200,108,DE,Mobile
2025-09-04T16:55:24.000Z,/api/checkout,POST,200,200,JP,Desktop
2025-09-04T16:56:48.000Z,/products,GET,200,95,IN,Mobile
2025-09-04T16:57:23.000Z,/products,GET,200,95,US,Mobile
2025-09-04T16:57:35.000Z,/,GET,200,63,US,Mobile
2025-09-04T17:00:01.000Z,/search,GET,200,158,DE,Desktop
2025-09-04T17:03:15.000Z,/api/checkout,POST,200,292,US,Mobile
2025-09-04T17:06:53.000Z,/,GET,200,66,US,Desktop
2025-09-04T17:12:44.000Z,/api/checkout,POST,200,427,US,Tablet
2025-09-04T17:15:27.000Z,/,GET,200,45,US,Mobile
2025-09-04T17:16:52.000Z,/products,GET,200,116,CA,Mobile
2025-09-04T17:19:57.000Z,/,GET,200,73,BR,Mobile
2025-09-04T17:20:05.000Z,/api/cart,POST,200,153,DE,Desktop
2025-09-04T17:20:11.000Z,/api/checkout,POST,200,282,BR,Mobile
2025-09-04T17:20:23.000Z,/products/:id,GET,200,93,JP,Desktop
2025-09-04T17:23:40.000Z,/products,GET,200,85,FR,Tablet
2025-09-04T17:25:42.000Z,/api/cart,POST,200,123,IN,Mobile
2025-09-04T17:26:07.000Z,/account,GET,200,47,US,Mobile
2025-09-04T17:29:31.000Z,/,GET,200,78,US,Desktop
2025-09-04T17:29:51.000Z,/api/cart,POST,200,211,BR,Mobile
2025-09-04T17:31:37.000Z,/products/:id,GET,200,51,US,Desktop
2025-09-04T17:32:21.000Z,/,GET,200,64,CA,Mobile
2025-09-04T17:34:45.000Z,/api/cart,POST,200,150,CA,Desktop
2025-09-04T17:35:33.000Z,/search,GET,200,100,US,Desktop
2025-09-04T17:40:46.000Z,/products,GET,200,150,US,Desktop
2025-09-04T17:40:55.000Z,/cart,GET,200,27,US,Tablet
2025-09-04T17:41:59.000Z,/products/:id,GET,200,51,IN,Mobile
2025-09-04T17:44:04.000Z,/products/:id,GET,200,33,JP,Desktop
2025-09-04T17:44:29.000Z,/,GET,200,43,US,Desktop
2025-09-04T17:46:14.000Z,/api/checkout,POST,200,273,CA,Desktop
2025-09-04T18:00:03.000Z,/products,GET,200,159,JP,Desktop
2025-09-04T18:00:55.000Z,/search,GET,200,156,US,Mobile
2025-09-04T18:02:05.000Z,/search,GET,200,120,US,Mobile
2025-09-04T18:03:16.000Z,/search,GET,200,121,US,Desktop
2025-09-04T18:06:19.000Z,/,GET,200,102,US,Desktop
2025-09-04T18:13:42.000Z,/account,GET,200,76,GB,Desktop
2025-09-04T18:20:31.000Z,/api/cart,POST,200,53,US,Mobile
2025-09-04T18:22:25.000Z,/,GET,200,30,US,Mobile
2025-09-04T18:26:20.000Z,/products/:id,GET,200,56,BR,Desktop
2025-09-04T18:27:49.000Z,/cart,GET,200,29,DE,Desktop
2025-09-04T18:34:23.000Z,/search,GET,200,112,GB,Desktop
2025-09-04T18:39:00.000Z,/cart,GET,200,51,US,Desktop
2025-09-04T18:39:21.000Z,/products,GET,200,42,CA,Mobile
2025-09-04T18:39:42.000Z,/search,GET,200,228,US,Mobile
2025-09-04T18:40:10.000Z,/search,GET,200,91,DE,Desktop
2025-09-04T18:40:50.000Z,/products,GET,200,118,US,Desktop
2025-09-04T18:41:57.000Z,/products,GET,200,48,US,Mobile
2025-09-04T18:44:45.000Z,/search,GET,200,100,BR,Desktop
2025-09-04T18:45:07.000Z,/products,GET,200,129,FR,Mobile
2025-09-04T18:52:05.000Z,/products/:id,GET,200,83,FR,Mobile
2025-09-04T18:55:16.000Z,/search,GET,200,111,FR,Mobile
2025-09-04T18:58:29.000Z,/search,GET,200,92,JP,Desktop
2025-09-04T18:59:58.000Z,/,GET,200,62,DE,Mobile
2025-09-04T19:07:03.000Z,/products,GET,200,84,US,Tablet
2025-09-04T19:08:10.000Z,/,GET,200,33,GB,Mobile
2025-09-04T19:10:14.000Z,/api/cart,POST,200,144,GB,Desktop
2025-09-04T19:11:25.000Z,/,GET,200,51,US,Desktop
2025-09-04T19:16:32.000Z,/,GET,200,35,US,Mobile
2025-09-04T19:24:09.000Z,/products/:id,GET,200,42,JP,Desktop
2025-09-04T19:29:33.000Z,/products/:id,GET,200,41,US,Mobile
2025-09-04T19:30:30.000Z,/products/:id,GET,200,61,CA,Mobile
2025-09-04T19:33:38.000Z,/search,GET,200,69,BR,Mobile
2025-09-04T19:33:43.000Z,/,GET,200,43,JP,Mobile
2025-09-04T19:39:21.000Z,/,GET,200,36,US,Mobile
2025-09-04T19:44:15.000Z,/search,GET,200,149,CA,Mobile
2025-09-04T19:45:49.000Z,/api/cart,POST,200,132,US,Mobile
2025-09-04T19:51:21.000Z,/,GET,401,67,BR,Mobile
2025-09-04T19:53:23.000Z,/cart,GET,200,38,US,Desktop
2025-09-04T19:55:03.000Z,/,GET,200,30,IN,Desktop
2025-09-04T19:55:26.000Z,/,GET,200,98,IN,Mobile
2025-09-04T19:55:46.000Z,/,GET,200,122,US,Desktop
2025-09-04T19:56:00.000Z,/products/:id,GET,200,56,BR,Tablet
2025-09-04T20:01:44.000Z,/products,GET,200,26,US,Tablet
2025-09-04T20:04:39.000Z,/products/:id,GET,200,73,DE,Tablet
2025-09-04T20:14:44.000Z,/,GET,200,31,JP,Desktop
2025-09-04T20:17:42.000Z,/api/cart,POST,200,118,US,Desktop
2025-09-04T20:21:20.000Z,/search,GET,200,292,JP,Desktop
2025-09-04T20:26:23.000Z,/products/:id,GET,200,67,JP,Tablet
2025-09-04T20:35:01.000Z,/,GET,200,67,FR,Mobile
2025-09-04T20:52:19.000Z,/products/:id,GET,200,47,US,Tablet
2025-09-04T21:02:40.000Z,/products,GET,200,44,US,Desktop
2025-09-04T21:07:34.000Z,/api/cart,POST,200,86,US,Desktop
2025-09-04T21:15:15.000Z,/cart,GET,200,76,DE,Desktop
2025-09-04T21:19:09.000Z,/,GET,200,18,US,Mobile
2025-09-04T21:21:22.000Z,/products/:id,GET,200,158,US,Tablet
2025-09-04T21:27:36.000Z,/products,GET,200,159,FR,Mobile
2025-09-04T21:29:02.000Z,/products,GET,200,95,FR,Desktop
2025-09-04T21:38:00.000Z,/cart,GET,200,72,US,Desktop
2025-09-04T21:49:13.000Z,/search,GET,200,223,US,Mobile
2025-09-04T22:06:36.000Z,/products,GET,200,38,US,Mobile
2025-09-04T22:13:52.000Z,/search,GET,200,50,GB,Mobile
2025-09-04T22:14:36.000Z,/products/:id,GET,200,118,DE,Desktop
2025-09-04T22:19:33.000Z,/,GET,200,57,US,Desktop
2025-09-04T22:24:55.000Z,/search,GET,200,65,US,Desktop
2025-09-04T22:45:11.000Z,/products/:id,GET,200,58,JP,Desktop
2025-09-04T22:45:19.000Z,/api/checkout,POST,200,289,CA,Mobile
2025-09-04T22:47:04.000Z,/,GET,200,57,FR,Desktop
2025-09-04T22:53:51.000Z,/account,GET,200,61,CA,Mobile
2025-09-04T22:54:52.000Z,/products/:id,GET,200,40,CA,Mobile
2025-09-04T23:01:43.000Z,/products,GET,200,129,US,Mobile
2025-09-04T23:09:56.000Z,/products/:id,GET,200,34,GB,Desktop
2025-09-04T23:18:00.000Z,/api/cart,POST,200,257,US,Mobile
2025-09-04T23:28:35.000Z,/cart,GET,200,70,US,Mobile
2025-09-04T23:29:55.000Z,/products/:id,GET,200,39,JP,Mobile
2025-09-04T23:30:20.000Z,/products/:id,GET,200,52,US,Desktop
2025-09-04T23:30:21.000Z,/products,GET,200,52,FR,Mobile
2025-09-04T23:40:41.000Z,/search,GET,200,131,US,Desktop
2025-09-04T23:42:28.000Z,/search,GET,200,133,IN,Desktop
2025-09-04T23:45:23.000Z,/products/:id,GET,200,125,US,Desktop
2025-09-04T23:46:15.000Z,/api/cart,POST,200,68,US,Mobile
2025-09-04T23:49:07.000Z,/products/:id,GET,200,115,US,Desktop
2025-09-04T23:57:00.000Z,/products,GET,200,91,US,Mobile
2025-09-04T23:57:29.000Z,/,GET,200,60,US,Desktop
2025-09-05T00:02:55.000Z,/api/cart,POST,200,211,US,Desktop
2025-09-05T00:09:07.000Z,/,GET,200,29,US,Desktop
2025-09-05T00:13:07.000Z,/products,GET,200,59,JP,Desktop
2025-09-05T00:13:53.000Z,/products/:id,GET,200,50,IN,Mobile
2025-09-05T00:15:44.000Z,/api/checkout,POST,200,225,GB,Desktop
2025-09-05T00:29:19.000Z,/account,GET,200,93,US,Desktop
2025-09-05T00:32:44.000Z,/,GET,200,68,US,Mobile
2025-09-05T00:38:27.000Z,/cart,GET,200,43,US,Desktop
2025-09-05T00:40:04.000Z,/,GET,200,51,US,Desktop
2025-09-05T00:40:08.000Z,/products/:id,GET,200,49,IN,Mobile
2025-09-05T00:43:47.000Z,/cart,GET,200,40,IN,Desktop
2025-09-05T00:52:55.000Z,/api/checkout,POST,200,182,FR,Desktop
2025-09-05T01:02:59.000Z,/api/checkout,POST,200,89,US,Tablet
2025-09-05T01:03:02.000Z,/products/:id,GET,200,162,US,Mobile
2025-09-05T01:05:49.000Z,/search,GET,200,127,US,Desktop
2025-09-05T01:14:58.000Z,/cart,GET,200,50,JP,Desktop
2025-09-05T01:27:12.000Z,/search,GET,200,103,JP,Desktop
2025-09-05T01:27:26.000Z,/products,GET,200,65,US,Mobile
2025-09-05T01:32:49.000Z,/products,GET,404,153,US,Desktop
2025-09-05T01:46:23.000Z,/products,GET,200,23,FR,Mobile
2025-09-05T02:02:11.000Z,/products/:id,GET,200,34,CA,Mobile
2025-09-05T02:03:20.000Z,/api/cart,POST,200,47,JP,Mobile
2025-09-05T02:05:11.000Z,/,GET,200,45,JP,Mobile
2025-09-05T02:06:16.000Z,/products,GET,200,44,US,Tablet
2025-09-05T02:07:37.000Z,/account,GET,200,54,US,Desktop
2025-09-05T02:10:38.000Z,/account,GET,304,63,GB,Desktop
2025-09-05T02:11:47.000Z,/products,GET,200,52,US,Mobile
2025-09-05T02:16:20.000Z,/,GET,200,39,JP,Tablet
2025-09-05T02:18:32.000Z,/products,GET,200,52,IN,Desktop
2025-09-05T02:31:36.000Z,/account,GET,304,83,IN,Tablet
2025-09-05T02:40:34.000Z,/,GET,200,26,US,Mobile
2025-09-05T02:42:19.000Z,/products,GET,200,40,US,Desktop
2025-09-05T02:42:36.000Z,/cart,GET,200,21,IN,Desktop
2025-09-05T02:44:19.000Z,/,GET,200,37,DE,Mobile
2025-09-05T02:50:27.000Z,/products,GET,404,103,IN,Mobile
2025-09-05T02:53:33.000Z,/products,GET,200,27,DE,Mobile
2025-09-05T02:59:14.000Z,/products/:id,GET,401,43,IN,Desktop
2025-09-05T03:07:01.000Z,/,GET,200,45,DE,Mobile
2025-09-05T03:18:00.000Z,/search,GET,200,420,CA,Mobile
2025-09-05T03:19:50.000Z,/,GET,200,37,DE,Desktop
2025-09-05T03:29:24.000Z,/products,GET,200,230,FR,Desktop
2025-09-05T03:34:32.000Z,/,GET,200,33,GB,Mobile
2025-09-05T03:34:53.000Z,/products,GET,200,129,US,Mobile
2025-09-05T03:35:20.000Z,/products,GET,200,65,IN,Mobile
2025-09-05T03:36:41.000Z,/,GET,200,30,FR,Tablet
2025-09-05T03:37:20.000Z,/products/:id,GET,200,25,US,Desktop
2025-09-05T03:41:12.000Z,/api/checkout,POST,200,299,BR,Desktop
2025-09-05T03:43:09.000Z,/account,GET,200,96,US,Mobile
2025-09-05T03:51:02.000Z,/,GET,200,97,US,Desktop
2025-09-05T03:54:26.000Z,/products,GET,200,99,IN,Desktop
2025-09-05T03:57:47.000Z,/,GET,200,62,US,Mobile
2025-09-05T03:59:41.000Z,/cart,GET,200,27,BR,Mobile
2025-09-05T04:10:16.000Z,/products,GET,200,153,IN,Desktop
2025-09-05T04:10:55.000Z,/cart,GET,200,72,US,Desktop
2025-09-05T04:13:44.000Z,/products,GET,200,69,JP,Mobile
2025-09-05T04:14:37.000Z,/products/:id,GET,200,56,US,Desktop
2025-09-05T04:15:39.000Z,/products,GET,200,56,US,Desktop
2025-09-05T04:17:33.000Z,/api/checkout,POST,200,106,US,Tablet
2025-09-05T04:27:38.000Z,/products/:id,GET,304,32,US,Desktop
2025-09-05T04:30:13.000Z,/products/:id,GET,200,161,IN,Mobile
2025-09-05T04:36:11.000Z,/products/:id,GET,200,68,FR,Desktop
2025-09-05T04:38:01.000Z,/cart,GET,200,48,IN,Mobile
2025-09-05T04:42:18.000Z,/account,GET,404,137,BR,Desktop
2025-09-05T04:43:41.000Z,/products,GET,200,174,FR,Desktop
2025-09-05T04:44:10.000Z,/account,GET,404,124,GB,Mobile
2025-09-05T04:44:37.000Z,/api/checkout,POST,200,177,CA,Desktop
2025-09-05T04:48:34.000Z,/products/:id,GET,200,123,CA,Mobile
2025-09-05T04:49:17.000Z,/cart,GET,200,59,US,Mobile
2025-09-05T04:49:54.000Z,/products/:id,GET,200,49,US,Mobile
2025-09-05T04:53:30.000Z,/search,GET,200,166,IN,Mobile
2025-09-05T04:55:35.000Z,/,GET,200,38,CA,Mobile
2025-09-05T04:56:24.000Z,/,GET,200,18,JP,Desktop
2025-09-05T04:59:23.000Z,/products/:id,GET,200,75,GB,Mobile
2025-09-05T05:01:30.000Z,/products/:id,GET,200,50,US,Desktop
2025-09-05T05:06:09.000Z,/api/cart,POST,200,98,JP,Desktop
2025-09-05T05:06:11.000Z,/,GET,200,46,CA,Mobile
2025-09-05T05:06:23.000Z,/cart,GET,200,58,CA,Mobile
2025-09-05T05:09:09.000Z,/api/checkout,POST,304,157,US,Mobile
2025-09-05T05:18:11.000Z,/cart,GET,200,40,US,Mobile
2025-09-05T05:24:09.000Z,/products/:id,GET,200,80,JP,Desktop
2025-09-05T05:27:39.000Z,/search,GET,200,125,US,Mobile
2025-09-05T05:30:31.000Z,/cart,GET,200,82,IN,Desktop
2025-09-05T05:39:10.000Z,/products/:id,GET,200,51,CA,Desktop
2025-09-05T05:41:35.000Z,/search,GET,200,130,FR,Mobile
2025-09-05T05:48:48.000Z,/search,GET,304,98,BR,Desktop
2025-09-05T05:53:38.000Z,/,GET,200,43,JP,Desktop
2025-09-05T06:01:23.000Z,/,GET,200,27,US,Mobile
2025-09-05T06:02:07.000Z,/products/:id,GET,200,74,US,Mobile
2025-09-05T06:04:46.000Z,/search,GET,200,198,US,Desktop
2025-09-05T06:06:52.000Z,/cart,GET,200,44,FR,Desktop
2025-09-05T06:08:11.000Z,/,GET,200,32,IN,Desktop
2025-09-05T06:09:45.000Z,/products/:id,GET,200,97,US,Mobile
2025-09-05T06:10:09.000Z,/api/checkout,POST,200,173,FR,Mobile
2025-09-05T06:10:41.000Z,/api/checkout,POST,200,346,US,Mobile
2025-09-05T06:16:39.000Z,/,GET,200,125,IN,Mobile
2025-09-05T06:19:01.000Z,/cart,GET,200,64,CA,Desktop
2025-09-05T06:24:12.000Z,/search,GET,200,168,FR,Mobile
2025-09-05T06:24:13.000Z,/products/:id,GET,200,48,CA,Desktop
2025-09-05T06:26:33.000Z,/products/:id,GET,200,72,CA,Mobile
2025-09-05T06:30:55.000Z,/search,GET,200,74,DE,Mobile
2025-09-05T06:31:25.000Z,/,GET,200,48,US,Mobile
2025-09-05T06:32:24.000Z,/api/checkout,POST,200,625,CA,Tablet
2025-09-05T06:35:21.000Z,/,GET,200,59,US,Desktop
2025-09-05T06:36:26.000Z,/,GET,200,35,IN,Desktop
2025-09-05T06:36:43.000Z,/,GET,200,25,FR,Desktop
2025-09-05T06:44:15.000Z,/products,GET,200,84,US,Mobile
2025-09-05T06:46:01.000Z,/search,GET,200,165,DE,Mobile
2025-09-05T06:46:55.000Z,/cart,GET,200,46,FR,Desktop
2025-09-05T06:52:43.000Z,/api/checkout,POST,200,224,CA,Desktop
2025-09-05T06:58:48.000Z,/search,GET,200,37,DE,Mobile
2025-09-05T07:07:54.000Z,/products/:id,GET,200,51,US,Desktop
2025-09-05T07:08:48.000Z,/products,GET,200,62,DE,Desktop
2025-09-05T07:08:59.000Z,/,GET,200,28,BR,Mobile
2025-09-05T07:09:41.000Z,/,GET,200,75,BR,Desktop
2025-09-05T07:10:48.000Z,/products/:id,GET,200,41,US,Desktop
2025-09-05T07:13:18.000Z,/search,GET,200,152,JP,Mobile
2025-09-05T07:22:30.000Z,/cart,GET,200,46,GB,Desktop
2025-09-05T07:24:21.000Z,/products/:id,GET,200,79,JP,Desktop
2025-09-05T07:28:40.000Z,/cart,GET,200,94,US,Mobile
2025-09-05T07:30:34.000Z,/products,GET,200,72,US,Mobile
2025-09-05T07:37:54.000Z,/products,GET,200,176,US,Mobile
2025-09-05T07:40:37.000Z,/products,GET,200,123,CA,Mobile
2025-09-05T07:44:07.000Z,/,GET,200,42,GB,Desktop
2025-09-05T07:52:25.000Z,/,GET,200,40,JP,Mobile
2025-09-05T07:53:48.000Z,/products,GET,200,103,BR,Desktop
2025-09-05T07:54:57.000Z,/account,GET,200,56,DE,Tablet
2025-09-05T07:58:17.000Z,/,GET,200,64,GB,Mobile
2025-09-05T07:59:18.000Z,/api/checkout,POST,200,270,US,Desktop
2025-09-05T08:00:27.000Z,/products/:id,GET,200,26,US,Desktop
2025-09-05T08:00:35.000Z,/products/:id,GET,200,50,US,Desktop
2025-09-05T08:05:41.000Z,/,GET,404,48,US,Mobile
2025-09-05T08:10:54.000Z,/products/:id,GET,200,58,GB,Mobile
2025-09-05T08:11:45.000Z,/products,GET,200,77,IN,Desktop
2025-09-05T08:12:15.000Z,/account,GET,200,121,US,Desktop
2025-09-05T08:17:41.000Z,/cart,GET,200,113,FR,Desktop
2025-09-05T08:18:22.000Z,/,GET,200,30,US,Desktop
2025-09-05T08:21:06.000Z,/products/:id,GET,200,39,US,Mobile
2025-09-05T08:21:07.000Z,/products/:id,GET,200,50,JP,Mobile
2025-09-05T08:23:23.000Z,/api/cart,POST,200,72,US,Desktop
2025-09-05T08:29:45.000Z,/,GET,200,72,US,Mobile
2025-09-05T08:32:19.000Z,/products,GET,200,113,US,Mobile
2025-09-05T08:33:44.000Z,/api/checkout,POST,200,295,CA,Desktop
2025-09-05T08:38:44.000Z,/,GET,200,72,US,Mobile
2025-09-05T08:38:58.000Z,/products,GET,200,102,US,Desktop
2025-09-05T08:39:39.000Z,/,GET,200,46,CA,Desktop
2025-09-05T08:44:10.000Z,/api/cart,POST,200,69,IN,Mobile
2025-09-05T08:44:11.000Z,/,GET,200,36,US,Mobile
2025-09-05T08:44:21.000Z,/search,GET,200,120,JP,Desktop
2025-09-05T08:44:22.000Z,/api/checkout,POST,200,277,DE,Mobile
2025-09-05T08:44:23.000Z,/api/checkout,POST,200,150,CA,Mobile
2025-09-05T08:44:27.000Z,/products/:id,GET,200,39,JP,Mobile
2025-09-05T08:47:04.000Z,/api/cart,POST,200,138,IN,Mobile
2025-09-05T08:47:09.000Z,/products/:id,GET,200,39,BR,Mobile
2025-09-05T08:48:11.000Z,/products,GET,200,86,BR,Mobile
2025-09-05T08:48:34.000Z,/cart,GET,200,89,US,Desktop
2025-09-05T08:51:10.000Z,/products/:id,GET,200,69,JP,Mobile
2025-09-05T08:51:35.000Z,/search,GET,200,182,IN,Tablet
2025-09-05T08:52:10.000Z,/products,GET,200,100,US,Mobile
2025-09-05T08:52:29.000Z,/api/cart,POST,200,89,US,Mobile
2025-09-05T08:57:08.000Z,/products/:id,GET,200,41,CA,Desktop
2025-09-05T08:58:11.000Z,/cart,GET,200,48,GB,Mobile
2025-09-05T08:59:36.000Z,/products,GET,200,68,BR,Desktop
2025-09-05T09:06:22.000Z,/products,GET,200,44,US,Desktop
2025-09-05T09:06:55.000Z,/products/:id,GET,200,186,US,Mobile
2025-09-05T09:07:05.000Z,/products/:id,GET,200,79,JP,Mobile
2025-09-05T09:08:10.000Z,/products,GET,200,99,GB,Desktop
2025-09-05T09:10:06.000Z,/api/checkout,POST,200,338,US,Mobile
2025-09-05T09:18:22.000Z,/products,GET,200,13,GB,Desktop
2025-09-05T09:26:58.000Z,/products/:id,GET,200,33,US,Tablet
2025-09-05T09:30:09.000Z,/api/cart,POST,200,43,GB,Desktop
2025-09-05T09:32:27.000Z,/,GET,200,59,US,Tablet
2025-09-05T09:33:20.000Z,/,GET,200,81,FR,Desktop
2025-09-05T09:36:35.000Z,/products/:id,GET,304,127,DE,Desktop
2025-09-05T09:37:46.000Z,/api/checkout,POST,200,248,JP,Tablet
2025-09-05T09:41:04.000Z,/products,GET,304,84,DE,Desktop
2025-09-05T09:41:17.000Z,/search,GET,200,205,IN,Mobile
2025-09-05T09:42:59.000Z,/cart,GET,200,47,CA,Desktop
2025-09-05T09:47:17.000Z,/cart,GET,200,58,DE,Mobile
2025-09-05T09:48:10.000Z,/products/:id,GET,404,52,FR,Desktop
2025-09-05T09:49:22.000Z,/products/:id,GET,200,26,DE,Desktop
2025-09-05T09:51:14.000Z,/search,GET,200,69,US,Mobile
2025-09-05T09:55:01.000Z,/search,GET,200,60,US,Mobile
2025-09-05T09:55:55.000Z,/products,GET,200,55,BR,Mobile
2025-09-05T09:58:34.000Z,/search,GET,200,115,DE,Mobile
2025-09-05T10:00:24.000Z,/api/cart,POST,200,69,DE,Desktop
2025-09-05T10:03:03.000Z,/api/cart,POST,200,143,US,Desktop
2025-09-05T10:04:22.000Z,/search,GET,200,251,DE,Desktop
2025-09-05T10:04:36.000Z,/,GET,200,33,US,Mobile
2025-09-05T10:07:00.000Z,/api/cart,POST,200,100,CA,Mobile
2025-09-05T10:07:40.000Z,/products,GET,200,123,US,Mobile
2025-09-05T10:08:12.000Z,/products/:id,GET,200,40,IN,Mobile
2025-09-05T10:14:16.000Z,/cart,GET,200,61,US,Desktop
2025-09-05T10:15:14.000Z,/search,GET,200,230,IN,Desktop
2025-09-05T10:16:06.000Z,/cart,GET,200,42,JP,Desktop
2025-09-05T10:16:56.000Z,/products/:id,GET,200,99,US,Desktop
2025-09-05T10:19:59.000Z,/cart,GET,200,74,BR,Mobile
2025-09-05T10:22:32.000Z,/search,GET,200,110,IN,Desktop
2025-09-05T10:24:35.000Z,/,GET,200,51,BR,Mobile
2025-09-05T10:30:00.000Z,/,GET,200,47,US,Mobile
2025-09-05T10:31:11.000Z,/products/:id,GET,200,93,US,Tablet
2025-09-05T10:31:46.000Z,/products/:id,GET,200,61,US,Mobile
2025-09-05T10:36:43.000Z,/api/checkout,POST,200,214,US,Mobile
2025-09-05T10:39:20.000Z,/products,GET,200,102,FR,Tablet
2025-09-05T10:42:04.000Z,/products,GET,200,84,US,Tablet
2025-09-05T10:43:05.000Z,/,GET,200,84,US,Desktop
2025-09-05T10:45:21.000Z,/products/:id,GET,401,59,BR,Desktop
2025-09-05T10:45:47.000Z,/search,GET,200,144,US,Desktop
2025-09-05T10:47:01.000Z,/search,GET,200,236,US,Mobile
2025-09-05T10:48:09.000Z,/products,GET,200,70,GB,Desktop
2025-09-05T10:48:56.000Z,/products,GET,200,59,US,Mobile
2025-09-05T10:48:57.000Z,/products,GET,200,80,US,Mobile
2025-09-05T10:49:38.000Z,/products,GET,200,39,CA,Mobile
2025-09-05T10:49:58.000Z,/,GET,200,41,US,Mobile
2025-09-05T10:50:29.000Z,/products/:id,GET,304,44,CA,Mobile
2025-09-05T10:51:41.000Z,/products/:id,GET,200,60,JP,Desktop
2025-09-05T10:56:55.000Z,/,GET,200,83,US,Desktop
2025-09-05T10:56:57.000Z,/cart,GET,200,62,DE,Desktop
2025-09-05T11:02:34.000Z,/search,GET,200,209,US,Mobile
2025-09-05T11:07:21.000Z,/products/:id,GET,200,73,IN,Mobile
2025-09-05T11:08:47.000Z,/search,GET,200,98,GB,Desktop
2025-09-05T11:08:55.000Z,/products,GET,200,46,US,Desktop
2025-09-05T11:09:27.000Z,/api/cart,POST,200,220,US,Mobile
2025-09-05T11:09:57.000Z,/api/cart,POST,200,49,US,Tablet
2025-09-05T11:10:46.000Z,/search,GET,200,126,IN,Desktop
2025-09-05T11:19:40.000Z,/products,GET,200,88,DE,Mobile
2025-09-05T11:21:47.000Z,/search,GET,200,98,US,Mobile
2025-09-05T11:27:59.000Z,/api/checkout,POST,304,188,CA,Tablet
2025-09-05T11:31:35.000Z,/products/:id,GET,200,86,GB,Mobile
2025-09-05T11:36:36.000Z,/products,GET,200,104,BR,Desktop
2025-09-05T11:37:26.000Z,/products/:id,GET,200,39,IN,Desktop
2025-09-05T11:38:28.000Z,/products/:id,GET,200,56,DE,Desktop
2025-09-05T11:42:06.000Z,/products/:id,GET,200,30,GB,Desktop
2025-09-05T11:44:17.000Z,/,GET,200,29,US,Mobile
2025-09-05T11:44:17.000Z,/products,GET,200,104,JP,Desktop
2025-09-05T11:44:33.000Z,/cart,GET,200,62,GB,Mobile
2025-09-05T11:45:06.000Z,/products/:id,GET,200,151,CA,Mobile
2025-09-05T11:45:20.000Z,/,GET,200,37,GB,Mobile
2025-09-05T11:46:14.000Z,/products,GET,200,72,JP,Desktop
2025-09-05T11:52:14.000Z,/,GET,200,88,CA,Desktop
2025-09-05T11:55:34.000Z,/products/:id,GET,200,62,JP,Desktop
2025-09-05T11:55:46.000Z,/search,GET,200,116,US,Desktop
2025-09-05T11:59:37.000Z,/api/cart,POST,200,124,BR,Mobile
2025-09-05T12:00:30.000Z,/products,GET,200,118,BR,Mobile
2025-09-05T12:00:50.000Z,/cart,GET,200,39,JP,Mobile
2025-09-05T12:01:18.000Z,/,GET,404,26,FR,Mobile
2025-09-05T12:01:35.000Z,/,GET,200,28,GB,Desktop
2025-09-05T12:05:12.000Z,/,GET,200,37,DE,Mobile
2025-09-05T12:10:55.000Z,/products/:id,GET,200,54,GB,Desktop
2025-09-05T12:11:07.000Z,/products/:id,GET,200,41,DE,Mobile
2025-09-05T12:14:05.000Z,/search,GET,200,184,DE,Tablet
2025-09-05T12:14:56.000Z,/cart,GET,200,54,US,Desktop
2025-09-05T12:16:11.000Z,/products/:id,GET,200,62,GB,Mobile
2025-09-05T12:16:39.000Z,/,GET,200,57,US,Mobile
2025-09-05T12:20:29.000Z,/products/:id,GET,200,61,DE,Desktop
2025-09-05T12:21:45.000Z,/products/:id,GET,200,44,DE,Mobile
2025-09-05T12:24:44.000Z,/account,GET,200,87,DE,Desktop
2025-09-05T12:27:44.000Z,/api/cart,POST,200,69,IN,Mobile
2025-09-05T12:27:55.000Z,/account,GET,200,92,US,Desktop
2025-09-05T12:29:58.000Z,/api/checkout,POST,200,165,GB,Mobile
2025-09-05T12:30:18.000Z,/search,GET,200,155,CA,Mobile
2025-09-05T12:30:34.000Z,/api/checkout,POST,200,723,DE,Desktop
2025-09-05T12:31:08.000Z,/,GET,200,69,BR,Desktop
2025-09-05T12:33:59.000Z,/products/:id,GET,200,43,BR,Desktop
2025-09-05T12:34:10.000Z,/products,GET,200,122,US,Mobile
2025-09-05T12:35:46.000Z,/products,GET,200,57,IN,Mobile
2025-09-05T12:37:28.000Z,/products/:id,GET,200,60,US,Desktop
2025-09-05T12:38:23.000Z,/,GET,200,58,IN,Mobile
2025-09-05T12:40:54.000Z,/products,GET,200,118,US,Mobile
2025-09-05T12:41:16.000Z,/products,GET,200,72,US,Mobile
2025-09-05T12:41:45.000Z,/api/cart,POST,200,86,CA,Mobile
2025-09-05T12:44:18.000Z,/search,GET,200,195,US,Desktop
2025-09-05T12:44:34.000Z,/products,GET,200,184,US,Mobile
2025-09-05T12:45:03.000Z,/,GET,200,57,GB,Desktop
2025-09-05T12:45:09.000Z,/api/cart,POST,200,174,GB,Tablet
2025-09-05T12:46:54.000Z,/search,GET,200,215,US,Tablet
2025-09-05T12:48:50.000Z,/search,GET,304,173,CA,Desktop
2025-09-05T12:52:31.000Z,/,GET,200,78,IN,Desktop
2025-09-05T12:54:03.000Z,/,GET,404,66,FR,Mobile
2025-09-05T13:00:26.000Z,/cart,GET,200,54,BR,Mobile
2025-09-05T13:01:58.000Z,/cart,GET,200,39,US,Mobile
2025-09-05T13:02:43.000Z,/products,GET,200,91,IN,Desktop
2025-09-05T13:06:17.000Z,/products,GET,200,149,IN,Mobile
2025-09-05T13:06:54.000Z,/,GET,200,87,GB,Mobile
2025-09-05T13:08:32.000Z,/products/:id,GET,200,71,GB,Desktop
2025-09-05T13:08:57.000Z,/products,GET,200,64,IN,Mobile
2025-09-05T13:10:41.000Z,/cart,GET,200,95,CA,Desktop
2025-09-05T13:16:22.000Z,/search,GET,200,213,CA,Desktop
2025-09-05T13:20:22.000Z,/search,GET,200,136,BR,Mobile
2025-09-05T13:25:51.000Z,/,GET,200,33,FR,Desktop
2025-09-05T13:28:07.000Z,/products,GET,200,105,DE,Desktop
2025-09-05T13:28:51.000Z,/api/checkout,POST,200,161,IN,Mobile
2025-09-05T13:30:23.000Z,/products/:id,GET,200,59,CA,Mobile
2025-09-05T13:32:01.000Z,/products,GET,200,166,US,Mobile
2025-09-05T13:32:38.000Z,/,GET,200,14,JP,Desktop
2025-09-05T13:34:59.000Z,/search,GET,200,202,CA,Mobile
2025-09-05T13:36:20.000Z,/products/:id,GET,200,19,BR,Desktop
2025-09-05T13:36:34.000Z,/,GET,200,49,US,Desktop
2025-09-05T13:38:31.000Z,/products,GET,200,40,US,Mobile
2025-09-05T13:39:25.000Z,/cart,GET,200,62,CA,Mobile
2025-09-05T13:41:24.000Z,/products/:id,GET,200,148,US,Desktop
2025-09-05T13:44:13.000Z,/products,GET,200,102,US,Desktop
2025-09-05T13:46:59.000Z,/products/:id,GET,304,134,US,Desktop
2025-09-05T13:47:28.000Z,/products/:id,GET,200,22,JP,Mobile
2025-09-05T13:47:54.000Z,/products,GET,200,74,DE,Desktop
2025-09-05T13:48:54.000Z,/,GET,200,33,IN,Desktop
2025-09-05T13:49:03.000Z,/search,GET,200,82,US,Desktop
2025-09-05T13:54:02.000Z,/api/cart,POST,200,69,DE,Tablet
2025-09-05T13:56:27.000Z,/,GET,200,49,US,Desktop
2025-09-05T13:57:32.000Z,/,GET,404,111,IN,Desktop
2025-09-05T14:00:11.000Z,/api/checkout,POST,200,110,US,Desktop
2025-09-05T14:05:28.000Z,/products,GET,200,64,US,Mobile
2025-09-05T14:05:36.000Z,/search,GET,200,77,US,Mobile
2025-09-05T14:07:42.000Z,/cart,GET,200,131,GB,Tablet
2025-09-05T14:08:23.000Z,/api/checkout,POST,200,80,BR,Desktop
2025-09-05T14:08:48.000Z,/products/:id,GET,200,33,US,Mobile
2025-09-05T14:09:09.000Z,/cart,GET,200,58,US,Mobile
2025-09-05T14:15:03.000Z,/products,GET,200,87,IN,Tablet
2025-09-05T14:15:47.000Z,/products/:id,GET,200,71,CA,Tablet
2025-09-05T14:16:19.000Z,/api/checkout,POST,200,155,GB,Desktop
2025-09-05T14:20:44.000Z,/products/:id,GET,200,43,DE,Desktop
2025-09-05T14:25:30.000Z,/products,GET,200,126,JP,Desktop
2025-09-05T14:26:30.000Z,/products,GET,200,44,CA,Mobile
2025-09-05T14:27:01.000Z,/cart,GET,200,51,US,Desktop
2025-09-05T14:29:05.000Z,/products/:id,GET,200,70,US,Desktop
2025-09-05T14:31:49.000Z,/products/:id,GET,200,99,DE,Mobile
2025-09-05T14:32:20.000Z,/products,GET,200,80,US,Desktop
2025-09-05T14:33:11.000Z,/,GET,200,23,BR,Desktop
2025-09-05T14:35:56.000Z,/,GET,200,31,IN,Desktop
2025-09-05T14:36:39.000Z,/,GET,200,29,BR,Mobile
2025-09-05T14:37:58.000Z,/,GET,200,33,JP,Desktop
2025-09-05T14:38:19.000Z,/products/:id,GET,200,43,DE,Desktop
2025-09-05T14:40:01.000Z,/cart,GET,200,127,FR,Mobile
2025-09-05T14:43:58.000Z,/products/:id,GET,200,68,IN,Mobile
2025-09-05T14:45:40.000Z,/products,GET,200,124,IN,Desktop
2025-09-05T14:46:51.000Z,/search,GET,200,227,CA,Mobile
2025-09-05T14:51:27.000Z,/search,GET,200,72,BR,Desktop
2025-09-05T14:51:56.000Z,/api/checkout,POST,500,348,IN,Desktop
2025-09-05T14:52:17.000Z,/products,GET,200,133,US,Desktop
2025-09-05T14:53:58.000Z,/,GET,200,62,US,Desktop
2025-09-05T14:54:13.000Z,/account,GET,200,77,BR,Tablet
2025-09-05T14:54:18.000Z,/products,GET,304,50,CA,Mobile
2025-09-05T14:57:17.000Z,/products,GET,200,105,US,Mobile
2025-09-05T14:57:40.000Z,/,GET,500,36,BR,Desktop
2025-09-05T14:57:42.000Z,/cart,GET,200,54,CA,Desktop
2025-09-05T15:03:32.000Z,/api/cart,POST,200,117,US,Mobile
2025-09-05T15:04:08.000Z,/,GET,200,50,BR,Desktop
2025-09-05T15:07:26.000Z,/api/checkout,POST,200,507,CA,Desktop
2025-09-05T15:07:51.000Z,/products/:id,GET,200,51,US,Mobile
2025-09-05T15:10:25.000Z,/api/checkout,POST,200,247,US,Mobile
2025-09-05T15:14:26.000Z,/api/cart,POST,200,117,US,Mobile
2025-09-05T15:14:53.000Z,/,GET,200,47,GB,Desktop
2025-09-05T15:15:07.000Z,/search,GET,200,255,US,Desktop
2025-09-05T15:19:28.000Z,/api/checkout,POST,404,263,CA,Mobile
2025-09-05T15:20:44.000Z,/cart,GET,200,33,US,Desktop
2025-09-05T15:22:07.000Z,/products,GET,200,72,US,Mobile
2025-09-05T15:25:47.000Z,/search,GET,200,72,US,Mobile
2025-09-05T15:26:43.000Z,/products/:id,GET,200,117,FR,Tablet
2025-09-05T15:27:20.000Z,/products/:id,GET,200,48,JP,Mobile
2025-09-05T15:28:04.000Z,/products,GET,200,88,US,Desktop
2025-09-05T15:30:32.000Z,/,GET,404,24,IN,Mobile
2025-09-05T15:32:13.000Z,/api/cart,POST,200,102,US,Desktop
2025-09-05T15:35:45.000Z,/products,GET,200,118,IN,Mobile
2025-09-05T15:36:26.000Z,/,GET,200,43,JP,Mobile
2025-09-05T15:36:31.000Z,/cart,GET,200,90,BR,Mobile
2025-09-05T15:37:29.000Z,/,GET,200,21,US,Mobile
2025-09-05T15:40:13.000Z,/,GET,200,38,FR,Mobile
2025-09-05T15:41:03.000Z,/search,GET,200,116,US,Mobile
2025-09-05T15:41:10.000Z,/,GET,200,25,GB,Desktop
2025-09-05T15:46:06.000Z,/products/:id,GET,200,106,JP,Tablet
2025-09-05T15:48:58.000Z,/cart,GET,200,33,JP,Mobile
2025-09-05T15:51:40.000Z,/products,GET,401,72,DE,Desktop
2025-09-05T15:53:13.000Z,/cart,GET,200,59,US,Mobile
2025-09-05T15:54:08.000Z,/cart,GET,200,90,US,Desktop
2025-09-05T15:59:54.000Z,/products,GET,200,30,US,Mobile
2025-09-05T16:03:03.000Z,/products,GET,404,119,US,Mobile
2025-09-05T16:14:56.000Z,/products/:id,GET,200,101,IN,Desktop
2025-09-05T16:16:40.000Z,/api/cart,POST,200,55,IN,Tablet
2025-09-05T16:17:15.000Z,/api/cart,POST,200,106,US,Desktop
2025-09-05T16:17:26.000Z,/products/:id,GET,200,35,DE,Mobile
2025-09-05T16:18:39.000Z,/products/:id,GET,200,178,CA,Mobile
2025-09-05T16:19:39.000Z,/api/cart,POST,200,127,US,Desktop
2025-09-05T16:19:52.000Z,/search,GET,200,215,GB,Desktop
2025-09-05T16:21:47.000Z,/products,GET,200,114,DE,Mobile
2025-09-05T16:22:48.000Z,/products/:id,GET,200,33,US,Mobile
2025-09-05T16:24:54.000Z,/products,GET,200,55,US,Mobile
2025-09-05T16:24:56.000Z,/api/checkout,POST,200,232,CA,Desktop
2025-09-05T16:27:40.000Z,/,GET,200,21,IN,Desktop
2025-09-05T16:27:42.000Z,/products/:id,GET,200,42,DE,Mobile
2025-09-05T16:28:59.000Z,/products,GET,200,85,FR,Desktop
2025-09-05T16:31:36.000Z,/account,GET,200,113,BR,Tablet
2025-09-05T16:33:52.000Z,/api/cart,POST,200,61,DE,Mobile
2025-09-05T16:36:00.000Z,/api/cart,POST,200,52,US,Desktop
2025-09-05T16:36:53.000Z,/products/:id,GET,404,51,IN,Mobile
2025-09-05T16:39:41.000Z,/products/:id,GET,200,86,IN,Mobile
2025-09-05T16:40:22.000Z,/products/:id,GET,200,35,US,Mobile
2025-09-05T16:46:20.000Z,/products/:id,GET,200,105,US,Desktop
2025-09-05T16:46:46.000Z,/api/cart,POST,200,91,FR,Mobile
2025-09-05T16:46:48.000Z,/account,GET,200,87,US,Mobile
2025-09-05T16:48:50.000Z,/cart,GET,200,21,JP,Desktop
2025-09-05T16:50:24.000Z,/,GET,200,36,GB,Desktop
2025-09-05T16:50:41.000Z,/search,GET,200,117,JP,Mobile
2025-09-05T16:50:41.000Z,/search,GET,200,88,US,Desktop
2025-09-05T16:56:00.000Z,/api/cart,POST,200,88,IN,Mobile
2025-09-05T17:01:51.000Z,/search,GET,401,108,US,Desktop
2025-09-05T17:03:46.000Z,/products/:id,GET,200,44,IN,Mobile
2025-09-05T17:04:52.000Z,/products/:id,GET,200,64,CA,Desktop
2025-09-05T17:05:09.000Z,/cart,GET,200,63,CA,Mobile
2025-09-05T17:09:24.000Z,/search,GET,200,101,GB,Mobile
2025-09-05T17:09:44.000Z,/api/cart,POST,200,105,US,Desktop
2025-09-05T17:09:47.000Z,/search,GET,200,92,BR,Desktop
2025-09-05T17:10:08.000Z,/products/:id,GET,200,67,DE,Mobile
2025-09-05T17:10:42.000Z,/,GET,200,97,US,Desktop
2025-09-05T17:11:52.000Z,/products,GET,200,30,US,Desktop
2025-09-05T17:13:10.000Z,/products,GET,200,71,US,Mobile
2025-09-05T17:15:01.000Z,/products,GET,200,83,IN,Mobile
2025-09-05T17:16:24.000Z,/products,GET,200,100,US,Mobile
2025-09-05T17:17:47.000Z,/cart,GET,200,35,US,Mobile
2025-09-05T17:27:39.000Z,/api/cart,POST,200,85,US,Desktop
2025-09-05T17:29:33.000Z,/api/cart,POST,200,57,IN,Desktop
2025-09-05T17:29:56.000Z,/,GET,200,66,US,Mobile
2025-09-05T17:30:05.000Z,/products,GET,404,58,JP,Desktop
2025-09-05T17:32:58.000Z,/products,GET,200,31,US,Desktop
2025-09-05T17:39:27.000Z,/search,GET,200,184,DE,Tablet
2025-09-05T17:45:37.000Z,/products,GET,200,98,US,Mobile
2025-09-05T17:47:27.000Z,/products/:id,GET,200,26,US,Desktop
2025-09-05T17:48:05.000Z,/search,GET,200,135,DE,Desktop
2025-09-05T17:50:05.000Z,/,GET,200,31,US,Tablet
2025-09-05T17:52:56.000Z,/products,GET,200,75,GB,Mobile
2025-09-05T17:53:44.000Z,/products,GET,200,202,CA,Desktop
2025-09-05T17:54:33.000Z,/,GET,200,38,GB,Desktop
2025-09-05T17:57:08.000Z,/account,GET,304,42,IN,Mobile
2025-09-05T17:57:45.000Z,/cart,GET,200,94,US,Desktop
2025-09-05T18:01:32.000Z,/api/checkout,POST,200,267,CA,Mobile
2025-09-05T18:08:27.000Z,/products/:id,GET,200,82,US,Desktop
2025-09-05T18:11:48.000Z,/products,GET,200,48,GB,Mobile
2025-09-05T18:23:12.000Z,/search,GET,200,344,US,Desktop
2025-09-05T18:25:16.000Z,/,GET,200,62,US,Mobile
2025-09-05T18:25:21.000Z,/api/cart,POST,200,46,IN,Desktop
2025-09-05T18:34:09.000Z,/products,GET,200,62,US,Mobile
2025-09-05T18:42:53.000Z,/cart,GET,200,20,US,Mobile
2025-09-05T18:44:11.000Z,/,GET,200,70,GB,Tablet
2025-09-05T18:44:40.000Z,/api/checkout,POST,200,172,FR,Mobile
2025-09-05T18:45:48.000Z,/api/checkout,POST,200,163,US,Tablet
2025-09-05T18:46:50.000Z,/products,GET,200,67,US,Mobile
2025-09-05T18:52:38.000Z,/,GET,200,51,US,Desktop
2025-09-05T18:54:47.000Z,/products/:id,GET,304,38,US,Desktop
2025-09-05T19:07:13.000Z,/,GET,200,90,US,Desktop
2025-09-05T19:08:05.000Z,/products,GET,200,44,IN,Tablet
2025-09-05T19:10:19.000Z,/products/:id,GET,200,51,US,Mobile
2025-09-05T19:15:43.000Z,/products,GET,200,129,CA,Mobile
2025-09-05T19:20:52.000Z,/products/:id,GET,200,126,US,Mobile
2025-09-05T19:23:21.000Z,/search,GET,200,113,DE,Mobile
2025-09-05T19:24:52.000Z,/api/checkout,POST,200,281,US,Mobile
2025-09-05T19:31:29.000Z,/,GET,200,27,IN,Mobile
2025-09-05T19:31:38.000Z,/products/:id,GET,200,89,CA,Desktop
2025-09-05T19:38:01.000Z,/search,GET,200,157,GB,Desktop
2025-09-05T19:40:02.000Z,/products,GET,200,46,US,Desktop
2025-09-05T19:44:36.000Z,/products,GET,200,73,US,Tablet
2025-09-05T19:52:11.000Z,/api/checkout,POST,200,279,CA,Desktop
2025-09-05T19:53:50.000Z,/cart,GET,200,31,JP,Mobile
2025-09-05T20:10:19.000Z,/,GET,200,56,GB,Desktop
2025-09-05T20:11:32.000Z,/products,GET,304,162,IN,Desktop
2025-09-05T20:12:46.000Z,/api/checkout,POST,200,152,DE,Mobile
2025-09-05T20:14:10.000Z,/products,GET,200,106,US,Mobile
2025-09-05T20:16:36.000Z,/,GET,200,40,GB,Mobile
2025-09-05T20:42:29.000Z,/products/:id,GET,200,87,IN,Tablet
2025-09-05T20:45:51.000Z,/products,GET,200,147,IN,Desktop
2025-09-05T20:53:51.000Z,/cart,GET,200,63,IN,Desktop
2025-09-05T21:08:48.000Z,/api/cart,POST,200,172,US,Mobile
2025-09-05T21:09:54.000Z,/products/:id,GET,200,45,FR,Desktop
2025-09-05T21:10:56.000Z,/api/checkout,POST,200,399,US,Desktop
2025-09-05T21:11:04.000Z,/products,GET,200,80,US,Desktop
2025-09-05T21:19:24.000Z,/api/checkout,POST,200,232,US,Mobile
2025-09-05T21:21:35.000Z,/search,GET,200,56,US,Desktop
2025-09-05T21:21:42.000Z,/products/:id,GET,200,60,US,Desktop
2025-09-05T21:24:00.000Z,/api/checkout,POST,200,253,US,Mobile
2025-09-05T21:33:30.000Z,/,GET,200,55,IN,Mobile
2025-09-05T21:34:25.000Z,/,GET,200,40,IN,Desktop
2025-09-05T21:36:38.000Z,/products,GET,200,68,CA,Desktop
2025-09-05T21:37:23.000Z,/,GET,200,55,JP,Mobile
2025-09-05T21:44:40.000Z,/products,GET,200,67,CA,Desktop
2025-09-05T21:46:09.000Z,/search,GET,200,376,JP,Mobile
2025-09-05T21:48:01.000Z,/api/checkout,POST,200,291,BR,Tablet
2025-09-05T21:54:08.000Z,/,GET,200,55,US,Desktop
2025-09-05T21:55:31.000Z,/products,GET,200,75,JP,Mobile
2025-09-05T21:56:44.000Z,/products/:id,GET,200,47,US,Mobile
2025-09-05T22:00:19.000Z,/products,GET,200,64,JP,Mobile
2025-09-05T22:03:46.000Z,/cart,GET,200,20,US,Tablet
2025-09-05T22:07:01.000Z,/products/:id,GET,200,95,US,Desktop
2025-09-05T22:14:25.000Z,/products/:id,GET,404,68,JP,Desktop
2025-09-05T22:22:38.000Z,/,GET,200,38,US,Desktop
2025-09-05T22:25:39.000Z,/api/checkout,POST,200,134,US,Desktop
2025-09-05T22:29:51.000Z,/,GET,200,62,DE,Mobile
2025-09-05T22:30:03.000Z,/,GET,200,36,DE,Mobile
2025-09-05T22:36:15.000Z,/search,GET,200,277,DE,Mobile
2025-09-05T22:37:52.000Z,/,GET,200,19,DE,Mobile
2025-09-05T22:42:21.000Z,/cart,GET,200,46,DE,Desktop
2025-09-05T22:48:56.000Z,/products/:id,GET,200,107,DE,Desktop
2025-09-05T22:54:37.000Z,/,GET,200,49,US,Mobile
2025-09-05T23:03:39.000Z,/,GET,200,38,US,Desktop
2025-09-05T23:08:19.000Z,/products,GET,200,50,DE,Tablet
2025-09-05T23:18:42.000Z,/cart,GET,200,86,US,Desktop
2025-09-05T23:27:29.000Z,/,GET,200,58,DE,Tablet
2025-09-05T23:27:54.000Z,/products,GET,200,253,CA,Mobile
2025-09-05T23:30:33.000Z,/api/cart,POST,200,161,FR,Tablet
2025-09-05T23:30:57.000Z,/account,GET,200,80,CA,Mobile
2025-09-05T23:41:37.000Z,/search,GET,200,128,US,Mobile
2025-09-05T23:42:34.000Z,/products,GET,200,88,DE,Mobile
2025-09-05T23:58:12.000Z,/account,GET,200,75,US,Mobile
2025-09-06T00:04:54.000Z,/cart,GET,200,77,FR,Mobile
2025-09-06T00:05:37.000Z,/products/:id,GET,404,51,IN,Desktop
2025-09-06T00:05:51.000Z,/search,GET,200,126,US,Mobile
2025-09-06T00:08:40.000Z,/products/:id,GET,200,58,US,Desktop
2025-09-06T00:11:55.000Z,/,GET,200,33,IN,Mobile
2025-09-06T00:13:11.000Z,/cart,GET,200,55,US,Mobile
2025-09-06T00:20:20.000Z,/api/cart,POST,200,95,CA,Tablet
2025-09-06T00:26:26.000Z,/search,GET,200,116,DE,Desktop
2025-09-06T00:27:04.000Z,/products/:id,GET,200,70,FR,Desktop
2025-09-06T00:29:16.000Z,/products,GET,200,60,FR,Mobile
2025-09-06T00:36:56.000Z,/,GET,200,60,CA,Desktop
2025-09-06T00:41:46.000Z,/search,GET,200,117,CA,Mobile
2025-09-06T01:22:26.000Z,/products,GET,200,98,IN,Mobile
2025-09-06T01:33:54.000Z,/api/checkout,POST,200,326,IN,Desktop
2025-09-06T01:51:15.000Z,/api/cart,POST,404,107,US,Tablet
2025-09-06T02:00:47.000Z,/,GET,200,70,GB,Mobile
2025-09-06T02:18:48.000Z,/,GET,200,61,US,Mobile
2025-09-06T02:28:41.000Z,/search,GET,200,57,GB,Mobile
2025-09-06T02:33:08.000Z,/cart,GET,200,43,US,Mobile
2025-09-06T02:33:46.000Z,/products/:id,GET,200,68,IN,Tablet
2025-09-06T02:38:03.000Z,/api/checkout,POST,304,296,IN,Mobile
2025-09-06T02:41:05.000Z,/,GET,200,30,US,Desktop
2025-09-06T02:44:12.000Z,/api/checkout,POST,200,131,FR,Mobile
2025-09-06T02:44:24.000Z,/products/:id,GET,200,70,GB,Mobile
2025-09-06T02:52:19.000Z,/api/checkout,POST,200,247,CA,Mobile
2025-09-06T02:54:11.000Z,/search,GET,200,223,US,Tablet
2025-09-06T02:57:09.000Z,/search,GET,200,122,JP,Mobile
2025-09-06T03:02:52.000Z,/api/checkout,POST,200,332,DE,Mobile
2025-09-06T03:07:25.000Z,/,GET,200,92,JP,Desktop
2025-09-06T03:08:31.000Z,/search,GET,200,200,DE,Desktop
2025-09-06T03:13:19.000Z,/,GET,401,68,US,Desktop
2025-09-06T03:14:48.000Z,/search,GET,200,128,US,Mobile
2025-09-06T03:15:52.000Z,/products/:id,GET,200,66,GB,Desktop
2025-09-06T03:17:13.000Z,/products,GET,200,124,US,Desktop
2025-09-06T03:17:30.000Z,/products/:id,GET,200,89,US,Desktop
2025-09-06T03:19:38.000Z,/account,GET,200,74,GB,Desktop
2025-09-06T03:21:14.000Z,/,GET,304,84,GB,Mobile
2025-09-06T03:30:14.000Z,/,GET,200,27,US,Mobile
2025-09-06T03:33:13.000Z,/,GET,200,28,US,Mobile
2025-09-06T03:35:18.000Z,/products/:id,GET,200,56,FR,Tablet
2025-09-06T03:51:41.000Z,/products,GET,404,58,DE,Desktop
2025-09-06T03:52:53.000Z,/account,GET,200,262,GB,Desktop
2025-09-06T03:54:48.000Z,/search,GET,200,101,US,Mobile
2025-09-06T03:55:02.000Z,/search,GET,200,82,US,Desktop
2025-09-06T03:59:05.000Z,/search,GET,200,281,BR,Desktop
2025-09-06T03:59:25.000Z,/products,GET,200,74,US,Mobile
2025-09-06T04:05:39.000Z,/api/checkout,POST,200,415,US,Desktop
2025-09-06T04:06:27.000Z,/products/:id,GET,200,81,US,Mobile
2025-09-06T04:06:55.000Z,/products/:id,GET,200,35,GB,Desktop
2025-09-06T04:18:36.000Z,/products/:id,GET,200,64,JP,Mobile
2025-09-06T04:30:55.000Z,/products,GET,200,116,DE,Mobile
2025-09-06T04:45:18.000Z,/api/checkout,POST,200,338,CA,Mobile
2025-09-06T04:49:32.000Z,/cart,GET,200,76,IN,Mobile
2025-09-06T04:53:44.000Z,/products,GET,200,75,US,Mobile
2025-09-06T04:54:18.000Z,/,GET,200,27,FR,Mobile
2025-09-06T04:55:40.000Z,/search,GET,200,164,US,Desktop
2025-09-06T05:04:38.000Z,/products/:id,GET,200,69,JP,Mobile
2025-09-06T05:08:49.000Z,/products/:id,GET,200,100,US,Desktop
2025-09-06T05:10:35.000Z,/account,GET,200,96,US,Desktop
2025-09-06T05:18:21.000Z,/api/checkout,POST,200,150,US,Mobile
2025-09-06T05:20:48.000Z,/search,GET,200,170,US,Mobile
2025-09-06T05:22:20.000Z,/search,GET,200,90,FR,Desktop
2025-09-06T05:23:44.000Z,/api/checkout,POST,200,256,CA,Desktop
2025-09-06T05:24:19.000Z,/products,GET,200,92,US,Desktop
2025-09-06T05:28:48.000Z,/search,GET,200,125,US,Desktop
2025-09-06T05:33:25.000Z,/products/:id,GET,200,68,BR,Mobile
2025-09-06T05:38:15.000Z,/search,GET,200,121,DE,Mobile
2025-09-06T05:45:56.000Z,/search,GET,200,118,US,Tablet
2025-09-06T05:48:28.000Z,/search,GET,200,89,GB,Desktop
2025-09-06T05:48:49.000Z,/api/checkout,POST,200,85,FR,Desktop
2025-09-06T05:50:18.000Z,/cart,GET,200,39,US,Desktop
2025-09-06T05:50:28.000Z,/products,GET,200,64,JP,Desktop
2025-09-06T05:54:16.000Z,/cart,GET,200,65,US,Desktop
2025-09-06T05:56:28.000Z,/,GET,200,29,US,Mobile
2025-09-06T05:56:31.000Z,/api/cart,POST,200,47,DE,Tablet
2025-09-06T06:04:07.000Z,/products/:id,GET,200,24,FR,Mobile
2025-09-06T06:04:59.000Z,/,GET,200,30,FR,Mobile
2025-09-06T06:12:10.000Z,/api/cart,POST,200,232,US,Desktop
2025-09-06T06:13:50.000Z,/,GET,200,79,US,Mobile
2025-09-06T06:14:16.000Z,/products/:id,GET,200,57,DE,Mobile
2025-09-06T06:19:07.000Z,/cart,GET,200,74,US,Desktop
2025-09-06T06:21:42.000Z,/cart,GET,200,103,BR,Tablet
2025-09-06T06:29:45.000Z,/,GET,200,94,US,Desktop
2025-09-06T06:36:47.000Z,/products,GET,200,88,BR,Desktop
2025-09-06T06:40:44.000Z,/products/:id,GET,200,46,US,Desktop
2025-09-06T06:42:53.000Z,/products/:id,GET,200,89,IN,Desktop
2025-09-06T06:46:02.000Z,/products,GET,200,37,JP,Mobile
2025-09-06T06:47:50.000Z,/search,GET,200,123,IN,Mobile
2025-09-06T06:50:08.000Z,/products,GET,200,104,US,Desktop
2025-09-06T06:56:08.000Z,/,GET,200,50,US,Mobile
2025-09-06T06:57:18.000Z,/cart,GET,200,26,US,Mobile
2025-09-06T07:06:12.000Z,/account,GET,200,72,US,Desktop
2025-09-06T07:06:23.000Z,/api/cart,POST,200,52,US,Mobile
2025-09-06T07:06:39.000Z,/products/:id,GET,200,32,US,Mobile
2025-09-06T07:07:53.000Z,/api/cart,POST,200,102,CA,Desktop
2025-09-06T07:10:17.000Z,/products,GET,200,47,FR,Tablet
2025-09-06T07:15:50.000Z,/api/checkout,POST,200,445,GB,Desktop
2025-09-06T07:17:28.000Z,/,GET,200,46,US,Mobile
2025-09-06T07:17:58.000Z,/products,GET,200,40,US,Mobile
2025-09-06T07:18:20.000Z,/products/:id,GET,200,80,BR,Mobile
2025-09-06T07:18:45.000Z,/,GET,200,56,JP,Mobile
2025-09-06T07:19:33.000Z,/products,GET,200,104,DE,Mobile
2025-09-06T07:20:02.000Z,/search,GET,200,197,IN,Desktop
2025-09-06T07:23:01.000Z,/products/:id,GET,200,64,IN,Tablet
2025-09-06T07:24:42.000Z,/search,GET,200,206,DE,Desktop
2025-09-06T07:24:46.000Z,/products,GET,200,123,JP,Desktop
2025-09-06T07:25:12.000Z,/products,GET,200,67,US,Desktop
2025-09-06T07:27:07.000Z,/products,GET,200,44,US,Desktop
2025-09-06T07:27:28.000Z,/cart,GET,200,34,US,Desktop
2025-09-06T07:28:15.000Z,/api/checkout,POST,200,101,US,Desktop
2025-09-06T07:28:22.000Z,/,GET,200,26,US,Tablet
2025-09-06T07:30:52.000Z,/,GET,200,89,JP,Tablet
2025-09-06T07:31:47.000Z,/,GET,200,58,US,Mobile
2025-09-06T07:33:28.000Z,/products,GET,200,71,JP,Mobile
2025-09-06T07:35:08.000Z,/products/:id,GET,200,64,US,Desktop
2025-09-06T07:39:56.000Z,/products/:id,GET,200,64,FR,Desktop
2025-09-06T07:40:34.000Z,/products/:id,GET,200,94,IN,Mobile
2025-09-06T07:42:59.000Z,/products,GET,200,90,IN,Mobile
2025-09-06T07:43:39.000Z,/search,GET,200,189,CA,Mobile
2025-09-06T07:46:24.000Z,/search,GET,200,248,GB,Desktop
2025-09-06T07:53:07.000Z,/,GET,200,86,GB,Desktop
2025-09-06T07:56:27.000Z,/account,GET,200,95,IN,Mobile
2025-09-06T07:58:48.000Z,/products,GET,200,64,US,Mobile
2025-09-06T08:01:38.000Z,/,GET,200,66,GB,Desktop
2025-09-06T08:02:05.000Z,/,GET,200,67,IN,Desktop
2025-09-06T08:07:02.000Z,/products/:id,GET,200,90,US,Desktop
2025-09-06T08:14:20.000Z,/products,GET,304,107,US,Mobile
2025-09-06T08:21:41.000Z,/products,GET,200,85,IN,Mobile
2025-09-06T08:22:04.000Z,/products/:id,GET,200,57,US,Mobile
2025-09-06T08:22:49.000Z,/products/:id,GET,200,77,FR,Desktop
2025-09-06T08:23:22.000Z,/account,GET,200,45,IN,Desktop
2025-09-06T08:34:09.000Z,/,GET,200,19,US,Desktop
2025-09-06T08:40:15.000Z,/products,GET,200,49,CA,Desktop
2025-09-06T08:41:00.000Z,/products/:id,GET,200,56,US,Mobile
2025-09-06T08:45:11.000Z,/search,GET,200,333,DE,Desktop
2025-09-06T08:46:48.000Z,/products,GET,200,59,IN,Mobile
2025-09-06T08:47:56.000Z,/,GET,200,19,IN,Desktop
2025-09-06T08:51:02.000Z,/cart,GET,200,74,US,Mobile
2025-09-06T08:55:56.000Z,/,GET,200,46,US,Desktop
2025-09-06T08:56:41.000Z,/products,GET,404,70,US,Tablet
2025-09-06T08:57:56.000Z,/products,GET,200,76,US,Mobile
2025-09-06T09:01:21.000Z,/products,GET,200,195,FR,Mobile
2025-09-06T09:08:16.000Z,/products/:id,GET,200,76,DE,Desktop
2025-09-06T09:08:58.000Z,/search,GET,200,158,GB,Mobile
2025-09-06T09:14:35.000Z,/cart,GET,200,33,US,Mobile
2025-09-06T09:17:14.000Z,/api/cart,POST,200,88,IN,Mobile
2025-09-06T09:17:56.000Z,/search,GET,200,105,DE,Mobile
2025-09-06T09:19:24.000Z,/,GET,200,43,US,Mobile
2025-09-06T09:23:18.000Z,/search,GET,200,75,US,Tablet
2025-09-06T09:24:37.000Z,/search,GET,200,228,US,Mobile
2025-09-06T09:25:06.000Z,/search,GET,200,155,US,Desktop
2025-09-06T09:31:02.000Z,/products/:id,GET,200,59,CA,Mobile
2025-09-06T09:31:17.000Z,/search,GET,200,212,FR,Tablet
2025-09-06T09:36:47.000Z,/,GET,200,102,DE,Mobile
2025-09-06T09:43:53.000Z,/products,GET,200,47,US,Mobile
2025-09-06T09:46:35.000Z,/search,GET,200,192,US,Mobile
2025-09-06T09:47:51.000Z,/products/:id,GET,200,78,BR,Desktop
2025-09-06T09:48:25.000Z,/,GET,200,40,BR,Mobile
2025-09-06T09:52:34.000Z,/products/:id,GET,200,35,US,Tablet
2025-09-06T09:55:35.000Z,/,GET,200,48,US,Desktop
2025-09-06T10:00:43.000Z,/products,GET,200,105,BR,Mobile
2025-09-06T10:01:13.000Z,/products,GET,200,107,US,Desktop
2025-09-06T10:02:29.000Z,/cart,GET,404,55,JP,Desktop
2025-09-06T10:03:31.000Z,/api/cart,POST,404,59,GB,Tablet
2025-09-06T10:06:38.000Z,/search,GET,200,116,BR,Mobile
2025-09-06T10:08:18.000Z,/api/cart,POST,200,111,FR,Desktop
2025-09-06T10:08:46.000Z,/account,GET,200,42,US,Mobile
2025-09-06T10:14:33.000Z,/cart,GET,200,17,FR,Desktop
2025-09-06T10:17:39.000Z,/search,GET,200,148,US,Desktop
2025-09-06T10:20:27.000Z,/products/:id,GET,200,51,JP,Desktop
2025-09-06T10:21:27.000Z,/products/:id,GET,200,57,US,Mobile
2025-09-06T10:26:35.000Z,/,GET,200,41,US,Desktop
2025-09-06T10:27:58.000Z,/cart,GET,200,47,CA,Mobile
2025-09-06T10:32:55.000Z,/products/:id,GET,200,46,DE,Desktop
2025-09-06T10:33:49.000Z,/cart,GET,200,49,JP,Desktop
2025-09-06T10:37:22.000Z,/account,GET,200,29,IN,Mobile
2025-09-06T10:39:21.000Z,/account,GET,200,32,GB,Desktop
2025-09-06T10:40:37.000Z,/products/:id,GET,200,69,JP,Mobile
2025-09-06T10:55:34.000Z,/products/:id,GET,200,36,JP,Mobile
2025-09-06T10:56:07.000Z,/search,GET,200,63,BR,Mobile
2025-09-06T10:59:06.000Z,/,GET,200,37,IN,Mobile
2025-09-06T11:00:54.000Z,/search,GET,304,81,DE,Mobile
2025-09-06T11:01:55.000Z,/products,GET,404,118,CA,Mobile
2025-09-06T11:02:32.000Z,/,GET,200,58,DE,Mobile
2025-09-06T11:03:19.000Z,/search,GET,200,131,JP,Desktop
2025-09-06T11:03:32.000Z,/cart,GET,200,77,US,Desktop
2025-09-06T11:07:01.000Z,/api/checkout,POST,200,305,FR,Mobile
2025-09-06T11:10:36.000Z,/products,GET,200,54,DE,Mobile
2025-09-06T11:15:39.000Z,/products/:id,GET,401,58,US,Mobile
2025-09-06T11:16:28.000Z,/cart,GET,200,27,CA,Desktop
2025-09-06T11:17:11.000Z,/cart,GET,200,60,BR,Mobile
2025-09-06T11:19:35.000Z,/products/:id,GET,200,62,IN,Desktop
2025-09-06T11:19:38.000Z,/cart,GET,200,59,US,Mobile
2025-09-06T11:21:45.000Z,/,GET,304,55,IN,Mobile
2025-09-06T11:26:05.000Z,/api/checkout,POST,200,137,US,Mobile
2025-09-06T11:28:31.000Z,/products/:id,GET,200,88,US,Mobile
2025-09-06T11:29:37.000Z,/search,GET,200,278,IN,Mobile
2025-09-06T11:31:11.000Z,/cart,GET,401,127,US,Mobile
2025-09-06T11:35:09.000Z,/,GET,200,19,GB,Mobile
2025-09-06T11:35:15.000Z,/,GET,200,56,US,Desktop
2025-09-06T11:35:36.000Z,/,GET,200,39,DE,Tablet
2025-09-06T11:41:43.000Z,/products/:id,GET,200,72,CA,Mobile
2025-09-06T11:45:39.000Z,/products/:id,GET,200,77,DE,Desktop
2025-09-06T11:53:16.000Z,/cart,GET,200,46,IN,Desktop
2025-09-06T11:58:16.000Z,/,GET,200,151,US,Tablet
2025-09-06T11:58:29.000Z,/products/:id,GET,200,32,US,Mobile
2025-09-06T11:59:04.000Z,/search,GET,304,96,US,Mobile
2025-09-06T11:59:14.000Z,/cart,GET,200,72,JP,Mobile
2025-09-06T12:03:29.000Z,/cart,GET,304,71,GB,Desktop
2025-09-06T12:05:27.000Z,/,GET,200,66,US,Mobile
2025-09-06T12:06:20.000Z,/products,GET,200,53,US,Desktop
2025-09-06T12:17:04.000Z,/api/cart,POST,200,58,DE,Mobile
2025-09-06T12:18:34.000Z,/,GET,200,60,JP,Mobile
2025-09-06T12:18:45.000Z,/,GET,200,41,BR,Desktop
2025-09-06T12:21:12.000Z,/api/checkout,POST,200,699,US,Desktop
2025-09-06T12:24:32.000Z,/products/:id,GET,200,92,IN,Desktop
2025-09-06T12:27:23.000Z,/,GET,200,70,US,Tablet
2025-09-06T12:32:34.000Z,/,GET,200,25,GB,Mobile
2025-09-06T12:32:50.000Z,/products,GET,200,73,US,Mobile
2025-09-06T12:33:31.000Z,/search,GET,200,87,DE,Desktop
2025-09-06T12:34:00.000Z,/cart,GET,200,85,US,Mobile
2025-09-06T12:41:07.000Z,/products,GET,200,61,IN,Desktop
2025-09-06T12:42:37.000Z,/account,GET,200,32,US,Mobile
2025-09-06T12:46:50.000Z,/products,GET,200,131,US,Mobile
2025-09-06T12:49:17.000Z,/api/cart,POST,200,103,US,Mobile
2025-09-06T12:49:27.000Z,/search,GET,200,101,US,Mobile
2025-09-06T12:49:49.000Z,/search,GET,200,136,US,Desktop
2025-09-06T12:49:59.000Z,/,GET,304,46,IN,Desktop
2025-09-06T12:56:33.000Z,/api/checkout,POST,200,240,US,Mobile
2025-09-06T13:01:17.000Z,/products,GET,200,72,US,Desktop
2025-09-06T13:01:27.000Z,/search,GET,200,184,IN,Mobile
2025-09-06T13:02:09.000Z,/api/checkout,POST,304,207,US,Mobile
2025-09-06T13:04:49.000Z,/api/checkout,POST,200,280,IN,Desktop
2025-09-06T13:06:36.000Z,/,GET,200,61,IN,Mobile
2025-09-06T13:06:47.000Z,/cart,GET,200,26,US,Desktop
2025-09-06T13:07:29.000Z,/,GET,200,24,GB,Mobile
2025-09-06T13:11:08.000Z,/api/checkout,POST,200,133,JP,Desktop
2025-09-06T13:12:42.000Z,/products/:id,GET,200,66,IN,Desktop
2025-09-06T13:14:55.000Z,/account,GET,200,68,FR,Mobile
2025-09-06T13:15:32.000Z,/,GET,200,43,US,Mobile
2025-09-06T13:17:22.000Z,/products/:id,GET,200,52,DE,Mobile
2025-09-06T13:17:32.000Z,/api/cart,POST,200,161,FR,Desktop
2025-09-06T13:20:52.000Z,/products,GET,200,92,US,Desktop
2025-09-06T13:21:40.000Z,/api/checkout,POST,200,390,IN,Mobile
2025-09-06T13:27:45.000Z,/api/checkout,POST,200,205,GB,Mobile
2025-09-06T13:28:18.000Z,/api/checkout,POST,200,220,US,Tablet
2025-09-06T13:28:45.000Z,/,GET,200,52,US,Desktop
2025-09-06T13:29:25.000Z,/products,GET,200,88,IN,Desktop
2025-09-06T13:36:32.000Z,/api/checkout,POST,200,215,CA,Desktop
2025-09-06T13:37:32.000Z,/search,GET,200,161,US,Desktop
2025-09-06T13:40:41.000Z,/api/checkout,POST,200,297,US,Tablet
2025-09-06T13:40:43.000Z,/products,GET,401,32,US,Desktop
2025-09-06T13:41:16.000Z,/api/checkout,POST,200,132,JP,Tablet
2025-09-06T13:41:47.000Z,/cart,GET,200,44,US,Mobile
2025-09-06T13:42:47.000Z,/products,GET,200,40,US,Desktop
2025-09-06T13:47:13.000Z,/,GET,200,132,US,Desktop
2025-09-06T13:48:02.000Z,/products/:id,GET,200,70,US,Mobile
2025-09-06T13:52:21.000Z,/products,GET,200,45,GB,Mobile
2025-09-06T13:53:52.000Z,/,GET,304,29,US,Mobile
2025-09-06T13:54:03.000Z,/cart,GET,404,50,GB,Desktop
2025-09-06T13:55:04.000Z,/api/checkout,POST,200,170,CA,Desktop
2025-09-06T13:57:37.000Z,/search,GET,200,104,DE,Mobile
2025-09-06T14:01:59.000Z,/api/cart,POST,200,61,US,Desktop
2025-09-06T14:05:03.000Z,/products,GET,200,58,DE,Desktop
2025-09-06T14:06:35.000Z,/,GET,200,34,US,Desktop
2025-09-06T14:06:52.000Z,/,GET,200,26,BR,Desktop
2025-09-06T14:11:52.000Z,/search,GET,200,136,US,Desktop
2025-09-06T14:15:43.000Z,/products/:id,GET,200,68,CA,Tablet
2025-09-06T14:15:50.000Z,/products/:id,GET,200,28,BR,Mobile
2025-09-06T14:17:42.000Z,/search,GET,200,354,GB,Mobile
2025-09-06T14:18:20.000Z,/products,GET,200,50,FR,Mobile
2025-09-06T14:20:32.000Z,/search,GET,401,109,GB,Mobile
2025-09-06T14:20:45.000Z,/,GET,200,30,IN,Tablet
2025-09-06T14:28:42.000Z,/,GET,200,21,US,Desktop
2025-09-06T14:28:59.000Z,/,GET,200,44,IN,Mobile
2025-09-06T14:29:57.000Z,/,GET,401,70,US,Desktop
2025-09-06T14:30:08.000Z,/products/:id,GET,200,53,CA,Desktop
2025-09-06T14:32:49.000Z,/products/:id,GET,200,72,US,Desktop
2025-09-06T14:34:58.000Z,/products/:id,GET,200,69,IN,Desktop
2025-09-06T14:37:51.000Z,/products/:id,GET,200,83,JP,Tablet
2025-09-06T14:40:17.000Z,/account,GET,200,57,GB,Tablet
2025-09-06T14:43:56.000Z,/api/checkout,POST,200,72,IN,Desktop
2025-09-06T14:44:05.000Z,/cart,GET,200,76,FR,Desktop
2025-09-06T14:44:36.000Z,/api/cart,POST,200,59,US,Mobile
2025-09-06T14:45:54.000Z,/products,GET,200,71,GB,Mobile
2025-09-06T14:47:33.000Z,/account,GET,200,36,DE,Mobile
2025-09-06T14:48:38.000Z,/products,GET,200,40,US,Mobile
2025-09-06T14:49:35.000Z,/,GET,200,57,GB,Desktop
2025-09-06T14:49:48.000Z,/account,GET,200,30,US,Mobile
2025-09-06T14:54:14.000Z,/api/cart,POST,500,135,JP,Desktop
2025-09-06T14:56:39.000Z,/products,GET,200,108,JP,Mobile
2025-09-06T14:57:13.000Z,/api/checkout,POST,200,261,BR,Tablet
2025-09-06T14:58:45.000Z,/products,GET,200,121,CA,Desktop
2025-09-06T15:00:39.000Z,/search,GET,200,183,FR,Desktop
2025-09-06T15:02:40.000Z,/,GET,304,58,IN,Desktop
2025-09-06T15:06:17.000Z,/search,GET,200,148,IN,Desktop
2025-09-06T15:12:03.000Z,/,GET,200,60,CA,Desktop
2025-09-06T15:14:57.000Z,/cart,GET,200,51,US,Mobile
2025-09-06T15:17:06.000Z,/search,GET,304,167,US,Desktop
2025-09-06T15:18:08.000Z,/,GET,200,39,FR,Tablet
2025-09-06T15:19:25.000Z,/products/:id,GET,500,105,IN,Tablet
2025-09-06T15:20:57.000Z,/cart,GET,200,64,BR,Desktop
2025-09-06T15:25:27.000Z,/api/cart,POST,200,78,BR,Desktop
2025-09-06T15:25:44.000Z,/products/:id,GET,200,75,US,Mobile
2025-09-06T15:25:53.000Z,/search,GET,200,130,US,Tablet
2025-09-06T15:26:33.000Z,/,GET,200,37,US,Mobile
2025-09-06T15:27:39.000Z,/products/:id,GET,200,101,IN,Desktop
2025-09-06T15:34:21.000Z,/account,GET,200,52,FR,Mobile
2025-09-06T15:41:41.000Z,/products/:id,GET,200,51,US,Mobile
2025-09-06T15:43:39.000Z,/api/cart,POST,200,90,CA,Desktop
2025-09-06T15:47:47.000Z,/products/:id,GET,200,31,JP,Mobile
2025-09-06T15:56:23.000Z,/products/:id,GET,200,51,US,Desktop
2025-09-06T15:56:50.000Z,/search,GET,200,234,BR,Desktop
2025-09-06T16:00:26.000Z,/account,GET,200,90,IN,Desktop
2025-09-06T16:03:54.000Z,/products,GET,200,101,CA,Mobile
2025-09-06T16:03:59.000Z,/products/:id,GET,200,90,IN,Tablet
2025-09-06T16:07:44.000Z,/products/:id,GET,200,35,IN,Mobile
2025-09-06T16:11:59.000Z,/account,GET,200,37,DE,Desktop
2025-09-06T16:16:23.000Z,/,GET,200,65,US,Mobile
2025-09-06T16:17:01.000Z,/cart,GET,200,84,US,Mobile
2025-09-06T16:21:34.000Z,/search,GET,200,201,US,Desktop
2025-09-06T16:25:00.000Z,/,GET,200,21,US,Tablet
2025-09-06T16:25:32.000Z,/products/:id,GET,200,105,US,Mobile
2025-09-06T16:26:37.000Z,/products/:id,GET,200,36,US,Mobile
2025-09-06T16:27:20.000Z,/cart,GET,200,53,JP,Mobile
2025-09-06T16:30:04.000Z,/products,GET,200,55,US,Tablet
2025-09-06T16:37:25.000Z,/api/cart,POST,200,80,US,Desktop
2025-09-06T16:39:03.000Z,/products/:id,GET,200,93,FR,Tablet
2025-09-06T16:39:41.000Z,/cart,GET,200,37,JP,Mobile
2025-09-06T16:39:42.000Z,/api/checkout,POST,200,76,DE,Desktop
2025-09-06T16:40:17.000Z,/cart,GET,200,53,US,Mobile
2025-09-06T16:41:37.000Z,/products/:id,GET,200,32,FR,Desktop
2025-09-06T16:43:35.000Z,/search,GET,200,189,US,Desktop
2025-09-06T16:46:46.000Z,/products/:id,GET,200,83,DE,Desktop
2025-09-06T16:47:56.000Z,/api/cart,POST,200,84,JP,Mobile
2025-09-06T16:49:31.000Z,/search,GET,200,121,IN,Mobile
2025-09-06T16:50:00.000Z,/products,GET,200,60,US,Mobile
2025-09-06T16:51:34.000Z,/products,GET,200,70,IN,Mobile
2025-09-06T16:53:20.000Z,/search,GET,200,110,JP,Mobile
2025-09-06T16:53:22.000Z,/products/:id,GET,404,51,IN,Mobile
2025-09-06T16:58:05.000Z,/search,GET,200,120,US,Mobile
2025-09-06T16:59:17.000Z,/api/checkout,POST,200,107,IN,Desktop
2025-09-06T17:01:04.000Z,/products/:id,GET,200,85,US,Desktop
2025-09-06T17:10:46.000Z,/api/checkout,POST,200,164,JP,Mobile
2025-09-06T17:12:58.000Z,/products/:id,GET,200,42,US,Tablet
2025-09-06T17:13:04.000Z,/products,GET,200,54,US,Mobile
2025-09-06T17:14:04.000Z,/api/cart,POST,200,90,CA,Mobile
2025-09-06T17:18:20.000Z,/products/:id,GET,200,33,US,Desktop
2025-09-06T17:20:39.000Z,/api/cart,POST,404,64,JP,Mobile
2025-09-06T17:21:15.000Z,/,GET,200,42,IN,Mobile
2025-09-06T17:23:15.000Z,/products/:id,GET,200,107,IN,Desktop
2025-09-06T17:25:51.000Z,/products/:id,GET,200,29,US,Desktop
2025-09-06T17:26:22.000Z,/,GET,200,59,US,Tablet
2025-09-06T17:31:13.000Z,/products/:id,GET,200,61,DE,Mobile
2025-09-06T17:31:52.000Z,/search,GET,200,105,IN,Mobile
2025-09-06T17:39:16.000Z,/products/:id,GET,200,63,BR,Desktop
2025-09-06T17:42:46.000Z,/,GET,200,72,FR,Mobile
2025-09-06T17:48:16.000Z,/,GET,200,62,JP,Desktop
2025-09-06T17:49:57.000Z,/cart,GET,200,78,JP,Tablet
2025-09-06T17:49:57.000Z,/,GET,200,48,US,Mobile
2025-09-06T17:51:54.000Z,/cart,GET,200,27,CA,Tablet
2025-09-06T17:54:18.000Z,/search,GET,200,51,US,Desktop
2025-09-06T17:58:52.000Z,/api/checkout,POST,200,180,BR,Tablet
2025-09-06T18:01:11.000Z,/,GET,200,64,US,Desktop
2025-09-06T18:02:49.000Z,/products,GET,200,74,IN,Desktop
2025-09-06T18:09:54.000Z,/products,GET,200,79,US,Desktop
2025-09-06T18:10:57.000Z,/products,GET,200,75,FR,Mobile
2025-09-06T18:13:38.000Z,/,GET,200,82,US,Desktop
2025-09-06T18:21:36.000Z,/cart,GET,200,76,CA,Tablet
2025-09-06T18:22:02.000Z,/,GET,200,45,US,Mobile
2025-09-06T18:22:03.000Z,/cart,GET,200,68,US,Desktop
2025-09-06T18:25:11.000Z,/search,GET,200,81,GB,Desktop
2025-09-06T18:32:49.000Z,/products/:id,GET,200,112,CA,Mobile
2025-09-06T18:33:32.000Z,/cart,GET,200,110,CA,Desktop
2025-09-06T18:36:33.000Z,/products,GET,200,94,JP,Mobile
2025-09-06T18:44:54.000Z,/products,GET,304,89,GB,Mobile
2025-09-06T18:48:15.000Z,/products,GET,200,53,JP,Tablet
2025-09-06T18:49:20.000Z,/products/:id,GET,200,40,IN,Mobile
2025-09-06T18:49:42.000Z,/account,GET,200,173,US,Mobile
2025-09-06T18:51:03.000Z,/products,GET,200,64,US,Tablet
2025-09-06T18:55:01.000Z,/api/cart,POST,200,108,DE,Desktop
2025-09-06T18:57:44.000Z,/search,GET,200,419,BR,Desktop
2025-09-06T19:05:52.000Z,/products/:id,GET,200,70,BR,Mobile
2025-09-06T19:11:23.000Z,/,GET,200,41,US,Mobile
2025-09-06T19:12:02.000Z,/api/checkout,POST,200,444,GB,Mobile
2025-09-06T19:20:08.000Z,/api/checkout,POST,401,278,IN,Desktop
2025-09-06T19:22:29.000Z,/products/:id,GET,304,26,FR,Desktop
2025-09-06T19:23:58.000Z,/,GET,200,45,GB,Mobile
2025-09-06T19:25:09.000Z,/products,GET,200,152,US,Mobile
2025-09-06T19:25:37.000Z,/account,GET,200,58,US,Desktop
2025-09-06T19:26:20.000Z,/products,GET,200,53,US,Mobile
2025-09-06T19:26:44.000Z,/products/:id,GET,200,52,US,Desktop
2025-09-06T19:34:54.000Z,/search,GET,200,109,US,Tablet
2025-09-06T19:36:07.000Z,/search,GET,200,78,DE,Desktop
2025-09-06T19:38:44.000Z,/,GET,200,69,US,Mobile
2025-09-06T19:43:24.000Z,/products,GET,200,47,CA,Desktop
2025-09-06T19:43:33.000Z,/api/cart,POST,200,75,GB,Desktop
2025-09-06T19:47:48.000Z,/products/:id,GET,200,45,US,Desktop
2025-09-06T19:48:47.000Z,/products,GET,200,46,CA,Mobile
2025-09-06T19:50:03.000Z,/products,GET,200,70,BR,Desktop
2025-09-06T19:57:51.000Z,/api/cart,POST,200,74,FR,Desktop
2025-09-06T20:00:30.000Z,/api/checkout,POST,200,104,GB,Mobile
2025-09-06T20:05:05.000Z,/cart,GET,200,56,US,Desktop
2025-09-06T20:05:14.000Z,/search,GET,200,137,IN,Desktop
2025-09-06T20:06:44.000Z,/products/:id,GET,304,24,BR,Mobile
2025-09-06T20:09:06.000Z,/,GET,200,61,US,Mobile
2025-09-06T20:16:40.000Z,/search,GET,200,97,DE,Desktop
2025-09-06T20:21:35.000Z,/products,GET,200,219,JP,Desktop
2025-09-06T20:23:36.000Z,/,GET,304,21,US,Desktop
2025-09-06T20:24:49.000Z,/search,GET,200,275,JP,Mobile
2025-09-06T20:33:53.000Z,/,GET,200,67,US,Desktop
2025-09-06T20:39:02.000Z,/search,GET,200,88,DE,Mobile
2025-09-06T20:40:16.000Z,/api/cart,POST,200,73,FR,Desktop
2025-09-06T20:40:53.000Z,/products,GET,200,42,US,Mobile
2025-09-06T20:40:57.000Z,/,GET,200,52,DE,Mobile
2025-09-06T20:41:50.000Z,/products,GET,200,148,US,Mobile
2025-09-06T20:52:17.000Z,/cart,GET,304,55,CA,Mobile
2025-09-06T20:53:25.000Z,/products,GET,200,61,CA,Mobile
2025-09-06T20:55:14.000Z,/cart,GET,200,55,IN,Desktop
2025-09-06T20:55:22.000Z,/api/cart,POST,200,233,US,Mobile
2025-09-06T20:55:41.000Z,/products,GET,401,69,GB,Mobile
2025-09-06T20:58:25.000Z,/api/cart,POST,200,64,US,Desktop
2025-09-06T21:08:04.000Z,/search,GET,200,129,BR,Mobile
2025-09-06T21:08:14.000Z,/cart,GET,200,106,DE,Desktop
2025-09-06T21:13:47.000Z,/,GET,200,63,GB,Mobile
2025-09-06T21:20:25.000Z,/,GET,200,84,IN,Mobile
2025-09-06T21:27:16.000Z,/api/cart,POST,200,112,US,Desktop
2025-09-06T21:38:37.000Z,/products,GET,200,69,US,Mobile
2025-09-06T21:39:39.000Z,/products,GET,200,111,US,Desktop
2025-09-06T21:42:39.000Z,/products,GET,200,177,US,Mobile
2025-09-06T21:44:33.000Z,/api/checkout,POST,200,339,US,Mobile
2025-09-06T21:47:00.000Z,/products,GET,200,64,US,Desktop
2025-09-06T21:48:50.000Z,/search,GET,200,81,FR,Mobile
2025-09-06T21:50:08.000Z,/search,GET,200,125,CA,Mobile
2025-09-06T21:56:44.000Z,/,GET,200,85,US,Mobile
2025-09-06T22:04:13.000Z,/account,GET,200,117,BR,Tablet
2025-09-06T22:08:08.000Z,/cart,GET,200,31,FR,Mobile
2025-09-06T22:11:00.000Z,/products/:id,GET,404,43,US,Desktop
2025-09-06T22:11:09.000Z,/search,GET,200,206,FR,Desktop
2025-09-06T22:11:17.000Z,/search,GET,200,182,US,Mobile
2025-09-06T22:15:45.000Z,/,GET,200,38,BR,Desktop
2025-09-06T22:21:15.000Z,/products/:id,GET,200,86,US,Mobile
2025-09-06T22:27:49.000Z,/,GET,200,46,US,Tablet
2025-09-06T22:28:43.000Z,/cart,GET,200,36,BR,Mobile
2025-09-06T22:32:57.000Z,/,GET,200,48,US,Desktop
2025-09-06T22:36:06.000Z,/products,GET,200,67,US,Mobile
2025-09-06T22:49:09.000Z,/api/checkout,POST,200,113,DE,Desktop
2025-09-06T22:54:45.000Z,/products,GET,200,40,JP,Desktop
2025-09-06T22:55:12.000Z,/products/:id,GET,200,96,FR,Mobile
2025-09-06T23:13:11.000Z,/search,GET,200,163,GB,Desktop
2025-09-06T23:15:08.000Z,/,GET,200,23,IN,Desktop
2025-09-06T23:17:37.000Z,/products/:id,GET,200,88,BR,Tablet
2025-09-06T23:27:24.000Z,/products/:id,GET,200,84,FR,Mobile
2025-09-06T23:37:49.000Z,/cart,GET,200,37,IN,Mobile
2025-09-06T23:38:51.000Z,/products,GET,200,78,DE,Desktop
2025-09-06T23:41:30.000Z,/products/:id,GET,200,67,GB,Mobile
2025-09-06T23:42:51.000Z,/account,GET,200,83,GB,Mobile
2025-09-07T00:01:39.000Z,/cart,GET,200,50,US,Mobile
2025-09-07T00:02:48.000Z,/,GET,200,42,US,Mobile
2025-09-07T00:04:04.000Z,/products,GET,304,122,FR,Mobile
2025-09-07T00:05:15.000Z,/products/:id,GET,200,49,BR,Mobile
2025-09-07T00:11:16.000Z,/cart,GET,200,42,FR,Desktop
2025-09-07T00:12:28.000Z,/,GET,200,38,IN,Mobile
2025-09-07T00:18:24.000Z,/products/:id,GET,200,62,CA,Desktop
2025-09-07T00:30:39.000Z,/search,GET,200,92,JP,Mobile
2025-09-07T00:44:07.000Z,/api/cart,POST,200,68,FR,Mobile
2025-09-07T01:07:28.000Z,/products,GET,200,166,GB,Mobile
2025-09-07T01:32:29.000Z,/api/cart,POST,304,150,DE,Mobile
2025-09-07T01:39:02.000Z,/products/:id,GET,200,86,FR,Desktop
2025-09-07T01:41:18.000Z,/search,GET,200,184,US,Mobile
2025-09-07T01:46:05.000Z,/products/:id,GET,200,46,CA,Desktop
2025-09-07T01:48:28.000Z,/api/cart,POST,200,83,IN,Mobile
2025-09-07T01:50:58.000Z,/products/:id,GET,200,59,US,Mobile
2025-09-07T01:59:35.000Z,/cart,GET,200,24,US,Mobile
2025-09-07T02:03:06.000Z,/api/cart,POST,200,47,IN,Mobile
2025-09-07T02:04:40.000Z,/account,GET,200,100,CA,Mobile
2025-09-07T02:04:46.000Z,/,GET,200,41,BR,Mobile
2025-09-07T02:07:17.000Z,/api/cart,POST,404,85,CA,Desktop
2025-09-07T02:09:11.000Z,/search,GET,200,51,IN,Mobile
2025-09-07T02:09:36.000Z,/,GET,200,26,US,Desktop
2025-09-07T02:11:35.000Z,/search,GET,200,191,US,Tablet
2025-09-07T02:12:37.000Z,/cart,GET,200,22,US,Desktop
2025-09-07T02:16:41.000Z,/cart,GET,304,66,IN,Mobile
2025-09-07T02:18:11.000Z,/products/:id,GET,200,40,US,Mobile
2025-09-07T02:23:40.000Z,/api/cart,POST,200,123,US,Mobile
2025-09-07T02:29:43.000Z,/cart,GET,200,248,FR,Desktop
2025-09-07T02:33:02.000Z,/api/cart,POST,200,175,US,Desktop
2025-09-07T02:37:54.000Z,/products,GET,200,89,IN,Mobile
2025-09-07T02:51:58.000Z,/products,GET,200,80,IN,Desktop
2025-09-07T02:52:12.000Z,/products,GET,200,61,CA,Desktop
2025-09-07T03:00:55.000Z,/api/cart,POST,200,120,US,Mobile
2025-09-07T03:10:18.000Z,/,GET,200,34,US,Desktop
2025-09-07T03:11:46.000Z,/,GET,200,106,JP,Mobile
2025-09-07T03:16:26.000Z,/search,GET,200,128,GB,Tablet
2025-09-07T03:16:34.000Z,/products,GET,200,191,CA,Mobile
2025-09-07T03:21:43.000Z,/products/:id,GET,200,47,US,Desktop
2025-09-07T03:22:11.000Z,/,GET,200,98,FR,Mobile
2025-09-07T03:24:16.000Z,/api/cart,POST,200,136,US,Desktop
2025-09-07T03:25:08.000Z,/products,GET,200,74,DE,Mobile
2025-09-07T03:32:30.000Z,/products,GET,200,162,BR,Tablet
2025-09-07T03:42:57.000Z,/,GET,200,70,US,Mobile
2025-09-07T03:43:46.000Z,/products,GET,200,118,FR,Mobile
2025-09-07T03:48:32.000Z,/api/checkout,POST,200,158,US,Desktop
2025-09-07T03:53:49.000Z,/cart,GET,200,113,US,Mobile
2025-09-07T03:54:31.000Z,/api/checkout,POST,500,213,US,Desktop
2025-09-07T03:55:22.000Z,/products,GET,200,105,US,Mobile
2025-09-07T03:57:41.000Z,/products,GET,200,96,US,Mobile
2025-09-07T03:58:58.000Z,/products,GET,200,67,IN,Mobile
2025-09-07T04:00:37.000Z,/products,GET,200,154,US,Mobile
2025-09-07T04:01:05.000Z,/api/cart,POST,200,85,DE,Desktop
2025-09-07T04:03:53.000Z,/,GET,200,17,US,Mobile
2025-09-07T04:08:45.000Z,/,GET,200,38,DE,Mobile
2025-09-07T04:09:39.000Z,/products/:id,GET,200,75,US,Desktop
2025-09-07T04:10:36.000Z,/products,GET,304,67,US,Desktop
2025-09-07T04:15:05.000Z,/,GET,200,41,FR,Desktop
2025-09-07T04:16:25.000Z,/products/:id,GET,200,37,US,Desktop
2025-09-07T04:29:06.000Z,/,GET,200,29,BR,Desktop
2025-09-07T04:35:09.000Z,/products,GET,200,108,CA,Mobile
2025-09-07T04:43:37.000Z,/products,GET,200,28,JP,Mobile
2025-09-07T04:52:01.000Z,/cart,GET,200,74,US,Desktop
2025-09-07T04:54:52.000Z,/products/:id,GET,200,42,CA,Mobile
2025-09-07T04:55:38.000Z,/,GET,200,34,US,Desktop
2025-09-07T05:00:32.000Z,/,GET,200,50,GB,Desktop
2025-09-07T05:04:00.000Z,/cart,GET,200,42,IN,Desktop
2025-09-07T05:08:50.000Z,/products,GET,200,104,FR,Mobile
2025-09-07T05:09:03.000Z,/,GET,200,91,DE,Desktop
2025-09-07T05:13:30.000Z,/products,GET,200,60,US,Desktop
2025-09-07T05:13:35.000Z,/account,GET,200,45,DE,Desktop
2025-09-07T05:21:13.000Z,/cart,GET,200,30,US,Mobile
2025-09-07T05:24:05.000Z,/products,GET,200,67,IN,Mobile
2025-09-07T05:27:39.000Z,/products,GET,200,76,US,Tablet
2025-09-07T05:28:08.000Z,/products,GET,200,85,US,Mobile
2025-09-07T05:33:28.000Z,/api/cart,POST,304,93,DE,Mobile
2025-09-07T05:33:45.000Z,/,GET,200,32,DE,Desktop
2025-09-07T05:34:03.000Z,/search,GET,200,111,US,Desktop
2025-09-07T05:36:59.000Z,/,GET,200,53,US,Mobile
2025-09-07T05:39:03.000Z,/account,GET,200,63,US,Desktop
2025-09-07T05:39:44.000Z,/products,GET,200,116,US,Mobile
2025-09-07T05:40:26.000Z,/cart,GET,404,170,DE,Mobile
2025-09-07T05:40:33.000Z,/api/cart,POST,404,71,IN,Desktop
2025-09-07T05:42:13.000Z,/,GET,200,38,IN,Tablet
2025-09-07T05:42:15.000Z,/api/cart,POST,200,50,US,Desktop
2025-09-07T05:44:40.000Z,/,GET,200,36,IN,Desktop
2025-09-07T05:50:38.000Z,/,GET,200,46,US,Desktop
2025-09-07T05:50:59.000Z,/,GET,200,32,DE,Tablet
2025-09-07T05:51:29.000Z,/search,GET,200,95,CA,Mobile
2025-09-07T05:54:21.000Z,/products/:id,GET,200,68,US,Mobile
2025-09-07T05:58:55.000Z,/search,GET,200,118,US,Desktop
2025-09-07T05:59:41.000Z,/products,GET,200,62,US,Desktop
2025-09-07T06:00:40.000Z,/products/:id,GET,200,103,JP,Mobile
2025-09-07T06:00:51.000Z,/cart,GET,200,56,CA,Desktop
2025-09-07T06:06:41.000Z,/products/:id,GET,200,125,GB,Desktop
2025-09-07T06:09:07.000Z,/products,GET,200,39,GB,Tablet
2025-09-07T06:09:30.000Z,/products/:id,GET,200,158,GB,Mobile
2025-09-07T06:11:22.000Z,/search,GET,200,275,FR,Mobile
2025-09-07T06:13:32.000Z,/api/checkout,POST,200,277,IN,Desktop
2025-09-07T06:21:48.000Z,/products,GET,200,56,US,Desktop
2025-09-07T06:21:48.000Z,/products/:id,GET,200,71,US,Desktop
2025-09-07T06:23:13.000Z,/products,GET,200,94,US,Desktop
2025-09-07T06:24:55.000Z,/,GET,200,21,US,Desktop
2025-09-07T06:29:15.000Z,/products,GET,200,22,US,Desktop
2025-09-07T06:35:10.000Z,/products,GET,304,71,US,Mobile
2025-09-07T06:42:41.000Z,/,GET,200,24,IN,Mobile
2025-09-07T06:48:01.000Z,/cart,GET,200,120,US,Desktop
2025-09-07T06:52:08.000Z,/search,GET,200,108,IN,Mobile
2025-09-07T07:03:12.000Z,/products,GET,304,164,IN,Desktop
2025-09-07T07:06:23.000Z,/products,GET,200,141,US,Mobile
2025-09-07T07:14:52.000Z,/api/checkout,POST,200,77,US,Mobile
2025-09-07T07:16:50.000Z,/api/checkout,POST,200,125,US,Tablet
2025-09-07T07:22:28.000Z,/search,GET,200,380,GB,Desktop
2025-09-07T07:22:36.000Z,/,GET,200,72,US,Mobile
2025-09-07T07:24:38.000Z,/products/:id,GET,200,22,FR,Desktop
2025-09-07T07:35:05.000Z,/products/:id,GET,200,48,JP,Mobile
2025-09-07T07:39:58.000Z,/api/cart,POST,200,48,US,Mobile
2025-09-07T07:46:04.000Z,/,GET,200,115,CA,Mobile
2025-09-07T07:50:36.000Z,/products,GET,200,86,IN,Mobile
2025-09-07T07:51:47.000Z,/products/:id,GET,200,55,IN,Desktop
2025-09-07T07:54:16.000Z,/products/:id,GET,200,61,US,Desktop
2025-09-07T07:55:43.000Z,/products/:id,GET,200,35,US,Desktop
2025-09-07T07:56:23.000Z,/search,GET,200,153,US,Mobile
2025-09-07T08:00:17.000Z,/cart,GET,404,61,US,Desktop
2025-09-07T08:00:50.000Z,/products/:id,GET,200,26,JP,Desktop
2025-09-07T08:03:47.000Z,/account,GET,200,71,BR,Mobile
2025-09-07T08:06:54.000Z,/,GET,304,71,US,Desktop
2025-09-07T08:14:44.000Z,/products,GET,200,147,US,Desktop
2025-09-07T08:14:55.000Z,/products/:id,GET,200,27,US,Mobile
2025-09-07T08:15:38.000Z,/cart,GET,200,48,DE,Tablet
2025-09-07T08:15:45.000Z,/products,GET,200,63,IN,Desktop
2025-09-07T08:18:08.000Z,/cart,GET,200,61,BR,Desktop
2025-09-07T08:19:48.000Z,/products,GET,200,42,GB,Desktop
2025-09-07T08:21:16.000Z,/search,GET,200,152,DE,Mobile
2025-09-07T08:27:15.000Z,/api/cart,POST,200,94,CA,Desktop
2025-09-07T08:29:32.000Z,/account,GET,200,59,BR,Mobile
2025-09-07T08:29:39.000Z,/cart,GET,304,161,US,Desktop
2025-09-07T08:30:01.000Z,/,GET,200,71,US,Desktop
2025-09-07T08:31:51.000Z,/,GET,200,29,US,Mobile
2025-09-07T08:35:06.000Z,/search,GET,200,121,CA,Mobile
2025-09-07T08:40:09.000Z,/,GET,200,48,US,Desktop
2025-09-07T08:42:37.000Z,/products/:id,GET,200,48,JP,Desktop
2025-09-07T08:43:11.000Z,/account,GET,200,47,CA,Mobile
2025-09-07T08:48:45.000Z,/,GET,200,21,US,Desktop
2025-09-07T08:52:22.000Z,/search,GET,200,118,US,Desktop
2025-09-07T08:52:53.000Z,/account,GET,200,85,DE,Desktop
2025-09-07T08:54:57.000Z,/search,GET,200,84,JP,Desktop
2025-09-07T08:58:56.000Z,/account,GET,200,125,CA,Desktop
2025-09-07T09:00:33.000Z,/api/cart,POST,200,138,CA,Mobile
2025-09-07T09:03:26.000Z,/,GET,200,38,CA,Desktop
2025-09-07T09:03:41.000Z,/products/:id,GET,200,60,IN,Desktop
2025-09-07T09:07:18.000Z,/,GET,200,113,US,Mobile
2025-09-07T09:08:40.000Z,/cart,GET,200,35,GB,Mobile
2025-09-07T09:08:53.000Z,/api/checkout,POST,200,478,BR,Mobile
2025-09-07T09:09:01.000Z,/cart,GET,200,51,GB,Mobile
2025-09-07T09:12:49.000Z,/search,GET,200,103,JP,Mobile
2025-09-07T09:15:09.000Z,/products,GET,200,123,BR,Mobile
2025-09-07T09:15:31.000Z,/api/cart,POST,404,132,GB,Mobile
2025-09-07T09:20:46.000Z,/products/:id,GET,200,60,DE,Desktop
2025-09-07T09:22:32.000Z,/api/checkout,POST,304,418,FR,Desktop
2025-09-07T09:22:34.000Z,/,GET,200,53,IN,Desktop
2025-09-07T09:28:13.000Z,/search,GET,200,128,US,Mobile
2025-09-07T09:29:04.000Z,/products/:id,GET,200,51,US,Desktop
2025-09-07T09:29:18.000Z,/search,GET,200,147,JP,Mobile
2025-09-07T09:31:15.000Z,/products,GET,200,103,CA,Desktop
2025-09-07T09:34:30.000Z,/,GET,200,39,US,Mobile
2025-09-07T09:37:20.000Z,/,GET,200,67,GB,Desktop
2025-09-07T09:38:04.000Z,/search,GET,200,94,US,Desktop
2025-09-07T09:39:07.000Z,/products/:id,GET,200,106,BR,Mobile
2025-09-07T09:46:47.000Z,/api/cart,POST,200,57,IN,Mobile
2025-09-07T09:47:39.000Z,/account,GET,200,104,DE,Mobile
2025-09-07T09:47:40.000Z,/,GET,200,33,GB,Desktop
2025-09-07T09:57:59.000Z,/cart,GET,200,72,IN,Desktop
2025-09-07T09:58:12.000Z,/products/:id,GET,200,52,US,Mobile
2025-09-07T09:58:36.000Z,/products,GET,200,68,US,Desktop
2025-09-07T09:58:43.000Z,/search,GET,200,138,BR,Desktop
2025-09-07T10:01:17.000Z,/products/:id,GET,200,50,US,Mobile
2025-09-07T10:01:23.000Z,/products/:id,GET,200,51,IN,Mobile
2025-09-07T10:03:11.000Z,/products,GET,200,63,US,Mobile
2025-09-07T10:04:44.000Z,/products/:id,GET,200,116,IN,Desktop
2025-09-07T10:04:45.000Z,/cart,GET,200,28,US,Desktop
2025-09-07T10:05:14.000Z,/search,GET,200,161,JP,Mobile
2025-09-07T10:05:35.000Z,/products/:id,GET,500,54,US,Desktop
2025-09-07T10:07:12.000Z,/account,GET,200,25,CA,Desktop
2025-09-07T10:09:02.000Z,/search,GET,200,90,DE,Mobile
2025-09-07T10:10:08.000Z,/search,GET,200,101,DE,Tablet
2025-09-07T10:11:27.000Z,/products,GET,200,84,FR,Desktop
2025-09-07T10:17:32.000Z,/search,GET,200,335,DE,Mobile
2025-09-07T10:19:45.000Z,/products,GET,200,95,IN,Mobile
2025-09-07T10:21:07.000Z,/cart,GET,200,103,US,Desktop
2025-09-07T10:23:35.000Z,/,GET,200,28,DE,Desktop
2025-09-07T10:24:21.000Z,/,GET,200,26,DE,Mobile
2025-09-07T10:25:22.000Z,/products/:id,GET,200,54,CA,Desktop
2025-09-07T10:26:49.000Z,/api/cart,POST,200,117,JP,Mobile
2025-09-07T10:28:13.000Z,/cart,GET,200,50,US,Mobile
2025-09-07T10:28:45.000Z,/search,GET,200,81,IN,Desktop
2025-09-07T10:32:06.000Z,/products/:id,GET,200,74,BR,Desktop
2025-09-07T10:34:18.000Z,/products,GET,200,83,BR,Desktop
2025-09-07T10:34:29.000Z,/api/cart,POST,200,204,US,Desktop
2025-09-07T10:39:13.000Z,/search,GET,200,198,US,Tablet
2025-09-07T10:46:56.000Z,/products,GET,200,78,GB,Desktop
2025-09-07T10:47:15.000Z,/cart,GET,200,87,JP,Desktop
2025-09-07T10:48:16.000Z,/,GET,200,40,JP,Desktop
2025-09-07T10:48:17.000Z,/products,GET,200,93,JP,Mobile
2025-09-07T10:53:06.000Z,/account,GET,200,125,GB,Mobile
2025-09-07T10:54:45.000Z,/cart,GET,200,29,IN,Tablet
2025-09-07T10:57:05.000Z,/account,GET,200,54,FR,Mobile
2025-09-07T11:04:20.000Z,/search,GET,200,224,US,Desktop
2025-09-07T11:05:56.000Z,/cart,GET,200,83,US,Desktop
2025-09-07T11:11:40.000Z,/,GET,200,97,IN,Desktop
2025-09-07T11:15:19.000Z,/products,GET,404,38,FR,Mobile
2025-09-07T11:17:56.000Z,/,GET,200,47,US,Desktop
2025-09-07T11:22:16.000Z,/,GET,304,26,US,Desktop
2025-09-07T11:30:50.000Z,/,GET,200,64,DE,Mobile
2025-09-07T11:31:32.000Z,/,GET,200,52,IN,Mobile
2025-09-07T11:31:39.000Z,/products/:id,GET,200,93,IN,Desktop
2025-09-07T11:32:50.000Z,/search,GET,200,168,US,Mobile
2025-09-07T11:34:00.000Z,/products,GET,200,69,FR,Desktop
2025-09-07T11:34:35.000Z,/cart,GET,200,82,CA,Desktop
2025-09-07T11:36:17.000Z,/products/:id,GET,200,67,DE,Desktop
2025-09-07T11:37:02.000Z,/search,GET,200,220,BR,Desktop
2025-09-07T11:37:09.000Z,/,GET,200,130,DE,Mobile
2025-09-07T11:38:06.000Z,/products/:id,GET,200,144,US,Desktop
2025-09-07T11:39:26.000Z,/products/:id,GET,200,50,BR,Mobile
2025-09-07T11:40:06.000Z,/products/:id,GET,200,39,US,Desktop
2025-09-07T11:41:59.000Z,/products/:id,GET,200,62,US,Desktop
2025-09-07T11:42:08.000Z,/products,GET,200,129,IN,Mobile
2025-09-07T11:44:44.000Z,/,GET,200,53,CA,Mobile
2025-09-07T11:44:52.000Z,/search,GET,200,235,US,Desktop
2025-09-07T11:45:29.000Z,/search,GET,200,95,US,Mobile
2025-09-07T11:47:17.000Z,/products,GET,200,55,BR,Desktop
2025-09-07T11:50:32.000Z,/products,GET,200,86,GB,Desktop
2025-09-07T11:50:52.000Z,/products/:id,GET,200,81,GB,Desktop
2025-09-07T11:51:30.000Z,/api/checkout,POST,200,129,CA,Desktop
2025-09-07T11:54:11.000Z,/products,GET,200,132,US,Desktop
2025-09-07T11:55:54.000Z,/products/:id,GET,200,48,US,Mobile
2025-09-07T11:56:07.000Z,/,GET,200,20,US,Mobile
2025-09-07T11:58:55.000Z,/account,GET,200,90,US,Desktop
2025-09-07T12:02:10.000Z,/products/:id,GET,200,83,US,Mobile
2025-09-07T12:03:45.000Z,/search,GET,200,178,CA,Desktop
2025-09-07T12:05:00.000Z,/products/:id,GET,200,53,DE,Mobile
2025-09-07T12:12:01.000Z,/,GET,304,60,US,Desktop
2025-09-07T12:12:21.000Z,/products,GET,200,84,US,Desktop
2025-09-07T12:12:57.000Z,/products,GET,200,68,BR,Mobile
2025-09-07T12:15:18.000Z,/search,GET,200,202,US,Desktop
2025-09-07T12:15:32.000Z,/api/cart,POST,200,63,IN,Mobile
2025-09-07T12:15:43.000Z,/search,GET,200,177,DE,Mobile
2025-09-07T12:17:15.000Z,/products,GET,200,84,US,Desktop
2025-09-07T12:17:51.000Z,/,GET,200,40,US,Mobile
2025-09-07T12:24:21.000Z,/products/:id,GET,200,68,BR,Mobile
2025-09-07T12:26:28.000Z,/api/cart,POST,200,61,US,Desktop
2025-09-07T12:30:14.000Z,/,GET,200,81,US,Mobile
2025-09-07T12:34:02.000Z,/search,GET,200,83,US,Mobile
2025-09-07T12:35:25.000Z,/products/:id,GET,200,68,JP,Mobile
2025-09-07T12:37:15.000Z,/,GET,200,59,US,Mobile
2025-09-07T12:37:52.000Z,/search,GET,200,132,DE,Desktop
2025-09-07T12:38:45.000Z,/products,GET,200,123,DE,Desktop
2025-09-07T12:39:04.000Z,/search,GET,200,302,FR,Mobile
2025-09-07T12:39:27.000Z,/,GET,200,51,CA,Mobile
2025-09-07T12:40:16.000Z,/api/cart,POST,200,104,US,Tablet
2025-09-07T12:40:32.000Z,/api/cart,POST,200,80,IN,Mobile
2025-09-07T12:40:42.000Z,/,GET,200,36,US,Mobile
2025-09-07T12:41:21.000Z,/search,GET,200,252,US,Desktop
2025-09-07T12:46:02.000Z,/products,GET,200,114,GB,Desktop
2025-09-07T12:47:35.000Z,/,GET,200,49,BR,Desktop
2025-09-07T12:49:39.000Z,/products,GET,200,57,US,Desktop
2025-09-07T12:52:26.000Z,/,GET,200,82,FR,Mobile
2025-09-07T12:55:29.000Z,/,GET,200,57,GB,Mobile
2025-09-07T12:56:22.000Z,/products/:id,GET,200,63,DE,Mobile
2025-09-07T12:57:37.000Z,/products/:id,GET,200,42,US,Desktop
2025-09-07T12:58:44.000Z,/search,GET,200,109,US,Desktop
2025-09-07T12:59:50.000Z,/cart,GET,200,14,US,Mobile
2025-09-07T13:01:59.000Z,/,GET,200,31,US,Desktop
2025-09-07T13:05:48.000Z,/search,GET,200,139,JP,Mobile
2025-09-07T13:10:16.000Z,/,GET,200,59,JP,Desktop
2025-09-07T13:16:50.000Z,/products,GET,304,90,CA,Desktop
2025-09-07T13:17:41.000Z,/products,GET,200,63,DE,Mobile
2025-09-07T13:20:20.000Z,/search,GET,200,211,US,Mobile
2025-09-07T13:20:24.000Z,/account,GET,200,125,US,Desktop
2025-09-07T13:20:24.000Z,/api/cart,POST,200,47,GB,Desktop
2025-09-07T13:21:39.000Z,/products,GET,200,111,JP,Mobile
2025-09-07T13:21:41.000Z,/cart,GET,404,112,US,Desktop
2025-09-07T13:22:04.000Z,/api/checkout,POST,200,178,FR,Desktop
2025-09-07T13:22:47.000Z,/,GET,200,62,US,Mobile
2025-09-07T13:24:35.000Z,/products/:id,GET,200,43,JP,Desktop
2025-09-07T13:28:09.000Z,/,GET,200,51,US,Desktop
2025-09-07T13:31:01.000Z,/products,GET,200,59,CA,Mobile
2025-09-07T13:33:57.000Z,/cart,GET,200,50,US,Desktop
2025-09-07T13:34:32.000Z,/products/:id,GET,200,38,US,Mobile
2025-09-07T13:38:39.000Z,/cart,GET,200,39,CA,Desktop
2025-09-07T13:39:27.000Z,/,GET,200,61,US,Desktop
2025-09-07T13:39:40.000Z,/cart,GET,200,61,US,Desktop
2025-09-07T13:42:57.000Z,/account,GET,200,96,FR,Desktop
2025-09-07T13:43:36.000Z,/search,GET,200,203,IN,Desktop
2025-09-07T13:43:56.000Z,/products,GET,200,94,BR,Desktop
2025-09-07T13:44:42.000Z,/,GET,200,76,JP,Mobile
2025-09-07T13:44:54.000Z,/api/cart,POST,200,135,US,Mobile
2025-09-07T13:46:11.000Z,/products/:id,GET,200,92,IN,Mobile
2025-09-07T13:46:17.000Z,/,GET,200,39,US,Mobile
2025-09-07T13:49:08.000Z,/products,GET,200,83,US,Mobile
2025-09-07T13:55:16.000Z,/products/:id,GET,200,108,GB,Desktop
2025-09-07T13:59:51.000Z,/products,GET,200,91,IN,Mobile
2025-09-07T14:01:03.000Z,/products/:id,GET,200,28,IN,Mobile
2025-09-07T14:03:16.000Z,/,GET,200,73,US,Tablet
2025-09-07T14:03:45.000Z,/search,GET,200,71,GB,Mobile
2025-09-07T14:04:17.000Z,/search,GET,200,81,US,Tablet
2025-09-07T14:05:03.000Z,/api/checkout,POST,200,133,CA,Mobile
2025-09-07T14:05:52.000Z,/products/:id,GET,200,44,IN,Mobile
2025-09-07T14:11:16.000Z,/products,GET,200,37,BR,Desktop
2025-09-07T14:17:59.000Z,/products/:id,GET,200,72,JP,Tablet
2025-09-07T14:23:04.000Z,/account,GET,200,53,US,Mobile
2025-09-07T14:23:28.000Z,/,GET,404,53,JP,Desktop
2025-09-07T14:23:48.000Z,/products/:id,GET,200,64,IN,Mobile
2025-09-07T14:24:03.000Z,/account,GET,200,115,JP,Mobile
2025-09-07T14:24:12.000Z,/products/:id,GET,200,36,US,Mobile
2025-09-07T14:31:18.000Z,/,GET,200,53,US,Desktop
2025-09-07T14:32:05.000Z,/api/cart,POST,200,76,DE,Desktop
2025-09-07T14:33:50.000Z,/,GET,200,25,US,Desktop
2025-09-07T14:34:48.000Z,/products/:id,GET,200,49,BR,Desktop
2025-09-07T14:38:59.000Z,/products/:id,GET,500,98,US,Mobile
2025-09-07T14:39:28.000Z,/products,GET,200,52,US,Mobile
2025-09-07T14:43:34.000Z,/products/:id,GET,200,88,CA,Mobile
2025-09-07T14:46:48.000Z,/account,GET,200,221,CA,Mobile
2025-09-07T14:50:58.000Z,/,GET,200,35,DE,Mobile
2025-09-07T14:52:30.000Z,/api/cart,POST,200,112,US,Desktop
2025-09-07T14:54:57.000Z,/cart,GET,200,80,US,Mobile
2025-09-07T14:55:50.000Z,/products/:id,GET,200,49,JP,Mobile
2025-09-07T14:58:41.000Z,/cart,GET,200,53,US,Desktop
2025-09-07T15:02:19.000Z,/,GET,200,50,JP,Mobile
2025-09-07T15:04:55.000Z,/,GET,200,40,DE,Mobile
2025-09-07T15:07:45.000Z,/,GET,200,72,DE,Mobile
2025-09-07T15:11:32.000Z,/,GET,200,71,CA,Mobile
2025-09-07T15:12:42.000Z,/,GET,200,25,JP,Mobile
2025-09-07T15:13:27.000Z,/api/cart,POST,200,107,CA,Mobile
2025-09-07T15:17:08.000Z,/search,GET,200,408,IN,Mobile
2025-09-07T15:17:11.000Z,/products,GET,200,130,US,Desktop
2025-09-07T15:18:43.000Z,/,GET,404,48,US,Desktop
2025-09-07T15:18:53.000Z,/,GET,200,31,CA,Mobile
2025-09-07T15:19:16.000Z,/products,GET,200,291,IN,Mobile
2025-09-07T15:20:37.000Z,/api/cart,POST,200,71,US,Mobile
2025-09-07T15:24:10.000Z,/,GET,200,47,IN,Mobile
2025-09-07T15:25:44.000Z,/products/:id,GET,200,53,CA,Mobile
2025-09-07T15:27:29.000Z,/products,GET,200,39,US,Desktop
2025-09-07T15:31:17.000Z,/,GET,304,72,JP,Desktop
2025-09-07T15:35:46.000Z,/cart,GET,200,58,FR,Desktop
2025-09-07T15:36:01.000Z,/products,GET,200,67,US,Mobile
2025-09-07T15:41:55.000Z,/search,GET,200,77,US,Mobile
2025-09-07T15:43:47.000Z,/,GET,200,54,DE,Mobile
2025-09-07T15:47:20.000Z,/,GET,200,33,DE,Mobile
2025-09-07T15:49:08.000Z,/api/cart,POST,200,82,US,Mobile
2025-09-07T15:49:51.000Z,/products,GET,200,70,CA,Desktop
2025-09-07T15:54:06.000Z,/,GET,200,38,CA,Desktop
2025-09-07T15:55:26.000Z,/api/cart,POST,304,76,US,Tablet
2025-09-07T15:55:46.000Z,/products,GET,200,38,CA,Desktop
2025-09-07T15:56:58.000Z,/search,GET,200,143,US,Desktop
2025-09-07T15:58:23.000Z,/api/checkout,POST,200,460,US,Desktop
2025-09-07T16:02:13.000Z,/products,GET,200,114,US,Desktop
2025-09-07T16:03:16.000Z,/account,GET,200,49,JP,Desktop
2025-09-07T16:03:32.000Z,/products,GET,200,91,IN,Desktop
2025-09-07T16:04:18.000Z,/api/checkout,POST,200,323,US,Desktop
2025-09-07T16:04:46.000Z,/products/:id,GET,200,29,US,Desktop
2025-09-07T16:05:02.000Z,/api/cart,POST,200,184,US,Desktop
2025-09-07T16:05:27.000Z,/api/cart,POST,200,75,US,Mobile
2025-09-07T16:05:39.000Z,/cart,GET,200,50,DE,Mobile
2025-09-07T16:08:32.000Z,/,GET,200,48,BR,Desktop
2025-09-07T16:09:03.000Z,/search,GET,404,104,US,Desktop
2025-09-07T16:09:17.000Z,/,GET,200,44,FR,Mobile
2025-09-07T16:12:43.000Z,/cart,GET,200,46,GB,Mobile
2025-09-07T16:13:49.000Z,/products/:id,GET,200,21,US,Mobile
2025-09-07T16:17:29.000Z,/search,GET,200,565,US,Desktop
2025-09-07T16:32:36.000Z,/products,GET,200,59,US,Desktop
2025-09-07T16:34:32.000Z,/api/cart,POST,200,202,US,Desktop
2025-09-07T16:34:44.000Z,/,GET,200,20,DE,Mobile
2025-09-07T16:34:44.000Z,/products,GET,200,281,US,Mobile
2025-09-07T16:39:58.000Z,/,GET,200,53,JP,Mobile
2025-09-07T16:40:00.000Z,/,GET,304,17,US,Mobile
2025-09-07T16:41:04.000Z,/,GET,200,39,US,Mobile
2025-09-07T16:43:09.000Z,/cart,GET,200,91,US,Mobile
2025-09-07T16:44:19.000Z,/products,GET,200,75,GB,Desktop
2025-09-07T16:46:13.000Z,/products,GET,200,58,IN,Mobile
2025-09-07T16:46:43.000Z,/products/:id,GET,200,35,BR,Desktop
2025-09-07T16:47:48.000Z,/products,GET,200,176,US,Mobile
2025-09-07T16:47:49.000Z,/search,GET,200,81,GB,Desktop
2025-09-07T16:48:08.000Z,/cart,GET,200,107,US,Mobile
2025-09-07T16:56:24.000Z,/,GET,200,38,BR,Desktop
2025-09-07T16:57:17.000Z,/products/:id,GET,200,53,US,Mobile
2025-09-07T16:58:08.000Z,/products/:id,GET,200,69,GB,Mobile
2025-09-07T16:58:57.000Z,/products,GET,200,44,IN,Desktop
2025-09-07T17:00:38.000Z,/,GET,200,31,GB,Mobile
2025-09-07T17:00:44.000Z,/,GET,200,52,FR,Mobile
2025-09-07T17:08:45.000Z,/search,GET,200,68,IN,Desktop
2025-09-07T17:09:46.000Z,/,GET,200,31,GB,Mobile
2025-09-07T17:12:12.000Z,/products/:id,GET,200,32,GB,Desktop
2025-09-07T17:12:28.000Z,/,GET,200,44,GB,Desktop
2025-09-07T17:12:47.000Z,/products,GET,200,119,DE,Desktop
2025-09-07T17:13:14.000Z,/products,GET,200,63,IN,Mobile
2025-09-07T17:17:39.000Z,/products/:id,GET,200,108,DE,Mobile
2025-09-07T17:18:12.000Z,/products,GET,200,73,US,Desktop
2025-09-07T17:18:47.000Z,/api/cart,POST,200,132,CA,Mobile
2025-09-07T17:20:46.000Z,/api/cart,POST,200,83,US,Desktop
2025-09-07T17:21:52.000Z,/products,GET,200,73,US,Mobile
2025-09-07T17:24:03.000Z,/,GET,200,85,US,Desktop
2025-09-07T17:26:53.000Z,/,GET,200,69,GB,Tablet
2025-09-07T17:27:23.000Z,/,GET,200,44,BR,Mobile
2025-09-07T17:31:08.000Z,/products,GET,200,75,US,Mobile
2025-09-07T17:32:40.000Z,/products,GET,404,47,CA,Desktop
2025-09-07T17:34:07.000Z,/,GET,200,58,US,Mobile
2025-09-07T17:35:10.000Z,/products,GET,200,75,IN,Mobile
2025-09-07T17:36:50.000Z,/,GET,200,106,US,Mobile
2025-09-07T17:40:40.000Z,/search,GET,200,178,GB,Mobile
2025-09-07T17:48:08.000Z,/products/:id,GET,200,53,CA,Desktop
2025-09-07T17:51:57.000Z,/cart,GET,200,57,BR,Mobile
2025-09-07T17:54:21.000Z,/,GET,200,26,US,Mobile
2025-09-07T17:54:28.000Z,/api/cart,POST,200,69,CA,Mobile
2025-09-07T17:56:44.000Z,/,GET,200,67,US,Desktop
2025-09-07T17:57:52.000Z,/,GET,200,38,IN,Mobile
2025-09-07T18:00:50.000Z,/cart,GET,200,80,US,Desktop
2025-09-07T18:03:24.000Z,/,GET,200,56,IN,Mobile
2025-09-07T18:03:30.000Z,/search,GET,200,102,BR,Desktop
2025-09-07T18:06:50.000Z,/cart,GET,200,72,GB,Mobile
2025-09-07T18:08:50.000Z,/products,GET,200,57,IN,Mobile
2025-09-07T18:08:53.000Z,/products/:id,GET,200,101,FR,Mobile
2025-09-07T18:09:44.000Z,/products/:id,GET,200,28,GB,Tablet
2025-09-07T18:18:15.000Z,/products,GET,200,121,US,Mobile
2025-09-07T18:21:04.000Z,/products,GET,200,134,US,Desktop
2025-09-07T18:21:11.000Z,/products/:id,GET,200,59,GB,Desktop
2025-09-07T18:21:26.000Z,/products/:id,GET,200,49,US,Mobile
2025-09-07T18:22:08.000Z,/api/checkout,POST,200,62,DE,Desktop
2025-09-07T18:23:08.000Z,/search,GET,200,42,US,Desktop
2025-09-07T18:23:26.000Z,/search,GET,200,132,JP,Mobile
2025-09-07T18:28:43.000Z,/,GET,200,26,BR,Mobile
2025-09-07T18:28:47.000Z,/products,GET,200,109,CA,Desktop
2025-09-07T18:30:20.000Z,/products/:id,GET,200,86,US,Mobile
2025-09-07T18:31:17.000Z,/,GET,200,45,US,Desktop
2025-09-07T18:33:33.000Z,/products/:id,GET,200,42,CA,Desktop
2025-09-07T18:33:34.000Z,/products/:id,GET,304,51,IN,Desktop
2025-09-07T18:36:08.000Z,/cart,GET,200,64,US,Mobile
2025-09-07T18:37:48.000Z,/search,GET,200,183,IN,Mobile
2025-09-07T18:49:21.000Z,/,GET,200,31,GB,Mobile
2025-09-07T18:49:48.000Z,/search,GET,200,238,JP,Desktop
2025-09-07T18:50:49.000Z,/api/checkout,POST,200,242,US,Desktop
2025-09-07T18:51:39.000Z,/search,GET,401,174,US,Desktop
2025-09-07T18:54:19.000Z,/products/:id,GET,500,46,FR,Tablet
2025-09-07T18:54:30.000Z,/products,GET,200,37,GB,Mobile
2025-09-07T18:58:02.000Z,/products/:id,GET,200,62,US,Desktop
2025-09-07T19:07:08.000Z,/api/cart,POST,304,98,FR,Tablet
2025-09-07T19:07:17.000Z,/products/:id,GET,200,74,US,Desktop
2025-09-07T19:10:17.000Z,/products,GET,200,58,FR,Desktop
2025-09-07T19:15:00.000Z,/,GET,200,48,DE,Desktop
2025-09-07T19:16:35.000Z,/search,GET,200,67,FR,Mobile
2025-09-07T19:20:14.000Z,/products,GET,200,104,CA,Desktop
2025-09-07T19:21:17.000Z,/,GET,200,43,US,Mobile
2025-09-07T19:21:39.000Z,/api/cart,POST,200,64,US,Mobile
2025-09-07T19:29:23.000Z,/products/:id,GET,200,46,US,Mobile
2025-09-07T19:32:26.000Z,/cart,GET,200,120,US,Mobile
2025-09-07T19:33:54.000Z,/api/checkout,POST,200,166,US,Desktop
2025-09-07T19:36:18.000Z,/api/checkout,POST,200,324,DE,Mobile
2025-09-07T19:37:15.000Z,/api/cart,POST,200,87,IN,Desktop
2025-09-07T19:44:37.000Z,/products/:id,GET,200,48,US,Desktop
2025-09-07T19:46:01.000Z,/products/:id,GET,200,23,CA,Mobile
2025-09-07T19:46:39.000Z,/,GET,200,69,JP,Desktop
2025-09-07T19:48:54.000Z,/search,GET,200,159,IN,Desktop
2025-09-07T19:51:17.000Z,/api/cart,POST,200,62,IN,Mobile
2025-09-07T20:04:13.000Z,/products/:id,GET,200,105,DE,Mobile
2025-09-07T20:11:35.000Z,/products/:id,GET,304,44,IN,Tablet
2025-09-07T20:19:40.000Z,/account,GET,200,96,US,Mobile
2025-09-07T20:22:20.000Z,/search,GET,200,432,CA,Desktop
2025-09-07T20:25:46.000Z,/,GET,200,91,CA,Mobile
2025-09-07T20:29:11.000Z,/products,GET,200,116,BR,Desktop
2025-09-07T20:29:13.000Z,/products/:id,GET,404,29,CA,Mobile
2025-09-07T20:31:02.000Z,/products/:id,GET,200,82,DE,Mobile
2025-09-07T20:34:23.000Z,/search,GET,200,93,US,Tablet
2025-09-07T20:36:27.000Z,/cart,GET,200,52,US,Desktop
2025-09-07T20:39:14.000Z,/products/:id,GET,200,85,US,Mobile
2025-09-07T20:40:31.000Z,/products/:id,GET,200,17,US,Desktop
2025-09-07T20:42:10.000Z,/,GET,200,45,DE,Desktop
2025-09-07T20:46:38.000Z,/,GET,200,26,US,Desktop
2025-09-07T20:46:55.000Z,/api/cart,POST,200,113,IN,Desktop
2025-09-07T20:47:42.000Z,/products,GET,404,83,BR,Mobile
2025-09-07T20:49:28.000Z,/cart,GET,200,57,BR,Mobile
2025-09-07T20:50:51.000Z,/search,GET,200,104,DE,Desktop
2025-09-07T20:54:29.000Z,/api/cart,POST,200,72,DE,Mobile
2025-09-07T21:00:17.000Z,/api/checkout,POST,200,127,DE,Mobile
2025-09-07T21:02:20.000Z,/cart,GET,200,43,IN,Mobile
2025-09-07T21:08:55.000Z,/,GET,200,34,IN,Desktop
2025-09-07T21:12:12.000Z,/cart,GET,200,72,US,Mobile
2025-09-07T21:14:16.000Z,/products,GET,200,57,US,Mobile
2025-09-07T21:14:47.000Z,/api/cart,POST,200,115,DE,Desktop
2025-09-07T21:18:35.000Z,/products,GET,200,156,US,Mobile
2025-09-07T21:20:13.000Z,/api/cart,POST,200,60,BR,Mobile
2025-09-07T21:20:33.000Z,/,GET,200,43,BR,Mobile
2025-09-07T21:26:01.000Z,/account,GET,200,127,BR,Desktop
2025-09-07T21:27:36.000Z,/products,GET,200,55,DE,Desktop
2025-09-07T21:35:53.000Z,/products/:id,GET,200,100,IN,Mobile
2025-09-07T21:53:30.000Z,/products/:id,GET,200,68,US,Mobile
2025-09-07T21:53:35.000Z,/,GET,200,28,US,Desktop
2025-09-07T21:55:06.000Z,/cart,GET,304,67,BR,Mobile
2025-09-07T22:04:14.000Z,/search,GET,200,358,GB,Tablet
2025-09-07T22:04:42.000Z,/products,GET,200,128,DE,Desktop
2025-09-07T22:11:02.000Z,/products/:id,GET,200,106,JP,Desktop
2025-09-07T22:12:27.000Z,/products/:id,GET,200,61,US,Mobile
2025-09-07T22:14:12.000Z,/account,GET,200,46,IN,Mobile
2025-09-07T22:22:17.000Z,/cart,GET,200,24,CA,Mobile
2025-09-07T22:23:55.000Z,/products,GET,200,52,DE,Desktop
2025-09-07T22:26:40.000Z,/,GET,200,29,US,Desktop
2025-09-07T22:29:24.000Z,/products/:id,GET,304,82,US,Mobile
2025-09-07T22:31:11.000Z,/products/:id,GET,200,40,BR,Mobile
2025-09-07T22:32:08.000Z,/,GET,200,45,IN,Mobile
2025-09-07T22:33:09.000Z,/products,GET,404,101,US,Mobile
2025-09-07T23:00:26.000Z,/cart,GET,200,88,DE,Mobile
2025-09-07T23:02:44.000Z,/products/:id,GET,200,42,US,Desktop
2025-09-07T23:03:35.000Z,/,GET,200,37,US,Desktop
2025-09-07T23:05:20.000Z,/,GET,200,52,JP,Desktop
2025-09-07T23:17:07.000Z,/,GET,200,47,CA,Desktop
2025-09-07T23:22:11.000Z,/api/cart,POST,200,117,US,Mobile
2025-09-07T23:28:30.000Z,/,GET,401,45,GB,Mobile
2025-09-07T23:29:52.000Z,/cart,GET,200,114,US,Mobile
2025-09-07T23:38:50.000Z,/api/cart,POST,200,68,DE,Mobile
2025-09-07T23:39:11.000Z,/products,GET,200,74,GB,Desktop
2025-09-07T23:41:51.000Z,/api/cart,POST,200,107,FR,Mobile
2025-09-07T23:45:17.000Z,/cart,GET,200,48,JP,Desktop
2025-09-07T23:46:47.000Z,/search,GET,200,78,CA,Desktop
2025-09-07T23:49:17.000Z,/cart,GET,200,45,JP,Desktop
2025-09-07T23:51:00.000Z,/cart,GET,304,33,US,Desktop
2025-09-07T23:59:45.000Z,/products/:id,GET,200,90,US,Desktop
2025-09-08T00:01:34.000Z,/cart,GET,200,126,US,Mobile
2025-09-08T00:05:39.000Z,/api/cart,POST,200,77,US,Mobile
2025-09-08T00:18:22.000Z,/,GET,200,55,US,Mobile
2025-09-08T00:22:28.000Z,/cart,GET,200,86,BR,Mobile
2025-09-08T00:24:33.000Z,/,GET,200,22,IN,Desktop
2025-09-08T00:32:01.000Z,/search,GET,500,146,IN,Mobile
2025-09-08T00:44:42.000Z,/account,GET,200,53,US,Mobile
2025-09-08T00:51:15.000Z,/products/:id,GET,200,155,US,Desktop
2025-09-08T01:08:59.000Z,/products/:id,GET,404,131,US,Desktop
2025-09-08T01:09:39.000Z,/search,GET,200,108,US,Desktop
2025-09-08T01:21:49.000Z,/search,GET,200,428,GB,Mobile
2025-09-08T01:39:08.000Z,/products/:id,GET,200,52,US,Desktop
2025-09-08T01:41:41.000Z,/api/checkout,POST,200,201,US,Desktop
2025-09-08T01:46:28.000Z,/,GET,200,35,US,Mobile
2025-09-08T01:48:41.000Z,/products,GET,200,127,US,Mobile
2025-09-08T01:53:06.000Z,/search,GET,200,61,US,Mobile
2025-09-08T01:56:50.000Z,/api/cart,POST,200,186,US,Mobile
2025-09-08T01:59:12.000Z,/search,GET,200,125,FR,Mobile
2025-09-08T01:59:21.000Z,/products/:id,GET,500,25,US,Desktop
2025-09-08T02:01:36.000Z,/search,GET,200,171,US,Mobile
2025-09-08T02:04:47.000Z,/products,GET,200,43,US,Mobile
2025-09-08T02:12:37.000Z,/products/:id,GET,200,60,JP,Desktop
2025-09-08T02:13:21.000Z,/account,GET,200,88,US,Desktop
2025-09-08T02:14:48.000Z,/products/:id,GET,200,69,DE,Mobile
2025-09-08T02:23:18.000Z,/search,GET,200,84,GB,Mobile
2025-09-08T02:24:09.000Z,/products,GET,200,73,GB,Tablet
2025-09-08T02:26:20.000Z,/products,GET,200,178,US,Desktop
2025-09-08T02:27:29.000Z,/api/cart,POST,200,93,US,Desktop
2025-09-08T02:30:48.000Z,/cart,GET,200,44,BR,Mobile
2025-09-08T02:34:08.000Z,/,GET,200,21,US,Mobile
2025-09-08T02:36:22.000Z,/search,GET,200,140,US,Desktop
2025-09-08T02:41:27.000Z,/search,GET,200,78,GB,Tablet
2025-09-08T02:45:03.000Z,/api/checkout,POST,200,130,DE,Mobile
2025-09-08T02:48:11.000Z,/cart,GET,200,60,IN,Desktop
2025-09-08T02:51:14.000Z,/products,GET,200,36,US,Desktop
2025-09-08T02:52:21.000Z,/cart,GET,200,62,US,Desktop
2025-09-08T02:54:04.000Z,/products/:id,GET,200,59,IN,Tablet
2025-09-08T02:55:43.000Z,/cart,GET,200,132,JP,Desktop
2025-09-08T03:00:44.000Z,/,GET,200,32,CA,Mobile
2025-09-08T03:06:10.000Z,/products/:id,GET,200,73,DE,Desktop
2025-09-08T03:08:17.000Z,/search,GET,200,141,US,Desktop
2025-09-08T03:10:31.000Z,/products/:id,GET,200,50,US,Mobile
2025-09-08T03:21:31.000Z,/products/:id,GET,200,54,US,Desktop
2025-09-08T03:25:33.000Z,/api/checkout,POST,304,238,BR,Mobile
2025-09-08T03:26:44.000Z,/products,GET,200,102,DE,Desktop
2025-09-08T03:27:43.000Z,/products,GET,200,81,JP,Desktop
2025-09-08T03:32:26.000Z,/products/:id,GET,200,38,US,Mobile
2025-09-08T03:32:47.000Z,/cart,GET,200,80,US,Desktop
2025-09-08T03:44:48.000Z,/,GET,200,64,BR,Desktop
2025-09-08T03:45:39.000Z,/cart,GET,200,40,IN,Mobile
2025-09-08T03:47:04.000Z,/,GET,200,25,GB,Mobile
2025-09-08T03:48:11.000Z,/api/cart,POST,200,85,US,Mobile
2025-09-08T03:50:29.000Z,/products,GET,200,94,JP,Desktop
2025-09-08T03:52:07.000Z,/api/checkout,POST,200,143,BR,Tablet
2025-09-08T03:56:17.000Z,/account,GET,404,34,FR,Desktop
2025-09-08T04:01:43.000Z,/account,GET,304,195,CA,Tablet
2025-09-08T04:05:27.000Z,/search,GET,200,217,CA,Mobile
2025-09-08T04:08:09.000Z,/,GET,200,25,FR,Desktop
2025-09-08T04:10:11.000Z,/products/:id,GET,200,63,US,Tablet
2025-09-08T04:10:20.000Z,/products,GET,200,41,IN,Mobile
2025-09-08T04:10:39.000Z,/api/cart,POST,401,118,DE,Mobile
2025-09-08T04:14:50.000Z,/search,GET,200,101,FR,Mobile
2025-09-08T04:15:15.000Z,/,GET,200,50,GB,Mobile
2025-09-08T04:25:48.000Z,/products/:id,GET,200,34,DE,Mobile
2025-09-08T04:29:48.000Z,/api/checkout,POST,200,202,US,Mobile
2025-09-08T04:34:04.000Z,/products/:id,GET,200,55,US,Mobile
2025-09-08T04:40:07.000Z,/account,GET,200,26,US,Desktop
2025-09-08T04:43:14.000Z,/products,GET,200,34,US,Desktop
2025-09-08T04:47:49.000Z,/api/cart,POST,200,71,US,Desktop
2025-09-08T04:51:13.000Z,/search,GET,200,193,US,Mobile
2025-09-08T04:52:20.000Z,/api/cart,POST,200,45,GB,Mobile
2025-09-08T04:54:20.000Z,/api/checkout,POST,200,352,IN,Desktop
2025-09-08T05:03:29.000Z,/search,GET,200,158,CA,Mobile
2025-09-08T05:03:52.000Z,/,GET,200,47,IN,Mobile
2025-09-08T05:08:25.000Z,/,GET,200,70,US,Mobile
2025-09-08T05:08:43.000Z,/search,GET,200,62,CA,Mobile
2025-09-08T05:11:07.000Z,/products/:id,GET,200,79,US,Mobile
2025-09-08T05:13:24.000Z,/products/:id,GET,200,26,IN,Mobile
2025-09-08T05:16:12.000Z,/products/:id,GET,200,47,JP,Desktop
2025-09-08T05:19:13.000Z,/search,GET,200,194,FR,Desktop
2025-09-08T05:19:14.000Z,/api/cart,POST,200,108,US,Mobile
2025-09-08T05:22:16.000Z,/products/:id,GET,200,52,US,Desktop
2025-09-08T05:23:28.000Z,/search,GET,404,120,GB,Mobile
2025-09-08T05:28:58.000Z,/products,GET,200,93,US,Desktop
2025-09-08T05:30:00.000Z,/account,GET,200,69,US,Desktop
2025-09-08T05:32:01.000Z,/account,GET,404,48,US,Mobile
2025-09-08T05:36:16.000Z,/api/checkout,POST,200,240,US,Mobile
2025-09-08T05:42:30.000Z,/,GET,200,102,US,Mobile
2025-09-08T05:56:16.000Z,/products/:id,GET,200,63,IN,Desktop
2025-09-08T05:57:16.000Z,/search,GET,200,110,US,Mobile
2025-09-08T06:04:33.000Z,/,GET,200,51,US,Desktop
2025-09-08T06:05:07.000Z,/search,GET,200,114,BR,Mobile
2025-09-08T06:05:43.000Z,/,GET,200,37,US,Mobile
2025-09-08T06:07:33.000Z,/,GET,404,59,CA,Desktop
2025-09-08T06:09:17.000Z,/search,GET,200,219,IN,Desktop
2025-09-08T06:09:52.000Z,/products/:id,GET,304,78,CA,Mobile
2025-09-08T06:10:44.000Z,/products/:id,GET,200,43,US,Desktop
2025-09-08T06:13:24.000Z,/search,GET,200,69,US,Mobile
2025-09-08T06:21:47.000Z,/products,GET,200,134,DE,Mobile
2025-09-08T06:24:34.000Z,/api/cart,POST,200,110,US,Desktop
2025-09-08T06:30:00.000Z,/products,GET,200,67,BR,Desktop
2025-09-08T06:32:27.000Z,/products/:id,GET,200,31,US,Mobile
2025-09-08T06:41:42.000Z,/api/cart,POST,200,137,US,Desktop
2025-09-08T06:42:09.000Z,/api/checkout,POST,304,363,US,Mobile
2025-09-08T06:43:23.000Z,/products,GET,200,148,GB,Desktop
2025-09-08T06:44:21.000Z,/products,GET,304,111,US,Desktop
2025-09-08T06:47:03.000Z,/api/cart,POST,200,46,BR,Mobile
2025-09-08T06:49:34.000Z,/search,GET,304,137,US,Mobile
2025-09-08T06:55:56.000Z,/products/:id,GET,200,45,US,Desktop
2025-09-08T06:58:13.000Z,/cart,GET,200,59,JP,Desktop
2025-09-08T07:01:01.000Z,/products,GET,304,61,BR,Mobile
2025-09-08T07:01:38.000Z,/,GET,200,38,DE,Mobile
2025-09-08T07:12:31.000Z,/products,GET,200,107,US,Mobile
2025-09-08T07:13:24.000Z,/,GET,200,60,US,Desktop
2025-09-08T07:17:29.000Z,/products,GET,200,63,JP,Desktop
2025-09-08T07:18:47.000Z,/,GET,304,45,DE,Mobile
2025-09-08T07:24:42.000Z,/account,GET,200,212,US,Desktop
2025-09-08T07:29:39.000Z,/api/cart,POST,200,80,US,Desktop
2025-09-08T07:29:47.000Z,/api/cart,POST,200,60,IN,Mobile
2025-09-08T07:30:00.000Z,/api/checkout,POST,200,515,FR,Mobile
2025-09-08T07:30:52.000Z,/products,GET,200,52,CA,Desktop
2025-09-08T07:32:07.000Z,/api/checkout,POST,200,251,BR,Desktop
2025-09-08T07:36:51.000Z,/,GET,200,125,GB,Desktop
2025-09-08T07:38:51.000Z,/api/checkout,POST,200,271,BR,Desktop
2025-09-08T07:43:16.000Z,/,GET,200,64,US,Mobile
2025-09-08T07:44:35.000Z,/products,GET,200,189,IN,Desktop
2025-09-08T07:45:08.000Z,/products,GET,200,121,DE,Mobile
2025-09-08T07:46:30.000Z,/products/:id,GET,200,66,US,Mobile
2025-09-08T07:56:10.000Z,/products,GET,200,29,US,Mobile
2025-09-08T07:57:16.000Z,/products/:id,GET,200,57,CA,Desktop
2025-09-08T07:58:00.000Z,/api/cart,POST,200,44,DE,Desktop
2025-09-08T07:58:21.000Z,/products,GET,200,65,JP,Mobile
2025-09-08T08:09:49.000Z,/products/:id,GET,200,83,CA,Desktop
2025-09-08T08:09:51.000Z,/products,GET,200,90,GB,Mobile
2025-09-08T08:13:16.000Z,/cart,GET,200,101,US,Mobile
2025-09-08T08:13:24.000Z,/products/:id,GET,404,58,US,Desktop
2025-09-08T08:15:13.000Z,/,GET,200,32,US,Mobile
2025-09-08T08:18:21.000Z,/products,GET,200,126,US,Desktop
2025-09-08T08:22:11.000Z,/search,GET,200,232,US,Tablet
2025-09-08T08:22:34.000Z,/cart,GET,200,23,IN,Desktop
2025-09-08T08:23:45.000Z,/products/:id,GET,200,108,US,Desktop
2025-09-08T08:24:18.000Z,/products,GET,200,117,US,Desktop
2025-09-08T08:27:20.000Z,/products/:id,GET,200,41,JP,Tablet
2025-09-08T08:27:44.000Z,/search,GET,200,122,US,Mobile
2025-09-08T08:32:01.000Z,/products,GET,200,89,IN,Mobile
2025-09-08T08:32:19.000Z,/,GET,200,75,JP,Desktop
2025-09-08T08:35:13.000Z,/products/:id,GET,401,74,GB,Tablet
2025-09-08T08:36:17.000Z,/products/:id,GET,200,75,IN,Tablet
2025-09-08T08:40:14.000Z,/products/:id,GET,200,60,FR,Mobile
2025-09-08T08:40:23.000Z,/products/:id,GET,200,32,FR,Mobile
2025-09-08T08:49:48.000Z,/products/:id,GET,200,40,CA,Tablet
2025-09-08T08:52:33.000Z,/products,GET,200,120,US,Desktop
2025-09-08T08:52:57.000Z,/search,GET,200,307,US,Mobile
2025-09-08T08:54:45.000Z,/cart,GET,200,37,JP,Desktop
2025-09-08T08:55:02.000Z,/products,GET,200,66,US,Desktop
2025-09-08T08:57:32.000Z,/,GET,200,54,BR,Desktop
2025-09-08T08:58:57.000Z,/cart,GET,200,34,US,Tablet
2025-09-08T08:59:36.000Z,/products,GET,200,85,US,Desktop
2025-09-08T09:00:40.000Z,/products/:id,GET,200,78,US,Mobile
2025-09-08T09:03:14.000Z,/products,GET,200,70,US,Desktop
2025-09-08T09:05:40.000Z,/search,GET,200,85,JP,Mobile
2025-09-08T09:12:52.000Z,/,GET,200,99,DE,Desktop
2025-09-08T09:18:31.000Z,/,GET,200,98,GB,Desktop
2025-09-08T09:19:41.000Z,/cart,GET,200,75,US,Desktop
2025-09-08T09:20:50.000Z,/products,GET,200,82,US,Mobile
2025-09-08T09:22:35.000Z,/products/:id,GET,200,67,US,Desktop
2025-09-08T09:27:21.000Z,/api/checkout,POST,200,202,US,Desktop
2025-09-08T09:29:54.000Z,/account,GET,200,37,US,Desktop
2025-09-08T09:31:08.000Z,/products,GET,200,70,FR,Mobile
2025-09-08T09:36:56.000Z,/,GET,200,28,US,Mobile
2025-09-08T09:39:37.000Z,/cart,GET,200,68,DE,Mobile
2025-09-08T09:39:50.000Z,/api/cart,POST,200,110,FR,Desktop
2025-09-08T09:40:08.000Z,/,GET,200,64,US,Mobile
2025-09-08T09:41:16.000Z,/api/checkout,POST,200,132,DE,Mobile
2025-09-08T09:41:24.000Z,/,GET,200,53,JP,Mobile
2025-09-08T09:41:36.000Z,/products/:id,GET,200,139,US,Desktop
2025-09-08T09:41:55.000Z,/search,GET,200,143,CA,Mobile
2025-09-08T09:42:17.000Z,/api/cart,POST,200,43,US,Mobile
2025-09-08T09:43:28.000Z,/,GET,200,37,IN,Mobile
2025-09-08T09:44:48.000Z,/search,GET,200,109,US,Mobile
2025-09-08T09:45:32.000Z,/cart,GET,200,50,BR,Desktop
2025-09-08T09:52:12.000Z,/search,GET,304,178,FR,Mobile
2025-09-08T09:52:19.000Z,/products/:id,GET,200,59,DE,Mobile
2025-09-08T09:55:53.000Z,/products,GET,200,70,US,Mobile
2025-09-08T09:56:18.000Z,/api/checkout,POST,200,256,US,Desktop
2025-09-08T10:00:37.000Z,/products/:id,GET,200,154,US,Desktop
2025-09-08T10:02:30.000Z,/products,GET,200,127,FR,Desktop
2025-09-08T10:02:33.000Z,/,GET,200,49,US,Tablet
2025-09-08T10:06:53.000Z,/products/:id,GET,404,89,BR,Desktop
2025-09-08T10:15:43.000Z,/api/cart,POST,200,57,BR,Mobile
2025-09-08T10:16:12.000Z,/,GET,200,30,DE,Desktop
2025-09-08T10:18:00.000Z,/,GET,200,64,BR,Desktop
2025-09-08T10:18:49.000Z,/search,GET,200,162,BR,Tablet
2025-09-08T10:22:26.000Z,/,GET,200,87,IN,Desktop
2025-09-08T10:23:55.000Z,/products/:id,GET,404,62,US,Desktop
2025-09-08T10:26:09.000Z,/api/cart,POST,200,115,US,Desktop
2025-09-08T10:29:07.000Z,/,GET,200,26,US,Mobile
2025-09-08T10:30:00.000Z,/api/checkout,POST,200,154,IN,Mobile
2025-09-08T10:30:31.000Z,/search,GET,200,332,IN,Tablet
2025-09-08T10:30:39.000Z,/products/:id,GET,200,72,US,Desktop
2025-09-08T10:34:35.000Z,/search,GET,200,72,CA,Mobile
2025-09-08T10:35:33.000Z,/api/checkout,POST,304,383,DE,Mobile
2025-09-08T10:35:43.000Z,/,GET,200,75,FR,Mobile
2025-09-08T10:41:40.000Z,/products,GET,200,78,US,Tablet
2025-09-08T10:42:18.000Z,/products,GET,200,64,CA,Mobile
2025-09-08T10:42:28.000Z,/search,GET,200,166,CA,Desktop
2025-09-08T10:46:54.000Z,/search,GET,200,252,GB,Mobile
2025-09-08T10:47:01.000Z,/search,GET,200,118,BR,Mobile
2025-09-08T10:47:19.000Z,/search,GET,404,199,US,Desktop
2025-09-08T10:47:20.000Z,/api/checkout,POST,200,120,FR,Desktop
2025-09-08T10:52:08.000Z,/,GET,200,86,FR,Mobile
2025-09-08T10:52:46.000Z,/products/:id,GET,200,31,DE,Mobile
2025-09-08T10:54:23.000Z,/search,GET,200,107,US,Mobile
2025-09-08T10:55:01.000Z,/api/cart,POST,200,85,BR,Mobile
2025-09-08T10:58:48.000Z,/,GET,200,87,US,Desktop
2025-09-08T11:01:46.000Z,/account,GET,200,105,US,Mobile
2025-09-08T11:03:09.000Z,/products/:id,GET,200,61,CA,Desktop
2025-09-08T11:03:17.000Z,/,GET,200,34,US,Desktop
2025-09-08T11:10:35.000Z,/products,GET,200,102,US,Desktop
2025-09-08T11:11:21.000Z,/api/checkout,POST,200,387,GB,Mobile
2025-09-08T11:12:47.000Z,/,GET,200,29,US,Mobile
2025-09-08T11:13:38.000Z,/account,GET,200,87,BR,Desktop
2025-09-08T11:14:03.000Z,/cart,GET,200,46,FR,Tablet
2025-09-08T11:21:38.000Z,/products,GET,200,47,US,Mobile
2025-09-08T11:21:54.000Z,/products,GET,200,81,FR,Desktop
2025-09-08T11:23:59.000Z,/products,GET,200,76,IN,Desktop
2025-09-08T11:25:10.000Z,/cart,GET,200,35,US,Desktop
2025-09-08T11:25:20.000Z,/products,GET,200,43,GB,Desktop
2025-09-08T11:25:33.000Z,/,GET,200,52,US,Desktop
2025-09-08T11:27:21.000Z,/,GET,200,30,GB,Mobile
2025-09-08T11:27:47.000Z,/api/cart,POST,200,105,BR,Mobile
2025-09-08T11:28:56.000Z,/,GET,200,32,BR,Desktop
2025-09-08T11:29:52.000Z,/products/:id,GET,200,39,JP,Desktop
2025-09-08T11:33:00.000Z,/search,GET,200,137,US,Tablet
2025-09-08T11:33:29.000Z,/api/cart,POST,200,118,US,Mobile
2025-09-08T11:34:21.000Z,/products/:id,GET,200,60,FR,Desktop
2025-09-08T11:35:23.000Z,/search,GET,200,95,US,Mobile
2025-09-08T11:45:13.000Z,/search,GET,304,157,GB,Mobile
2025-09-08T11:47:07.000Z,/api/cart,POST,200,140,US,Desktop
2025-09-08T11:50:28.000Z,/products,GET,200,86,IN,Desktop
2025-09-08T11:50:54.000Z,/api/checkout,POST,200,372,FR,Mobile
2025-09-08T11:57:28.000Z,/,GET,200,62,FR,Mobile
2025-09-08T11:58:13.000Z,/products/:id,GET,200,38,DE,Desktop
2025-09-08T11:59:48.000Z,/products,GET,200,40,CA,Mobile
2025-09-08T12:03:23.000Z,/,GET,200,62,IN,Mobile
2025-09-08T12:03:56.000Z,/search,GET,200,162,US,Mobile
2025-09-08T12:04:25.000Z,/products/:id,GET,304,110,IN,Mobile
2025-09-08T12:08:41.000Z,/search,GET,200,141,IN,Desktop
2025-09-08T12:09:14.000Z,/search,GET,200,197,CA,Desktop
2025-09-08T12:09:41.000Z,/products/:id,GET,200,56,US,Desktop
2025-09-08T12:12:40.000Z,/,GET,200,45,US,Desktop
2025-09-08T12:17:26.000Z,/products,GET,200,134,GB,Mobile
2025-09-08T12:18:56.000Z,/search,GET,200,259,US,Mobile
2025-09-08T12:25:26.000Z,/products/:id,GET,200,60,US,Desktop
2025-09-08T12:26:40.000Z,/products,GET,200,76,US,Mobile
2025-09-08T12:32:04.000Z,/,GET,200,65,US,Tablet
2025-09-08T12:38:57.000Z,/api/checkout,POST,200,234,FR,Mobile
2025-09-08T12:44:42.000Z,/products,GET,200,62,IN,Mobile
2025-09-08T12:45:58.000Z,/products/:id,GET,200,75,IN,Mobile
2025-09-08T12:47:17.000Z,/api/cart,POST,200,85,JP,Desktop
2025-09-08T12:47:37.000Z,/products/:id,GET,200,54,US,Mobile
2025-09-08T12:48:27.000Z,/api/cart,POST,200,58,JP,Mobile
2025-09-08T12:49:05.000Z,/search,GET,200,200,GB,Mobile
2025-09-08T12:49:05.000Z,/api/checkout,POST,200,155,BR,Mobile
2025-09-08T12:49:10.000Z,/cart,GET,200,155,DE,Mobile
2025-09-08T12:49:44.000Z,/products,GET,401,92,US,Desktop
2025-09-08T12:50:11.000Z,/api/cart,POST,200,222,JP,Desktop
2025-09-08T12:50:41.000Z,/products,GET,200,65,CA,Desktop
2025-09-08T12:52:20.000Z,/products/:id,GET,200,68,IN,Mobile
2025-09-08T12:53:09.000Z,/search,GET,200,134,US,Mobile
2025-09-08T12:56:02.000Z,/,GET,200,36,CA,Mobile
2025-09-08T12:57:43.000Z,/,GET,304,34,US,Mobile
2025-09-08T12:58:00.000Z,/products,GET,200,58,US,Mobile
2025-09-08T12:59:08.000Z,/products,GET,200,105,US,Desktop
2025-09-08T13:00:00.000Z,/search,GET,200,96,US,Mobile
2025-09-08T13:02:14.000Z,/cart,GET,200,45,CA,Desktop
2025-09-08T13:03:32.000Z,/products/:id,GET,200,84,JP,Desktop
2025-09-08T13:06:06.000Z,/search,GET,200,312,US,Mobile
2025-09-08T13:09:57.000Z,/,GET,200,19,US,Mobile
2025-09-08T13:12:50.000Z,/products,GET,200,48,GB,Desktop
2025-09-08T13:15:31.000Z,/api/cart,POST,200,108,JP,Mobile
2025-09-08T13:20:31.000Z,/products,GET,200,41,BR,Desktop
2025-09-08T13:23:38.000Z,/,GET,200,57,DE,Desktop
2025-09-08T13:24:47.000Z,/account,GET,200,152,IN,Desktop
2025-09-08T13:26:04.000Z,/products/:id,GET,200,80,US,Mobile
2025-09-08T13:27:29.000Z,/,GET,200,36,US,Mobile
2025-09-08T13:29:01.000Z,/account,GET,200,79,US,Mobile
2025-09-08T13:31:39.000Z,/,GET,200,40,US,Tablet
2025-09-08T13:32:03.000Z,/,GET,304,62,US,Desktop
2025-09-08T13:32:26.000Z,/cart,GET,200,48,US,Mobile
2025-09-08T13:34:57.000Z,/products,GET,200,54,CA,Mobile
2025-09-08T13:37:24.000Z,/products,GET,200,44,US,Desktop
2025-09-08T13:38:52.000Z,/api/checkout,POST,200,163,JP,Desktop
2025-09-08T13:39:16.000Z,/,GET,200,24,GB,Mobile
2025-09-08T13:40:38.000Z,/search,GET,200,74,US,Desktop
2025-09-08T13:42:14.000Z,/products,GET,200,75,US,Desktop
2025-09-08T13:45:48.000Z,/,GET,200,43,GB,Desktop
2025-09-08T13:50:13.000Z,/,GET,200,60,US,Mobile
2025-09-08T13:52:37.000Z,/,GET,200,33,CA,Tablet
2025-09-08T13:53:42.000Z,/,GET,200,19,US,Mobile
2025-09-08T13:53:50.000Z,/products,GET,200,127,BR,Mobile
2025-09-08T14:00:32.000Z,/products/:id,GET,200,16,BR,Mobile
2025-09-08T14:01:44.000Z,/products,GET,404,76,US,Mobile
2025-09-08T14:01:58.000Z,/,GET,200,51,FR,Mobile
2025-09-08T14:03:22.000Z,/cart,GET,200,51,JP,Tablet
2025-09-08T14:04:02.000Z,/account,GET,200,75,CA,Mobile
2025-09-08T14:04:19.000Z,/products,GET,200,78,IN,Tablet
2025-09-08T14:06:28.000Z,/products/:id,GET,200,37,IN,Desktop
2025-09-08T14:07:22.000Z,/,GET,200,51,JP,Mobile
2025-09-08T14:09:56.000Z,/,GET,200,29,US,Desktop
2025-09-08T14:13:07.000Z,/products/:id,GET,200,59,FR,Desktop
2025-09-08T14:13:15.000Z,/account,GET,200,44,FR,Desktop
2025-09-08T14:16:19.000Z,/,GET,200,56,FR,Mobile
2025-09-08T14:21:49.000Z,/products,GET,200,25,US,Tablet
2025-09-08T14:24:36.000Z,/,GET,200,51,DE,Desktop
2025-09-08T14:26:31.000Z,/products/:id,GET,200,43,US,Tablet
2025-09-08T14:30:10.000Z,/cart,GET,200,62,US,Desktop
2025-09-08T14:32:41.000Z,/products/:id,GET,200,112,IN,Mobile
2025-09-08T14:36:35.000Z,/api/cart,POST,200,102,IN,Desktop
2025-09-08T14:36:44.000Z,/search,GET,200,111,JP,Desktop
2025-09-08T14:39:35.000Z,/products,GET,200,124,JP,Mobile
2025-09-08T14:46:35.000Z,/cart,GET,200,42,US,Desktop
2025-09-08T14:46:41.000Z,/products,GET,200,83,IN,Mobile
2025-09-08T14:48:37.000Z,/products/:id,GET,200,76,DE,Tablet
2025-09-08T14:49:41.000Z,/products,GET,500,71,JP,Mobile
2025-09-08T14:51:33.000Z,/,GET,200,50,US,Desktop
2025-09-08T14:55:43.000Z,/,GET,200,75,US,Desktop
2025-09-08T14:57:52.000Z,/products/:id,GET,200,53,IN,Mobile
2025-09-08T14:58:14.000Z,/cart,GET,200,70,US,Tablet
2025-09-08T15:01:22.000Z,/search,GET,200,92,US,Desktop
2025-09-08T15:03:05.000Z,/products/:id,GET,200,74,CA,Desktop
2025-09-08T15:03:35.000Z,/cart,GET,200,20,IN,Mobile
2025-09-08T15:05:15.000Z,/products/:id,GET,200,110,JP,Desktop
2025-09-08T15:05:31.000Z,/search,GET,200,51,DE,Mobile
2025-09-08T15:05:46.000Z,/,GET,200,20,US,Desktop
2025-09-08T15:06:09.000Z,/,GET,200,35,IN,Mobile
2025-09-08T15:06:50.000Z,/cart,GET,200,132,US,Mobile
2025-09-08T15:08:43.000Z,/products,GET,200,168,IN,Mobile
2025-09-08T15:18:12.000Z,/search,GET,200,71,IN,Tablet
2025-09-08T15:19:05.000Z,/api/cart,POST,200,103,IN,Mobile
2025-09-08T15:21:16.000Z,/products/:id,GET,200,60,US,Desktop
2025-09-08T15:23:46.000Z,/search,GET,200,107,IN,Desktop
2025-09-08T15:23:54.000Z,/products/:id,GET,200,39,DE,Mobile
2025-09-08T15:27:49.000Z,/search,GET,200,185,FR,Tablet
2025-09-08T15:30:00.000Z,/products,GET,200,150,CA,Desktop
2025-09-08T15:35:34.000Z,/,GET,200,28,FR,Mobile
2025-09-08T15:40:57.000Z,/cart,GET,200,101,US,Desktop
2025-09-08T15:47:15.000Z,/api/checkout,POST,200,403,BR,Mobile
2025-09-08T15:49:09.000Z,/api/checkout,POST,200,238,JP,Mobile
2025-09-08T15:49:34.000Z,/,GET,200,38,FR,Mobile
2025-09-08T15:54:12.000Z,/products/:id,GET,200,78,JP,Desktop
2025-09-08T15:57:00.000Z,/products,GET,200,114,US,Desktop
2025-09-08T15:57:05.000Z,/products,GET,404,70,US,Mobile
2025-09-08T15:57:51.000Z,/account,GET,200,64,US,Desktop
2025-09-08T15:59:26.000Z,/products/:id,GET,200,66,CA,Mobile
2025-09-08T15:59:59.000Z,/products/:id,GET,200,68,CA,Tablet
2025-09-08T16:04:57.000Z,/cart,GET,200,47,CA,Mobile
2025-09-08T16:05:39.000Z,/products/:id,GET,200,72,US,Mobile
2025-09-08T16:07:56.000Z,/,GET,304,45,US,Desktop
2025-09-08T16:11:45.000Z,/api/checkout,POST,200,331,DE,Mobile
2025-09-08T16:12:26.000Z,/products,GET,200,233,FR,Desktop
2025-09-08T16:12:48.000Z,/products,GET,200,50,CA,Mobile
2025-09-08T16:15:17.000Z,/products/:id,GET,200,98,JP,Mobile
2025-09-08T16:16:46.000Z,/account,GET,200,41,JP,Desktop
2025-09-08T16:17:25.000Z,/,GET,200,41,FR,Mobile
2025-09-08T16:20:48.000Z,/,GET,200,29,US,Desktop
2025-09-08T16:21:02.000Z,/search,GET,200,255,US,Mobile
2025-09-08T16:25:27.000Z,/search,GET,200,92,DE,Desktop
2025-09-08T16:28:30.000Z,/search,GET,200,155,FR,Mobile
2025-09-08T16:38:08.000Z,/products,GET,200,67,US,Desktop
2025-09-08T16:41:12.000Z,/cart,GET,200,34,DE,Desktop
2025-09-08T16:41:21.000Z,/,GET,200,31,FR,Tablet
2025-09-08T16:42:28.000Z,/products/:id,GET,200,44,US,Desktop
2025-09-08T16:44:09.000Z,/account,GET,200,46,GB,Mobile
2025-09-08T16:55:00.000Z,/search,GET,200,250,DE,Tablet
2025-09-08T16:56:08.000Z,/,GET,200,53,US,Desktop
2025-09-08T16:59:43.000Z,/,GET,200,41,US,Mobile
2025-09-08T17:03:21.000Z,/products/:id,GET,200,22,GB,Desktop
2025-09-08T17:03:57.000Z,/search,GET,200,121,JP,Desktop
2025-09-08T17:04:59.000Z,/products,GET,200,114,US,Mobile
2025-09-08T17:06:07.000Z,/,GET,200,44,IN,Mobile
2025-09-08T17:06:32.000Z,/,GET,200,55,US,Mobile
2025-09-08T17:09:27.000Z,/api/cart,POST,200,56,BR,Mobile
2025-09-08T17:10:08.000Z,/,GET,200,32,IN,Desktop
2025-09-08T17:10:14.000Z,/api/checkout,POST,200,251,CA,Mobile
2025-09-08T17:12:41.000Z,/,GET,200,66,US,Desktop
2025-09-08T17:13:09.000Z,/products/:id,GET,200,80,IN,Desktop
2025-09-08T17:13:56.000Z,/api/cart,POST,200,62,US,Mobile
2025-09-08T17:14:02.000Z,/api/checkout,POST,200,239,JP,Desktop
2025-09-08T17:16:19.000Z,/api/cart,POST,200,108,US,Mobile
2025-09-08T17:16:29.000Z,/products/:id,GET,200,74,GB,Mobile
2025-09-08T17:18:28.000Z,/search,GET,200,155,JP,Desktop
2025-09-08T17:19:35.000Z,/products,GET,200,52,US,Desktop
2025-09-08T17:25:05.000Z,/products/:id,GET,200,119,US,Desktop
2025-09-08T17:25:12.000Z,/products,GET,200,83,JP,Mobile
2025-09-08T17:25:46.000Z,/products/:id,GET,200,51,US,Mobile
2025-09-08T17:26:28.000Z,/,GET,200,78,US,Desktop
2025-09-08T17:27:05.000Z,/,GET,200,23,DE,Desktop
2025-09-08T17:29:32.000Z,/,GET,200,53,US,Mobile
2025-09-08T17:31:09.000Z,/cart,GET,200,61,US,Mobile
2025-09-08T17:44:09.000Z,/,GET,200,63,US,Desktop
2025-09-08T17:47:23.000Z,/cart,GET,200,45,US,Desktop
2025-09-08T17:48:09.000Z,/products/:id,GET,200,35,DE,Mobile
2025-09-08T17:49:49.000Z,/,GET,304,31,DE,Mobile
2025-09-08T17:56:43.000Z,/account,GET,200,85,IN,Desktop
2025-09-08T17:58:48.000Z,/products/:id,GET,200,84,BR,Mobile
2025-09-08T18:03:36.000Z,/cart,GET,200,82,BR,Desktop
2025-09-08T18:06:32.000Z,/cart,GET,200,63,US,Desktop
2025-09-08T18:09:39.000Z,/products,GET,200,172,IN,Mobile
2025-09-08T18:12:41.000Z,/,GET,200,32,US,Mobile
2025-09-08T18:16:57.000Z,/,GET,200,74,US,Desktop
2025-09-08T18:21:33.000Z,/api/checkout,POST,200,125,US,Desktop
2025-09-08T18:27:03.000Z,/products/:id,GET,200,67,FR,Mobile
2025-09-08T18:27:50.000Z,/search,GET,200,119,FR,Desktop
2025-09-08T18:32:07.000Z,/products/:id,GET,401,74,CA,Mobile
2025-09-08T18:38:50.000Z,/cart,GET,200,72,IN,Desktop
2025-09-08T18:49:44.000Z,/products,GET,200,37,CA,Desktop
2025-09-08T18:49:53.000Z,/products,GET,200,82,IN,Desktop
2025-09-08T18:54:09.000Z,/products/:id,GET,200,143,IN,Desktop
2025-09-08T19:01:46.000Z,/,GET,200,51,US,Mobile
2025-09-08T19:02:07.000Z,/search,GET,200,79,GB,Desktop
2025-09-08T19:07:41.000Z,/search,GET,200,232,US,Mobile
2025-09-08T19:07:55.000Z,/search,GET,200,255,JP,Mobile
2025-09-08T19:08:28.000Z,/,GET,200,43,US,Mobile
2025-09-08T19:08:45.000Z,/products/:id,GET,200,78,US,Mobile
2025-09-08T19:09:19.000Z,/,GET,200,27,US,Mobile
2025-09-08T19:11:23.000Z,/api/cart,POST,200,124,JP,Mobile
2025-09-08T19:21:48.000Z,/,GET,401,53,JP,Tablet
2025-09-08T19:22:35.000Z,/products/:id,GET,200,80,DE,Mobile
2025-09-08T19:22:54.000Z,/search,GET,200,65,US,Desktop
2025-09-08T19:22:55.000Z,/cart,GET,200,19,GB,Mobile
2025-09-08T19:26:02.000Z,/search,GET,200,112,FR,Mobile
2025-09-08T19:26:08.000Z,/products/:id,GET,200,86,US,Desktop
2025-09-08T19:27:46.000Z,/products/:id,GET,200,79,US,Mobile
2025-09-08T19:36:21.000Z,/products,GET,200,101,FR,Mobile
2025-09-08T19:42:40.000Z,/,GET,200,32,GB,Mobile
2025-09-08T19:48:19.000Z,/,GET,200,33,JP,Mobile
2025-09-08T19:49:50.000Z,/,GET,200,44,CA,Mobile
2025-09-08T19:50:59.000Z,/products,GET,200,34,GB,Mobile
2025-09-08T19:52:03.000Z,/search,GET,200,173,JP,Desktop
2025-09-08T19:52:53.000Z,/cart,GET,200,27,US,Mobile
2025-09-08T19:53:57.000Z,/,GET,200,34,JP,Mobile
2025-09-08T19:55:05.000Z,/products/:id,GET,200,47,US,Mobile
2025-09-08T19:58:33.000Z,/products/:id,GET,200,65,US,Mobile
2025-09-08T20:03:50.000Z,/cart,GET,200,69,US,Desktop
2025-09-08T20:17:16.000Z,/account,GET,200,85,US,Mobile
2025-09-08T20:17:38.000Z,/,GET,200,48,IN,Desktop
2025-09-08T20:18:28.000Z,/api/checkout,POST,200,80,US,Tablet
2025-09-08T20:22:53.000Z,/,GET,200,40,IN,Desktop
2025-09-08T20:23:35.000Z,/products/:id,GET,200,29,GB,Mobile
2025-09-08T20:26:36.000Z,/products,GET,200,70,DE,Desktop
2025-09-08T20:26:53.000Z,/api/cart,POST,200,74,US,Mobile
2025-09-08T20:27:42.000Z,/products/:id,GET,200,124,BR,Tablet
2025-09-08T20:28:29.000Z,/account,GET,200,93,DE,Mobile
2025-09-08T20:33:17.000Z,/products/:id,GET,200,34,US,Tablet
2025-09-08T20:33:38.000Z,/cart,GET,200,63,IN,Tablet
2025-09-08T20:36:16.000Z,/products,GET,200,78,JP,Mobile
2025-09-08T20:39:25.000Z,/search,GET,200,233,FR,Mobile
2025-09-08T20:48:27.000Z,/products,GET,200,106,IN,Mobile
2025-09-08T20:50:29.000Z,/products,GET,200,137,GB,Mobile
2025-09-08T20:50:45.000Z,/api/checkout,POST,200,276,IN,Desktop
2025-09-08T20:53:56.000Z,/products/:id,GET,200,30,US,Desktop
2025-09-08T20:54:30.000Z,/,GET,200,78,US,Mobile
2025-09-08T20:59:03.000Z,/products/:id,GET,200,47,DE,Mobile
2025-09-08T21:07:25.000Z,/search,GET,200,140,BR,Mobile
2025-09-08T21:09:48.000Z,/,GET,200,33,DE,Tablet
2025-09-08T21:10:48.000Z,/api/cart,POST,200,86,DE,Desktop
2025-09-08T21:13:57.000Z,/,GET,200,75,CA,Mobile
2025-09-08T21:17:42.000Z,/,GET,200,70,DE,Mobile
2025-09-08T21:18:29.000Z,/,GET,200,51,DE,Mobile
2025-09-08T21:21:57.000Z,/account,GET,200,62,IN,Desktop
2025-09-08T21:23:13.000Z,/,GET,304,124,US,Tablet
2025-09-08T21:23:46.000Z,/products/:id,GET,200,38,US,Tablet
2025-09-08T21:35:31.000Z,/products,GET,200,161,JP,Tablet
2025-09-08T21:36:04.000Z,/search,GET,200,113,FR,Desktop
2025-09-08T21:42:32.000Z,/,GET,200,29,US,Tablet
2025-09-08T21:46:44.000Z,/products/:id,GET,200,32,GB,Mobile
2025-09-08T21:52:18.000Z,/products,GET,304,54,US,Mobile
2025-09-08T21:54:05.000Z,/,GET,200,44,DE,Mobile
2025-09-08T22:02:08.000Z,/products,GET,200,53,GB,Mobile
2025-09-08T22:04:30.000Z,/api/cart,POST,200,64,FR,Mobile
2025-09-08T22:08:12.000Z,/cart,GET,200,126,BR,Mobile
2025-09-08T22:13:20.000Z,/products/:id,GET,304,54,FR,Desktop
2025-09-08T22:24:14.000Z,/api/cart,POST,200,133,US,Mobile
2025-09-08T22:29:39.000Z,/cart,GET,200,83,US,Desktop
2025-09-08T22:34:48.000Z,/api/checkout,POST,200,278,US,Mobile
2025-09-08T22:37:19.000Z,/products/:id,GET,200,141,US,Desktop
2025-09-08T22:40:16.000Z,/,GET,200,62,US,Desktop
2025-09-08T22:55:09.000Z,/products,GET,200,53,DE,Desktop
2025-09-08T22:55:27.000Z,/,GET,200,79,FR,Desktop
2025-09-08T23:11:15.000Z,/,GET,200,30,GB,Desktop
2025-09-08T23:14:09.000Z,/,GET,200,63,IN,Mobile
2025-09-08T23:22:29.000Z,/,GET,200,45,DE,Mobile
2025-09-08T23:25:42.000Z,/products,GET,200,112,GB,Desktop
2025-09-08T23:27:16.000Z,/api/checkout,POST,404,226,CA,Mobile
2025-09-08T23:32:10.000Z,/,GET,200,31,DE,Desktop
2025-09-08T23:40:01.000Z,/products,GET,200,169,US,Mobile
2025-09-08T23:43:37.000Z,/products/:id,GET,200,44,IN,Mobile
2025-09-08T23:46:15.000Z,/products/:id,GET,200,86,US,Tablet
2025-09-08T23:50:04.000Z,/search,GET,200,126,GB,Mobile
2025-09-08T23:52:22.000Z,/,GET,200,60,US,Desktop
2025-09-08T23:54:34.000Z,/products/:id,GET,200,70,US,Mobile
2025-09-08T23:58:07.000Z,/,GET,200,28,FR,Desktop
2025-09-09T00:02:51.000Z,/,GET,200,44,IN,Desktop
2025-09-09T00:15:14.000Z,/api/cart,POST,200,63,US,Mobile
2025-09-09T00:18:53.000Z,/products,GET,200,87,FR,Desktop
2025-09-09T00:31:41.000Z,/,GET,200,12,US,Desktop
2025-09-09T00:36:23.000Z,/products,GET,200,94,US,Mobile
2025-09-09T00:53:08.000Z,/products/:id,GET,200,67,US,Desktop
2025-09-09T00:54:45.000Z,/account,GET,200,74,GB,Desktop
2025-09-09T01:02:46.000Z,/products,GET,200,77,FR,Desktop
2025-09-09T01:13:38.000Z,/api/checkout,POST,200,207,GB,Mobile
2025-09-09T01:27:40.000Z,/search,GET,200,314,JP,Desktop
2025-09-09T01:35:10.000Z,/products/:id,GET,200,64,GB,Desktop
2025-09-09T01:38:29.000Z,/products,GET,200,143,FR,Mobile
2025-09-09T01:44:18.000Z,/api/cart,POST,200,60,GB,Mobile
2025-09-09T01:45:27.000Z,/search,GET,200,219,US,Desktop
2025-09-09T01:52:11.000Z,/,GET,200,33,GB,Mobile
2025-09-09T01:52:24.000Z,/,GET,200,62,US,Mobile
2025-09-09T01:59:53.000Z,/api/checkout,POST,200,296,FR,Mobile
2025-09-09T02:02:21.000Z,/api/checkout,POST,200,336,DE,Desktop
2025-09-09T02:02:28.000Z,/,GET,200,31,IN,Mobile
2025-09-09T02:04:02.000Z,/products,GET,200,41,US,Mobile
2025-09-09T02:09:47.000Z,/products,GET,200,72,GB,Mobile
2025-09-09T02:14:13.000Z,/,GET,200,42,US,Mobile
2025-09-09T02:31:17.000Z,/products,GET,200,97,DE,Mobile
2025-09-09T02:32:03.000Z,/cart,GET,200,95,US,Mobile
2025-09-09T02:37:44.000Z,/search,GET,200,184,GB,Desktop
2025-09-09T02:38:52.000Z,/api/cart,POST,200,59,US,Desktop
2025-09-09T02:50:02.000Z,/products/:id,GET,200,128,IN,Desktop
2025-09-09T02:50:10.000Z,/api/cart,POST,200,179,US,Desktop
2025-09-09T02:52:14.000Z,/,GET,200,94,GB,Mobile
2025-09-09T02:52:26.000Z,/cart,GET,200,129,JP,Desktop
2025-09-09T02:58:40.000Z,/,GET,200,23,GB,Mobile
2025-09-09T03:00:32.000Z,/products,GET,200,107,US,Tablet
2025-09-09T03:08:19.000Z,/products/:id,GET,200,35,IN,Desktop
2025-09-09T03:20:21.000Z,/api/checkout,POST,200,408,FR,Desktop
2025-09-09T03:20:25.000Z,/products/:id,GET,200,47,CA,Mobile
2025-09-09T03:26:40.000Z,/,GET,304,42,US,Desktop
2025-09-09T03:33:25.000Z,/search,GET,200,127,CA,Tablet
2025-09-09T03:35:05.000Z,/products,GET,200,143,GB,Mobile
2025-09-09T03:35:49.000Z,/products/:id,GET,200,116,US,Desktop
2025-09-09T03:43:23.000Z,/products/:id,GET,200,51,US,Mobile
2025-09-09T03:43:38.000Z,/search,GET,200,170,BR,Desktop
2025-09-09T03:49:30.000Z,/,GET,200,98,US,Mobile
2025-09-09T03:50:36.000Z,/api/checkout,POST,200,146,US,Tablet
2025-09-09T03:53:18.000Z,/,GET,200,55,DE,Mobile
2025-09-09T03:53:32.000Z,/api/checkout,POST,200,230,US,Desktop
2025-09-09T03:54:20.000Z,/account,GET,200,80,IN,Mobile
2025-09-09T03:55:27.000Z,/cart,GET,200,39,US,Mobile
2025-09-09T03:59:30.000Z,/search,GET,304,168,JP,Desktop
2025-09-09T04:03:40.000Z,/products/:id,GET,200,80,US,Mobile
2025-09-09T04:08:09.000Z,/products/:id,GET,304,45,BR,Mobile
2025-09-09T04:11:50.000Z,/products/:id,GET,200,107,GB,Mobile
2025-09-09T04:16:26.000Z,/products/:id,GET,200,15,GB,Mobile
2025-09-09T04:16:33.000Z,/products,GET,304,41,JP,Desktop
2025-09-09T04:20:24.000Z,/cart,GET,200,41,US,Mobile
2025-09-09T04:24:24.000Z,/products/:id,GET,200,79,BR,Mobile
2025-09-09T04:25:39.000Z,/products/:id,GET,200,84,IN,Mobile
2025-09-09T04:29:30.000Z,/api/checkout,POST,200,186,BR,Mobile
2025-09-09T04:37:34.000Z,/products/:id,GET,200,36,US,Mobile
2025-09-09T04:41:03.000Z,/api/cart,POST,200,125,US,Desktop
2025-09-09T04:45:34.000Z,/api/cart,POST,200,52,JP,Tablet
2025-09-09T04:49:51.000Z,/products/:id,GET,200,36,IN,Desktop
2025-09-09T04:56:48.000Z,/,GET,200,51,GB,Tablet
2025-09-09T04:58:31.000Z,/,GET,200,42,US,Desktop
2025-09-09T05:00:25.000Z,/api/cart,POST,200,55,DE,Desktop
2025-09-09T05:05:57.000Z,/,GET,200,99,IN,Mobile
2025-09-09T05:10:16.000Z,/products/:id,GET,200,29,BR,Desktop
2025-09-09T05:11:22.000Z,/api/cart,POST,200,107,US,Desktop
2025-09-09T05:12:18.000Z,/account,GET,200,63,US,Mobile
2025-09-09T05:13:34.000Z,/products/:id,GET,200,187,GB,Mobile
2025-09-09T05:15:16.000Z,/products,GET,200,122,JP,Desktop
2025-09-09T05:15:36.000Z,/,GET,304,68,US,Mobile
2025-09-09T05:16:18.000Z,/,GET,200,36,JP,Desktop
2025-09-09T05:16:42.000Z,/products,GET,200,164,US,Desktop
2025-09-09T05:19:37.000Z,/,GET,200,28,US,Desktop
2025-09-09T05:27:23.000Z,/,GET,200,49,FR,Desktop
2025-09-09T05:29:45.000Z,/,GET,200,124,IN,Desktop
2025-09-09T05:31:13.000Z,/search,GET,200,128,US,Tablet
2025-09-09T05:32:02.000Z,/api/checkout,POST,200,189,US,Desktop
2025-09-09T05:32:15.000Z,/api/cart,POST,200,50,CA,Desktop
2025-09-09T05:34:50.000Z,/products,GET,200,80,US,Desktop
2025-09-09T05:36:14.000Z,/cart,GET,200,36,CA,Desktop
2025-09-09T05:38:50.000Z,/,GET,200,51,BR,Desktop
2025-09-09T05:40:01.000Z,/products/:id,GET,200,54,US,Desktop
2025-09-09T05:41:37.000Z,/search,GET,200,116,CA,Mobile
2025-09-09T05:42:56.000Z,/,GET,200,45,US,Desktop
2025-09-09T05:45:07.000Z,/search,GET,200,151,DE,Desktop
2025-09-09T05:49:04.000Z,/products/:id,GET,200,39,US,Desktop
2025-09-09T06:01:27.000Z,/cart,GET,200,48,US,Mobile
2025-09-09T06:01:43.000Z,/products/:id,GET,304,39,US,Desktop
2025-09-09T06:04:09.000Z,/products,GET,200,122,US,Mobile
2025-09-09T06:12:21.000Z,/products/:id,GET,200,83,US,Tablet
2025-09-09T06:20:30.000Z,/products/:id,GET,200,77,US,Mobile
2025-09-09T06:30:13.000Z,/search,GET,200,98,US,Desktop
2025-09-09T06:33:22.000Z,/cart,GET,200,55,IN,Mobile
2025-09-09T06:33:32.000Z,/cart,GET,200,42,CA,Mobile
2025-09-09T06:45:21.000Z,/,GET,200,31,US,Desktop
2025-09-09T06:48:36.000Z,/,GET,200,76,FR,Desktop
2025-09-09T06:49:13.000Z,/api/checkout,POST,200,203,DE,Desktop
2025-09-09T06:50:03.000Z,/products,GET,200,94,IN,Desktop
2025-09-09T06:55:25.000Z,/api/cart,POST,200,75,GB,Desktop
2025-09-09T06:55:31.000Z,/,GET,200,52,GB,Desktop
2025-09-09T06:57:28.000Z,/products/:id,GET,200,51,BR,Desktop
2025-09-09T06:59:16.000Z,/products/:id,GET,200,62,US,Mobile
2025-09-09T07:02:05.000Z,/api/cart,POST,200,74,DE,Mobile
2025-09-09T07:04:52.000Z,/products/:id,GET,200,89,DE,Desktop
2025-09-09T07:06:12.000Z,/products/:id,GET,200,55,US,Desktop
2025-09-09T07:06:45.000Z,/api/checkout,POST,200,155,US,Desktop
2025-09-09T07:10:32.000Z,/search,GET,200,206,US,Mobile
2025-09-09T07:10:50.000Z,/products,GET,404,171,BR,Desktop
2025-09-09T07:13:12.000Z,/,GET,200,46,CA,Mobile
2025-09-09T07:16:21.000Z,/products/:id,GET,200,246,US,Mobile
2025-09-09T07:19:31.000Z,/,GET,500,40,US,Desktop
2025-09-09T07:21:54.000Z,/products/:id,GET,304,55,US,Mobile
2025-09-09T07:22:03.000Z,/products/:id,GET,200,91,US,Desktop
2025-09-09T07:23:55.000Z,/products/:id,GET,200,64,GB,Desktop
2025-09-09T07:24:07.000Z,/products,GET,200,85,GB,Mobile
2025-09-09T07:25:14.000Z,/,GET,200,39,GB,Desktop
2025-09-09T07:27:43.000Z,/cart,GET,200,52,US,Desktop
2025-09-09T07:32:41.000Z,/,GET,200,48,US,Mobile
2025-09-09T07:42:17.000Z,/cart,GET,200,66,US,Desktop
2025-09-09T07:43:26.000Z,/,GET,200,26,US,Desktop
2025-09-09T07:44:22.000Z,/products,GET,200,86,DE,Desktop
2025-09-09T07:46:33.000Z,/products/:id,GET,200,87,FR,Tablet
2025-09-09T07:47:06.000Z,/products/:id,GET,200,33,DE,Desktop
2025-09-09T07:47:17.000Z,/search,GET,200,79,US,Desktop
2025-09-09T07:48:12.000Z,/products,GET,200,77,US,Desktop
2025-09-09T07:50:00.000Z,/cart,GET,200,51,JP,Mobile
2025-09-09T07:50:44.000Z,/api/checkout,POST,200,90,IN,Mobile
2025-09-09T07:51:35.000Z,/search,GET,200,153,US,Mobile
2025-09-09T07:58:18.000Z,/api/checkout,POST,500,114,CA,Mobile
2025-09-09T08:03:55.000Z,/,GET,404,58,FR,Mobile
2025-09-09T08:05:40.000Z,/products,GET,200,44,IN,Mobile
2025-09-09T08:07:53.000Z,/cart,GET,200,76,GB,Mobile
2025-09-09T08:10:37.000Z,/products/:id,GET,200,50,CA,Tablet
2025-09-09T08:10:58.000Z,/,GET,200,87,US,Mobile
2025-09-09T08:14:33.000Z,/cart,GET,200,17,US,Desktop
2025-09-09T08:14:53.000Z,/products/:id,GET,200,72,CA,Desktop
2025-09-09T08:15:24.000Z,/products/:id,GET,200,61,CA,Mobile
2025-09-09T08:17:15.000Z,/api/checkout,POST,200,431,JP,Desktop
2025-09-09T08:19:52.000Z,/,GET,200,24,CA,Mobile
2025-09-09T08:25:18.000Z,/,GET,200,42,BR,Desktop
2025-09-09T08:28:18.000Z,/api/checkout,POST,200,473,US,Mobile
2025-09-09T08:28:49.000Z,/api/checkout,POST,200,235,BR,Mobile
2025-09-09T08:30:28.000Z,/products,GET,200,54,FR,Mobile
2025-09-09T08:33:22.000Z,/api/checkout,POST,200,145,DE,Mobile
2025-09-09T08:34:29.000Z,/account,GET,200,52,BR,Tablet
2025-09-09T08:35:12.000Z,/cart,GET,304,55,DE,Tablet
2025-09-09T08:35:38.000Z,/products/:id,GET,200,61,CA,Desktop
2025-09-09T08:36:25.000Z,/products,GET,200,88,DE,Mobile
2025-09-09T08:41:49.000Z,/account,GET,200,112,JP,Desktop
2025-09-09T08:43:06.000Z,/search,GET,200,480,DE,Desktop
2025-09-09T08:44:26.000Z,/products,GET,200,96,DE,Mobile
2025-09-09T08:47:58.000Z,/,GET,200,66,US,Desktop
2025-09-09T08:50:12.000Z,/,GET,200,23,IN,Desktop
2025-09-09T08:51:24.000Z,/,GET,404,26,JP,Desktop
2025-09-09T08:52:19.000Z,/products/:id,GET,200,95,DE,Desktop
2025-09-09T08:56:28.000Z,/search,GET,200,90,US,Mobile
2025-09-09T09:02:54.000Z,/cart,GET,200,43,US,Desktop
2025-09-09T09:03:49.000Z,/api/checkout,POST,200,339,FR,Mobile
2025-09-09T09:04:55.000Z,/products,GET,200,119,BR,Mobile
2025-09-09T09:05:15.000Z,/,GET,200,49,GB,Mobile
2025-09-09T09:08:49.000Z,/,GET,200,53,DE,Mobile
2025-09-09T09:09:47.000Z,/products,GET,200,147,BR,Mobile
2025-09-09T09:12:48.000Z,/account,GET,200,105,US,Tablet
2025-09-09T09:16:04.000Z,/,GET,200,77,US,Desktop
2025-09-09T09:18:14.000Z,/search,GET,200,118,BR,Mobile
2025-09-09T09:19:56.000Z,/products,GET,200,85,US,Mobile
2025-09-09T09:20:20.000Z,/products,GET,200,133,GB,Mobile
2025-09-09T09:22:43.000Z,/cart,GET,200,158,GB,Mobile
2025-09-09T09:23:09.000Z,/,GET,200,55,IN,Desktop
2025-09-09T09:23:17.000Z,/cart,GET,200,33,IN,Mobile
2025-09-09T09:28:33.000Z,/products/:id,GET,200,27,US,Desktop
2025-09-09T09:29:44.000Z,/products,GET,200,140,US,Mobile
2025-09-09T09:29:46.000Z,/search,GET,200,61,US,Desktop
2025-09-09T09:30:43.000Z,/search,GET,200,344,US,Mobile
2025-09-09T09:30:53.000Z,/,GET,200,48,CA,Mobile
2025-09-09T09:33:25.000Z,/api/checkout,POST,200,196,US,Desktop
2025-09-09T09:36:11.000Z,/products/:id,GET,200,81,IN,Desktop
2025-09-09T09:46:05.000Z,/api/cart,POST,200,119,DE,Mobile
2025-09-09T09:47:57.000Z,/,GET,200,52,GB,Desktop
2025-09-09T09:48:27.000Z,/products/:id,GET,200,74,US,Desktop
2025-09-09T09:51:28.000Z,/products,GET,200,50,GB,Mobile
2025-09-09T09:51:39.000Z,/products,GET,200,92,US,Desktop
2025-09-09T09:53:00.000Z,/products/:id,GET,200,43,IN,Mobile
2025-09-09T09:56:05.000Z,/api/checkout,POST,200,254,IN,Mobile
2025-09-09T09:57:15.000Z,/products,GET,200,94,CA,Desktop
2025-09-09T09:58:06.000Z,/api/checkout,POST,200,231,US,Tablet
2025-09-09T10:00:45.000Z,/search,GET,200,169,IN,Mobile
2025-09-09T10:01:24.000Z,/api/cart,POST,200,43,US,Mobile
2025-09-09T10:09:55.000Z,/account,GET,200,60,US,Tablet
2025-09-09T10:11:18.000Z,/,GET,200,37,CA,Mobile
2025-09-09T10:12:57.000Z,/,GET,304,60,CA,Mobile
2025-09-09T10:14:00.000Z,/products,GET,200,87,US,Mobile
2025-09-09T10:19:27.000Z,/products,GET,200,40,US,Mobile
2025-09-09T10:19:51.000Z,/api/checkout,POST,200,286,IN,Desktop
2025-09-09T10:20:06.000Z,/search,GET,200,95,US,Mobile
2025-09-09T10:22:20.000Z,/products,GET,200,74,IN,Desktop
2025-09-09T10:24:38.000Z,/products,GET,200,77,CA,Desktop
2025-09-09T10:24:52.000Z,/api/cart,POST,200,106,US,Mobile
2025-09-09T10:25:11.000Z,/products/:id,GET,200,103,BR,Desktop
2025-09-09T10:27:34.000Z,/search,GET,200,199,US,Mobile
2025-09-09T10:28:46.000Z,/products/:id,GET,200,79,US,Mobile
2025-09-09T10:37:22.000Z,/products,GET,200,127,JP,Desktop
2025-09-09T10:39:09.000Z,/search,GET,200,175,GB,Mobile
2025-09-09T10:40:59.000Z,/products,GET,200,54,US,Desktop
2025-09-09T10:41:49.000Z,/products,GET,200,53,CA,Desktop
2025-09-09T10:46:11.000Z,/search,GET,200,198,FR,Mobile
2025-09-09T10:46:53.000Z,/products,GET,200,105,FR,Desktop
2025-09-09T10:49:48.000Z,/api/cart,POST,404,121,CA,Mobile
2025-09-09T10:51:51.000Z,/products/:id,GET,200,33,US,Mobile
2025-09-09T10:55:33.000Z,/search,GET,200,106,FR,Mobile
2025-09-09T10:56:52.000Z,/,GET,200,36,JP,Mobile
2025-09-09T10:56:53.000Z,/cart,GET,200,58,US,Desktop
2025-09-09T10:57:32.000Z,/products/:id,GET,200,73,US,Mobile
2025-09-09T10:59:57.000Z,/search,GET,200,196,US,Desktop
2025-09-09T11:00:48.000Z,/products/:id,GET,200,84,GB,Mobile
2025-09-09T11:02:02.000Z,/api/cart,POST,200,114,DE,Mobile
2025-09-09T11:03:59.000Z,/search,GET,200,137,US,Mobile
2025-09-09T11:04:01.000Z,/api/cart,POST,200,187,JP,Mobile
2025-09-09T11:04:39.000Z,/products/:id,GET,200,65,GB,Mobile
2025-09-09T11:06:23.000Z,/products,GET,200,119,US,Desktop
2025-09-09T11:07:35.000Z,/cart,GET,200,42,US,Desktop
2025-09-09T11:08:11.000Z,/cart,GET,200,66,US,Mobile
2025-09-09T11:08:27.000Z,/api/cart,POST,200,78,BR,Desktop
2025-09-09T11:08:37.000Z,/products/:id,GET,200,132,BR,Desktop
2025-09-09T11:10:50.000Z,/products/:id,GET,200,55,IN,Mobile
2025-09-09T11:12:53.000Z,/cart,GET,200,55,JP,Mobile
2025-09-09T11:16:04.000Z,/account,GET,200,74,JP,Desktop
2025-09-09T11:20:43.000Z,/products/:id,GET,200,67,IN,Desktop
2025-09-09T11:23:13.000Z,/products/:id,GET,200,52,FR,Desktop
2025-09-09T11:24:56.000Z,/,GET,200,41,US,Desktop
2025-09-09T11:27:05.000Z,/cart,GET,200,140,IN,Desktop
2025-09-09T11:29:28.000Z,/search,GET,200,338,US,Mobile
2025-09-09T11:29:39.000Z,/api/cart,POST,200,82,GB,Mobile
2025-09-09T11:31:25.000Z,/products/:id,GET,200,70,GB,Tablet
2025-09-09T11:32:37.000Z,/api/cart,POST,200,220,BR,Desktop
2025-09-09T11:33:39.000Z,/search,GET,200,86,IN,Desktop
2025-09-09T11:34:36.000Z,/products,GET,200,128,FR,Desktop
2025-09-09T11:38:40.000Z,/api/checkout,POST,200,309,GB,Tablet
2025-09-09T11:38:56.000Z,/api/cart,POST,200,99,US,Desktop
2025-09-09T11:43:39.000Z,/products/:id,GET,200,88,US,Mobile
2025-09-09T11:45:26.000Z,/cart,GET,200,77,BR,Mobile
2025-09-09T11:47:17.000Z,/,GET,200,33,FR,Mobile
2025-09-09T11:47:51.000Z,/search,GET,200,65,US,Mobile
2025-09-09T11:49:03.000Z,/search,GET,200,159,BR,Desktop
2025-09-09T11:54:17.000Z,/api/cart,POST,200,50,BR,Mobile
2025-09-09T11:54:59.000Z,/,GET,200,59,US,Mobile
2025-09-09T11:55:40.000Z,/products,GET,200,101,CA,Desktop
2025-09-09T11:57:28.000Z,/api/checkout,POST,200,373,DE,Mobile
2025-09-09T11:58:16.000Z,/products/:id,GET,200,65,US,Desktop
2025-09-09T11:58:53.000Z,/cart,GET,200,30,US,Mobile
2025-09-09T11:59:43.000Z,/,GET,200,45,IN,Mobile
2025-09-09T12:02:14.000Z,/cart,GET,200,65,JP,Mobile
2025-09-09T12:02:19.000Z,/,GET,200,41,CA,Desktop
2025-09-09T12:03:14.000Z,/products,GET,200,75,BR,Mobile
2025-09-09T12:06:18.000Z,/cart,GET,200,38,US,Desktop
2025-09-09T12:06:32.000Z,/api/cart,POST,200,52,CA,Desktop
2025-09-09T12:08:26.000Z,/products/:id,GET,200,54,GB,Desktop
2025-09-09T12:10:08.000Z,/api/cart,POST,200,108,US,Tablet
2025-09-09T12:10:17.000Z,/products,GET,200,39,CA,Desktop
2025-09-09T12:10:21.000Z,/products,GET,200,89,DE,Mobile
2025-09-09T12:11:01.000Z,/products/:id,GET,200,136,IN,Mobile
2025-09-09T12:16:43.000Z,/search,GET,200,335,CA,Mobile
2025-09-09T12:20:41.000Z,/api/checkout,POST,200,322,US,Mobile
2025-09-09T12:21:54.000Z,/products/:id,GET,200,81,FR,Mobile
2025-09-09T12:23:59.000Z,/search,GET,200,84,CA,Desktop
2025-09-09T12:24:15.000Z,/,GET,200,38,BR,Desktop
2025-09-09T12:25:21.000Z,/cart,GET,404,59,CA,Desktop
2025-09-09T12:25:29.000Z,/,GET,200,98,DE,Desktop
2025-09-09T12:26:46.000Z,/search,GET,200,71,US,Desktop
2025-09-09T12:29:21.000Z,/products,GET,200,34,CA,Mobile
2025-09-09T12:30:55.000Z,/search,GET,200,253,GB,Mobile
2025-09-09T12:31:53.000Z,/api/cart,POST,200,170,IN,Mobile
2025-09-09T12:32:22.000Z,/account,GET,200,26,JP,Mobile
2025-09-09T12:33:10.000Z,/products/:id,GET,200,66,US,Desktop
2025-09-09T12:34:33.000Z,/products/:id,GET,200,71,GB,Mobile
2025-09-09T12:39:14.000Z,/cart,GET,200,44,IN,Mobile
2025-09-09T12:41:31.000Z,/products,GET,200,114,GB,Desktop
2025-09-09T12:44:54.000Z,/cart,GET,200,59,US,Mobile
2025-09-09T12:49:26.000Z,/products/:id,GET,200,95,IN,Mobile
2025-09-09T12:49:54.000Z,/products/:id,GET,200,154,FR,Tablet
2025-09-09T12:52:36.000Z,/api/cart,POST,200,161,US,Mobile
2025-09-09T12:54:23.000Z,/,GET,200,30,US,Mobile
2025-09-09T12:54:25.000Z,/products,GET,200,153,CA,Tablet
2025-09-09T12:57:57.000Z,/,GET,200,28,US,Mobile
2025-09-09T12:59:10.000Z,/search,GET,200,149,CA,Desktop
2025-09-09T13:00:01.000Z,/api/checkout,POST,200,95,US,Desktop
2025-09-09T13:02:58.000Z,/cart,GET,404,53,CA,Mobile
2025-09-09T13:03:10.000Z,/products,GET,200,32,US,Desktop
2025-09-09T13:04:51.000Z,/,GET,200,25,US,Mobile
2025-09-09T13:07:15.000Z,/,GET,200,49,US,Mobile
2025-09-09T13:07:50.000Z,/,GET,200,24,US,Mobile
2025-09-09T13:11:59.000Z,/search,GET,200,133,DE,Desktop
2025-09-09T13:12:32.000Z,/search,GET,200,116,US,Desktop
2025-09-09T13:13:44.000Z,/search,GET,200,192,US,Mobile
2025-09-09T13:13:47.000Z,/products,GET,200,212,GB,Desktop
2025-09-09T13:16:17.000Z,/api/cart,POST,200,28,GB,Mobile
2025-09-09T13:17:50.000Z,/,GET,200,56,CA,Desktop
2025-09-09T13:22:16.000Z,/api/checkout,POST,200,58,GB,Desktop
2025-09-09T13:26:29.000Z,/products/:id,GET,200,114,US,Mobile
2025-09-09T13:26:39.000Z,/account,GET,200,94,US,Mobile
2025-09-09T13:26:45.000Z,/products,GET,200,39,CA,Mobile
2025-09-09T13:28:52.000Z,/cart,GET,200,95,US,Mobile
2025-09-09T13:35:17.000Z,/products/:id,GET,200,73,IN,Desktop
2025-09-09T13:36:49.000Z,/cart,GET,304,67,BR,Mobile
2025-09-09T13:43:32.000Z,/products/:id,GET,200,44,DE,Mobile
2025-09-09T13:46:30.000Z,/api/checkout,POST,200,371,JP,Mobile
2025-09-09T13:47:35.000Z,/products/:id,GET,304,65,JP,Mobile
2025-09-09T13:50:23.000Z,/products/:id,GET,200,46,US,Tablet
2025-09-09T13:50:39.000Z,/api/cart,POST,200,104,US,Desktop
2025-09-09T13:51:17.000Z,/api/checkout,POST,200,252,BR,Tablet
2025-09-09T13:51:54.000Z,/products/:id,GET,200,64,IN,Mobile
2025-09-09T13:54:01.000Z,/products,GET,200,127,FR,Tablet
2025-09-09T13:54:34.000Z,/api/cart,POST,200,95,GB,Mobile
2025-09-09T13:57:04.000Z,/,GET,200,44,US,Mobile
2025-09-09T13:59:08.000Z,/,GET,200,63,US,Desktop
2025-09-09T14:03:16.000Z,/products,GET,200,55,CA,Mobile
2025-09-09T14:07:30.000Z,/,GET,200,44,US,Mobile
2025-09-09T14:08:08.000Z,/products,GET,200,89,US,Desktop
2025-09-09T14:08:48.000Z,/products,GET,200,135,CA,Mobile
2025-09-09T14:16:01.000Z,/products,GET,200,42,DE,Desktop
2025-09-09T14:16:46.000Z,/products,GET,404,58,DE,Desktop
2025-09-09T14:17:14.000Z,/cart,GET,200,64,BR,Mobile
2025-09-09T14:17:17.000Z,/account,GET,200,92,FR,Desktop
2025-09-09T14:17:55.000Z,/products,GET,200,91,IN,Desktop
2025-09-09T14:18:25.000Z,/search,GET,200,200,DE,Desktop
2025-09-09T14:19:30.000Z,/products/:id,GET,200,63,JP,Mobile
2025-09-09T14:22:48.000Z,/products/:id,GET,200,45,US,Mobile
2025-09-09T14:29:17.000Z,/products/:id,GET,200,45,BR,Mobile
2025-09-09T14:32:02.000Z,/products,GET,200,211,US,Desktop
2025-09-09T14:35:44.000Z,/search,GET,401,128,IN,Desktop
2025-09-09T14:36:12.000Z,/cart,GET,200,34,US,Desktop
2025-09-09T14:37:44.000Z,/products/:id,GET,200,64,DE,Desktop
2025-09-09T14:41:34.000Z,/search,GET,200,191,IN,Desktop
2025-09-09T14:44:49.000Z,/products/:id,GET,200,59,GB,Mobile
2025-09-09T14:46:05.000Z,/search,GET,200,203,CA,Desktop
2025-09-09T14:46:37.000Z,/products/:id,GET,200,61,US,Mobile
2025-09-09T14:47:35.000Z,/api/checkout,POST,304,220,CA,Desktop
2025-09-09T14:50:44.000Z,/products,GET,200,80,GB,Desktop
2025-09-09T14:51:57.000Z,/,GET,200,54,GB,Mobile
2025-09-09T14:55:57.000Z,/api/cart,POST,200,49,IN,Mobile
2025-09-09T14:57:14.000Z,/cart,GET,200,51,US,Mobile
2025-09-09T15:02:15.000Z,/api/cart,POST,200,65,CA,Mobile
2025-09-09T15:02:50.000Z,/cart,GET,200,51,IN,Tablet
2025-09-09T15:04:23.000Z,/search,GET,200,88,BR,Mobile
2025-09-09T15:04:25.000Z,/api/cart,POST,200,51,US,Mobile
2025-09-09T15:05:52.000Z,/products,GET,200,102,CA,Tablet
2025-09-09T15:07:21.000Z,/search,GET,200,24,CA,Desktop
2025-09-09T15:07:32.000Z,/,GET,200,48,US,Desktop
2025-09-09T15:09:41.000Z,/products,GET,200,95,CA,Mobile
2025-09-09T15:11:27.000Z,/search,GET,200,112,CA,Mobile
2025-09-09T15:13:37.000Z,/products/:id,GET,200,56,CA,Desktop
2025-09-09T15:15:13.000Z,/,GET,200,53,DE,Desktop
2025-09-09T15:18:36.000Z,/products,GET,200,143,BR,Desktop
2025-09-09T15:18:50.000Z,/account,GET,200,132,GB,Mobile
2025-09-09T15:22:17.000Z,/search,GET,200,148,US,Mobile
2025-09-09T15:22:46.000Z,/cart,GET,200,84,US,Mobile
2025-09-09T15:25:14.000Z,/,GET,200,43,US,Desktop
2025-09-09T15:25:35.000Z,/products,GET,200,74,IN,Mobile
2025-09-09T15:29:35.000Z,/products,GET,200,151,FR,Mobile
2025-09-09T15:30:02.000Z,/search,GET,200,172,US,Tablet
2025-09-09T15:31:21.000Z,/,GET,200,81,GB,Desktop
2025-09-09T15:38:39.000Z,/api/checkout,POST,200,324,GB,Tablet
2025-09-09T15:39:09.000Z,/cart,GET,200,73,FR,Desktop
2025-09-09T15:50:38.000Z,/search,GET,200,98,FR,Desktop
2025-09-09T15:58:09.000Z,/products,GET,200,54,US,Mobile
2025-09-09T16:04:54.000Z,/products,GET,404,78,US,Tablet
2025-09-09T16:07:15.000Z,/products/:id,GET,200,34,US,Desktop
2025-09-09T16:07:49.000Z,/search,GET,200,116,US,Desktop
2025-09-09T16:09:20.000Z,/cart,GET,200,92,CA,Mobile
2025-09-09T16:11:10.000Z,/api/checkout,POST,200,147,US,Tablet
2025-09-09T16:13:35.000Z,/cart,GET,200,107,IN,Desktop
2025-09-09T16:14:38.000Z,/account,GET,200,102,CA,Mobile
2025-09-09T16:17:10.000Z,/cart,GET,200,47,DE,Mobile
2025-09-09T16:20:05.000Z,/cart,GET,200,71,US,Mobile
2025-09-09T16:23:12.000Z,/products/:id,GET,200,43,US,Mobile
2025-09-09T16:24:34.000Z,/products,GET,200,135,IN,Mobile
2025-09-09T16:25:45.000Z,/products/:id,GET,200,21,JP,Tablet
2025-09-09T16:27:12.000Z,/,GET,200,115,IN,Mobile
2025-09-09T16:28:23.000Z,/search,GET,500,199,JP,Desktop
2025-09-09T16:31:19.000Z,/search,GET,200,197,US,Desktop
2025-09-09T16:36:15.000Z,/cart,GET,200,36,DE,Desktop
2025-09-09T16:36:36.000Z,/products/:id,GET,200,34,US,Desktop
2025-09-09T16:36:58.000Z,/,GET,200,75,US,Desktop
2025-09-09T16:39:43.000Z,/products/:id,GET,200,45,FR,Desktop
2025-09-09T16:40:07.000Z,/products,GET,200,145,BR,Tablet
2025-09-09T16:41:04.000Z,/,GET,401,35,IN,Mobile
2025-09-09T16:44:08.000Z,/,GET,401,81,GB,Desktop
2025-09-09T16:44:31.000Z,/products,GET,200,48,US,Mobile
2025-09-09T16:47:00.000Z,/,GET,200,93,US,Desktop
2025-09-09T16:52:04.000Z,/search,GET,200,92,FR,Tablet
2025-09-09T16:52:23.000Z,/account,GET,200,40,US,Desktop
2025-09-09T16:53:39.000Z,/products/:id,GET,200,88,JP,Tablet
2025-09-09T17:00:54.000Z,/search,GET,200,191,US,Mobile
2025-09-09T17:02:07.000Z,/,GET,200,67,US,Desktop
2025-09-09T17:05:14.000Z,/products/:id,GET,200,35,US,Mobile
2025-09-09T17:07:22.000Z,/,GET,200,79,FR,Desktop
2025-09-09T17:07:24.000Z,/products,GET,200,146,GB,Desktop
2025-09-09T17:07:50.000Z,/products,GET,200,82,US,Desktop
2025-09-09T17:08:08.000Z,/api/cart,POST,200,172,GB,Mobile
2025-09-09T17:09:52.000Z,/api/checkout,POST,200,212,US,Mobile
2025-09-09T17:10:30.000Z,/products,GET,200,38,US,Desktop
2025-09-09T17:16:32.000Z,/products,GET,200,132,US,Desktop
2025-09-09T17:16:59.000Z,/products/:id,GET,200,72,IN,Mobile
2025-09-09T17:23:11.000Z,/,GET,200,64,JP,Desktop
2025-09-09T17:23:11.000Z,/api/checkout,POST,200,182,US,Desktop
2025-09-09T17:24:58.000Z,/,GET,200,53,US,Mobile
2025-09-09T17:25:19.000Z,/search,GET,200,106,IN,Desktop
2025-09-09T17:28:05.000Z,/products/:id,GET,200,71,US,Desktop
2025-09-09T17:28:13.000Z,/,GET,200,71,US,Desktop
2025-09-09T17:29:17.000Z,/products/:id,GET,200,83,IN,Mobile
2025-09-09T17:31:42.000Z,/,GET,200,80,IN,Mobile
2025-09-09T17:32:17.000Z,/,GET,200,35,US,Desktop
2025-09-09T17:35:45.000Z,/products/:id,GET,200,98,GB,Tablet
2025-09-09T17:39:21.000Z,/products/:id,GET,200,53,FR,Desktop
2025-09-09T17:43:46.000Z,/products,GET,200,60,US,Mobile
2025-09-09T17:45:42.000Z,/search,GET,200,137,DE,Desktop
2025-09-09T17:48:48.000Z,/,GET,200,26,CA,Mobile
2025-09-09T17:51:23.000Z,/products/:id,GET,200,72,CA,Mobile
2025-09-09T17:52:26.000Z,/cart,GET,200,78,JP,Tablet
2025-09-09T17:54:01.000Z,/cart,GET,200,43,FR,Tablet
2025-09-09T17:58:11.000Z,/products/:id,GET,200,51,JP,Mobile
2025-09-09T17:58:25.000Z,/products,GET,200,89,IN,Desktop
2025-09-09T17:58:38.000Z,/products/:id,GET,200,14,IN,Mobile
2025-09-09T18:03:42.000Z,/account,GET,200,34,US,Desktop
2025-09-09T18:04:55.000Z,/search,GET,200,194,US,Tablet
2025-09-09T18:05:24.000Z,/,GET,200,49,US,Mobile
2025-09-09T18:05:36.000Z,/,GET,200,44,US,Tablet
2025-09-09T18:08:25.000Z,/api/cart,POST,200,82,US,Mobile
2025-09-09T18:08:38.000Z,/cart,GET,200,67,FR,Desktop
2025-09-09T18:08:45.000Z,/cart,GET,200,106,US,Tablet
2025-09-09T18:09:24.000Z,/products,GET,200,44,US,Mobile
2025-09-09T18:09:42.000Z,/products,GET,200,113,CA,Mobile
2025-09-09T18:15:28.000Z,/search,GET,200,167,BR,Desktop
2025-09-09T18:19:59.000Z,/api/cart,POST,200,129,DE,Mobile
2025-09-09T18:21:57.000Z,/api/checkout,POST,304,272,JP,Desktop
2025-09-09T18:23:24.000Z,/api/cart,POST,200,58,JP,Desktop
2025-09-09T18:28:03.000Z,/products/:id,GET,200,34,US,Desktop
2025-09-09T18:35:30.000Z,/cart,GET,200,63,US,Desktop
2025-09-09T18:43:30.000Z,/products/:id,GET,200,25,GB,Desktop
2025-09-09T18:46:00.000Z,/api/checkout,POST,200,153,US,Tablet
2025-09-09T18:50:28.000Z,/cart,GET,200,67,IN,Desktop
2025-09-09T18:51:44.000Z,/api/cart,POST,200,86,US,Mobile
2025-09-09T18:55:57.000Z,/products,GET,200,82,US,Desktop
2025-09-09T18:57:12.000Z,/search,GET,200,177,IN,Desktop
2025-09-09T18:57:55.000Z,/,GET,401,36,US,Mobile
2025-09-09T19:02:37.000Z,/products/:id,GET,200,24,US,Desktop
2025-09-09T19:08:10.000Z,/api/checkout,POST,200,145,FR,Desktop
2025-09-09T19:08:19.000Z,/products,GET,200,52,FR,Mobile
2025-09-09T19:09:00.000Z,/products,GET,200,54,US,Desktop
2025-09-09T19:11:33.000Z,/products,GET,200,179,DE,Desktop
2025-09-09T19:14:01.000Z,/account,GET,200,28,US,Mobile
2025-09-09T19:14:32.000Z,/,GET,200,16,CA,Desktop
2025-09-09T19:15:46.000Z,/products,GET,200,65,US,Mobile
2025-09-09T19:16:06.000Z,/products/:id,GET,200,74,BR,Mobile
2025-09-09T19:17:12.000Z,/products,GET,200,40,FR,Desktop
2025-09-09T19:30:09.000Z,/,GET,200,44,IN,Desktop
2025-09-09T19:33:42.000Z,/products/:id,GET,200,57,CA,Mobile
2025-09-09T19:34:41.000Z,/products,GET,200,76,JP,Mobile
2025-09-09T19:46:26.000Z,/products,GET,200,91,US,Tablet
2025-09-09T19:47:59.000Z,/products/:id,GET,200,23,DE,Tablet
2025-09-09T19:49:18.000Z,/products/:id,GET,200,109,IN,Desktop
2025-09-09T19:49:18.000Z,/api/cart,POST,200,68,US,Desktop
2025-09-09T19:58:42.000Z,/api/cart,POST,200,62,GB,Mobile
2025-09-09T20:10:47.000Z,/api/checkout,POST,200,250,JP,Tablet
2025-09-09T20:11:31.000Z,/products,GET,200,125,JP,Mobile
2025-09-09T20:12:13.000Z,/products,GET,304,66,US,Tablet
2025-09-09T20:13:30.000Z,/api/checkout,POST,200,179,IN,Mobile
2025-09-09T20:14:58.000Z,/products,GET,200,55,DE,Mobile
2025-09-09T20:18:29.000Z,/products,GET,200,107,US,Desktop
2025-09-09T20:26:21.000Z,/api/cart,POST,200,90,JP,Mobile
2025-09-09T20:26:55.000Z,/products,GET,200,89,IN,Mobile
2025-09-09T20:35:43.000Z,/products/:id,GET,200,70,DE,Desktop
2025-09-09T20:35:46.000Z,/account,GET,200,25,US,Desktop
2025-09-09T20:46:08.000Z,/products/:id,GET,200,44,DE,Tablet
2025-09-09T20:53:17.000Z,/api/checkout,POST,200,154,CA,Mobile
2025-09-09T20:57:28.000Z,/,GET,200,55,US,Mobile
2025-09-09T20:58:41.000Z,/api/cart,POST,200,126,US,Tablet
2025-09-09T21:09:24.000Z,/api/cart,POST,200,128,US,Mobile
2025-09-09T21:20:11.000Z,/products/:id,GET,200,112,US,Mobile
2025-09-09T21:20:16.000Z,/products,GET,200,103,IN,Desktop
2025-09-09T21:20:34.000Z,/products,GET,200,52,IN,Desktop
2025-09-09T21:25:26.000Z,/cart,GET,200,42,US,Desktop
2025-09-09T21:28:33.000Z,/cart,GET,200,58,CA,Mobile
2025-09-09T21:33:14.000Z,/,GET,200,23,DE,Mobile
2025-09-09T21:35:55.000Z,/products/:id,GET,200,70,US,Tablet
2025-09-09T21:39:39.000Z,/products,GET,200,40,US,Desktop
2025-09-09T21:40:27.000Z,/products/:id,GET,200,61,US,Mobile
2025-09-09T21:49:06.000Z,/,GET,200,74,GB,Mobile
2025-09-09T21:50:16.000Z,/products/:id,GET,200,182,IN,Desktop
2025-09-09T21:50:53.000Z,/products/:id,GET,200,79,DE,Desktop
2025-09-09T21:51:41.000Z,/products/:id,GET,200,179,US,Tablet
2025-09-09T21:55:07.000Z,/products,GET,200,105,GB,Mobile
2025-09-09T21:55:43.000Z,/products,GET,200,158,FR,Mobile
2025-09-09T21:59:25.000Z,/products/:id,GET,200,19,DE,Mobile
2025-09-09T22:10:11.000Z,/search,GET,200,117,US,Desktop
2025-09-09T22:12:32.000Z,/products,GET,200,96,US,Tablet
2025-09-09T22:18:54.000Z,/,GET,304,40,DE,Mobile
2025-09-09T22:23:27.000Z,/products,GET,200,129,US,Desktop
2025-09-09T22:27:00.000Z,/,GET,200,60,GB,Tablet
2025-09-09T22:28:43.000Z,/products/:id,GET,200,56,DE,Desktop
2025-09-09T22:39:08.000Z,/products/:id,GET,200,55,CA,Tablet
2025-09-09T22:47:24.000Z,/products,GET,200,184,GB,Desktop
2025-09-09T22:53:08.000Z,/products,GET,200,29,CA,Mobile
2025-09-09T22:54:53.000Z,/search,GET,200,182,JP,Desktop
2025-09-09T22:56:50.000Z,/search,GET,200,79,IN,Mobile
2025-09-09T22:58:53.000Z,/cart,GET,200,33,US,Mobile
2025-09-09T23:12:11.000Z,/api/checkout,POST,200,171,FR,Mobile
2025-09-09T23:32:05.000Z,/,GET,200,62,US,Mobile
2025-09-09T23:36:10.000Z,/search,GET,200,149,JP,Desktop
2025-09-09T23:36:10.000Z,/cart,GET,200,38,CA,Mobile
2025-09-09T23:39:38.000Z,/products,GET,200,51,US,Desktop
2025-09-09T23:42:11.000Z,/products,GET,200,72,GB,Desktop
2025-09-09T23:58:08.000Z,/products,GET,200,41,US,Mobile
2025-09-10T00:03:14.000Z,/,GET,200,15,US,Mobile
2025-09-10T00:08:37.000Z,/,GET,200,56,BR,Desktop
2025-09-10T00:11:13.000Z,/products,GET,200,63,US,Desktop
2025-09-10T00:37:41.000Z,/products/:id,GET,200,44,GB,Mobile
2025-09-10T00:41:00.000Z,/cart,GET,200,91,US,Desktop
2025-09-10T00:41:02.000Z,/cart,GET,200,68,US,Desktop
2025-09-10T00:46:30.000Z,/,GET,200,77,FR,Desktop
2025-09-10T00:47:04.000Z,/products/:id,GET,200,107,IN,Desktop
2025-09-10T00:51:46.000Z,/search,GET,200,47,FR,Mobile
2025-09-10T01:00:12.000Z,/api/checkout,POST,200,106,GB,Desktop
2025-09-10T01:03:13.000Z,/products,GET,200,108,CA,Desktop
2025-09-10T01:15:34.000Z,/,GET,200,54,US,Mobile
2025-09-10T01:38:47.000Z,/cart,GET,200,57,DE,Desktop
2025-09-10T02:00:50.000Z,/search,GET,200,115,GB,Mobile
2025-09-10T02:04:15.000Z,/,GET,200,25,CA,Mobile
2025-09-10T02:07:37.000Z,/search,GET,200,93,JP,Desktop
2025-09-10T02:11:32.000Z,/products/:id,GET,200,51,US,Desktop
2025-09-10T02:16:02.000Z,/account,GET,200,59,US,Desktop
2025-09-10T02:20:32.000Z,/,GET,200,61,BR,Desktop
2025-09-10T02:28:38.000Z,/,GET,200,20,US,Desktop
2025-09-10T02:37:24.000Z,/,GET,200,30,GB,Tablet
2025-09-10T02:38:15.000Z,/,GET,200,30,GB,Mobile
2025-09-10T02:41:14.000Z,/,GET,200,29,GB,Mobile
2025-09-10T02:50:46.000Z,/,GET,200,61,CA,Desktop
2025-09-10T02:56:50.000Z,/cart,GET,200,18,GB,Desktop
2025-09-10T03:01:08.000Z,/products,GET,200,65,US,Mobile
2025-09-10T03:01:26.000Z,/products,GET,304,73,DE,Mobile
2025-09-10T03:03:25.000Z,/products/:id,GET,200,70,BR,Mobile
2025-09-10T03:08:32.000Z,/cart,GET,200,43,CA,Mobile
2025-09-10T03:25:54.000Z,/products,GET,200,83,FR,Desktop
2025-09-10T03:26:15.000Z,/products/:id,GET,200,23,CA,Desktop
2025-09-10T03:27:36.000Z,/products,GET,200,69,IN,Mobile
2025-09-10T03:28:05.000Z,/products/:id,GET,200,35,CA,Desktop
2025-09-10T03:30:51.000Z,/api/checkout,POST,200,308,CA,Desktop
2025-09-10T03:31:46.000Z,/,GET,200,48,US,Desktop
2025-09-10T03:33:33.000Z,/account,GET,200,78,BR,Desktop
2025-09-10T03:36:03.000Z,/products,GET,200,110,DE,Mobile
2025-09-10T03:38:44.000Z,/,GET,200,22,CA,Desktop
2025-09-10T03:41:41.000Z,/,GET,200,63,GB,Mobile
2025-09-10T03:41:50.000Z,/cart,GET,200,48,DE,Mobile
2025-09-10T03:42:27.000Z,/products/:id,GET,200,72,IN,Mobile
2025-09-10T03:44:17.000Z,/products,GET,200,53,IN,Desktop
2025-09-10T03:46:28.000Z,/cart,GET,200,34,CA,Mobile
2025-09-10T03:47:04.000Z,/,GET,200,36,US,Desktop
2025-09-10T03:50:12.000Z,/products/:id,GET,200,85,US,Desktop
2025-09-10T03:50:39.000Z,/api/cart,POST,304,98,BR,Mobile
2025-09-10T04:03:47.000Z,/,GET,404,33,US,Desktop
2025-09-10T04:06:29.000Z,/products,GET,200,61,US,Mobile
2025-09-10T04:17:13.000Z,/products,GET,200,47,US,Tablet
2025-09-10T04:20:58.000Z,/products/:id,GET,200,28,US,Desktop
2025-09-10T04:21:52.000Z,/search,GET,200,99,US,Mobile
2025-09-10T04:25:51.000Z,/cart,GET,200,59,US,Desktop
2025-09-10T04:30:32.000Z,/products/:id,GET,200,41,CA,Desktop
2025-09-10T04:35:45.000Z,/api/checkout,POST,200,98,DE,Mobile
2025-09-10T04:47:30.000Z,/products/:id,GET,200,89,IN,Mobile
2025-09-10T04:54:48.000Z,/products,GET,200,109,JP,Desktop
2025-09-10T04:57:50.000Z,/,GET,200,65,US,Mobile
2025-09-10T05:00:47.000Z,/,GET,200,47,CA,Desktop
2025-09-10T05:06:44.000Z,/search,GET,200,178,JP,Mobile
2025-09-10T05:16:19.000Z,/,GET,304,20,US,Desktop
2025-09-10T05:16:51.000Z,/cart,GET,200,64,US,Desktop
2025-09-10T05:18:15.000Z,/products,GET,200,87,IN,Mobile
2025-09-10T05:18:58.000Z,/products,GET,200,63,CA,Mobile
2025-09-10T05:19:08.000Z,/search,GET,200,349,GB,Desktop
2025-09-10T05:25:04.000Z,/search,GET,200,76,DE,Mobile
2025-09-10T05:25:30.000Z,/search,GET,200,174,BR,Desktop
2025-09-10T05:25:39.000Z,/,GET,200,22,IN,Mobile
2025-09-10T05:27:54.000Z,/products,GET,200,127,US,Desktop
2025-09-10T05:31:01.000Z,/products,GET,200,71,US,Mobile
2025-09-10T05:31:29.000Z,/,GET,200,29,FR,Mobile
2025-09-10T05:31:43.000Z,/api/cart,POST,200,122,US,Desktop
2025-09-10T05:32:19.000Z,/,GET,200,34,DE,Mobile
2025-09-10T05:39:19.000Z,/search,GET,200,105,US,Tablet
2025-09-10T05:42:45.000Z,/products,GET,304,61,IN,Mobile
2025-09-10T05:53:26.000Z,/api/checkout,POST,200,253,IN,Desktop
2025-09-10T05:53:50.000Z,/search,GET,200,149,US,Mobile
2025-09-10T05:55:20.000Z,/products/:id,GET,200,60,FR,Mobile
2025-09-10T05:56:16.000Z,/products/:id,GET,200,44,DE,Mobile
2025-09-10T05:59:08.000Z,/search,GET,200,302,DE,Desktop
2025-09-10T06:00:31.000Z,/api/checkout,POST,200,93,CA,Mobile
2025-09-10T06:00:58.000Z,/products,GET,200,126,US,Mobile
2025-09-10T06:03:27.000Z,/products,GET,200,131,IN,Tablet
2025-09-10T06:10:42.000Z,/search,GET,200,119,US,Desktop
2025-09-10T06:11:33.000Z,/products/:id,GET,200,34,GB,Mobile
2025-09-10T06:12:43.000Z,/products,GET,200,104,JP,Mobile
2025-09-10T06:16:21.000Z,/products,GET,200,65,CA,Desktop
2025-09-10T06:18:24.000Z,/search,GET,200,265,US,Mobile
2025-09-10T06:19:43.000Z,/,GET,200,40,DE,Mobile
2025-09-10T06:39:19.000Z,/cart,GET,200,76,US,Desktop
2025-09-10T06:44:18.000Z,/search,GET,200,413,GB,Mobile
2025-09-10T06:48:10.000Z,/account,GET,200,29,IN,Desktop
2025-09-10T06:52:11.000Z,/,GET,200,83,US,Desktop
2025-09-10T06:54:37.000Z,/products/:id,GET,200,31,JP,Tablet
2025-09-10T06:58:52.000Z,/products,GET,200,52,FR,Mobile
2025-09-10T07:04:12.000Z,/products/:id,GET,200,61,GB,Mobile
2025-09-10T07:09:50.000Z,/cart,GET,200,36,US,Desktop
2025-09-10T07:12:15.000Z,/cart,GET,200,58,CA,Desktop
2025-09-10T07:12:54.000Z,/,GET,200,66,GB,Desktop
2025-09-10T07:14:36.000Z,/products/:id,GET,200,39,IN,Mobile
2025-09-10T07:14:42.000Z,/cart,GET,200,56,BR,Mobile
2025-09-10T07:19:34.000Z,/,GET,404,60,US,Desktop
2025-09-10T07:25:33.000Z,/cart,GET,200,66,DE,Desktop
2025-09-10T07:25:33.000Z,/,GET,304,50,GB,Desktop
2025-09-10T07:31:23.000Z,/api/cart,POST,200,178,BR,Mobile
2025-09-10T07:33:15.000Z,/api/checkout,POST,200,157,US,Desktop
2025-09-10T07:33:27.000Z,/cart,GET,200,105,BR,Mobile
2025-09-10T07:34:42.000Z,/,GET,200,41,IN,Mobile
2025-09-10T07:35:31.000Z,/products/:id,GET,200,105,CA,Mobile
2025-09-10T07:35:51.000Z,/,GET,200,64,US,Mobile
2025-09-10T07:36:26.000Z,/,GET,200,43,US,Desktop
2025-09-10T07:37:12.000Z,/cart,GET,200,40,US,Desktop
2025-09-10T07:38:08.000Z,/search,GET,200,98,US,Mobile
2025-09-10T07:38:17.000Z,/,GET,200,48,US,Desktop
2025-09-10T07:41:18.000Z,/,GET,500,113,US,Mobile
2025-09-10T07:56:25.000Z,/products,GET,200,66,FR,Desktop
2025-09-10T08:07:56.000Z,/products,GET,200,221,US,Mobile
2025-09-10T08:09:08.000Z,/products,GET,200,95,FR,Desktop
2025-09-10T08:10:16.000Z,/cart,GET,200,55,US,Tablet
2025-09-10T08:10:27.000Z,/,GET,200,58,US,Desktop
2025-09-10T08:11:17.000Z,/,GET,200,29,JP,Desktop
2025-09-10T08:11:52.000Z,/products/:id,GET,200,61,DE,Desktop
2025-09-10T08:17:54.000Z,/search,GET,200,55,GB,Mobile
2025-09-10T08:18:18.000Z,/api/cart,POST,200,125,GB,Desktop
2025-09-10T08:18:37.000Z,/products/:id,GET,200,55,IN,Mobile
2025-09-10T08:18:46.000Z,/api/cart,POST,200,184,GB,Mobile
2025-09-10T08:19:49.000Z,/products/:id,GET,200,55,IN,Mobile
2025-09-10T08:23:27.000Z,/,GET,200,49,CA,Tablet
2025-09-10T08:24:30.000Z,/search,GET,200,158,CA,Desktop
2025-09-10T08:25:04.000Z,/products,GET,200,106,DE,Desktop
2025-09-10T08:26:12.000Z,/products/:id,GET,200,75,FR,Desktop
2025-09-10T08:28:38.000Z,/products/:id,GET,200,77,FR,Mobile
2025-09-10T08:30:58.000Z,/account,GET,200,25,FR,Desktop
2025-09-10T08:37:42.000Z,/cart,GET,200,95,IN,Mobile
2025-09-10T08:40:32.000Z,/api/cart,POST,200,62,BR,Mobile
2025-09-10T08:48:56.000Z,/cart,GET,200,41,JP,Mobile
2025-09-10T08:49:56.000Z,/,GET,200,30,US,Mobile
2025-09-10T08:51:48.000Z,/cart,GET,200,105,CA,Tablet
2025-09-10T08:52:05.000Z,/account,GET,200,70,CA,Mobile
2025-09-10T08:52:35.000Z,/,GET,200,31,BR,Mobile
2025-09-10T08:55:54.000Z,/search,GET,200,128,FR,Mobile
2025-09-10T08:56:27.000Z,/products,GET,200,40,BR,Mobile
2025-09-10T08:56:52.000Z,/,GET,200,38,DE,Mobile
2025-09-10T08:57:57.000Z,/api/cart,POST,200,169,FR,Mobile
2025-09-10T08:59:04.000Z,/products/:id,GET,200,98,US,Tablet
2025-09-10T09:02:27.000Z,/products/:id,GET,200,88,CA,Desktop
2025-09-10T09:04:46.000Z,/account,GET,200,47,JP,Mobile
2025-09-10T09:05:00.000Z,/account,GET,200,178,US,Mobile
2025-09-10T09:05:55.000Z,/,GET,200,30,DE,Desktop
2025-09-10T09:06:12.000Z,/cart,GET,200,67,JP,Desktop
2025-09-10T09:06:53.000Z,/cart,GET,200,112,CA,Desktop
2025-09-10T09:11:17.000Z,/cart,GET,200,41,US,Mobile
2025-09-10T09:13:26.000Z,/products/:id,GET,200,32,CA,Desktop
2025-09-10T09:13:47.000Z,/search,GET,200,150,US,Mobile
2025-09-10T09:17:28.000Z,/cart,GET,200,35,GB,Mobile
2025-09-10T09:18:00.000Z,/products/:id,GET,200,20,IN,Mobile
2025-09-10T09:18:26.000Z,/products,GET,200,55,IN,Desktop
2025-09-10T09:19:45.000Z,/products,GET,200,67,US,Desktop
2025-09-10T09:20:01.000Z,/,GET,200,94,FR,Desktop
2025-09-10T09:21:31.000Z,/products,GET,200,113,IN,Desktop
2025-09-10T09:24:49.000Z,/products,GET,200,98,DE,Desktop
2025-09-10T09:25:26.000Z,/cart,GET,200,45,IN,Mobile
2025-09-10T09:25:47.000Z,/search,GET,200,129,GB,Mobile
2025-09-10T09:26:47.000Z,/,GET,200,17,CA,Desktop
2025-09-10T09:27:12.000Z,/,GET,200,32,GB,Desktop
2025-09-10T09:27:16.000Z,/,GET,200,48,IN,Desktop
2025-09-10T09:28:53.000Z,/,GET,200,45,FR,Tablet
2025-09-10T09:36:12.000Z,/products,GET,200,98,US,Tablet
2025-09-10T09:46:21.000Z,/,GET,200,32,CA,Tablet
2025-09-10T09:49:06.000Z,/,GET,304,56,US,Mobile
2025-09-10T09:50:57.000Z,/api/checkout,POST,200,157,CA,Desktop
2025-09-10T09:51:08.000Z,/,GET,200,78,GB,Desktop
2025-09-10T09:53:00.000Z,/cart,GET,200,48,BR,Desktop
2025-09-10T09:57:16.000Z,/search,GET,200,104,US,Mobile
2025-09-10T10:00:44.000Z,/api/checkout,POST,200,152,CA,Desktop
2025-09-10T10:02:22.000Z,/products/:id,GET,200,53,CA,Mobile
2025-09-10T10:06:25.000Z,/cart,GET,200,73,JP,Mobile
2025-09-10T10:12:10.000Z,/products,GET,200,61,US,Mobile
2025-09-10T10:14:20.000Z,/products,GET,200,54,IN,Desktop
2025-09-10T10:14:32.000Z,/api/cart,POST,200,61,US,Mobile
2025-09-10T10:19:47.000Z,/products/:id,GET,200,93,US,Mobile
2025-09-10T10:23:58.000Z,/search,GET,200,164,JP,Desktop
2025-09-10T10:25:53.000Z,/cart,GET,200,53,US,Desktop
2025-09-10T10:26:33.000Z,/api/checkout,POST,200,218,US,Desktop
2025-09-10T10:28:17.000Z,/account,GET,404,67,JP,Mobile
2025-09-10T10:31:30.000Z,/api/cart,POST,200,110,US,Mobile
2025-09-10T10:33:29.000Z,/search,GET,200,141,US,Mobile
2025-09-10T10:35:13.000Z,/cart,GET,200,96,IN,Mobile
2025-09-10T10:35:34.000Z,/api/checkout,POST,404,468,IN,Desktop
2025-09-10T10:35:57.000Z,/search,GET,200,101,FR,Desktop
2025-09-10T10:41:09.000Z,/,GET,200,26,DE,Desktop
2025-09-10T10:46:04.000Z,/products,GET,200,50,US,Mobile
2025-09-10T10:50:44.000Z,/,GET,200,35,CA,Desktop
2025-09-10T10:50:52.000Z,/api/cart,POST,200,171,JP,Desktop
2025-09-10T10:52:43.000Z,/cart,GET,200,122,FR,Desktop
2025-09-10T10:53:05.000Z,/search,GET,200,146,CA,Tablet
2025-09-10T10:54:37.000Z,/products/:id,GET,200,28,DE,Mobile
2025-09-10T10:55:08.000Z,/search,GET,200,115,US,Desktop
2025-09-10T10:57:12.000Z,/api/cart,POST,200,73,JP,Desktop
2025-09-10T10:59:24.000Z,/,GET,200,56,IN,Tablet
2025-09-10T11:01:59.000Z,/products/:id,GET,200,37,US,Mobile
2025-09-10T11:02:49.000Z,/products/:id,GET,200,58,US,Mobile
2025-09-10T11:06:00.000Z,/products,GET,200,60,FR,Mobile
2025-09-10T11:07:00.000Z,/search,GET,200,153,GB,Desktop
2025-09-10T11:09:08.000Z,/products/:id,GET,200,97,CA,Mobile
2025-09-10T11:10:21.000Z,/,GET,200,45,GB,Mobile
2025-09-10T11:11:00.000Z,/products,GET,200,69,US,Mobile
2025-09-10T11:15:02.000Z,/search,GET,404,282,GB,Desktop
2025-09-10T11:15:27.000Z,/,GET,200,66,IN,Mobile
2025-09-10T11:17:38.000Z,/products,GET,200,63,JP,Desktop
2025-09-10T11:18:22.000Z,/search,GET,200,312,US,Desktop
2025-09-10T11:20:05.000Z,/products,GET,200,67,US,Mobile
2025-09-10T11:24:40.000Z,/products/:id,GET,200,75,US,Mobile
2025-09-10T11:24:42.000Z,/products/:id,GET,200,70,BR,Mobile
2025-09-10T11:29:25.000Z,/cart,GET,200,31,IN,Desktop
2025-09-10T11:29:32.000Z,/,GET,200,69,US,Mobile
2025-09-10T11:32:25.000Z,/api/checkout,POST,200,360,GB,Desktop
2025-09-10T11:42:25.000Z,/products/:id,GET,200,104,US,Desktop
2025-09-10T11:47:45.000Z,/products,GET,200,53,CA,Mobile
2025-09-10T11:53:19.000Z,/,GET,200,22,GB,Mobile
2025-09-10T11:59:03.000Z,/api/cart,POST,200,164,IN,Mobile
2025-09-10T12:01:21.000Z,/api/checkout,POST,304,223,US,Mobile
2025-09-10T12:01:21.000Z,/api/checkout,POST,200,293,IN,Mobile
2025-09-10T12:02:40.000Z,/,GET,200,34,US,Desktop
2025-09-10T12:04:21.000Z,/products,GET,200,49,US,Desktop
2025-09-10T12:05:55.000Z,/,GET,200,50,FR,Mobile
2025-09-10T12:07:27.000Z,/products/:id,GET,200,99,FR,Mobile
2025-09-10T12:08:13.000Z,/products/:id,GET,200,110,JP,Mobile
2025-09-10T12:08:20.000Z,/products,GET,200,63,US,Mobile
2025-09-10T12:08:36.000Z,/products,GET,200,41,GB,Mobile
2025-09-10T12:08:43.000Z,/products/:id,GET,200,38,GB,Tablet
2025-09-10T12:11:10.000Z,/,GET,200,36,IN,Mobile
2025-09-10T12:11:42.000Z,/api/cart,POST,200,46,BR,Mobile
2025-09-10T12:13:59.000Z,/products,GET,200,88,BR,Desktop
2025-09-10T12:16:18.000Z,/,GET,200,33,BR,Mobile
2025-09-10T12:18:34.000Z,/,GET,200,38,US,Mobile
2025-09-10T12:20:27.000Z,/api/cart,POST,200,117,US,Desktop
2025-09-10T12:24:24.000Z,/cart,GET,200,56,US,Mobile
2025-09-10T12:24:34.000Z,/products/:id,GET,200,88,IN,Mobile
2025-09-10T12:25:34.000Z,/products/:id,GET,200,38,DE,Desktop
2025-09-10T12:27:20.000Z,/account,GET,404,72,US,Desktop
2025-09-10T12:27:29.000Z,/api/cart,POST,200,59,US,Desktop
2025-09-10T12:31:46.000Z,/products/:id,GET,200,48,US,Tablet
2025-09-10T12:32:40.000Z,/search,GET,200,228,IN,Desktop
2025-09-10T12:34:40.000Z,/,GET,200,35,GB,Mobile
2025-09-10T12:37:52.000Z,/products/:id,GET,200,37,US,Mobile
2025-09-10T12:40:16.000Z,/products,GET,200,42,FR,Desktop
2025-09-10T12:45:59.000Z,/api/checkout,POST,200,302,US,Desktop
2025-09-10T12:50:59.000Z,/api/checkout,POST,200,99,GB,Mobile
2025-09-10T12:51:19.000Z,/products,GET,401,113,US,Desktop
2025-09-10T12:51:32.000Z,/api/cart,POST,200,164,US,Mobile
2025-09-10T12:53:43.000Z,/api/checkout,POST,200,236,US,Mobile
2025-09-10T12:54:29.000Z,/search,GET,200,116,US,Mobile
2025-09-10T12:56:37.000Z,/api/checkout,POST,200,104,US,Mobile
2025-09-10T12:59:19.000Z,/account,GET,200,69,US,Desktop
2025-09-10T12:59:31.000Z,/products,GET,200,165,CA,Desktop
2025-09-10T13:04:36.000Z,/search,GET,200,138,DE,Desktop
2025-09-10T13:05:12.000Z,/search,GET,200,131,BR,Mobile
2025-09-10T13:09:33.000Z,/products,GET,304,74,IN,Mobile
2025-09-10T13:18:50.000Z,/search,GET,200,148,CA,Mobile
2025-09-10T13:21:57.000Z,/products,GET,200,127,GB,Mobile
2025-09-10T13:30:27.000Z,/cart,GET,200,61,DE,Mobile
2025-09-10T13:30:37.000Z,/,GET,200,43,US,Mobile
2025-09-10T13:33:33.000Z,/products/:id,GET,200,67,JP,Mobile
2025-09-10T13:34:44.000Z,/products,GET,304,94,DE,Desktop
2025-09-10T13:37:05.000Z,/products/:id,GET,404,33,GB,Mobile
2025-09-10T13:48:54.000Z,/,GET,200,29,IN,Mobile
2025-09-10T13:50:58.000Z,/search,GET,200,192,CA,Desktop
2025-09-10T13:54:42.000Z,/,GET,404,30,GB,Desktop
2025-09-10T13:57:28.000Z,/products,GET,200,69,DE,Desktop
2025-09-10T13:59:00.000Z,/products/:id,GET,200,51,JP,Desktop
2025-09-10T14:00:56.000Z,/search,GET,200,217,FR,Mobile
2025-09-10T14:00:59.000Z,/products/:id,GET,200,106,JP,Desktop
2025-09-10T14:04:04.000Z,/api/checkout,POST,200,175,GB,Desktop
2025-09-10T14:06:37.000Z,/,GET,200,25,US,Mobile
2025-09-10T14:13:02.000Z,/products,GET,404,63,FR,Mobile
2025-09-10T14:14:39.000Z,/cart,GET,200,71,US,Desktop
2025-09-10T14:19:19.000Z,/products,GET,200,73,US,Mobile
2025-09-10T14:22:32.000Z,/search,GET,200,129,CA,Mobile
2025-09-10T14:24:01.000Z,/products/:id,GET,200,52,CA,Mobile
2025-09-10T14:27:26.000Z,/,GET,200,49,BR,Desktop
2025-09-10T14:28:19.000Z,/,GET,304,61,US,Desktop
2025-09-10T14:30:33.000Z,/products,GET,200,71,JP,Mobile
2025-09-10T14:39:35.000Z,/search,GET,200,102,US,Mobile
2025-09-10T14:42:00.000Z,/products,GET,200,83,FR,Desktop
2025-09-10T14:47:26.000Z,/search,GET,200,120,GB,Tablet
2025-09-10T14:49:42.000Z,/products/:id,GET,200,77,GB,Desktop
2025-09-10T14:52:25.000Z,/,GET,200,54,US,Mobile
2025-09-10T14:56:51.000Z,/,GET,200,30,CA,Desktop
2025-09-10T15:00:21.000Z,/api/checkout,POST,200,211,US,Desktop
2025-09-10T15:02:45.000Z,/api/cart,POST,200,79,US,Mobile
2025-09-10T15:03:14.000Z,/products,GET,200,142,US,Desktop
2025-09-10T15:04:41.000Z,/search,GET,200,107,GB,Desktop
2025-09-10T15:07:09.000Z,/products,GET,200,100,US,Mobile
2025-09-10T15:12:36.000Z,/products/:id,GET,200,40,DE,Mobile
2025-09-10T15:13:16.000Z,/search,GET,200,205,US,Mobile
2025-09-10T15:14:09.000Z,/account,GET,200,74,IN,Desktop
2025-09-10T15:14:33.000Z,/api/checkout,POST,200,261,US,Desktop
2025-09-10T15:17:40.000Z,/,GET,200,77,JP,Desktop
2025-09-10T15:30:08.000Z,/products,GET,200,42,JP,Mobile
2025-09-10T15:31:47.000Z,/,GET,200,92,FR,Desktop
2025-09-10T15:34:06.000Z,/products,GET,200,133,US,Desktop
2025-09-10T15:36:15.000Z,/products,GET,200,108,JP,Desktop
2025-09-10T15:38:32.000Z,/,GET,200,24,IN,Tablet
2025-09-10T15:39:14.000Z,/cart,GET,200,38,US,Mobile
2025-09-10T15:41:16.000Z,/,GET,200,19,US,Tablet
2025-09-10T15:42:37.000Z,/,GET,200,156,US,Mobile
2025-09-10T15:49:37.000Z,/products/:id,GET,200,89,DE,Tablet
2025-09-10T15:50:38.000Z,/cart,GET,200,113,JP,Desktop
2025-09-10T15:55:07.000Z,/search,GET,200,142,GB,Desktop
2025-09-10T15:55:34.000Z,/cart,GET,200,29,US,Mobile
2025-09-10T16:00:44.000Z,/,GET,200,58,BR,Mobile
2025-09-10T16:08:46.000Z,/search,GET,200,133,FR,Mobile
2025-09-10T16:09:20.000Z,/,GET,200,37,CA,Mobile
2025-09-10T16:10:36.000Z,/account,GET,200,65,IN,Mobile
2025-09-10T16:10:51.000Z,/products/:id,GET,200,44,US,Desktop
2025-09-10T16:10:54.000Z,/,GET,200,25,US,Desktop
2025-09-10T16:12:49.000Z,/products,GET,200,61,IN,Desktop
2025-09-10T16:16:15.000Z,/cart,GET,200,65,JP,Desktop
2025-09-10T16:18:31.000Z,/products/:id,GET,200,45,US,Desktop
2025-09-10T16:20:39.000Z,/products/:id,GET,200,39,GB,Desktop
2025-09-10T16:21:44.000Z,/search,GET,200,37,FR,Mobile
2025-09-10T16:27:05.000Z,/api/checkout,POST,304,277,DE,Mobile
2025-09-10T16:29:36.000Z,/,GET,200,39,BR,Mobile
2025-09-10T16:30:28.000Z,/,GET,200,104,BR,Mobile
2025-09-10T16:31:27.000Z,/account,GET,200,96,DE,Tablet
2025-09-10T16:31:33.000Z,/search,GET,200,210,US,Desktop
2025-09-10T16:34:03.000Z,/api/checkout,POST,200,487,US,Desktop
2025-09-10T16:44:27.000Z,/products,GET,200,86,US,Desktop
2025-09-10T16:47:05.000Z,/products/:id,GET,304,85,US,Desktop
2025-09-10T16:48:59.000Z,/,GET,200,45,US,Desktop
2025-09-10T16:49:43.000Z,/,GET,200,47,GB,Desktop
2025-09-10T17:02:20.000Z,/,GET,200,58,GB,Desktop
2025-09-10T17:04:37.000Z,/,GET,500,32,FR,Mobile
2025-09-10T17:04:38.000Z,/search,GET,200,95,US,Mobile
2025-09-10T17:06:31.000Z,/products/:id,GET,200,67,IN,Mobile
2025-09-10T17:10:43.000Z,/products/:id,GET,200,63,US,Mobile
2025-09-10T17:14:19.000Z,/cart,GET,200,87,IN,Mobile
2025-09-10T17:14:21.000Z,/products/:id,GET,200,68,GB,Desktop
2025-09-10T17:16:44.000Z,/,GET,200,19,JP,Mobile
2025-09-10T17:17:57.000Z,/products/:id,GET,200,70,CA,Desktop
2025-09-10T17:18:04.000Z,/,GET,200,30,US,Mobile
2025-09-10T17:21:51.000Z,/products,GET,200,146,US,Desktop
2025-09-10T17:24:51.000Z,/products/:id,GET,200,49,US,Mobile
2025-09-10T17:30:45.000Z,/,GET,200,23,GB,Mobile
2025-09-10T17:38:43.000Z,/products/:id,GET,200,33,US,Desktop
2025-09-10T17:40:41.000Z,/account,GET,200,137,US,Desktop
2025-09-10T17:41:28.000Z,/products,GET,200,83,CA,Mobile
2025-09-10T17:42:39.000Z,/products,GET,200,194,GB,Desktop
2025-09-10T17:43:22.000Z,/api/cart,POST,200,127,GB,Desktop
2025-09-10T17:45:38.000Z,/search,GET,200,120,US,Desktop
2025-09-10T17:46:22.000Z,/products/:id,GET,404,23,CA,Desktop
2025-09-10T17:50:38.000Z,/,GET,200,52,JP,Desktop
2025-09-10T17:53:33.000Z,/search,GET,200,141,CA,Mobile
2025-09-10T17:54:00.000Z,/products/:id,GET,200,50,US,Desktop
2025-09-10T17:55:58.000Z,/products,GET,200,111,US,Tablet
2025-09-10T17:58:24.000Z,/products,GET,200,88,US,Mobile
2025-09-10T18:01:10.000Z,/products/:id,GET,200,305,IN,Desktop
2025-09-10T18:03:00.000Z,/products/:id,GET,200,104,JP,Desktop
2025-09-10T18:07:27.000Z,/products/:id,GET,200,83,IN,Mobile
2025-09-10T18:10:42.000Z,/search,GET,200,158,JP,Desktop
2025-09-10T18:10:54.000Z,/cart,GET,200,55,DE,Desktop
2025-09-10T18:12:17.000Z,/products,GET,200,38,BR,Mobile
2025-09-10T18:22:55.000Z,/products/:id,GET,200,50,DE,Mobile
2025-09-10T18:29:02.000Z,/products,GET,200,71,US,Mobile
2025-09-10T18:29:27.000Z,/account,GET,200,131,IN,Desktop
2025-09-10T18:30:29.000Z,/cart,GET,200,101,JP,Desktop
2025-09-10T18:32:39.000Z,/products/:id,GET,200,66,US,Mobile
2025-09-10T18:35:58.000Z,/cart,GET,200,16,GB,Desktop
2025-09-10T18:36:28.000Z,/search,GET,200,126,CA,Mobile
2025-09-10T18:43:42.000Z,/products,GET,200,37,IN,Mobile
2025-09-10T18:55:01.000Z,/api/cart,POST,200,151,US,Desktop
2025-09-10T18:55:52.000Z,/,GET,200,47,GB,Mobile
2025-09-10T18:58:34.000Z,/api/checkout,POST,200,186,FR,Mobile
2025-09-10T19:05:39.000Z,/search,GET,200,175,DE,Mobile
2025-09-10T19:07:33.000Z,/products,GET,200,45,DE,Mobile
2025-09-10T19:08:05.000Z,/products,GET,200,132,FR,Mobile
2025-09-10T19:09:11.000Z,/api/checkout,POST,200,165,US,Mobile
2025-09-10T19:11:43.000Z,/products/:id,GET,200,69,US,Mobile
2025-09-10T19:11:49.000Z,/products,GET,200,127,GB,Mobile
2025-09-10T19:15:02.000Z,/products/:id,GET,200,47,JP,Desktop
2025-09-10T19:31:59.000Z,/api/cart,POST,200,95,BR,Mobile
2025-09-10T19:32:29.000Z,/,GET,200,29,US,Desktop
2025-09-10T19:35:10.000Z,/,GET,200,56,JP,Tablet
2025-09-10T19:36:25.000Z,/products/:id,GET,200,28,US,Mobile
2025-09-10T19:37:29.000Z,/,GET,200,54,US,Mobile
2025-09-10T19:42:10.000Z,/products/:id,GET,200,61,IN,Mobile
2025-09-10T19:46:56.000Z,/products,GET,200,84,US,Desktop
2025-09-10T19:47:20.000Z,/products,GET,200,80,US,Mobile
2025-09-10T19:48:09.000Z,/search,GET,200,107,US,Mobile
2025-09-10T19:51:09.000Z,/api/checkout,POST,200,247,US,Desktop
2025-09-10T19:52:22.000Z,/products/:id,GET,200,96,IN,Mobile
2025-09-10T19:53:10.000Z,/,GET,200,30,BR,Desktop
2025-09-10T19:54:11.000Z,/products/:id,GET,404,114,US,Mobile
2025-09-10T19:54:32.000Z,/api/cart,POST,200,174,DE,Mobile
2025-09-10T19:55:01.000Z,/products,GET,200,85,IN,Desktop
2025-09-10T19:55:07.000Z,/account,GET,200,61,GB,Desktop
2025-09-10T19:55:46.000Z,/products/:id,GET,200,93,GB,Desktop
2025-09-10T20:00:07.000Z,/,GET,200,54,US,Mobile
2025-09-10T20:01:02.000Z,/products/:id,GET,200,62,JP,Mobile
2025-09-10T20:07:45.000Z,/search,GET,200,146,US,Mobile
2025-09-10T20:11:39.000Z,/search,GET,200,111,DE,Desktop
2025-09-10T20:24:17.000Z,/search,GET,200,51,US,Desktop
2025-09-10T20:26:01.000Z,/,GET,200,41,GB,Desktop
2025-09-10T20:26:05.000Z,/,GET,404,24,FR,Desktop
2025-09-10T20:26:10.000Z,/api/cart,POST,200,48,BR,Mobile
2025-09-10T20:26:16.000Z,/products,GET,200,67,FR,Mobile
2025-09-10T20:29:32.000Z,/products,GET,200,39,US,Desktop
2025-09-10T20:38:17.000Z,/search,GET,200,144,GB,Tablet
2025-09-10T20:42:40.000Z,/products,GET,200,97,DE,Mobile
2025-09-10T20:42:47.000Z,/,GET,200,66,DE,Desktop
2025-09-10T20:44:37.000Z,/products,GET,200,36,IN,Mobile
2025-09-10T20:47:13.000Z,/cart,GET,200,26,JP,Tablet
2025-09-10T20:48:10.000Z,/api/checkout,POST,200,314,GB,Mobile
2025-09-10T20:51:36.000Z,/products/:id,GET,200,71,US,Mobile
2025-09-10T20:57:43.000Z,/products,GET,200,74,BR,Mobile
2025-09-10T20:58:08.000Z,/search,GET,200,288,JP,Mobile
2025-09-10T21:11:39.000Z,/products,GET,200,114,US,Desktop
2025-09-10T21:13:35.000Z,/products,GET,200,120,CA,Mobile
2025-09-10T21:14:00.000Z,/products,GET,200,67,DE,Desktop
2025-09-10T21:14:46.000Z,/products,GET,200,100,US,Desktop
2025-09-10T21:16:31.000Z,/search,GET,200,160,US,Desktop
2025-09-10T21:22:15.000Z,/account,GET,200,31,GB,Mobile
2025-09-10T21:33:36.000Z,/search,GET,200,198,BR,Desktop
2025-09-10T21:39:14.000Z,/products,GET,401,67,GB,Mobile
2025-09-10T21:42:05.000Z,/products,GET,200,132,US,Mobile
2025-09-10T21:45:44.000Z,/,GET,200,53,FR,Mobile
2025-09-10T21:56:11.000Z,/products,GET,200,127,BR,Mobile
2025-09-10T21:57:10.000Z,/products/:id,GET,200,27,US,Desktop
2025-09-10T22:05:41.000Z,/api/cart,POST,200,149,GB,Mobile
2025-09-10T22:05:50.000Z,/products/:id,GET,200,30,JP,Desktop
2025-09-10T22:09:05.000Z,/cart,GET,304,67,IN,Mobile
2025-09-10T22:11:40.000Z,/search,GET,200,148,JP,Mobile
2025-09-10T22:12:58.000Z,/,GET,200,18,GB,Mobile
2025-09-10T22:28:00.000Z,/products,GET,200,117,CA,Desktop
2025-09-10T22:29:31.000Z,/api/checkout,POST,200,249,DE,Mobile
2025-09-10T22:30:27.000Z,/products/:id,GET,200,91,BR,Desktop
2025-09-10T22:31:52.000Z,/api/checkout,POST,200,124,IN,Mobile
2025-09-10T22:35:08.000Z,/products/:id,GET,200,83,JP,Mobile
2025-09-10T22:36:14.000Z,/cart,GET,200,119,CA,Desktop
2025-09-10T22:38:19.000Z,/,GET,200,23,FR,Desktop
2025-09-10T22:43:12.000Z,/,GET,200,34,JP,Desktop
2025-09-10T22:45:38.000Z,/,GET,200,72,IN,Desktop
2025-09-10T22:46:39.000Z,/products,GET,500,48,US,Desktop
2025-09-10T22:46:51.000Z,/products,GET,200,143,GB,Desktop
2025-09-10T22:48:14.000Z,/,GET,200,59,DE,Desktop
2025-09-10T22:52:38.000Z,/,GET,200,53,IN,Desktop
2025-09-10T22:53:44.000Z,/products/:id,GET,200,103,CA,Desktop
2025-09-10T22:58:08.000Z,/products,GET,200,112,US,Desktop
2025-09-10T23:00:21.000Z,/products,GET,200,74,JP,Mobile
2025-09-10T23:08:09.000Z,/,GET,200,51,BR,Mobile
2025-09-10T23:14:40.000Z,/products,GET,200,100,JP,Mobile
2025-09-10T23:15:09.000Z,/products/:id,GET,200,16,DE,Mobile
2025-09-10T23:20:26.000Z,/,GET,200,105,IN,Mobile
2025-09-10T23:24:49.000Z,/products/:id,GET,200,67,US,Desktop
2025-09-10T23:37:03.000Z,/products/:id,GET,200,65,IN,Mobile
2025-09-10T23:50:29.000Z,/products/:id,GET,200,34,GB,Tablet
2025-09-11T00:08:18.000Z,/products,GET,200,88,CA,Desktop
2025-09-11T00:09:30.000Z,/search,GET,200,111,CA,Mobile
2025-09-11T00:11:30.000Z,/cart,GET,200,41,IN,Desktop
2025-09-11T00:17:53.000Z,/products/:id,GET,200,42,US,Mobile
2025-09-11T00:25:13.000Z,/,GET,200,44,US,Mobile
2025-09-11T00:27:16.000Z,/products,GET,200,110,IN,Mobile
2025-09-11T00:28:17.000Z,/products/:id,GET,200,19,FR,Desktop
2025-09-11T00:47:35.000Z,/search,GET,200,83,US,Tablet
2025-09-11T00:54:53.000Z,/products/:id,GET,200,57,US,Desktop
2025-09-11T01:06:36.000Z,/products/:id,GET,200,50,US,Desktop
2025-09-11T01:19:14.000Z,/,GET,200,23,US,Mobile
2025-09-11T01:25:17.000Z,/api/cart,POST,200,94,US,Tablet
2025-09-11T01:30:17.000Z,/api/cart,POST,200,76,CA,Desktop
2025-09-11T01:32:29.000Z,/api/cart,POST,200,81,US,Desktop
2025-09-11T01:44:20.000Z,/,GET,200,79,US,Desktop
2025-09-11T01:49:16.000Z,/search,GET,200,79,GB,Desktop
2025-09-11T01:55:31.000Z,/products,GET,200,48,US,Desktop
2025-09-11T01:58:12.000Z,/,GET,200,125,US,Desktop
2025-09-11T02:05:52.000Z,/products,GET,200,47,FR,Mobile
2025-09-11T02:08:55.000Z,/,GET,200,42,CA,Desktop
2025-09-11T02:09:57.000Z,/search,GET,200,78,BR,Desktop
2025-09-11T02:10:28.000Z,/,GET,200,52,US,Desktop
2025-09-11T02:14:16.000Z,/cart,GET,200,25,US,Desktop
2025-09-11T02:23:50.000Z,/products/:id,GET,200,48,BR,Desktop
2025-09-11T02:35:18.000Z,/search,GET,200,46,US,Desktop
2025-09-11T02:41:20.000Z,/api/checkout,POST,200,129,US,Mobile
2025-09-11T02:41:21.000Z,/,GET,200,33,US,Desktop
2025-09-11T02:47:05.000Z,/products,GET,200,106,GB,Tablet
2025-09-11T02:49:57.000Z,/account,GET,200,70,DE,Desktop
2025-09-11T02:53:38.000Z,/cart,GET,200,98,US,Mobile
2025-09-11T02:59:24.000Z,/api/cart,POST,200,88,GB,Mobile
2025-09-11T03:00:16.000Z,/cart,GET,200,79,IN,Mobile
2025-09-11T03:03:06.000Z,/api/cart,POST,304,79,GB,Mobile
2025-09-11T03:04:52.000Z,/,GET,200,40,GB,Mobile
2025-09-11T03:06:58.000Z,/products/:id,GET,200,32,JP,Mobile
2025-09-11T03:07:22.000Z,/,GET,200,40,US,Mobile
2025-09-11T03:07:36.000Z,/products,GET,200,71,US,Mobile
2025-09-11T03:17:32.000Z,/cart,GET,200,33,CA,Mobile
2025-09-11T03:28:57.000Z,/products,GET,200,54,DE,Mobile
2025-09-11T03:33:15.000Z,/account,GET,200,94,CA,Mobile
2025-09-11T03:37:10.000Z,/,GET,200,21,US,Desktop
2025-09-11T03:41:26.000Z,/products,GET,200,36,IN,Mobile
2025-09-11T03:42:27.000Z,/products,GET,200,114,US,Mobile
2025-09-11T03:50:51.000Z,/api/checkout,POST,200,695,GB,Desktop
2025-09-11T03:52:09.000Z,/products,GET,404,32,FR,Desktop
2025-09-11T04:00:32.000Z,/products,GET,200,113,US,Desktop
2025-09-11T04:02:40.000Z,/products/:id,GET,200,47,GB,Mobile
2025-09-11T04:04:19.000Z,/api/checkout,POST,200,154,US,Mobile
2025-09-11T04:05:39.000Z,/products,GET,200,117,IN,Mobile
2025-09-11T04:11:09.000Z,/products,GET,200,67,IN,Mobile
2025-09-11T04:11:55.000Z,/products/:id,GET,200,32,IN,Mobile
2025-09-11T04:13:25.000Z,/cart,GET,200,96,BR,Desktop
2025-09-11T04:17:21.000Z,/products/:id,GET,200,51,DE,Desktop
2025-09-11T04:20:32.000Z,/,GET,304,25,JP,Desktop
2025-09-11T04:25:53.000Z,/products,GET,200,39,IN,Desktop
2025-09-11T04:28:50.000Z,/api/cart,POST,200,76,GB,Desktop
2025-09-11T04:33:18.000Z,/products/:id,GET,200,37,US,Mobile
2025-09-11T04:33:25.000Z,/api/checkout,POST,200,224,GB,Mobile
2025-09-11T04:42:05.000Z,/account,GET,200,59,DE,Mobile
2025-09-11T04:54:10.000Z,/api/checkout,POST,200,106,JP,Desktop
2025-09-11T04:55:02.000Z,/search,GET,200,156,US,Desktop
2025-09-11T04:57:03.000Z,/products,GET,200,108,CA,Mobile
2025-09-11T04:57:19.000Z,/,GET,200,62,US,Mobile
2025-09-11T05:02:35.000Z,/cart,GET,200,45,US,Mobile
2025-09-11T05:06:50.000Z,/account,GET,200,71,BR,Desktop
2025-09-11T05:12:07.000Z,/api/cart,POST,200,66,FR,Mobile
2025-09-11T05:15:31.000Z,/,GET,200,67,JP,Mobile
2025-09-11T05:20:35.000Z,/products/:id,GET,200,41,GB,Mobile
2025-09-11T05:22:33.000Z,/products,GET,200,194,CA,Desktop
2025-09-11T05:23:08.000Z,/account,GET,200,75,US,Mobile
2025-09-11T05:23:11.000Z,/api/checkout,POST,200,256,IN,Desktop
2025-09-11T05:27:05.000Z,/cart,GET,304,50,IN,Mobile
2025-09-11T05:32:24.000Z,/search,GET,200,83,US,Desktop
2025-09-11T05:41:00.000Z,/api/cart,POST,200,120,GB,Mobile
2025-09-11T05:48:30.000Z,/products,GET,200,104,US,Desktop
2025-09-11T05:48:31.000Z,/,GET,200,53,FR,Desktop
2025-09-11T05:48:41.000Z,/,GET,200,37,US,Desktop
2025-09-11T05:52:01.000Z,/products,GET,200,97,IN,Mobile
2025-09-11T05:56:13.000Z,/api/cart,POST,200,384,CA,Mobile
2025-09-11T05:56:47.000Z,/cart,GET,200,60,JP,Desktop
2025-09-11T06:09:14.000Z,/,GET,200,84,DE,Desktop
2025-09-11T06:20:31.000Z,/products,GET,200,31,BR,Desktop
2025-09-11T06:21:49.000Z,/cart,GET,200,28,BR,Desktop
2025-09-11T06:23:03.000Z,/cart,GET,200,52,BR,Desktop
2025-09-11T06:27:48.000Z,/search,GET,200,137,CA,Mobile
2025-09-11T06:29:35.000Z,/products,GET,200,84,JP,Mobile
2025-09-11T06:29:42.000Z,/api/cart,POST,200,69,GB,Desktop
2025-09-11T06:30:49.000Z,/,GET,200,83,CA,Mobile
2025-09-11T06:33:09.000Z,/cart,GET,200,82,BR,Desktop
2025-09-11T06:35:10.000Z,/api/cart,POST,200,76,CA,Desktop
2025-09-11T06:35:54.000Z,/search,GET,200,211,US,Mobile
2025-09-11T06:39:22.000Z,/,GET,200,41,DE,Mobile
2025-09-11T06:45:42.000Z,/products,GET,200,40,IN,Desktop
2025-09-11T06:49:55.000Z,/,GET,200,27,US,Desktop
2025-09-11T06:50:47.000Z,/,GET,304,40,CA,Mobile
2025-09-11T06:54:41.000Z,/,GET,200,56,JP,Desktop
2025-09-11T06:57:07.000Z,/products,GET,200,131,GB,Mobile
2025-09-11T06:59:04.000Z,/,GET,200,89,DE,Mobile
2025-09-11T07:00:55.000Z,/products,GET,200,51,US,Mobile
2025-09-11T07:04:11.000Z,/cart,GET,200,37,BR,Desktop
2025-09-11T07:08:45.000Z,/,GET,200,39,US,Mobile
2025-09-11T07:13:58.000Z,/products/:id,GET,200,41,GB,Mobile
2025-09-11T07:14:39.000Z,/cart,GET,200,28,US,Desktop
2025-09-11T07:21:56.000Z,/api/checkout,POST,401,173,US,Mobile
2025-09-11T07:28:45.000Z,/products/:id,GET,200,43,US,Tablet
2025-09-11T07:29:24.000Z,/api/cart,POST,200,102,US,Mobile
2025-09-11T07:30:12.000Z,/cart,GET,200,30,DE,Mobile
2025-09-11T07:31:52.000Z,/cart,GET,200,58,DE,Mobile
2025-09-11T07:33:56.000Z,/cart,GET,200,88,US,Mobile
2025-09-11T07:36:05.000Z,/cart,GET,200,51,BR,Desktop
2025-09-11T07:39:35.000Z,/search,GET,200,168,JP,Mobile
2025-09-11T07:40:48.000Z,/api/checkout,POST,200,164,GB,Desktop
2025-09-11T07:43:28.000Z,/products/:id,GET,200,34,GB,Desktop
2025-09-11T07:43:41.000Z,/products,GET,200,42,GB,Tablet
2025-09-11T07:45:26.000Z,/,GET,200,56,GB,Desktop
2025-09-11T07:48:02.000Z,/search,GET,304,181,IN,Mobile
2025-09-11T07:50:51.000Z,/products,GET,200,76,US,Desktop
2025-09-11T07:51:00.000Z,/search,GET,200,176,IN,Mobile
2025-09-11T07:51:55.000Z,/products/:id,GET,200,69,US,Tablet
2025-09-11T07:54:41.000Z,/products,GET,200,105,US,Mobile
2025-09-11T07:56:58.000Z,/cart,GET,200,64,IN,Desktop
2025-09-11T07:57:10.000Z,/api/checkout,POST,200,408,GB,Desktop
2025-09-11T07:57:15.000Z,/products,GET,200,76,BR,Mobile
2025-09-11T07:58:29.000Z,/products,GET,200,65,GB,Desktop
2025-09-11T08:01:27.000Z,/products/:id,GET,200,36,IN,Desktop
2025-09-11T08:04:26.000Z,/cart,GET,200,75,IN,Desktop
2025-09-11T08:06:46.000Z,/products,GET,200,47,CA,Desktop
2025-09-11T08:10:24.000Z,/,GET,200,28,CA,Desktop
2025-09-11T08:16:35.000Z,/account,GET,200,62,JP,Mobile
2025-09-11T08:18:10.000Z,/,GET,404,23,DE,Mobile
2025-09-11T08:19:02.000Z,/cart,GET,200,73,FR,Desktop
2025-09-11T08:22:10.000Z,/api/checkout,POST,200,86,CA,Mobile
2025-09-11T08:25:12.000Z,/products,GET,200,86,US,Desktop
2025-09-11T08:27:45.000Z,/cart,GET,200,45,BR,Mobile
2025-09-11T08:29:42.000Z,/search,GET,200,182,US,Desktop
2025-09-11T08:30:06.000Z,/products,GET,200,121,CA,Mobile
2025-09-11T08:32:33.000Z,/products,GET,200,180,IN,Mobile
2025-09-11T08:36:57.000Z,/api/cart,POST,200,82,GB,Tablet
2025-09-11T08:37:01.000Z,/api/checkout,POST,200,248,FR,Mobile
2025-09-11T08:37:30.000Z,/api/cart,POST,200,112,BR,Desktop
2025-09-11T08:38:06.000Z,/products,GET,404,59,US,Desktop
2025-09-11T08:39:59.000Z,/api/checkout,POST,200,258,US,Mobile
2025-09-11T08:46:10.000Z,/,GET,200,32,US,Desktop
2025-09-11T08:46:35.000Z,/cart,GET,200,44,US,Desktop
2025-09-11T08:46:53.000Z,/cart,GET,200,51,FR,Desktop
2025-09-11T08:46:57.000Z,/products/:id,GET,200,152,IN,Mobile
2025-09-11T08:48:50.000Z,/products/:id,GET,200,68,DE,Desktop
2025-09-11T08:51:25.000Z,/,GET,200,72,US,Desktop
2025-09-11T08:51:29.000Z,/account,GET,200,43,JP,Mobile
2025-09-11T08:52:40.000Z,/products,GET,200,84,IN,Mobile
2025-09-11T08:54:49.000Z,/,GET,404,36,JP,Mobile
2025-09-11T08:56:55.000Z,/products,GET,200,79,DE,Tablet
2025-09-11T08:58:09.000Z,/api/cart,POST,200,47,BR,Mobile
2025-09-11T09:01:53.000Z,/products,GET,200,126,FR,Desktop
2025-09-11T09:04:55.000Z,/products,GET,200,23,DE,Desktop
2025-09-11T09:05:06.000Z,/products,GET,200,102,GB,Mobile
2025-09-11T09:10:38.000Z,/,GET,200,31,US,Desktop
2025-09-11T09:13:18.000Z,/cart,GET,200,70,BR,Mobile
2025-09-11T09:15:00.000Z,/products/:id,GET,200,33,IN,Mobile
2025-09-11T09:20:42.000Z,/products,GET,200,98,GB,Desktop
2025-09-11T09:21:46.000Z,/search,GET,404,286,IN,Mobile
2025-09-11T09:24:02.000Z,/products,GET,200,76,BR,Mobile
2025-09-11T09:26:38.000Z,/account,GET,200,131,US,Desktop
2025-09-11T09:26:41.000Z,/api/cart,POST,404,101,FR,Mobile
2025-09-11T09:28:38.000Z,/account,GET,200,66,US,Mobile
2025-09-11T09:28:58.000Z,/api/cart,POST,200,82,IN,Mobile
2025-09-11T09:37:50.000Z,/search,GET,200,86,JP,Desktop
2025-09-11T09:41:23.000Z,/,GET,200,62,CA,Tablet
2025-09-11T09:47:27.000Z,/api/cart,POST,401,60,GB,Desktop
2025-09-11T09:49:36.000Z,/,GET,200,41,BR,Mobile
2025-09-11T09:50:06.000Z,/products,GET,200,71,DE,Desktop
2025-09-11T09:52:42.000Z,/products/:id,GET,200,146,US,Tablet
2025-09-11T09:55:12.000Z,/search,GET,200,130,US,Mobile
2025-09-11T09:56:08.000Z,/products,GET,200,48,FR,Desktop
2025-09-11T09:57:29.000Z,/products,GET,200,49,GB,Desktop
2025-09-11T09:57:56.000Z,/search,GET,200,264,BR,Desktop
2025-09-11T09:59:07.000Z,/,GET,200,48,US,Desktop
2025-09-11T09:59:32.000Z,/,GET,200,46,US,Mobile
2025-09-11T10:00:34.000Z,/products,GET,200,178,US,Desktop
2025-09-11T10:07:17.000Z,/search,GET,200,57,CA,Mobile
2025-09-11T10:07:39.000Z,/api/cart,POST,200,70,JP,Desktop
2025-09-11T10:13:02.000Z,/cart,GET,200,63,US,Mobile
2025-09-11T10:14:30.000Z,/,GET,401,25,CA,Desktop
2025-09-11T10:15:41.000Z,/products,GET,200,54,JP,Mobile
2025-09-11T10:15:41.000Z,/api/cart,POST,200,144,US,Desktop
2025-09-11T10:17:52.000Z,/account,GET,200,62,BR,Mobile
2025-09-11T10:18:30.000Z,/products,GET,200,60,US,Desktop
2025-09-11T10:20:32.000Z,/,GET,200,35,GB,Mobile
2025-09-11T10:20:46.000Z,/cart,GET,200,42,CA,Desktop
2025-09-11T10:23:36.000Z,/search,GET,200,187,US,Desktop
2025-09-11T10:25:33.000Z,/search,GET,200,116,US,Desktop
2025-09-11T10:26:32.000Z,/account,GET,200,128,US,Desktop
2025-09-11T10:27:42.000Z,/products,GET,200,280,US,Desktop
2025-09-11T10:30:52.000Z,/,GET,200,77,US,Desktop
2025-09-11T10:34:00.000Z,/api/checkout,POST,200,337,US,Mobile
2025-09-11T10:37:58.000Z,/products/:id,GET,200,89,FR,Mobile
2025-09-11T10:39:51.000Z,/cart,GET,200,29,JP,Tablet
2025-09-11T10:40:50.000Z,/api/cart,POST,200,114,JP,Tablet
2025-09-11T10:43:18.000Z,/products,GET,200,184,US,Desktop
2025-09-11T10:43:25.000Z,/,GET,200,38,DE,Desktop
2025-09-11T10:43:44.000Z,/products,GET,200,37,FR,Desktop
2025-09-11T10:46:44.000Z,/products/:id,GET,200,75,GB,Tablet
2025-09-11T10:46:55.000Z,/search,GET,404,146,IN,Mobile
2025-09-11T10:50:20.000Z,/products,GET,200,113,GB,Desktop
2025-09-11T10:50:40.000Z,/products/:id,GET,200,48,IN,Mobile
2025-09-11T10:52:14.000Z,/,GET,200,61,GB,Desktop
2025-09-11T10:52:37.000Z,/search,GET,200,343,CA,Mobile
2025-09-11T10:54:25.000Z,/products/:id,GET,200,60,US,Desktop
2025-09-11T10:55:48.000Z,/cart,GET,200,69,US,Desktop
2025-09-11T10:56:04.000Z,/products/:id,GET,500,57,US,Desktop
2025-09-11T10:58:14.000Z,/,GET,200,37,JP,Mobile
2025-09-11T11:03:30.000Z,/api/cart,POST,200,82,CA,Desktop
2025-09-11T11:03:37.000Z,/,GET,200,30,US,Desktop
2025-09-11T11:05:54.000Z,/,GET,200,29,DE,Mobile
2025-09-11T11:09:04.000Z,/products/:id,GET,200,121,US,Desktop
2025-09-11T11:10:50.000Z,/products,GET,200,58,US,Tablet
2025-09-11T11:12:35.000Z,/account,GET,200,43,DE,Desktop
2025-09-11T11:14:48.000Z,/search,GET,200,75,US,Mobile
2025-09-11T11:17:39.000Z,/cart,GET,200,120,BR,Desktop
2025-09-11T11:18:20.000Z,/cart,GET,200,54,FR,Desktop
2025-09-11T11:18:31.000Z,/products/:id,GET,200,69,BR,Desktop
2025-09-11T11:25:08.000Z,/api/checkout,POST,200,180,DE,Mobile
2025-09-11T11:27:37.000Z,/products,GET,200,179,DE,Desktop
2025-09-11T11:27:53.000Z,/,GET,200,44,DE,Desktop
2025-09-11T11:29:52.000Z,/api/checkout,POST,200,146,BR,Mobile
2025-09-11T11:33:48.000Z,/products,GET,200,84,US,Mobile
2025-09-11T11:39:48.000Z,/search,GET,200,257,BR,Desktop
2025-09-11T11:41:42.000Z,/cart,GET,200,18,US,Mobile
2025-09-11T11:46:16.000Z,/products/:id,GET,200,80,US,Desktop
2025-09-11T11:46:29.000Z,/,GET,200,32,FR,Mobile
2025-09-11T11:47:21.000Z,/products,GET,200,73,FR,Mobile
2025-09-11T11:47:58.000Z,/products,GET,200,48,DE,Desktop
2025-09-11T11:52:18.000Z,/,GET,200,73,FR,Desktop
2025-09-11T11:53:48.000Z,/api/checkout,POST,200,202,DE,Mobile
2025-09-11T11:54:38.000Z,/products/:id,GET,200,95,DE,Desktop
2025-09-11T11:55:38.000Z,/products,GET,200,107,GB,Mobile
2025-09-11T11:55:38.000Z,/,GET,200,34,GB,Desktop
2025-09-11T11:55:48.000Z,/,GET,200,72,IN,Desktop
2025-09-11T11:57:38.000Z,/search,GET,200,133,DE,Desktop
2025-09-11T12:00:21.000Z,/cart,GET,200,60,US,Desktop
2025-09-11T12:05:29.000Z,/products,GET,200,25,CA,Mobile
2025-09-11T12:05:34.000Z,/products/:id,GET,200,32,GB,Desktop
2025-09-11T12:08:11.000Z,/account,GET,200,92,FR,Mobile
2025-09-11T12:12:51.000Z,/,GET,200,45,JP,Desktop
2025-09-11T12:15:32.000Z,/cart,GET,200,62,US,Mobile
2025-09-11T12:15:57.000Z,/search,GET,200,113,US,Mobile
2025-09-11T12:19:24.000Z,/,GET,200,73,JP,Mobile
2025-09-11T12:29:04.000Z,/,GET,200,44,US,Desktop
2025-09-11T12:31:05.000Z,/api/checkout,POST,200,237,CA,Desktop
2025-09-11T12:31:07.000Z,/products,GET,200,66,US,Desktop
2025-09-11T12:32:03.000Z,/api/cart,POST,200,82,US,Desktop
2025-09-11T12:32:12.000Z,/products/:id,GET,200,31,GB,Desktop
2025-09-11T12:38:01.000Z,/search,GET,200,147,US,Desktop
2025-09-11T12:40:29.000Z,/search,GET,304,194,US,Desktop
2025-09-11T12:41:45.000Z,/products/:id,GET,200,54,US,Tablet
2025-09-11T12:44:23.000Z,/,GET,200,37,US,Mobile
2025-09-11T12:44:30.000Z,/products,GET,200,53,CA,Mobile
2025-09-11T12:44:49.000Z,/products/:id,GET,200,30,IN,Mobile
2025-09-11T12:47:48.000Z,/search,GET,200,81,IN,Mobile
2025-09-11T12:48:28.000Z,/search,GET,200,109,DE,Desktop
2025-09-11T12:49:22.000Z,/products,GET,200,83,GB,Mobile
2025-09-11T12:51:10.000Z,/products/:id,GET,200,64,FR,Mobile
2025-09-11T12:51:46.000Z,/products/:id,GET,200,76,US,Desktop
2025-09-11T12:51:47.000Z,/,GET,200,94,US,Mobile
2025-09-11T12:52:43.000Z,/search,GET,200,86,JP,Tablet
2025-09-11T12:53:05.000Z,/products/:id,GET,200,80,DE,Desktop
2025-09-11T12:53:25.000Z,/account,GET,200,58,JP,Tablet
2025-09-11T12:54:26.000Z,/search,GET,200,244,US,Mobile
2025-09-11T12:56:08.000Z,/api/cart,POST,200,48,US,Mobile
2025-09-11T12:56:10.000Z,/search,GET,200,63,DE,Desktop
2025-09-11T12:58:29.000Z,/,GET,404,62,FR,Desktop
2025-09-11T12:59:35.000Z,/search,GET,200,152,GB,Mobile
2025-09-11T13:00:57.000Z,/api/cart,POST,200,129,US,Desktop
2025-09-11T13:01:11.000Z,/,GET,200,25,JP,Desktop
2025-09-11T13:03:38.000Z,/search,GET,200,201,IN,Desktop
2025-09-11T13:06:26.000Z,/,GET,200,49,US,Desktop
2025-09-11T13:10:13.000Z,/products/:id,GET,200,40,US,Mobile
2025-09-11T13:11:03.000Z,/search,GET,200,207,US,Tablet
2025-09-11T13:13:23.000Z,/api/checkout,POST,200,247,US,Desktop
2025-09-11T13:13:47.000Z,/products,GET,200,64,US,Mobile
2025-09-11T13:15:02.000Z,/,GET,200,19,CA,Desktop
2025-09-11T13:16:01.000Z,/,GET,200,57,GB,Desktop
2025-09-11T13:20:41.000Z,/products/:id,GET,200,48,IN,Desktop
2025-09-11T13:21:33.000Z,/api/cart,POST,200,89,US,Mobile
2025-09-11T13:23:35.000Z,/cart,GET,200,30,US,Mobile
2025-09-11T13:27:35.000Z,/api/checkout,POST,200,313,US,Mobile
2025-09-11T13:29:19.000Z,/products,GET,200,62,GB,Mobile
2025-09-11T13:30:22.000Z,/products,GET,200,170,US,Tablet
2025-09-11T13:33:07.000Z,/products/:id,GET,200,89,JP,Desktop
2025-09-11T13:34:39.000Z,/products,GET,200,38,US,Desktop
2025-09-11T13:34:44.000Z,/cart,GET,200,30,US,Desktop
2025-09-11T13:36:44.000Z,/account,GET,200,105,GB,Desktop
2025-09-11T13:38:10.000Z,/products/:id,GET,200,153,IN,Desktop
2025-09-11T13:42:36.000Z,/search,GET,200,250,US,Desktop
2025-09-11T13:44:30.000Z,/products,GET,200,90,FR,Desktop
2025-09-11T13:46:14.000Z,/search,GET,200,261,GB,Desktop
2025-09-11T13:46:45.000Z,/api/cart,POST,200,55,US,Desktop
2025-09-11T13:47:56.000Z,/cart,GET,200,133,DE,Desktop
2025-09-11T13:54:00.000Z,/cart,GET,200,40,CA,Desktop
2025-09-11T13:54:41.000Z,/cart,GET,200,47,US,Mobile
2025-09-11T13:54:55.000Z,/,GET,200,84,US,Mobile
2025-09-11T13:57:32.000Z,/products/:id,GET,200,71,CA,Desktop
2025-09-11T13:59:34.000Z,/products/:id,GET,200,38,US,Desktop
2025-09-11T14:01:36.000Z,/products,GET,200,57,FR,Mobile
2025-09-11T14:02:44.000Z,/,GET,200,55,US,Mobile
2025-09-11T14:04:07.000Z,/cart,GET,200,50,JP,Mobile
2025-09-11T14:08:03.000Z,/products/:id,GET,200,45,FR,Mobile
2025-09-11T14:10:54.000Z,/search,GET,200,154,IN,Mobile
2025-09-11T14:12:48.000Z,/,GET,200,56,CA,Desktop
2025-09-11T14:13:08.000Z,/,GET,404,38,DE,Mobile
2025-09-11T14:15:16.000Z,/api/checkout,POST,200,303,GB,Desktop
2025-09-11T14:18:44.000Z,/,GET,200,43,US,Mobile
2025-09-11T14:20:46.000Z,/products,GET,200,76,US,Mobile
2025-09-11T14:21:39.000Z,/,GET,404,26,DE,Desktop
2025-09-11T14:24:54.000Z,/,GET,200,74,DE,Mobile
2025-09-11T14:25:52.000Z,/products/:id,GET,200,53,CA,Desktop
2025-09-11T14:27:29.000Z,/products,GET,200,109,FR,Desktop
2025-09-11T14:29:21.000Z,/account,GET,200,61,BR,Mobile
2025-09-11T14:33:22.000Z,/products/:id,GET,200,96,JP,Desktop
2025-09-11T14:34:26.000Z,/products,GET,200,66,US,Mobile
2025-09-11T14:37:10.000Z,/products,GET,200,60,IN,Desktop
2025-09-11T14:47:19.000Z,/,GET,200,20,GB,Mobile
2025-09-11T14:48:30.000Z,/products/:id,GET,200,41,US,Desktop
2025-09-11T14:51:53.000Z,/products/:id,GET,401,39,US,Mobile
2025-09-11T14:55:45.000Z,/,GET,200,65,FR,Desktop
2025-09-11T14:56:32.000Z,/cart,GET,200,62,US,Mobile
2025-09-11T14:57:46.000Z,/products/:id,GET,200,37,US,Mobile
2025-09-11T15:00:04.000Z,/,GET,304,74,US,Mobile
2025-09-11T15:01:36.000Z,/,GET,200,30,US,Tablet
2025-09-11T15:02:19.000Z,/products,GET,200,53,DE,Desktop
2025-09-11T15:03:41.000Z,/products,GET,200,82,US,Mobile
2025-09-11T15:12:03.000Z,/cart,GET,200,42,US,Mobile
2025-09-11T15:12:54.000Z,/products,GET,200,111,IN,Mobile
2025-09-11T15:13:39.000Z,/cart,GET,200,78,US,Mobile
2025-09-11T15:13:51.000Z,/products,GET,200,120,CA,Mobile
2025-09-11T15:14:16.000Z,/products,GET,200,91,JP,Desktop
2025-09-11T15:15:26.000Z,/api/cart,POST,200,146,US,Mobile
2025-09-11T15:15:42.000Z,/api/checkout,POST,200,177,JP,Desktop
2025-09-11T15:16:34.000Z,/products,GET,200,47,DE,Mobile
2025-09-11T15:17:27.000Z,/api/cart,POST,200,96,DE,Tablet
2025-09-11T15:26:48.000Z,/search,GET,304,125,US,Desktop
2025-09-11T15:30:19.000Z,/cart,GET,200,64,US,Desktop
2025-09-11T15:31:49.000Z,/api/checkout,POST,200,456,BR,Mobile
2025-09-11T15:33:21.000Z,/products/:id,GET,200,40,BR,Desktop
2025-09-11T15:40:13.000Z,/products/:id,GET,200,104,US,Desktop
2025-09-11T15:42:34.000Z,/search,GET,304,187,US,Tablet
2025-09-11T15:44:33.000Z,/products/:id,GET,200,58,CA,Desktop
2025-09-11T15:48:34.000Z,/products,GET,200,66,DE,Mobile
2025-09-11T15:49:47.000Z,/search,GET,200,119,US,Mobile
2025-09-11T15:50:54.000Z,/,GET,200,56,IN,Mobile
2025-09-11T15:52:20.000Z,/api/cart,POST,200,99,BR,Mobile
2025-09-11T15:54:25.000Z,/products,GET,200,82,US,Desktop
2025-09-11T15:57:47.000Z,/products,GET,200,105,US,Desktop
2025-09-11T16:00:27.000Z,/products/:id,GET,200,47,US,Tablet
2025-09-11T16:00:42.000Z,/,GET,200,38,CA,Tablet
2025-09-11T16:00:58.000Z,/products,GET,304,45,FR,Mobile
2025-09-11T16:01:22.000Z,/products/:id,GET,200,88,IN,Desktop
2025-09-11T16:11:01.000Z,/api/cart,POST,200,56,US,Desktop
2025-09-11T16:12:29.000Z,/account,GET,304,50,US,Desktop
2025-09-11T16:14:06.000Z,/products/:id,GET,200,99,CA,Mobile
2025-09-11T16:23:16.000Z,/products/:id,GET,200,51,BR,Desktop
2025-09-11T16:25:09.000Z,/products/:id,GET,304,101,US,Desktop
2025-09-11T16:30:11.000Z,/products,GET,200,93,IN,Desktop
2025-09-11T16:32:04.000Z,/products,GET,200,115,DE,Desktop
2025-09-11T16:33:20.000Z,/api/checkout,POST,200,216,CA,Desktop
2025-09-11T16:42:15.000Z,/products,GET,200,60,JP,Desktop
2025-09-11T16:44:36.000Z,/account,GET,200,64,CA,Desktop
2025-09-11T16:44:41.000Z,/,GET,200,42,GB,Desktop
2025-09-11T16:50:17.000Z,/products,GET,200,77,GB,Mobile
2025-09-11T16:56:07.000Z,/account,GET,200,86,CA,Mobile
2025-09-11T16:57:13.000Z,/api/cart,POST,200,61,GB,Desktop
2025-09-11T16:57:50.000Z,/,GET,200,70,DE,Desktop
2025-09-11T16:59:33.000Z,/,GET,304,50,JP,Desktop
2025-09-11T17:04:43.000Z,/products/:id,GET,200,72,US,Mobile
2025-09-11T17:05:20.000Z,/,GET,200,21,US,Tablet
2025-09-11T17:13:47.000Z,/api/checkout,POST,200,196,FR,Mobile
2025-09-11T17:15:03.000Z,/products/:id,GET,200,79,CA,Desktop
2025-09-11T17:20:24.000Z,/products,GET,200,64,US,Mobile
2025-09-11T17:20:52.000Z,/,GET,200,46,GB,Mobile
2025-09-11T17:24:50.000Z,/products,GET,200,36,BR,Mobile
2025-09-11T17:25:06.000Z,/cart,GET,200,62,DE,Mobile
2025-09-11T17:26:10.000Z,/products,GET,200,103,US,Mobile
2025-09-11T17:28:12.000Z,/,GET,200,33,IN,Mobile
2025-09-11T17:28:33.000Z,/products,GET,200,75,US,Tablet
2025-09-11T17:29:18.000Z,/api/cart,POST,200,121,CA,Desktop
2025-09-11T17:30:17.000Z,/search,GET,404,53,US,Mobile
2025-09-11T17:32:48.000Z,/search,GET,200,109,GB,Desktop
2025-09-11T17:33:44.000Z,/products,GET,200,183,DE,Desktop
2025-09-11T17:34:28.000Z,/products/:id,GET,404,12,JP,Desktop
2025-09-11T17:39:59.000Z,/cart,GET,200,40,CA,Mobile
2025-09-11T17:40:20.000Z,/search,GET,200,177,JP,Tablet
2025-09-11T17:40:57.000Z,/,GET,200,64,JP,Desktop
2025-09-11T17:42:05.000Z,/api/checkout,POST,200,187,BR,Mobile
2025-09-11T17:50:25.000Z,/api/checkout,POST,200,249,US,Desktop
2025-09-11T17:52:03.000Z,/account,GET,200,83,US,Tablet
2025-09-11T17:54:29.000Z,/products,GET,304,74,IN,Desktop
2025-09-11T17:57:17.000Z,/products,GET,200,143,US,Desktop
2025-09-11T17:59:55.000Z,/search,GET,200,263,US,Mobile
2025-09-11T18:06:56.000Z,/products,GET,200,63,DE,Mobile
2025-09-11T18:08:24.000Z,/cart,GET,200,96,US,Desktop
2025-09-11T18:08:54.000Z,/,GET,200,50,US,Desktop
2025-09-11T18:10:15.000Z,/account,GET,200,51,US,Mobile
2025-09-11T18:12:23.000Z,/cart,GET,200,63,US,Mobile
2025-09-11T18:13:29.000Z,/,GET,200,41,DE,Mobile
2025-09-11T18:16:06.000Z,/search,GET,200,40,US,Desktop
2025-09-11T18:16:59.000Z,/,GET,200,20,US,Mobile
2025-09-11T18:19:44.000Z,/,GET,200,24,JP,Desktop
2025-09-11T18:27:56.000Z,/search,GET,404,145,JP,Desktop
2025-09-11T18:30:00.000Z,/api/cart,POST,200,112,DE,Mobile
2025-09-11T18:37:02.000Z,/products/:id,GET,200,73,GB,Mobile
2025-09-11T18:37:17.000Z,/products/:id,GET,200,43,IN,Desktop
2025-09-11T18:45:08.000Z,/cart,GET,200,49,JP,Desktop
2025-09-11T18:46:13.000Z,/products/:id,GET,200,71,JP,Mobile
2025-09-11T18:48:39.000Z,/products,GET,200,156,US,Mobile
2025-09-11T18:51:18.000Z,/products/:id,GET,200,48,BR,Mobile
2025-09-11T19:04:29.000Z,/,GET,200,46,US,Desktop
2025-09-11T19:06:14.000Z,/products,GET,200,45,US,Mobile
2025-09-11T19:07:36.000Z,/products/:id,GET,200,159,CA,Mobile
2025-09-11T19:09:04.000Z,/products,GET,200,105,IN,Mobile
2025-09-11T19:12:14.000Z,/products/:id,GET,200,90,BR,Desktop
2025-09-11T19:13:09.000Z,/,GET,200,30,IN,Mobile
2025-09-11T19:15:14.000Z,/search,GET,200,184,US,Mobile
2025-09-11T19:16:22.000Z,/products/:id,GET,200,53,DE,Mobile
2025-09-11T19:20:07.000Z,/products,GET,200,109,DE,Mobile
2025-09-11T19:20:19.000Z,/api/checkout,POST,200,144,IN,Desktop
2025-09-11T19:23:36.000Z,/cart,GET,200,59,GB,Desktop
2025-09-11T19:29:48.000Z,/products/:id,GET,200,79,CA,Tablet
2025-09-11T19:34:40.000Z,/products/:id,GET,200,28,FR,Mobile
2025-09-11T19:35:14.000Z,/products/:id,GET,200,36,US,Desktop
2025-09-11T19:41:56.000Z,/api/cart,POST,200,161,IN,Desktop
2025-09-11T19:50:10.000Z,/products/:id,GET,200,60,DE,Mobile
2025-09-11T19:51:58.000Z,/products/:id,GET,200,52,FR,Mobile
2025-09-11T19:57:08.000Z,/products/:id,GET,200,99,US,Desktop
2025-09-11T19:58:05.000Z,/,GET,200,86,GB,Desktop
2025-09-11T19:58:48.000Z,/products,GET,200,85,JP,Desktop
2025-09-11T20:09:53.000Z,/products/:id,GET,200,31,FR,Mobile
2025-09-11T20:11:50.000Z,/,GET,200,37,CA,Desktop
2025-09-11T20:12:44.000Z,/products,GET,200,61,US,Desktop
2025-09-11T20:15:09.000Z,/search,GET,200,69,US,Desktop
2025-09-11T20:28:02.000Z,/products/:id,GET,200,119,JP,Desktop
2025-09-11T20:28:40.000Z,/,GET,200,42,IN,Mobile
2025-09-11T20:36:23.000Z,/api/cart,POST,200,67,FR,Mobile
2025-09-11T20:45:40.000Z,/products,GET,200,38,US,Desktop
2025-09-11T20:47:11.000Z,/cart,GET,200,41,JP,Mobile
2025-09-11T20:48:35.000Z,/search,GET,200,219,JP,Mobile
2025-09-11T20:48:50.000Z,/products/:id,GET,200,71,CA,Desktop
2025-09-11T20:51:44.000Z,/search,GET,200,245,US,Mobile
2025-09-11T20:59:10.000Z,/products/:id,GET,200,48,FR,Mobile
2025-09-11T21:08:06.000Z,/search,GET,200,74,BR,Mobile
2025-09-11T21:21:15.000Z,/api/checkout,POST,200,175,DE,Mobile
2025-09-11T21:27:18.000Z,/search,GET,200,127,US,Mobile
2025-09-11T21:27:24.000Z,/api/cart,POST,200,124,DE,Desktop
2025-09-11T21:34:24.000Z,/api/checkout,POST,200,367,IN,Mobile
2025-09-11T21:40:42.000Z,/search,GET,200,132,GB,Mobile
2025-09-11T21:43:41.000Z,/products,GET,200,57,JP,Mobile
2025-09-11T21:46:39.000Z,/products/:id,GET,200,83,CA,Tablet
2025-09-11T21:49:41.000Z,/,GET,200,61,DE,Desktop
2025-09-11T21:51:25.000Z,/,GET,200,41,US,Desktop
2025-09-11T21:57:58.000Z,/,GET,200,57,IN,Desktop
2025-09-11T22:00:09.000Z,/api/cart,POST,200,117,US,Desktop
2025-09-11T22:04:05.000Z,/account,GET,200,44,IN,Mobile
2025-09-11T22:04:46.000Z,/,GET,200,25,FR,Mobile
2025-09-11T22:07:28.000Z,/,GET,200,41,JP,Desktop
2025-09-11T22:08:27.000Z,/products,GET,200,89,US,Desktop
2025-09-11T22:08:45.000Z,/api/cart,POST,200,213,DE,Desktop
2025-09-11T22:13:56.000Z,/products/:id,GET,200,43,DE,Desktop
2025-09-11T22:17:58.000Z,/api/cart,POST,200,73,US,Mobile
2025-09-11T22:22:52.000Z,/search,GET,200,146,IN,Mobile
2025-09-11T22:24:29.000Z,/cart,GET,200,44,IN,Mobile
2025-09-11T22:30:34.000Z,/products/:id,GET,200,95,DE,Mobile
2025-09-11T22:36:13.000Z,/products,GET,200,141,US,Desktop
2025-09-11T22:38:59.000Z,/,GET,200,22,GB,Mobile
2025-09-11T22:45:33.000Z,/,GET,304,37,CA,Desktop
2025-09-11T22:45:42.000Z,/products,GET,200,68,IN,Mobile
2025-09-11T22:48:32.000Z,/api/cart,POST,200,59,IN,Mobile
2025-09-11T22:49:44.000Z,/api/cart,POST,200,166,DE,Desktop
2025-09-11T22:58:09.000Z,/cart,GET,200,62,US,Desktop
2025-09-11T23:07:24.000Z,/,GET,200,20,FR,Mobile
2025-09-11T23:09:05.000Z,/,GET,200,37,FR,Desktop
2025-09-11T23:10:09.000Z,/api/checkout,POST,200,255,IN,Desktop
2025-09-11T23:16:34.000Z,/,GET,200,40,DE,Desktop
2025-09-11T23:29:59.000Z,/,GET,200,59,US,Desktop
2025-09-11T23:31:03.000Z,/,GET,200,29,GB,Mobile
2025-09-11T23:40:06.000Z,/account,GET,200,52,CA,Mobile
2025-09-11T23:41:31.000Z,/products/:id,GET,200,48,CA,Mobile
2025-09-11T23:44:35.000Z,/,GET,200,60,US,Tablet
2025-09-11T23:46:41.000Z,/products,GET,200,53,CA,Mobile
2025-09-11T23:46:45.000Z,/,GET,200,113,DE,Mobile
2025-09-11T23:47:19.000Z,/account,GET,200,134,GB,Mobile
2025-09-11T23:56:29.000Z,/search,GET,200,98,JP,Mobile
2025-09-11T23:57:59.000Z,/api/checkout,POST,200,152,GB,Desktop
2025-09-12T00:03:22.000Z,/account,GET,200,135,US,Desktop
2025-09-12T00:03:37.000Z,/search,GET,200,113,US,Desktop
2025-09-12T00:11:56.000Z,/,GET,200,40,US,Mobile
2025-09-12T00:15:23.000Z,/,GET,200,72,JP,Mobile
2025-09-12T00:15:45.000Z,/api/checkout,POST,200,103,BR,Mobile
2025-09-12T00:18:32.000Z,/search,GET,200,444,US,Mobile
2025-09-12T00:39:30.000Z,/products,GET,200,53,US,Mobile
2025-09-12T00:44:54.000Z,/,GET,200,27,US,Mobile
2025-09-12T00:49:12.000Z,/search,GET,200,142,US,Mobile
2025-09-12T00:53:28.000Z,/products,GET,200,179,CA,Mobile
2025-09-12T01:00:26.000Z,/products/:id,GET,200,55,US,Mobile
2025-09-12T01:02:13.000Z,/,GET,200,23,IN,Mobile
2025-09-12T01:06:29.000Z,/account,GET,200,44,IN,Desktop
2025-09-12T01:17:37.000Z,/products/:id,GET,200,22,US,Desktop
2025-09-12T01:23:50.000Z,/,GET,404,74,IN,Mobile
2025-09-12T01:29:25.000Z,/api/checkout,POST,200,142,US,Mobile
2025-09-12T01:30:53.000Z,/products/:id,GET,200,90,US,Mobile
2025-09-12T01:34:14.000Z,/search,GET,200,148,CA,Desktop
2025-09-12T01:35:35.000Z,/products,GET,304,70,CA,Mobile
2025-09-12T01:37:18.000Z,/,GET,200,34,DE,Mobile
2025-09-12T01:44:22.000Z,/,GET,200,63,US,Mobile
2025-09-12T01:51:23.000Z,/search,GET,200,167,BR,Desktop
2025-09-12T01:54:45.000Z,/,GET,200,38,JP,Desktop
2025-09-12T01:58:09.000Z,/products/:id,GET,200,27,US,Desktop
2025-09-12T02:01:24.000Z,/products/:id,GET,304,38,IN,Mobile
2025-09-12T02:09:04.000Z,/products,GET,200,175,US,Mobile
2025-09-12T02:14:44.000Z,/account,GET,200,103,US,Desktop
2025-09-12T02:15:31.000Z,/cart,GET,200,70,CA,Desktop
2025-09-12T02:19:40.000Z,/products/:id,GET,200,106,IN,Desktop
2025-09-12T02:20:03.000Z,/,GET,200,40,JP,Mobile
2025-09-12T02:22:30.000Z,/,GET,200,54,US,Mobile
2025-09-12T02:33:17.000Z,/api/checkout,POST,200,252,FR,Desktop
2025-09-12T02:37:20.000Z,/,GET,200,32,BR,Desktop
2025-09-12T02:37:31.000Z,/,GET,200,41,FR,Mobile
2025-09-12T02:42:30.000Z,/,GET,200,50,US,Desktop
2025-09-12T02:47:06.000Z,/,GET,200,52,US,Desktop
2025-09-12T02:58:33.000Z,/products/:id,GET,200,37,GB,Desktop
2025-09-12T03:00:59.000Z,/,GET,200,18,BR,Mobile
2025-09-12T03:05:02.000Z,/api/cart,POST,200,80,US,Tablet
2025-09-12T03:09:09.000Z,/search,GET,200,174,US,Desktop
2025-09-12T03:14:26.000Z,/cart,GET,200,107,BR,Desktop
2025-09-12T03:17:34.000Z,/search,GET,200,60,US,Mobile
2025-09-12T03:19:28.000Z,/,GET,200,27,GB,Mobile
2025-09-12T03:20:30.000Z,/,GET,200,42,GB,Mobile
2025-09-12T03:25:26.000Z,/api/cart,POST,200,140,GB,Mobile
2025-09-12T03:29:24.000Z,/products/:id,GET,200,106,CA,Desktop
2025-09-12T03:31:40.000Z,/cart,GET,200,23,JP,Mobile
2025-09-12T03:33:50.000Z,/products,GET,401,82,US,Mobile
2025-09-12T03:35:58.000Z,/api/checkout,POST,200,219,CA,Mobile
2025-09-12T03:40:53.000Z,/products,GET,200,100,CA,Desktop
2025-09-12T03:47:03.000Z,/cart,GET,200,28,US,Desktop
2025-09-12T03:51:48.000Z,/products/:id,GET,200,172,GB,Tablet
2025-09-12T03:53:30.000Z,/,GET,200,53,US,Mobile
2025-09-12T04:11:42.000Z,/products/:id,GET,304,95,US,Tablet
2025-09-12T04:12:54.000Z,/,GET,200,33,US,Mobile
2025-09-12T04:19:34.000Z,/account,GET,200,76,US,Mobile
2025-09-12T04:20:39.000Z,/,GET,200,52,US,Mobile
2025-09-12T04:24:30.000Z,/api/checkout,POST,200,198,US,Desktop
2025-09-12T04:27:16.000Z,/products/:id,GET,200,30,BR,Mobile
2025-09-12T04:27:40.000Z,/products,GET,200,37,US,Mobile
2025-09-12T04:29:48.000Z,/search,GET,200,176,US,Mobile
2025-09-12T04:40:58.000Z,/search,GET,200,109,DE,Desktop
2025-09-12T04:41:27.000Z,/products/:id,GET,200,53,JP,Desktop
2025-09-12T04:44:36.000Z,/,GET,200,47,BR,Tablet
2025-09-12T04:46:24.000Z,/search,GET,404,99,US,Desktop
2025-09-12T04:48:55.000Z,/products/:id,GET,200,32,JP,Desktop
2025-09-12T04:53:33.000Z,/search,GET,200,278,IN,Desktop
2025-09-12T05:02:08.000Z,/,GET,404,23,FR,Mobile
2025-09-12T05:03:57.000Z,/,GET,200,37,DE,Desktop
2025-09-12T05:06:14.000Z,/,GET,200,30,CA,Desktop
2025-09-12T05:06:15.000Z,/api/cart,POST,200,167,US,Mobile
2025-09-12T05:14:59.000Z,/cart,GET,200,82,DE,Mobile
2025-09-12T05:24:30.000Z,/cart,GET,200,48,JP,Desktop
2025-09-12T05:25:08.000Z,/,GET,200,58,US,Desktop
2025-09-12T05:29:02.000Z,/search,GET,200,130,FR,Desktop
2025-09-12T05:36:25.000Z,/search,GET,200,165,FR,Mobile
2025-09-12T05:42:51.000Z,/api/checkout,POST,200,166,US,Mobile
2025-09-12T05:50:48.000Z,/products,GET,200,81,IN,Desktop
2025-09-12T05:52:50.000Z,/search,GET,200,230,US,Desktop
2025-09-12T05:56:24.000Z,/search,GET,200,166,CA,Desktop
2025-09-12T05:56:40.000Z,/products,GET,200,76,DE,Mobile
2025-09-12T06:00:05.000Z,/,GET,200,42,FR,Mobile
2025-09-12T06:01:17.000Z,/products,GET,304,72,IN,Mobile
2025-09-12T06:01:28.000Z,/cart,GET,200,54,GB,Mobile
2025-09-12T06:03:10.000Z,/cart,GET,200,35,GB,Desktop
2025-09-12T06:10:39.000Z,/products,GET,200,77,US,Desktop
2025-09-12T06:10:41.000Z,/products,GET,200,42,US,Mobile
2025-09-12T06:11:17.000Z,/cart,GET,200,60,JP,Mobile
2025-09-12T06:11:45.000Z,/products/:id,GET,404,51,CA,Desktop
2025-09-12T06:12:25.000Z,/cart,GET,200,37,US,Mobile
2025-09-12T06:12:59.000Z,/api/checkout,POST,200,107,FR,Desktop
2025-09-12T06:14:58.000Z,/api/cart,POST,200,69,US,Desktop
2025-09-12T06:16:16.000Z,/products/:id,GET,200,74,CA,Desktop
2025-09-12T06:16:34.000Z,/search,GET,200,138,GB,Mobile
2025-09-12T06:18:07.000Z,/products,GET,200,46,JP,Mobile
2025-09-12T06:21:49.000Z,/,GET,200,44,US,Mobile
2025-09-12T06:29:20.000Z,/,GET,200,22,IN,Mobile
2025-09-12T06:33:07.000Z,/,GET,200,36,GB,Mobile
2025-09-12T06:33:21.000Z,/,GET,200,43,US,Desktop
2025-09-12T06:36:13.000Z,/api/checkout,POST,200,95,CA,Desktop
2025-09-12T06:42:10.000Z,/products/:id,GET,200,35,JP,Mobile
2025-09-12T06:43:37.000Z,/,GET,200,67,BR,Tablet
2025-09-12T06:43:41.000Z,/,GET,200,49,US,Mobile
2025-09-12T06:51:22.000Z,/api/checkout,POST,304,137,US,Desktop
2025-09-12T06:54:58.000Z,/products,GET,200,65,US,Desktop
2025-09-12T06:58:07.000Z,/products,GET,404,27,IN,Mobile
2025-09-12T06:58:07.000Z,/api/cart,POST,200,66,US,Desktop
2025-09-12T06:58:46.000Z,/search,GET,200,100,FR,Desktop
2025-09-12T07:00:54.000Z,/api/cart,POST,200,31,GB,Mobile
2025-09-12T07:01:36.000Z,/api/cart,POST,200,160,US,Desktop
2025-09-12T07:02:04.000Z,/,GET,200,58,US,Mobile
2025-09-12T07:04:26.000Z,/products/:id,GET,200,32,US,Mobile
2025-09-12T07:09:27.000Z,/cart,GET,200,57,CA,Desktop
2025-09-12T07:09:35.000Z,/,GET,200,29,CA,Mobile
2025-09-12T07:09:42.000Z,/api/checkout,POST,200,160,IN,Mobile
2025-09-12T07:10:32.000Z,/products,GET,200,93,CA,Mobile
2025-09-12T07:12:52.000Z,/cart,GET,200,77,US,Desktop
2025-09-12T07:13:04.000Z,/cart,GET,200,37,FR,Desktop
2025-09-12T07:13:21.000Z,/cart,GET,200,29,FR,Desktop
2025-09-12T07:16:32.000Z,/search,GET,200,666,US,Mobile
2025-09-12T07:19:18.000Z,/account,GET,200,72,FR,Mobile
2025-09-12T07:23:35.000Z,/,GET,200,34,GB,Desktop
2025-09-12T07:23:45.000Z,/search,GET,200,186,US,Mobile
2025-09-12T07:27:42.000Z,/products/:id,GET,200,62,JP,Desktop
2025-09-12T07:28:10.000Z,/products,GET,200,139,GB,Desktop
2025-09-12T07:29:59.000Z,/products,GET,200,45,JP,Desktop
2025-09-12T07:30:42.000Z,/products/:id,GET,200,89,IN,Desktop
2025-09-12T07:38:36.000Z,/products,GET,200,66,BR,Mobile
2025-09-12T07:39:26.000Z,/products,GET,200,95,US,Mobile
2025-09-12T07:51:19.000Z,/products,GET,200,104,JP,Desktop
2025-09-12T07:59:16.000Z,/products/:id,GET,200,89,US,Desktop
2025-09-12T08:02:24.000Z,/api/cart,POST,200,172,FR,Tablet
2025-09-12T08:08:47.000Z,/products/:id,GET,200,72,US,Mobile
2025-09-12T08:11:30.000Z,/,GET,200,79,DE,Mobile
2025-09-12T08:15:19.000Z,/products/:id,GET,304,88,US,Mobile
2025-09-12T08:19:49.000Z,/,GET,200,23,US,Desktop
2025-09-12T08:22:48.000Z,/,GET,200,48,US,Mobile
2025-09-12T08:24:09.000Z,/cart,GET,200,60,FR,Desktop
2025-09-12T08:30:50.000Z,/api/cart,POST,200,77,US,Desktop
2025-09-12T08:32:30.000Z,/products,GET,200,59,IN,Desktop
2025-09-12T08:32:39.000Z,/api/cart,POST,200,58,FR,Mobile
2025-09-12T08:35:18.000Z,/account,GET,200,92,US,Mobile
2025-09-12T08:36:46.000Z,/products,GET,200,110,US,Desktop
2025-09-12T08:39:14.000Z,/search,GET,200,84,IN,Mobile
2025-09-12T08:41:10.000Z,/cart,GET,200,74,GB,Mobile
2025-09-12T08:47:37.000Z,/,GET,200,44,FR,Desktop
2025-09-12T08:49:31.000Z,/,GET,200,56,GB,Mobile
2025-09-12T08:50:02.000Z,/products,GET,200,59,IN,Mobile
2025-09-12T08:52:40.000Z,/,GET,200,26,IN,Desktop
2025-09-12T08:53:27.000Z,/api/checkout,POST,200,152,GB,Mobile
2025-09-12T08:55:02.000Z,/search,GET,304,237,CA,Mobile
2025-09-12T08:56:19.000Z,/search,GET,200,79,IN,Mobile
2025-09-12T08:57:11.000Z,/,GET,200,39,FR,Desktop
2025-09-12T08:57:48.000Z,/,GET,200,78,US,Mobile
2025-09-12T08:58:55.000Z,/products,GET,200,73,DE,Desktop
2025-09-12T09:00:00.000Z,/account,GET,200,58,BR,Desktop
2025-09-12T09:02:58.000Z,/search,GET,200,121,US,Desktop
2025-09-12T09:03:23.000Z,/,GET,200,31,IN,Mobile
2025-09-12T09:06:17.000Z,/search,GET,200,94,GB,Desktop
2025-09-12T09:08:59.000Z,/,GET,200,21,IN,Tablet
2025-09-12T09:11:35.000Z,/products,GET,200,46,JP,Mobile
2025-09-12T09:14:14.000Z,/search,GET,200,79,US,Mobile
2025-09-12T09:15:15.000Z,/products/:id,GET,404,75,US,Desktop
2025-09-12T09:19:41.000Z,/cart,GET,200,105,FR,Mobile
2025-09-12T09:20:25.000Z,/search,GET,200,109,GB,Mobile
2025-09-12T09:20:40.000Z,/account,GET,200,105,US,Tablet
2025-09-12T09:20:49.000Z,/products/:id,GET,200,34,GB,Desktop
2025-09-12T09:22:12.000Z,/cart,GET,200,59,US,Mobile
2025-09-12T09:26:03.000Z,/products,GET,200,112,IN,Mobile
2025-09-12T09:26:09.000Z,/products,GET,200,133,DE,Desktop
2025-09-12T09:27:42.000Z,/,GET,200,57,JP,Mobile
2025-09-12T09:29:25.000Z,/products,GET,200,63,DE,Mobile
2025-09-12T09:31:30.000Z,/products/:id,GET,200,107,DE,Desktop
2025-09-12T09:37:08.000Z,/,GET,200,25,IN,Desktop
2025-09-12T09:38:33.000Z,/,GET,304,59,GB,Mobile
2025-09-12T09:39:57.000Z,/search,GET,200,124,JP,Mobile
2025-09-12T09:44:16.000Z,/products,GET,200,131,GB,Desktop
2025-09-12T09:49:48.000Z,/search,GET,200,120,DE,Desktop
2025-09-12T09:50:32.000Z,/search,GET,200,148,CA,Desktop
2025-09-12T09:51:25.000Z,/products,GET,200,113,DE,Mobile
2025-09-12T09:54:16.000Z,/api/checkout,POST,404,150,DE,Desktop
2025-09-12T09:56:05.000Z,/products,GET,200,101,IN,Desktop
2025-09-12T10:02:09.000Z,/products,GET,200,127,CA,Mobile
2025-09-12T10:04:04.000Z,/products/:id,GET,200,70,DE,Desktop
2025-09-12T10:07:55.000Z,/,GET,200,52,GB,Mobile
2025-09-12T10:08:05.000Z,/products,GET,200,48,CA,Tablet
2025-09-12T10:08:25.000Z,/products/:id,GET,200,123,GB,Desktop
2025-09-12T10:08:26.000Z,/,GET,200,38,US,Desktop
2025-09-12T10:09:13.000Z,/api/cart,POST,200,66,FR,Tablet
2025-09-12T10:13:26.000Z,/products/:id,GET,200,72,FR,Mobile
2025-09-12T10:13:31.000Z,/search,GET,200,65,DE,Mobile
2025-09-12T10:13:36.000Z,/,GET,200,67,US,Desktop
2025-09-12T10:15:48.000Z,/products/:id,GET,200,37,IN,Desktop
2025-09-12T10:19:29.000Z,/products,GET,200,30,GB,Mobile
2025-09-12T10:20:29.000Z,/api/cart,POST,200,72,JP,Mobile
2025-09-12T10:25:33.000Z,/,GET,200,31,US,Mobile
2025-09-12T10:25:49.000Z,/,GET,200,78,GB,Mobile
2025-09-12T10:28:39.000Z,/api/checkout,POST,200,108,US,Desktop
2025-09-12T10:34:19.000Z,/products,GET,200,76,IN,Desktop
2025-09-12T10:39:34.000Z,/products,GET,200,53,GB,Mobile
2025-09-12T10:40:44.000Z,/,GET,200,17,US,Desktop
2025-09-12T10:40:58.000Z,/products/:id,GET,200,89,DE,Mobile
2025-09-12T10:41:59.000Z,/,GET,200,40,DE,Mobile
2025-09-12T10:43:39.000Z,/products/:id,GET,304,59,US,Tablet
2025-09-12T10:46:34.000Z,/search,GET,200,44,CA,Mobile
2025-09-12T10:50:08.000Z,/products/:id,GET,200,49,DE,Tablet
2025-09-12T10:53:50.000Z,/products,GET,200,113,US,Mobile
2025-09-12T10:54:30.000Z,/products,GET,200,175,DE,Mobile
2025-09-12T11:08:39.000Z,/search,GET,200,80,IN,Desktop
2025-09-12T11:09:21.000Z,/api/cart,POST,200,86,JP,Mobile
2025-09-12T11:10:04.000Z,/cart,GET,200,152,US,Mobile
2025-09-12T11:10:48.000Z,/products,GET,200,34,JP,Desktop
2025-09-12T11:13:02.000Z,/api/checkout,POST,200,166,US,Mobile
2025-09-12T11:13:31.000Z,/products/:id,GET,200,58,BR,Mobile
2025-09-12T11:13:38.000Z,/search,GET,200,161,BR,Mobile
2025-09-12T11:15:25.000Z,/cart,GET,200,48,US,Tablet
2025-09-12T11:17:20.000Z,/products,GET,200,183,IN,Mobile
2025-09-12T11:22:47.000Z,/,GET,200,15,GB,Mobile
2025-09-12T11:22:58.000Z,/products,GET,200,223,BR,Desktop
2025-09-12T11:24:02.000Z,/account,GET,200,74,IN,Mobile
2025-09-12T11:26:14.000Z,/search,GET,200,136,IN,Desktop
2025-09-12T11:26:31.000Z,/api/cart,POST,200,99,US,Mobile
2025-09-12T11:26:50.000Z,/products/:id,GET,200,60,DE,Mobile
2025-09-12T11:28:27.000Z,/products,GET,200,65,US,Desktop
2025-09-12T11:30:16.000Z,/cart,GET,200,43,US,Mobile
2025-09-12T11:30:31.000Z,/products/:id,GET,200,33,FR,Desktop
2025-09-12T11:31:14.000Z,/,GET,200,49,IN,Mobile
2025-09-12T11:34:11.000Z,/api/checkout,POST,200,157,CA,Tablet
2025-09-12T11:34:44.000Z,/api/cart,POST,200,68,US,Desktop
2025-09-12T11:34:51.000Z,/products,GET,200,137,US,Mobile
2025-09-12T11:36:48.000Z,/products,GET,200,62,CA,Mobile
2025-09-12T11:37:33.000Z,/,GET,200,31,BR,Mobile
2025-09-12T11:40:27.000Z,/products,GET,200,64,FR,Desktop
2025-09-12T11:43:57.000Z,/,GET,200,32,JP,Desktop
2025-09-12T11:44:29.000Z,/search,GET,200,115,DE,Mobile
2025-09-12T11:46:57.000Z,/api/cart,POST,200,80,GB,Desktop
2025-09-12T11:54:52.000Z,/account,GET,304,96,DE,Mobile
2025-09-12T12:16:38.000Z,/search,GET,200,373,FR,Mobile
2025-09-12T12:16:50.000Z,/,GET,200,46,US,Desktop
2025-09-12T12:17:11.000Z,/products,GET,200,52,US,Desktop
2025-09-12T12:18:38.000Z,/api/cart,POST,200,60,US,Desktop
2025-09-12T12:20:25.000Z,/products,GET,200,129,JP,Mobile
2025-09-12T12:23:34.000Z,/api/cart,POST,200,96,DE,Desktop
2025-09-12T12:25:46.000Z,/account,GET,200,101,US,Tablet
2025-09-12T12:26:22.000Z,/,GET,200,25,US,Mobile
2025-09-12T12:27:35.000Z,/search,GET,200,113,JP,Mobile
2025-09-12T12:29:36.000Z,/,GET,200,36,US,Desktop
2025-09-12T12:30:04.000Z,/search,GET,200,255,US,Mobile
2025-09-12T12:32:54.000Z,/api/cart,POST,200,118,US,Mobile
2025-09-12T12:34:03.000Z,/cart,GET,200,25,DE,Mobile
2025-09-12T12:35:55.000Z,/search,GET,200,96,FR,Desktop
2025-09-12T12:36:46.000Z,/api/checkout,POST,200,216,US,Desktop
2025-09-12T12:38:35.000Z,/api/cart,POST,200,133,DE,Desktop
2025-09-12T12:42:31.000Z,/products,GET,200,106,US,Mobile
2025-09-12T12:43:06.000Z,/api/checkout,POST,200,206,US,Mobile
2025-09-12T12:44:32.000Z,/products/:id,GET,200,52,DE,Desktop
2025-09-12T12:46:26.000Z,/products,GET,200,74,IN,Desktop
2025-09-12T12:48:59.000Z,/search,GET,200,119,BR,Mobile
2025-09-12T12:51:01.000Z,/products/:id,GET,200,78,JP,Desktop
2025-09-12T12:53:24.000Z,/api/checkout,POST,200,189,JP,Mobile
2025-09-12T12:53:34.000Z,/products/:id,GET,200,106,CA,Tablet
2025-09-12T13:00:18.000Z,/api/cart,POST,200,93,US,Desktop
2025-09-12T13:01:59.000Z,/products,GET,200,62,US,Mobile
2025-09-12T13:02:02.000Z,/,GET,200,57,GB,Desktop
2025-09-12T13:02:05.000Z,/products,GET,200,133,US,Desktop
2025-09-12T13:03:36.000Z,/search,GET,200,151,DE,Desktop
2025-09-12T13:06:33.000Z,/products/:id,GET,200,88,US,Desktop
2025-09-12T13:08:21.000Z,/products,GET,200,44,US,Mobile
2025-09-12T13:08:49.000Z,/products/:id,GET,200,79,FR,Mobile
2025-09-12T13:11:29.000Z,/products,GET,200,134,FR,Mobile
2025-09-12T13:12:01.000Z,/products/:id,GET,200,88,US,Desktop
2025-09-12T13:13:01.000Z,/products,GET,200,37,GB,Mobile
2025-09-12T13:14:21.000Z,/cart,GET,200,44,US,Desktop
2025-09-12T13:17:07.000Z,/products/:id,GET,200,47,JP,Tablet
2025-09-12T13:18:50.000Z,/,GET,200,39,IN,Mobile
2025-09-12T13:19:26.000Z,/products,GET,200,77,IN,Desktop
2025-09-12T13:21:17.000Z,/products,GET,200,116,DE,Mobile
2025-09-12T13:23:00.000Z,/,GET,200,87,US,Desktop
2025-09-12T13:24:59.000Z,/products,GET,200,48,BR,Desktop
2025-09-12T13:25:23.000Z,/products/:id,GET,200,33,FR,Desktop
2025-09-12T13:28:33.000Z,/,GET,200,70,GB,Desktop
2025-09-12T13:30:57.000Z,/products,GET,200,116,US,Mobile
2025-09-12T13:33:59.000Z,/api/cart,POST,200,107,CA,Tablet
2025-09-12T13:39:05.000Z,/products/:id,GET,200,76,BR,Desktop
2025-09-12T13:39:47.000Z,/products/:id,GET,200,60,BR,Tablet
2025-09-12T13:41:18.000Z,/,GET,200,37,DE,Desktop
2025-09-12T13:43:15.000Z,/search,GET,404,171,US,Desktop
2025-09-12T13:43:17.000Z,/,GET,200,93,US,Desktop
2025-09-12T13:43:33.000Z,/,GET,304,65,BR,Mobile
2025-09-12T13:44:45.000Z,/products,GET,200,116,IN,Mobile
2025-09-12T13:44:56.000Z,/products/:id,GET,200,66,JP,Mobile
2025-09-12T13:46:50.000Z,/api/checkout,POST,200,219,IN,Mobile
2025-09-12T13:48:24.000Z,/api/cart,POST,200,55,IN,Mobile
2025-09-12T13:54:29.000Z,/cart,GET,200,63,GB,Desktop
2025-09-12T13:55:03.000Z,/products/:id,GET,200,59,FR,Mobile
2025-09-12T13:58:42.000Z,/products,GET,200,95,IN,Desktop
2025-09-12T13:59:25.000Z,/products,GET,200,41,US,Mobile
2025-09-12T14:01:12.000Z,/,GET,200,58,US,Mobile
2025-09-12T14:01:13.000Z,/search,GET,200,118,US,Mobile
2025-09-12T14:02:28.000Z,/products/:id,GET,200,45,JP,Mobile
2025-09-12T14:06:19.000Z,/api/checkout,POST,200,199,IN,Mobile
2025-09-12T14:10:59.000Z,/,GET,304,45,IN,Desktop
2025-09-12T14:13:02.000Z,/cart,GET,200,41,BR,Mobile
2025-09-12T14:13:05.000Z,/,GET,200,46,US,Mobile
2025-09-12T14:13:14.000Z,/,GET,200,33,CA,Mobile
2025-09-12T14:13:48.000Z,/products,GET,200,89,IN,Mobile
2025-09-12T14:15:09.000Z,/products,GET,200,121,US,Mobile
2025-09-12T14:17:35.000Z,/,GET,200,89,US,Mobile
2025-09-12T14:20:43.000Z,/products/:id,GET,200,56,IN,Mobile
2025-09-12T14:23:18.000Z,/,GET,200,95,GB,Mobile
2025-09-12T14:24:42.000Z,/products/:id,GET,200,50,US,Desktop
2025-09-12T14:24:50.000Z,/products/:id,GET,200,49,US,Mobile
2025-09-12T14:26:22.000Z,/search,GET,200,124,DE,Mobile
2025-09-12T14:27:27.000Z,/search,GET,200,180,US,Mobile
2025-09-12T14:30:21.000Z,/products/:id,GET,200,135,GB,Desktop
2025-09-12T14:31:08.000Z,/cart,GET,200,120,US,Mobile
2025-09-12T14:32:56.000Z,/account,GET,200,71,DE,Mobile
2025-09-12T14:36:30.000Z,/products/:id,GET,200,38,DE,Mobile
2025-09-12T14:42:16.000Z,/,GET,200,55,JP,Mobile
2025-09-12T14:42:44.000Z,/products,GET,200,67,DE,Mobile
2025-09-12T14:44:30.000Z,/,GET,200,38,IN,Mobile
2025-09-12T14:45:08.000Z,/,GET,200,70,IN,Desktop
2025-09-12T14:48:04.000Z,/cart,GET,200,61,US,Desktop
2025-09-12T14:48:13.000Z,/search,GET,200,100,JP,Desktop
2025-09-12T14:48:28.000Z,/api/checkout,POST,200,133,IN,Mobile
2025-09-12T14:58:44.000Z,/,GET,404,47,CA,Desktop
2025-09-12T14:58:55.000Z,/products,GET,200,85,US,Mobile
2025-09-12T15:03:37.000Z,/products,GET,200,91,DE,Desktop
2025-09-12T15:05:54.000Z,/cart,GET,200,60,CA,Desktop
2025-09-12T15:06:33.000Z,/products,GET,200,48,DE,Mobile
2025-09-12T15:07:49.000Z,/search,GET,200,165,BR,Mobile
2025-09-12T15:10:55.000Z,/api/cart,POST,200,109,CA,Desktop
2025-09-12T15:12:30.000Z,/products,GET,200,193,US,Desktop
2025-09-12T15:13:56.000Z,/products,GET,200,57,JP,Desktop
2025-09-12T15:14:39.000Z,/api/checkout,POST,200,232,DE,Desktop
2025-09-12T15:14:53.000Z,/cart,GET,200,81,BR,Mobile
2025-09-12T15:15:46.000Z,/,GET,200,52,US,Desktop
2025-09-12T15:17:18.000Z,/account,GET,200,52,IN,Desktop
2025-09-12T15:18:31.000Z,/api/cart,POST,200,250,US,Tablet
2025-09-12T15:19:09.000Z,/cart,GET,200,47,CA,Tablet
2025-09-12T15:21:30.000Z,/products,GET,404,48,US,Mobile
2025-09-12T15:23:11.000Z,/products,GET,200,34,US,Desktop
2025-09-12T15:24:41.000Z,/products,GET,404,93,US,Tablet
2025-09-12T15:27:57.000Z,/,GET,200,28,DE,Desktop
2025-09-12T15:28:55.000Z,/cart,GET,200,49,US,Desktop
2025-09-12T15:30:23.000Z,/cart,GET,200,52,IN,Mobile
2025-09-12T15:31:54.000Z,/,GET,200,78,US,Mobile
2025-09-12T15:38:31.000Z,/,GET,200,29,US,Desktop
2025-09-12T15:40:44.000Z,/search,GET,200,173,FR,Mobile
2025-09-12T15:52:02.000Z,/api/cart,POST,404,79,US,Desktop
2025-09-12T15:53:44.000Z,/account,GET,200,126,FR,Desktop
2025-09-12T16:02:21.000Z,/,GET,200,67,DE,Desktop
2025-09-12T16:04:36.000Z,/cart,GET,200,57,US,Desktop
2025-09-12T16:04:47.000Z,/products/:id,GET,200,60,FR,Desktop
2025-09-12T16:12:46.000Z,/products/:id,GET,200,39,US,Desktop
2025-09-12T16:16:41.000Z,/products/:id,GET,200,44,IN,Mobile
2025-09-12T16:21:02.000Z,/,GET,200,38,US,Mobile
2025-09-12T16:21:24.000Z,/products/:id,GET,200,49,FR,Tablet
2025-09-12T16:25:08.000Z,/search,GET,200,71,DE,Mobile
2025-09-12T16:25:33.000Z,/products,GET,200,54,US,Tablet
2025-09-12T16:31:09.000Z,/search,GET,200,63,IN,Mobile
2025-09-12T16:31:41.000Z,/search,GET,200,105,US,Mobile
2025-09-12T16:32:38.000Z,/,GET,200,48,DE,Mobile
2025-09-12T16:33:12.000Z,/,GET,200,27,JP,Desktop
2025-09-12T16:36:38.000Z,/products/:id,GET,200,59,IN,Desktop
2025-09-12T16:39:41.000Z,/,GET,200,37,BR,Mobile
2025-09-12T16:43:47.000Z,/products/:id,GET,200,146,US,Desktop
2025-09-12T16:45:19.000Z,/cart,GET,200,40,US,Desktop
2025-09-12T16:46:12.000Z,/,GET,200,113,JP,Desktop
2025-09-12T16:50:59.000Z,/products/:id,GET,304,57,US,Mobile
2025-09-12T16:51:04.000Z,/api/cart,POST,200,125,US,Desktop
2025-09-12T16:52:34.000Z,/products,GET,200,125,FR,Mobile
2025-09-12T16:59:13.000Z,/api/cart,POST,304,134,GB,Mobile
2025-09-12T17:00:19.000Z,/,GET,200,39,CA,Desktop
2025-09-12T17:00:52.000Z,/products/:id,GET,200,88,CA,Desktop
2025-09-12T17:01:12.000Z,/products,GET,200,70,BR,Desktop
2025-09-12T17:04:46.000Z,/products,GET,404,126,US,Tablet
2025-09-12T17:06:40.000Z,/,GET,200,17,GB,Mobile
2025-09-12T17:11:55.000Z,/cart,GET,200,115,US,Mobile
2025-09-12T17:12:52.000Z,/api/cart,POST,200,53,US,Tablet
2025-09-12T17:14:04.000Z,/products/:id,GET,200,34,JP,Desktop
2025-09-12T17:14:36.000Z,/products,GET,200,81,FR,Desktop
2025-09-12T17:17:13.000Z,/products/:id,GET,200,35,FR,Mobile
2025-09-12T17:17:32.000Z,/api/cart,POST,200,75,US,Mobile
2025-09-12T17:17:43.000Z,/,GET,200,76,BR,Mobile
2025-09-12T17:22:36.000Z,/search,GET,200,50,CA,Mobile
2025-09-12T17:26:30.000Z,/products,GET,200,151,US,Mobile
2025-09-12T17:27:41.000Z,/search,GET,200,123,US,Desktop
2025-09-12T17:28:05.000Z,/,GET,200,67,US,Desktop
2025-09-12T17:28:58.000Z,/products/:id,GET,200,51,DE,Desktop
2025-09-12T17:29:58.000Z,/products/:id,GET,200,65,BR,Mobile
2025-09-12T17:30:19.000Z,/,GET,404,33,IN,Mobile
2025-09-12T17:31:09.000Z,/api/checkout,POST,200,302,US,Desktop
2025-09-12T17:31:21.000Z,/,GET,200,47,JP,Desktop
2025-09-12T17:31:56.000Z,/products,GET,200,96,US,Mobile
2025-09-12T17:33:39.000Z,/search,GET,200,86,US,Mobile
2025-09-12T17:34:15.000Z,/search,GET,200,122,GB,Mobile
2025-09-12T17:38:15.000Z,/cart,GET,200,93,US,Mobile
2025-09-12T17:40:28.000Z,/api/cart,POST,200,107,JP,Mobile
2025-09-12T17:41:46.000Z,/products,GET,200,85,GB,Desktop
2025-09-12T17:44:02.000Z,/products/:id,GET,200,75,US,Mobile
2025-09-12T17:53:20.000Z,/products/:id,GET,200,56,JP,Tablet
2025-09-12T17:54:56.000Z,/,GET,200,57,DE,Mobile
2025-09-12T17:59:56.000Z,/products,GET,200,108,US,Desktop
2025-09-12T18:00:37.000Z,/,GET,200,61,US,Mobile
2025-09-12T18:00:47.000Z,/products/:id,GET,200,69,US,Mobile
2025-09-12T18:01:16.000Z,/account,GET,200,40,DE,Desktop
2025-09-12T18:09:52.000Z,/api/cart,POST,304,60,IN,Desktop
2025-09-12T18:15:34.000Z,/search,GET,200,131,CA,Mobile
2025-09-12T18:17:08.000Z,/cart,GET,200,112,US,Mobile
2025-09-12T18:23:54.000Z,/products/:id,GET,200,93,US,Mobile
2025-09-12T18:24:26.000Z,/api/cart,POST,200,92,US,Desktop
2025-09-12T18:27:10.000Z,/products/:id,GET,200,90,FR,Desktop
2025-09-12T18:29:08.000Z,/products/:id,GET,200,52,US,Tablet
2025-09-12T18:33:25.000Z,/products,GET,200,82,FR,Desktop
2025-09-12T18:43:44.000Z,/products/:id,GET,200,86,US,Mobile
2025-09-12T18:44:00.000Z,/account,GET,404,136,US,Mobile
2025-09-12T18:47:00.000Z,/products/:id,GET,200,93,CA,Desktop
2025-09-12T18:59:09.000Z,/products/:id,GET,200,61,US,Mobile
2025-09-12T19:00:11.000Z,/products,GET,200,62,CA,Desktop
2025-09-12T19:02:33.000Z,/account,GET,200,63,US,Desktop
2025-09-12T19:03:43.000Z,/products/:id,GET,200,79,GB,Desktop
2025-09-12T19:04:44.000Z,/,GET,200,76,US,Mobile
2025-09-12T19:10:28.000Z,/search,GET,200,149,GB,Mobile
2025-09-12T19:11:43.000Z,/products,GET,200,71,CA,Mobile
2025-09-12T19:12:13.000Z,/products/:id,GET,200,53,GB,Mobile
2025-09-12T19:16:20.000Z,/,GET,200,90,US,Mobile
2025-09-12T19:20:02.000Z,/account,GET,200,66,US,Desktop
2025-09-12T19:21:27.000Z,/search,GET,200,174,CA,Desktop
2025-09-12T19:22:26.000Z,/,GET,200,74,US,Mobile
2025-09-12T19:22:46.000Z,/products/:id,GET,200,53,IN,Desktop
2025-09-12T19:23:16.000Z,/api/cart,POST,200,90,US,Desktop
2025-09-12T19:23:44.000Z,/cart,GET,200,89,JP,Mobile
2025-09-12T19:24:04.000Z,/products/:id,GET,200,60,US,Desktop
2025-09-12T19:25:57.000Z,/search,GET,200,100,FR,Desktop
2025-09-12T19:28:48.000Z,/search,GET,200,155,BR,Mobile
2025-09-12T19:29:36.000Z,/,GET,200,22,US,Desktop
2025-09-12T19:31:56.000Z,/search,GET,200,87,CA,Tablet
2025-09-12T19:37:03.000Z,/,GET,200,91,JP,Desktop
2025-09-12T19:37:48.000Z,/api/cart,POST,200,126,DE,Mobile
2025-09-12T19:40:40.000Z,/api/checkout,POST,200,90,IN,Mobile
2025-09-12T19:46:38.000Z,/,GET,200,61,IN,Mobile
2025-09-12T19:55:29.000Z,/products,GET,200,75,US,Desktop
2025-09-12T19:55:56.000Z,/,GET,200,57,IN,Desktop
2025-09-12T19:58:39.000Z,/products,GET,200,95,BR,Mobile
2025-09-12T20:06:44.000Z,/,GET,200,31,JP,Mobile
2025-09-12T20:14:02.000Z,/products,GET,200,27,BR,Desktop
2025-09-12T20:16:07.000Z,/account,GET,200,64,GB,Mobile
2025-09-12T20:19:27.000Z,/products/:id,GET,200,75,FR,Desktop
2025-09-12T20:20:10.000Z,/products/:id,GET,200,47,JP,Desktop
2025-09-12T20:21:39.000Z,/products/:id,GET,200,89,US,Mobile
2025-09-12T20:26:43.000Z,/products/:id,GET,200,74,DE,Desktop
2025-09-12T20:33:28.000Z,/,GET,200,51,DE,Mobile
2025-09-12T20:43:24.000Z,/api/checkout,POST,200,145,BR,Mobile
2025-09-12T20:43:27.000Z,/search,GET,200,214,BR,Mobile
2025-09-12T20:48:23.000Z,/,GET,200,46,US,Desktop
2025-09-12T20:58:51.000Z,/products,GET,304,113,US,Mobile
2025-09-12T21:16:27.000Z,/products/:id,GET,200,35,DE,Desktop
2025-09-12T21:17:24.000Z,/search,GET,200,322,JP,Mobile
2025-09-12T21:29:27.000Z,/api/checkout,POST,200,151,US,Desktop
2025-09-12T21:43:58.000Z,/products,GET,200,106,CA,Desktop
2025-09-12T21:45:21.000Z,/products/:id,GET,200,54,US,Mobile
2025-09-12T21:49:50.000Z,/search,GET,200,79,US,Desktop
2025-09-12T22:03:26.000Z,/,GET,200,52,DE,Desktop
2025-09-12T22:03:40.000Z,/,GET,200,27,IN,Desktop
2025-09-12T22:04:24.000Z,/products/:id,GET,200,69,IN,Desktop
2025-09-12T22:08:27.000Z,/,GET,200,36,DE,Desktop
2025-09-12T22:14:16.000Z,/products/:id,GET,200,44,DE,Mobile
2025-09-12T22:48:25.000Z,/,GET,200,59,GB,Desktop
2025-09-12T22:50:31.000Z,/,GET,200,23,DE,Mobile
2025-09-12T22:54:48.000Z,/products/:id,GET,200,112,BR,Desktop
2025-09-12T22:57:47.000Z,/products,GET,200,44,US,Desktop
2025-09-12T22:58:52.000Z,/api/checkout,POST,200,275,GB,Mobile
2025-09-12T23:07:27.000Z,/search,GET,200,100,GB,Mobile
2025-09-12T23:09:23.000Z,/products,GET,200,56,GB,Mobile
2025-09-12T23:19:47.000Z,/search,GET,200,229,GB,Desktop
2025-09-12T23:21:44.000Z,/,GET,200,75,BR,Mobile
2025-09-12T23:26:52.000Z,/account,GET,200,53,IN,Mobile
2025-09-12T23:31:14.000Z,/products,GET,200,99,IN,Mobile
2025-09-12T23:40:45.000Z,/products,GET,200,114,IN,Mobile
2025-09-12T23:54:46.000Z,/products,GET,200,146,US,Desktop
2025-09-12T23:54:58.000Z,/products/:id,GET,200,152,JP,Mobile
2025-09-12T23:58:48.000Z,/,GET,200,27,US,Mobile
2025-09-12T23:58:53.000Z,/products/:id,GET,200,59,CA,Mobile
2025-09-13T00:08:05.000Z,/account,GET,200,48,US,Mobile
2025-09-13T00:14:41.000Z,/search,GET,200,212,BR,Desktop
2025-09-13T00:16:43.000Z,/,GET,200,51,CA,Mobile
2025-09-13T00:19:00.000Z,/products,GET,200,83,DE,Mobile
2025-09-13T00:27:52.000Z,/api/cart,POST,200,156,DE,Desktop
2025-09-13T00:31:55.000Z,/products,GET,200,90,DE,Mobile
2025-09-13T00:33:16.000Z,/products/:id,GET,200,51,IN,Tablet
2025-09-13T00:36:34.000Z,/products,GET,200,37,US,Tablet
2025-09-13T00:46:09.000Z,/search,GET,200,163,DE,Desktop
2025-09-13T00:46:23.000Z,/,GET,200,67,JP,Mobile
2025-09-13T00:55:46.000Z,/account,GET,200,72,US,Mobile
2025-09-13T00:58:06.000Z,/api/cart,POST,200,127,JP,Desktop
2025-09-13T00:58:06.000Z,/products,GET,200,56,US,Mobile
2025-09-13T01:04:10.000Z,/search,GET,200,124,BR,Desktop
2025-09-13T01:13:42.000Z,/search,GET,200,105,US,Mobile
2025-09-13T01:20:01.000Z,/products/:id,GET,200,44,US,Mobile
2025-09-13T01:20:50.000Z,/products,GET,200,85,CA,Mobile
2025-09-13T01:21:55.000Z,/api/cart,POST,200,112,US,Mobile
2025-09-13T01:22:00.000Z,/,GET,200,13,US,Tablet
2025-09-13T01:30:39.000Z,/products/:id,GET,200,98,BR,Desktop
2025-09-13T01:39:40.000Z,/search,GET,200,165,US,Mobile
2025-09-13T01:44:38.000Z,/search,GET,200,66,US,Desktop
2025-09-13T01:52:12.000Z,/,GET,200,32,IN,Desktop
2025-09-13T01:53:54.000Z,/cart,GET,200,31,GB,Desktop
2025-09-13T01:54:19.000Z,/api/checkout,POST,200,115,FR,Mobile
2025-09-13T02:03:56.000Z,/,GET,200,29,US,Mobile
2025-09-13T02:22:06.000Z,/products/:id,GET,200,39,CA,Desktop
2025-09-13T02:25:38.000Z,/api/cart,POST,401,103,US,Mobile
2025-09-13T02:25:39.000Z,/search,GET,200,159,GB,Desktop
2025-09-13T02:27:25.000Z,/products,GET,200,55,US,Desktop
2025-09-13T02:27:49.000Z,/,GET,200,27,DE,Mobile
2025-09-13T02:28:31.000Z,/products/:id,GET,200,154,FR,Mobile
2025-09-13T02:30:38.000Z,/api/cart,POST,200,97,US,Mobile
2025-09-13T02:40:37.000Z,/products/:id,GET,200,48,US,Mobile
2025-09-13T02:41:19.000Z,/products,GET,200,98,US,Mobile
2025-09-13T02:43:56.000Z,/search,GET,200,325,CA,Mobile
2025-09-13T02:44:06.000Z,/cart,GET,200,41,BR,Desktop
2025-09-13T02:51:50.000Z,/,GET,200,29,IN,Mobile
2025-09-13T03:02:37.000Z,/products,GET,200,43,US,Desktop
2025-09-13T03:06:46.000Z,/cart,GET,200,77,CA,Mobile
2025-09-13T03:25:03.000Z,/,GET,200,67,DE,Mobile
2025-09-13T03:44:45.000Z,/products,GET,200,143,BR,Mobile
2025-09-13T03:45:54.000Z,/,GET,200,21,US,Desktop
2025-09-13T03:52:51.000Z,/,GET,200,43,US,Desktop
2025-09-13T03:57:33.000Z,/api/cart,POST,200,103,GB,Mobile
2025-09-13T04:03:00.000Z,/api/cart,POST,200,71,US,Mobile
2025-09-13T04:06:56.000Z,/products,GET,200,91,US,Mobile
2025-09-13T04:31:02.000Z,/,GET,200,36,US,Mobile
2025-09-13T04:36:53.000Z,/search,GET,200,160,JP,Desktop
2025-09-13T04:43:24.000Z,/products/:id,GET,200,55,US,Mobile
2025-09-13T04:44:59.000Z,/products/:id,GET,200,29,CA,Mobile
2025-09-13T04:49:09.000Z,/products,GET,200,272,US,Mobile
2025-09-13T04:49:47.000Z,/products/:id,GET,200,34,US,Mobile
2025-09-13T05:00:05.000Z,/account,GET,200,62,US,Mobile
2025-09-13T05:10:30.000Z,/,GET,200,27,US,Desktop
2025-09-13T05:11:00.000Z,/products/:id,GET,200,58,FR,Desktop
2025-09-13T05:13:19.000Z,/products,GET,200,55,FR,Mobile
2025-09-13T05:13:20.000Z,/,GET,200,95,US,Desktop
2025-09-13T05:17:22.000Z,/products/:id,GET,200,100,IN,Desktop
2025-09-13T05:18:19.000Z,/products/:id,GET,200,155,DE,Desktop
2025-09-13T05:21:28.000Z,/cart,GET,404,64,IN,Desktop
2025-09-13T05:21:37.000Z,/api/checkout,POST,404,179,GB,Desktop
2025-09-13T05:26:24.000Z,/api/cart,POST,200,103,US,Mobile
2025-09-13T05:27:08.000Z,/cart,GET,200,72,US,Mobile
2025-09-13T05:27:21.000Z,/,GET,304,45,DE,Tablet
2025-09-13T05:29:50.000Z,/,GET,200,34,US,Tablet
2025-09-13T05:31:37.000Z,/products,GET,200,62,DE,Tablet
2025-09-13T05:31:40.000Z,/search,GET,200,81,BR,Mobile
2025-09-13T05:31:53.000Z,/products/:id,GET,200,59,IN,Mobile
2025-09-13T05:32:17.000Z,/search,GET,200,200,BR,Desktop
2025-09-13T05:36:16.000Z,/,GET,200,19,IN,Mobile
2025-09-13T05:56:31.000Z,/cart,GET,200,31,FR,Desktop
2025-09-13T05:58:09.000Z,/,GET,200,42,BR,Mobile
2025-09-13T05:59:30.000Z,/,GET,200,26,IN,Desktop
2025-09-13T06:00:01.000Z,/,GET,200,46,US,Desktop
2025-09-13T06:05:13.000Z,/products,GET,200,84,DE,Mobile
2025-09-13T06:14:05.000Z,/products/:id,GET,304,57,BR,Mobile
2025-09-13T06:16:22.000Z,/products,GET,200,82,US,Mobile
2025-09-13T06:17:05.000Z,/products/:id,GET,200,67,GB,Mobile
2025-09-13T06:19:20.000Z,/products/:id,GET,200,37,JP,Desktop
2025-09-13T06:22:25.000Z,/products,GET,200,95,GB,Desktop
2025-09-13T06:23:19.000Z,/products,GET,200,83,BR,Desktop
2025-09-13T06:29:33.000Z,/,GET,200,44,DE,Mobile
2025-09-13T06:30:31.000Z,/products/:id,GET,200,19,US,Tablet
2025-09-13T06:31:35.000Z,/,GET,200,37,US,Mobile
2025-09-13T06:35:48.000Z,/products,GET,200,53,US,Desktop
2025-09-13T06:39:55.000Z,/products/:id,GET,200,31,CA,Desktop
2025-09-13T06:40:00.000Z,/api/checkout,POST,200,369,US,Mobile
2025-09-13T06:43:04.000Z,/cart,GET,200,70,US,Desktop
2025-09-13T06:44:08.000Z,/products,GET,200,153,US,Mobile
2025-09-13T06:45:41.000Z,/products/:id,GET,200,62,US,Mobile
2025-09-13T06:48:15.000Z,/products,GET,200,82,FR,Desktop
2025-09-13T06:48:39.000Z,/api/checkout,POST,200,272,IN,Mobile
2025-09-13T06:52:19.000Z,/api/cart,POST,200,60,BR,Desktop
2025-09-13T06:52:44.000Z,/products,GET,200,91,IN,Desktop
2025-09-13T06:53:19.000Z,/products/:id,GET,200,179,GB,Desktop
2025-09-13T06:56:05.000Z,/products,GET,200,76,US,Desktop
2025-09-13T07:06:04.000Z,/,GET,200,50,CA,Desktop
2025-09-13T07:09:08.000Z,/products,GET,200,118,BR,Mobile
2025-09-13T07:13:57.000Z,/products/:id,GET,200,44,CA,Desktop
2025-09-13T07:14:18.000Z,/,GET,200,32,IN,Desktop
2025-09-13T07:14:59.000Z,/products/:id,GET,200,53,FR,Mobile
2025-09-13T07:17:50.000Z,/products,GET,200,123,US,Mobile
2025-09-13T07:20:03.000Z,/products/:id,GET,200,76,US,Mobile
2025-09-13T07:22:48.000Z,/cart,GET,200,60,CA,Mobile
2025-09-13T07:23:28.000Z,/products,GET,200,71,US,Desktop
2025-09-13T07:23:29.000Z,/products,GET,200,46,IN,Mobile
2025-09-13T07:24:13.000Z,/,GET,200,65,JP,Desktop
2025-09-13T07:24:28.000Z,/products,GET,200,190,IN,Mobile
2025-09-13T07:24:52.000Z,/products,GET,304,100,US,Mobile
2025-09-13T07:26:05.000Z,/search,GET,200,135,US,Mobile
2025-09-13T07:31:03.000Z,/search,GET,200,228,IN,Desktop
2025-09-13T07:33:36.000Z,/products,GET,200,45,US,Mobile
2025-09-13T07:36:21.000Z,/search,GET,200,157,JP,Mobile
2025-09-13T07:43:17.000Z,/cart,GET,200,75,US,Desktop
2025-09-13T07:45:41.000Z,/products/:id,GET,200,63,US,Desktop
2025-09-13T07:45:46.000Z,/search,GET,200,129,US,Mobile
2025-09-13T07:51:10.000Z,/products,GET,200,80,US,Desktop
2025-09-13T07:52:33.000Z,/products,GET,200,59,IN,Desktop
2025-09-13T07:53:52.000Z,/api/cart,POST,200,88,DE,Mobile
2025-09-13T07:54:38.000Z,/,GET,200,78,GB,Tablet
2025-09-13T07:58:50.000Z,/api/checkout,POST,200,289,FR,Desktop
2025-09-13T07:59:00.000Z,/cart,GET,200,60,US,Mobile
2025-09-13T08:02:31.000Z,/products,GET,200,93,US,Mobile
2025-09-13T08:04:56.000Z,/api/cart,POST,200,81,US,Mobile
2025-09-13T08:06:18.000Z,/cart,GET,200,88,IN,Desktop
2025-09-13T08:07:32.000Z,/search,GET,200,139,FR,Mobile
2025-09-13T08:07:35.000Z,/products/:id,GET,200,41,US,Desktop
2025-09-13T08:13:58.000Z,/products/:id,GET,200,76,FR,Desktop
2025-09-13T08:17:23.000Z,/,GET,304,69,GB,Desktop
2025-09-13T08:21:13.000Z,/,GET,200,36,BR,Desktop
2025-09-13T08:27:21.000Z,/products,GET,200,90,US,Desktop
2025-09-13T08:31:40.000Z,/search,GET,200,182,US,Mobile
2025-09-13T08:31:56.000Z,/cart,GET,200,141,BR,Desktop
2025-09-13T08:32:02.000Z,/products,GET,200,88,CA,Desktop
2025-09-13T08:32:11.000Z,/api/cart,POST,304,44,US,Desktop
2025-09-13T08:32:23.000Z,/products,GET,200,52,DE,Desktop
2025-09-13T08:34:46.000Z,/,GET,200,49,GB,Mobile
2025-09-13T08:34:51.000Z,/account,GET,200,40,GB,Mobile
2025-09-13T08:36:16.000Z,/,GET,200,23,GB,Desktop
2025-09-13T08:38:22.000Z,/search,GET,200,133,GB,Mobile
2025-09-13T08:38:36.000Z,/products,GET,200,67,FR,Tablet
2025-09-13T08:39:41.000Z,/,GET,200,35,US,Desktop
2025-09-13T08:39:45.000Z,/api/checkout,POST,200,179,US,Tablet
2025-09-13T08:46:17.000Z,/products,GET,304,137,DE,Mobile
2025-09-13T08:48:37.000Z,/api/checkout,POST,200,214,US,Desktop
2025-09-13T08:52:23.000Z,/products,GET,200,91,JP,Desktop
2025-09-13T08:53:32.000Z,/,GET,200,46,DE,Mobile
2025-09-13T08:59:13.000Z,/api/checkout,POST,200,407,US,Mobile
2025-09-13T09:00:46.000Z,/api/checkout,POST,404,215,CA,Mobile
2025-09-13T09:03:49.000Z,/search,GET,200,158,JP,Tablet
2025-09-13T09:03:54.000Z,/products,GET,200,94,DE,Desktop
2025-09-13T09:04:10.000Z,/search,GET,200,83,US,Desktop
2025-09-13T09:04:52.000Z,/,GET,200,38,DE,Mobile
2025-09-13T09:07:42.000Z,/,GET,200,111,DE,Mobile
2025-09-13T09:08:10.000Z,/products,GET,401,125,IN,Desktop
2025-09-13T09:08:25.000Z,/products,GET,200,74,BR,Tablet
2025-09-13T09:08:26.000Z,/products/:id,GET,200,109,US,Mobile
2025-09-13T09:09:15.000Z,/products,GET,200,33,US,Mobile
2025-09-13T09:11:47.000Z,/api/checkout,POST,200,420,US,Desktop
2025-09-13T09:19:47.000Z,/products,GET,200,65,GB,Desktop
2025-09-13T09:21:34.000Z,/products/:id,GET,200,107,US,Mobile
2025-09-13T09:23:47.000Z,/products/:id,GET,200,52,US,Mobile
2025-09-13T09:23:56.000Z,/api/checkout,POST,200,163,US,Mobile
2025-09-13T09:26:33.000Z,/search,GET,200,85,DE,Desktop
2025-09-13T09:28:45.000Z,/,GET,200,46,US,Desktop
2025-09-13T09:31:50.000Z,/products,GET,200,105,US,Mobile
2025-09-13T09:32:29.000Z,/products,GET,200,77,DE,Mobile
2025-09-13T09:32:39.000Z,/products/:id,GET,200,56,FR,Tablet
2025-09-13T09:33:34.000Z,/,GET,200,123,CA,Tablet
2025-09-13T09:34:27.000Z,/cart,GET,200,53,IN,Mobile
2025-09-13T09:34:31.000Z,/,GET,200,51,IN,Tablet
2025-09-13T09:35:35.000Z,/products,GET,200,82,BR,Mobile
2025-09-13T09:35:45.000Z,/search,GET,200,275,US,Mobile
2025-09-13T09:37:54.000Z,/,GET,200,45,FR,Tablet
2025-09-13T09:38:19.000Z,/products,GET,200,78,JP,Mobile
2025-09-13T09:40:19.000Z,/products/:id,GET,200,146,US,Desktop
2025-09-13T09:40:58.000Z,/products,GET,200,73,US,Mobile
2025-09-13T09:43:27.000Z,/cart,GET,200,51,FR,Desktop
2025-09-13T09:44:53.000Z,/products/:id,GET,200,50,GB,Mobile
2025-09-13T09:45:14.000Z,/api/checkout,POST,200,166,JP,Mobile
2025-09-13T09:48:14.000Z,/api/cart,POST,200,160,US,Desktop
2025-09-13T09:51:35.000Z,/,GET,200,38,US,Desktop
2025-09-13T09:54:25.000Z,/,GET,200,68,US,Mobile
2025-09-13T09:59:33.000Z,/search,GET,200,142,US,Desktop
2025-09-13T10:00:09.000Z,/products/:id,GET,200,59,GB,Mobile
2025-09-13T10:00:33.000Z,/,GET,200,20,FR,Mobile
2025-09-13T10:01:44.000Z,/,GET,200,44,US,Mobile
2025-09-13T10:02:57.000Z,/search,GET,200,579,US,Desktop
2025-09-13T10:03:29.000Z,/,GET,200,35,US,Desktop
2025-09-13T10:03:50.000Z,/products,GET,200,81,US,Mobile
2025-09-13T10:04:47.000Z,/,GET,200,33,CA,Desktop
2025-09-13T10:06:09.000Z,/search,GET,200,119,GB,Desktop
2025-09-13T10:07:03.000Z,/products/:id,GET,200,23,FR,Mobile
2025-09-13T10:09:35.000Z,/,GET,200,43,DE,Desktop
2025-09-13T10:09:44.000Z,/products/:id,GET,200,54,US,Desktop
2025-09-13T10:10:10.000Z,/products/:id,GET,200,112,BR,Desktop
2025-09-13T10:10:30.000Z,/,GET,200,17,US,Mobile
2025-09-13T10:13:40.000Z,/,GET,200,73,CA,Mobile
2025-09-13T10:16:47.000Z,/products,GET,200,38,US,Desktop
2025-09-13T10:25:19.000Z,/,GET,200,46,IN,Mobile
2025-09-13T10:28:51.000Z,/products,GET,200,64,US,Mobile
2025-09-13T10:34:50.000Z,/cart,GET,304,63,JP,Tablet
2025-09-13T10:35:38.000Z,/products,GET,304,142,DE,Desktop
2025-09-13T10:36:45.000Z,/,GET,200,51,GB,Desktop
2025-09-13T10:45:26.000Z,/api/cart,POST,200,76,FR,Mobile
2025-09-13T10:46:31.000Z,/api/cart,POST,200,123,US,Desktop
2025-09-13T10:46:56.000Z,/api/checkout,POST,200,293,US,Mobile
2025-09-13T10:47:50.000Z,/search,GET,200,138,IN,Desktop
2025-09-13T10:48:03.000Z,/products,GET,200,43,US,Desktop
2025-09-13T10:49:14.000Z,/api/cart,POST,200,52,US,Desktop
2025-09-13T10:54:27.000Z,/api/cart,POST,200,87,US,Mobile
2025-09-13T10:55:16.000Z,/cart,GET,200,52,IN,Mobile
2025-09-13T10:55:23.000Z,/products,GET,200,60,CA,Desktop
2025-09-13T10:55:39.000Z,/products,GET,200,133,CA,Desktop
2025-09-13T10:56:09.000Z,/products/:id,GET,200,56,CA,Desktop
2025-09-13T10:56:40.000Z,/products,GET,200,140,US,Desktop
2025-09-13T10:58:54.000Z,/products,GET,200,112,FR,Mobile
2025-09-13T11:01:23.000Z,/products,GET,200,156,IN,Mobile
2025-09-13T11:03:09.000Z,/products,GET,200,238,FR,Mobile
2025-09-13T11:04:17.000Z,/,GET,200,34,BR,Mobile
2025-09-13T11:06:35.000Z,/,GET,200,54,GB,Mobile
2025-09-13T11:10:56.000Z,/products/:id,GET,200,51,JP,Mobile
2025-09-13T11:15:52.000Z,/api/cart,POST,200,150,FR,Desktop
2025-09-13T11:18:12.000Z,/api/cart,POST,200,95,US,Desktop
2025-09-13T11:18:45.000Z,/products/:id,GET,200,102,US,Desktop
2025-09-13T11:26:00.000Z,/api/checkout,POST,200,307,GB,Mobile
2025-09-13T11:34:35.000Z,/cart,GET,200,94,US,Desktop
2025-09-13T11:39:23.000Z,/search,GET,200,240,FR,Mobile
2025-09-13T11:41:07.000Z,/products/:id,GET,200,119,FR,Desktop
2025-09-13T11:41:51.000Z,/api/cart,POST,200,105,GB,Mobile
2025-09-13T11:42:31.000Z,/,GET,200,64,CA,Mobile
2025-09-13T11:45:29.000Z,/api/checkout,POST,404,218,US,Desktop
2025-09-13T11:50:16.000Z,/,GET,200,20,US,Mobile
2025-09-13T11:53:10.000Z,/products,GET,200,119,DE,Mobile
2025-09-13T12:01:38.000Z,/cart,GET,200,31,JP,Mobile
2025-09-13T12:02:12.000Z,/products/:id,GET,200,129,US,Mobile
2025-09-13T12:03:11.000Z,/,GET,200,77,BR,Mobile
2025-09-13T12:03:43.000Z,/api/checkout,POST,200,279,IN,Mobile
2025-09-13T12:05:49.000Z,/,GET,404,47,FR,Desktop
2025-09-13T12:07:21.000Z,/products/:id,GET,200,97,GB,Mobile
2025-09-13T12:07:58.000Z,/products,GET,200,39,GB,Mobile
2025-09-13T12:10:45.000Z,/,GET,200,54,US,Mobile
2025-09-13T12:11:42.000Z,/products,GET,200,65,DE,Mobile
2025-09-13T12:12:28.000Z,/,GET,200,35,US,Desktop
2025-09-13T12:12:35.000Z,/api/checkout,POST,200,191,DE,Desktop
2025-09-13T12:15:12.000Z,/cart,GET,200,39,JP,Mobile
2025-09-13T12:21:12.000Z,/api/checkout,POST,200,199,US,Desktop
2025-09-13T12:22:11.000Z,/api/cart,POST,200,95,DE,Desktop
2025-09-13T12:22:46.000Z,/,GET,200,54,BR,Desktop
2025-09-13T12:23:19.000Z,/products/:id,GET,200,41,CA,Mobile
2025-09-13T12:23:40.000Z,/api/cart,POST,200,64,JP,Mobile
2025-09-13T12:24:59.000Z,/products,GET,200,57,US,Desktop
2025-09-13T12:31:48.000Z,/,GET,200,87,US,Desktop
2025-09-13T12:32:56.000Z,/search,GET,200,147,BR,Mobile
2025-09-13T12:34:00.000Z,/search,GET,404,185,IN,Mobile
2025-09-13T12:37:58.000Z,/products/:id,GET,200,59,US,Desktop
2025-09-13T12:38:41.000Z,/,GET,200,41,US,Mobile
2025-09-13T12:39:13.000Z,/products,GET,200,62,US,Mobile
2025-09-13T12:39:59.000Z,/search,GET,200,89,JP,Mobile
2025-09-13T12:40:07.000Z,/products/:id,GET,200,38,US,Tablet
2025-09-13T12:42:11.000Z,/account,GET,200,77,DE,Mobile
2025-09-13T12:43:31.000Z,/products,GET,200,48,IN,Desktop
2025-09-13T12:46:06.000Z,/,GET,200,32,US,Mobile
2025-09-13T12:47:20.000Z,/products,GET,200,72,US,Desktop
2025-09-13T12:50:26.000Z,/search,GET,200,153,DE,Mobile
2025-09-13T12:52:49.000Z,/,GET,200,29,US,Mobile
2025-09-13T12:53:45.000Z,/products,GET,200,77,US,Mobile
2025-09-13T13:04:39.000Z,/cart,GET,200,34,FR,Desktop
2025-09-13T13:06:34.000Z,/search,GET,200,232,US,Mobile
2025-09-13T13:11:16.000Z,/search,GET,200,146,US,Desktop
2025-09-13T13:11:38.000Z,/search,GET,200,83,US,Mobile
2025-09-13T13:14:38.000Z,/products/:id,GET,404,59,BR,Mobile
2025-09-13T13:14:39.000Z,/,GET,200,71,DE,Desktop
2025-09-13T13:22:13.000Z,/products,GET,200,23,CA,Tablet
2025-09-13T13:25:57.000Z,/search,GET,200,94,US,Mobile
2025-09-13T13:26:42.000Z,/api/checkout,POST,200,218,GB,Desktop
2025-09-13T13:32:46.000Z,/products,GET,200,107,US,Mobile
2025-09-13T13:33:02.000Z,/products/:id,GET,200,69,IN,Desktop
2025-09-13T13:33:33.000Z,/cart,GET,200,81,JP,Desktop
2025-09-13T13:35:15.000Z,/products/:id,GET,200,52,US,Tablet
2025-09-13T13:36:26.000Z,/search,GET,200,116,DE,Mobile
2025-09-13T13:36:40.000Z,/products,GET,200,52,CA,Tablet
2025-09-13T13:39:09.000Z,/api/checkout,POST,200,295,FR,Mobile
2025-09-13T13:39:22.000Z,/account,GET,200,59,US,Mobile
2025-09-13T13:40:56.000Z,/search,GET,200,189,GB,Tablet
2025-09-13T13:41:37.000Z,/,GET,200,62,US,Mobile
2025-09-13T13:42:17.000Z,/cart,GET,404,63,US,Desktop
2025-09-13T13:43:22.000Z,/,GET,200,56,US,Desktop
2025-09-13T13:46:50.000Z,/api/cart,POST,200,134,CA,Mobile
2025-09-13T13:52:31.000Z,/,GET,200,61,GB,Mobile
2025-09-13T13:52:33.000Z,/api/cart,POST,200,100,DE,Mobile
2025-09-13T13:53:00.000Z,/search,GET,200,369,US,Desktop
2025-09-13T13:54:03.000Z,/cart,GET,200,26,DE,Mobile
2025-09-13T13:55:32.000Z,/,GET,200,68,FR,Mobile
2025-09-13T13:55:34.000Z,/,GET,200,33,IN,Desktop
2025-09-13T13:58:07.000Z,/,GET,200,45,DE,Mobile
2025-09-13T13:59:55.000Z,/products,GET,200,49,US,Desktop
2025-09-13T13:59:57.000Z,/products/:id,GET,200,38,BR,Mobile
2025-09-13T14:02:00.000Z,/products,GET,200,90,US,Mobile
2025-09-13T14:06:32.000Z,/,GET,200,54,DE,Desktop
2025-09-13T14:07:00.000Z,/api/cart,POST,200,42,IN,Desktop
2025-09-13T14:10:09.000Z,/search,GET,200,153,JP,Desktop
2025-09-13T14:12:39.000Z,/cart,GET,200,82,GB,Tablet
2025-09-13T14:14:11.000Z,/products,GET,200,84,FR,Desktop
2025-09-13T14:19:48.000Z,/,GET,200,53,US,Mobile
2025-09-13T14:19:52.000Z,/cart,GET,200,72,IN,Mobile
2025-09-13T14:21:10.000Z,/products/:id,GET,200,61,US,Desktop
2025-09-13T14:22:19.000Z,/,GET,200,70,BR,Desktop
2025-09-13T14:23:12.000Z,/,GET,200,71,US,Mobile
2025-09-13T14:23:51.000Z,/cart,GET,200,51,IN,Desktop
2025-09-13T14:23:57.000Z,/search,GET,200,108,JP,Mobile
2025-09-13T14:24:52.000Z,/,GET,200,58,BR,Desktop
2025-09-13T14:28:40.000Z,/products/:id,GET,200,51,DE,Mobile
2025-09-13T14:32:01.000Z,/cart,GET,200,106,IN,Desktop
2025-09-13T14:32:44.000Z,/products/:id,GET,200,83,US,Desktop
2025-09-13T14:33:52.000Z,/products,GET,200,87,US,Desktop
2025-09-13T14:33:53.000Z,/products/:id,GET,200,90,GB,Mobile
2025-09-13T14:35:13.000Z,/products/:id,GET,200,51,US,Desktop
2025-09-13T14:37:23.000Z,/products/:id,GET,200,70,DE,Desktop
2025-09-13T14:38:37.000Z,/products,GET,200,252,US,Desktop
2025-09-13T14:38:46.000Z,/account,GET,200,120,IN,Desktop
2025-09-13T14:45:55.000Z,/products/:id,GET,200,77,IN,Tablet
2025-09-13T14:49:40.000Z,/search,GET,304,122,GB,Desktop
2025-09-13T14:50:39.000Z,/cart,GET,200,75,FR,Mobile
2025-09-13T14:51:27.000Z,/products,GET,200,52,US,Desktop
2025-09-13T14:54:25.000Z,/search,GET,200,90,DE,Desktop
2025-09-13T14:58:30.000Z,/,GET,200,35,US,Mobile
2025-09-13T14:58:32.000Z,/api/cart,POST,200,151,FR,Desktop
2025-09-13T14:59:17.000Z,/products,GET,200,69,US,Desktop
2025-09-13T14:59:58.000Z,/products,GET,200,156,US,Mobile
2025-09-13T15:02:29.000Z,/products/:id,GET,200,103,US,Desktop
2025-09-13T15:02:47.000Z,/products,GET,200,102,IN,Mobile
2025-09-13T15:03:59.000Z,/cart,GET,200,69,US,Desktop
2025-09-13T15:05:27.000Z,/,GET,404,38,US,Desktop
2025-09-13T15:08:15.000Z,/products/:id,GET,200,88,US,Desktop
2025-09-13T15:09:47.000Z,/,GET,200,57,JP,Desktop
2025-09-13T15:11:06.000Z,/products,GET,200,99,US,Desktop
2025-09-13T15:17:06.000Z,/,GET,200,24,US,Tablet
2025-09-13T15:17:34.000Z,/products/:id,GET,200,87,US,Mobile
2025-09-13T15:18:39.000Z,/,GET,200,55,US,Mobile
2025-09-13T15:24:10.000Z,/,GET,200,36,GB,Desktop
2025-09-13T15:27:51.000Z,/search,GET,200,334,US,Desktop
2025-09-13T15:32:35.000Z,/cart,GET,200,66,JP,Mobile
2025-09-13T15:34:32.000Z,/products/:id,GET,200,51,US,Tablet
2025-09-13T15:37:41.000Z,/products/:id,GET,200,24,FR,Desktop
2025-09-13T15:38:18.000Z,/api/cart,POST,200,81,CA,Mobile
2025-09-13T15:42:02.000Z,/products/:id,GET,200,44,US,Mobile
2025-09-13T15:43:40.000Z,/,GET,200,16,BR,Desktop
2025-09-13T15:46:51.000Z,/products/:id,GET,200,73,IN,Mobile
2025-09-13T15:46:58.000Z,/,GET,200,71,CA,Desktop
2025-09-13T15:47:44.000Z,/account,GET,200,90,US,Desktop
2025-09-13T15:50:40.000Z,/products/:id,GET,200,65,IN,Tablet
2025-09-13T15:51:17.000Z,/products,GET,304,117,US,Desktop
2025-09-13T15:51:43.000Z,/,GET,200,54,US,Tablet
2025-09-13T16:03:02.000Z,/account,GET,200,52,US,Desktop
2025-09-13T16:05:21.000Z,/products,GET,200,37,US,Mobile
2025-09-13T16:09:04.000Z,/account,GET,200,65,US,Desktop
2025-09-13T16:09:31.000Z,/search,GET,200,236,IN,Desktop
2025-09-13T16:13:47.000Z,/products,GET,200,137,FR,Mobile
2025-09-13T16:19:56.000Z,/,GET,401,26,US,Mobile
2025-09-13T16:20:37.000Z,/search,GET,200,146,GB,Tablet
2025-09-13T16:23:38.000Z,/products/:id,GET,200,53,US,Tablet
2025-09-13T16:28:44.000Z,/account,GET,200,68,GB,Desktop
2025-09-13T16:29:42.000Z,/,GET,200,25,CA,Desktop
2025-09-13T16:29:58.000Z,/products/:id,GET,200,101,FR,Desktop
2025-09-13T16:30:44.000Z,/api/checkout,POST,200,135,GB,Mobile
2025-09-13T16:32:12.000Z,/cart,GET,200,77,DE,Mobile
2025-09-13T16:34:56.000Z,/cart,GET,200,79,US,Mobile
2025-09-13T16:35:50.000Z,/search,GET,200,105,US,Desktop
2025-09-13T16:38:34.000Z,/account,GET,200,102,JP,Mobile
2025-09-13T16:38:34.000Z,/cart,GET,200,34,JP,Desktop
2025-09-13T16:43:55.000Z,/search,GET,200,243,DE,Mobile
2025-09-13T16:44:49.000Z,/,GET,200,43,US,Desktop
2025-09-13T16:47:02.000Z,/search,GET,200,243,IN,Mobile
2025-09-13T16:50:38.000Z,/,GET,200,49,FR,Desktop
2025-09-13T16:52:02.000Z,/cart,GET,200,78,BR,Desktop
2025-09-13T16:52:32.000Z,/products,GET,200,97,US,Mobile
2025-09-13T16:54:11.000Z,/products,GET,200,43,US,Mobile
2025-09-13T16:54:19.000Z,/,GET,200,13,JP,Mobile
2025-09-13T16:55:09.000Z,/products/:id,GET,200,25,US,Mobile
2025-09-13T16:55:25.000Z,/search,GET,404,205,GB,Mobile
2025-09-13T16:55:57.000Z,/search,GET,200,145,GB,Desktop
2025-09-13T17:00:29.000Z,/,GET,200,63,CA,Desktop
2025-09-13T17:01:04.000Z,/products/:id,GET,200,96,IN,Desktop
2025-09-13T17:01:55.000Z,/api/cart,POST,200,106,US,Mobile
2025-09-13T17:04:24.000Z,/cart,GET,200,67,IN,Tablet
2025-09-13T17:06:19.000Z,/products,GET,200,76,FR,Tablet
2025-09-13T17:06:28.000Z,/products/:id,GET,200,59,US,Mobile
2025-09-13T17:06:40.000Z,/search,GET,200,189,CA,Mobile
2025-09-13T17:06:52.000Z,/api/cart,POST,200,101,FR,Desktop
2025-09-13T17:07:47.000Z,/api/cart,POST,200,84,GB,Mobile
2025-09-13T17:07:49.000Z,/api/cart,POST,200,113,US,Desktop
2025-09-13T17:09:08.000Z,/api/checkout,POST,200,130,JP,Desktop
2025-09-13T17:10:04.000Z,/search,GET,200,37,US,Desktop
2025-09-13T17:11:44.000Z,/,GET,200,54,CA,Mobile
2025-09-13T17:16:48.000Z,/products/:id,GET,200,50,US,Mobile
2025-09-13T17:17:25.000Z,/products/:id,GET,200,52,US,Desktop
2025-09-13T17:18:13.000Z,/cart,GET,304,72,US,Tablet
2025-09-13T17:22:57.000Z,/products,GET,200,122,BR,Mobile
2025-09-13T17:26:29.000Z,/cart,GET,200,63,CA,Mobile
2025-09-13T17:26:44.000Z,/,GET,404,42,US,Desktop
2025-09-13T17:30:09.000Z,/account,GET,200,76,FR,Desktop
2025-09-13T17:30:32.000Z,/products,GET,200,72,FR,Mobile
2025-09-13T17:30:41.000Z,/api/checkout,POST,200,298,US,Desktop
2025-09-13T17:33:31.000Z,/api/cart,POST,200,70,US,Mobile
2025-09-13T17:49:48.000Z,/,GET,200,27,BR,Desktop
2025-09-13T17:51:55.000Z,/products,GET,200,94,JP,Desktop
2025-09-13T17:53:46.000Z,/products/:id,GET,200,95,JP,Desktop
2025-09-13T17:53:54.000Z,/,GET,200,142,GB,Mobile
2025-09-13T17:57:57.000Z,/api/cart,POST,200,72,IN,Desktop
2025-09-13T17:58:05.000Z,/products,GET,200,180,US,Mobile
2025-09-13T18:03:28.000Z,/search,GET,200,124,IN,Mobile
2025-09-13T18:05:08.000Z,/products,GET,200,96,JP,Mobile
2025-09-13T18:05:32.000Z,/api/cart,POST,200,136,FR,Mobile
2025-09-13T18:07:17.000Z,/api/cart,POST,200,64,IN,Mobile
2025-09-13T18:08:27.000Z,/,GET,200,36,BR,Mobile
2025-09-13T18:16:21.000Z,/search,GET,200,149,GB,Tablet
2025-09-13T18:18:23.000Z,/,GET,200,57,US,Mobile
2025-09-13T18:19:19.000Z,/account,GET,200,81,US,Mobile
2025-09-13T18:20:02.000Z,/,GET,200,49,US,Mobile
2025-09-13T18:23:56.000Z,/search,GET,200,139,DE,Desktop
2025-09-13T18:27:15.000Z,/api/checkout,POST,200,200,US,Desktop
2025-09-13T18:30:57.000Z,/cart,GET,200,54,US,Mobile
2025-09-13T18:31:12.000Z,/,GET,200,27,JP,Desktop
2025-09-13T18:33:11.000Z,/search,GET,200,73,JP,Mobile
2025-09-13T18:35:40.000Z,/search,GET,200,80,IN,Mobile
2025-09-13T18:36:58.000Z,/products,GET,200,24,IN,Desktop
2025-09-13T18:39:37.000Z,/,GET,200,33,US,Desktop
2025-09-13T18:52:14.000Z,/api/checkout,POST,200,123,DE,Desktop
2025-09-13T18:54:05.000Z,/api/cart,POST,200,91,US,Desktop
2025-09-13T18:56:20.000Z,/products/:id,GET,200,54,DE,Desktop
2025-09-13T19:09:51.000Z,/products,GET,200,111,US,Desktop
2025-09-13T19:10:45.000Z,/products/:id,GET,200,81,CA,Desktop
2025-09-13T19:24:10.000Z,/cart,GET,200,50,US,Desktop
2025-09-13T19:25:40.000Z,/products/:id,GET,200,58,BR,Mobile
2025-09-13T19:28:38.000Z,/,GET,200,67,US,Desktop
2025-09-13T19:30:55.000Z,/,GET,200,50,BR,Desktop
2025-09-13T19:32:29.000Z,/search,GET,200,330,IN,Desktop
2025-09-13T19:35:28.000Z,/products/:id,GET,200,47,US,Mobile
2025-09-13T19:37:23.000Z,/,GET,200,46,JP,Tablet
2025-09-13T19:44:31.000Z,/products,GET,200,156,FR,Desktop
2025-09-13T19:45:25.000Z,/products,GET,200,69,DE,Desktop
2025-09-13T19:45:59.000Z,/products/:id,GET,200,38,GB,Desktop
2025-09-13T19:54:39.000Z,/products/:id,GET,200,65,GB,Mobile
2025-09-13T20:06:05.000Z,/api/cart,POST,200,65,BR,Desktop
2025-09-13T20:07:24.000Z,/search,GET,200,155,JP,Desktop
2025-09-13T20:10:00.000Z,/,GET,200,79,JP,Mobile
2025-09-13T20:16:16.000Z,/products/:id,GET,200,101,US,Desktop
2025-09-13T20:24:58.000Z,/products,GET,200,219,FR,Desktop
2025-09-13T20:31:37.000Z,/,GET,200,54,GB,Mobile
2025-09-13T20:32:39.000Z,/products/:id,GET,200,24,US,Desktop
2025-09-13T20:33:40.000Z,/products,GET,200,177,BR,Desktop
2025-09-13T20:36:59.000Z,/products,GET,200,95,GB,Desktop
2025-09-13T20:41:26.000Z,/api/cart,POST,200,77,US,Mobile
2025-09-13T20:44:32.000Z,/search,GET,200,130,US,Desktop
2025-09-13T20:49:57.000Z,/products/:id,GET,401,53,JP,Desktop
2025-09-13T20:55:35.000Z,/products,GET,200,100,US,Mobile
2025-09-13T20:58:22.000Z,/cart,GET,200,31,FR,Mobile
2025-09-13T21:04:09.000Z,/cart,GET,200,110,US,Desktop
2025-09-13T21:08:15.000Z,/api/cart,POST,200,54,US,Mobile
2025-09-13T21:11:07.000Z,/,GET,200,34,GB,Mobile
2025-09-13T21:13:26.000Z,/cart,GET,200,55,BR,Desktop
2025-09-13T21:16:03.000Z,/products,GET,200,153,DE,Mobile
2025-09-13T21:16:26.000Z,/cart,GET,200,30,US,Tablet
2025-09-13T21:17:04.000Z,/products,GET,200,120,JP,Tablet
2025-09-13T21:17:32.000Z,/,GET,200,35,US,Desktop
2025-09-13T21:19:13.000Z,/,GET,200,37,US,Mobile
2025-09-13T21:24:45.000Z,/api/checkout,POST,200,463,US,Tablet
2025-09-13T21:29:05.000Z,/products/:id,GET,200,43,US,Desktop
2025-09-13T21:32:09.000Z,/products,GET,200,96,US,Mobile
2025-09-13T21:43:47.000Z,/api/cart,POST,200,68,US,Desktop
2025-09-13T21:53:26.000Z,/products/:id,GET,200,94,US,Desktop
2025-09-13T21:58:08.000Z,/cart,GET,200,43,IN,Desktop
2025-09-13T21:58:45.000Z,/cart,GET,200,80,GB,Mobile
2025-09-13T21:58:54.000Z,/products,GET,200,67,GB,Mobile
2025-09-13T22:05:25.000Z,/,GET,200,59,US,Desktop
2025-09-13T22:09:44.000Z,/cart,GET,200,69,IN,Mobile
2025-09-13T22:12:49.000Z,/products/:id,GET,404,73,IN,Tablet
2025-09-13T22:12:51.000Z,/search,GET,200,385,FR,Desktop
2025-09-13T22:14:17.000Z,/products,GET,200,120,DE,Mobile
2025-09-13T22:16:44.000Z,/products/:id,GET,404,58,US,Desktop
2025-09-13T22:21:05.000Z,/products/:id,GET,200,128,BR,Mobile
2025-09-13T22:23:01.000Z,/products/:id,GET,200,49,DE,Desktop
2025-09-13T22:23:04.000Z,/,GET,304,29,FR,Desktop
2025-09-13T22:41:46.000Z,/products,GET,200,58,FR,Mobile
2025-09-13T22:46:54.000Z,/products,GET,404,93,DE,Tablet
2025-09-13T22:47:25.000Z,/api/checkout,POST,200,181,US,Mobile
2025-09-13T22:47:32.000Z,/,GET,200,30,IN,Mobile
2025-09-13T22:48:33.000Z,/search,GET,200,176,JP,Tablet
2025-09-13T22:50:04.000Z,/products/:id,GET,200,70,US,Desktop
2025-09-13T22:52:27.000Z,/api/cart,POST,200,182,CA,Mobile
2025-09-13T23:09:54.000Z,/products/:id,GET,200,60,IN,Desktop
2025-09-13T23:17:18.000Z,/cart,GET,200,51,FR,Mobile
2025-09-13T23:19:24.000Z,/search,GET,200,155,DE,Desktop
2025-09-13T23:22:21.000Z,/,GET,200,45,BR,Desktop
2025-09-13T23:31:31.000Z,/products,GET,200,65,CA,Mobile
2025-09-13T23:32:42.000Z,/api/checkout,POST,200,222,GB,Desktop
2025-09-13T23:41:26.000Z,/,GET,200,43,JP,Desktop
2025-09-14T00:10:15.000Z,/,GET,200,31,IN,Mobile
2025-09-14T00:27:52.000Z,/,GET,200,79,US,Mobile
2025-09-14T00:45:10.000Z,/products/:id,GET,200,59,CA,Mobile
2025-09-14T00:46:50.000Z,/,GET,200,98,BR,Tablet
2025-09-14T00:49:35.000Z,/products/:id,GET,200,51,DE,Mobile
2025-09-14T00:50:17.000Z,/,GET,200,40,GB,Desktop
2025-09-14T00:55:31.000Z,/,GET,200,33,US,Mobile
2025-09-14T00:57:39.000Z,/products,GET,200,123,GB,Desktop
2025-09-14T00:59:10.000Z,/api/cart,POST,200,112,DE,Mobile
2025-09-14T01:01:51.000Z,/,GET,200,28,GB,Mobile
2025-09-14T01:02:10.000Z,/search,GET,200,132,GB,Desktop
2025-09-14T01:02:56.000Z,/cart,GET,200,79,US,Mobile
2025-09-14T01:03:44.000Z,/api/checkout,POST,200,380,DE,Desktop
2025-09-14T01:05:07.000Z,/search,GET,200,167,BR,Mobile
2025-09-14T01:09:16.000Z,/cart,GET,200,69,BR,Mobile
2025-09-14T01:16:25.000Z,/,GET,200,36,US,Tablet
2025-09-14T01:16:26.000Z,/products,GET,401,20,GB,Mobile
2025-09-14T01:21:55.000Z,/products/:id,GET,200,126,US,Tablet
2025-09-14T01:32:27.000Z,/products/:id,GET,200,144,FR,Mobile
2025-09-14T01:34:41.000Z,/products,GET,200,75,IN,Mobile
2025-09-14T01:49:48.000Z,/products/:id,GET,200,40,FR,Mobile
2025-09-14T01:52:36.000Z,/products,GET,200,53,US,Desktop
2025-09-14T01:55:06.000Z,/api/cart,POST,200,108,IN,Mobile
2025-09-14T01:55:27.000Z,/cart,GET,200,67,US,Desktop
2025-09-14T01:57:12.000Z,/api/checkout,POST,200,122,US,Mobile
2025-09-14T02:00:29.000Z,/,GET,200,16,DE,Mobile
2025-09-14T02:02:02.000Z,/search,GET,200,150,US,Desktop
2025-09-14T02:02:12.000Z,/,GET,200,84,US,Desktop
2025-09-14T02:02:52.000Z,/cart,GET,200,26,US,Mobile
2025-09-14T02:05:29.000Z,/api/cart,POST,200,89,JP,Desktop
2025-09-14T02:14:21.000Z,/products/:id,GET,200,56,JP,Desktop
2025-09-14T02:21:19.000Z,/api/checkout,POST,200,236,US,Desktop
2025-09-14T02:23:16.000Z,/api/checkout,POST,200,226,DE,Desktop
2025-09-14T02:30:05.000Z,/products,GET,200,84,IN,Desktop
2025-09-14T02:30:34.000Z,/products/:id,GET,200,56,DE,Tablet
2025-09-14T02:37:48.000Z,/cart,GET,200,43,US,Desktop
2025-09-14T02:39:12.000Z,/products/:id,GET,200,88,IN,Mobile
2025-09-14T02:49:50.000Z,/products/:id,GET,200,32,US,Desktop
2025-09-14T02:57:25.000Z,/,GET,200,39,FR,Desktop
2025-09-14T02:58:09.000Z,/api/checkout,POST,200,119,CA,Tablet
2025-09-14T02:59:46.000Z,/,GET,200,50,FR,Desktop
2025-09-14T03:01:15.000Z,/api/cart,POST,200,97,US,Mobile
2025-09-14T03:02:16.000Z,/products/:id,GET,404,80,DE,Mobile
2025-09-14T03:12:30.000Z,/products,GET,200,113,US,Desktop
2025-09-14T03:16:03.000Z,/search,GET,200,173,US,Mobile
2025-09-14T03:16:23.000Z,/,GET,200,81,CA,Desktop
2025-09-14T03:16:23.000Z,/products/:id,GET,404,49,GB,Tablet
2025-09-14T03:18:02.000Z,/products/:id,GET,200,50,DE,Mobile
2025-09-14T03:26:01.000Z,/products/:id,GET,200,59,IN,Desktop
2025-09-14T03:33:11.000Z,/cart,GET,200,23,US,Desktop
2025-09-14T03:39:46.000Z,/,GET,304,35,US,Mobile
2025-09-14T03:45:14.000Z,/,GET,200,24,US,Mobile
2025-09-14T03:48:05.000Z,/products/:id,GET,404,79,US,Mobile
2025-09-14T04:06:51.000Z,/search,GET,200,207,US,Desktop
2025-09-14T04:09:25.000Z,/products,GET,200,62,DE,Desktop
2025-09-14T04:09:39.000Z,/cart,GET,200,59,US,Mobile
2025-09-14T04:13:27.000Z,/api/cart,POST,200,171,US,Desktop
2025-09-14T04:21:33.000Z,/cart,GET,200,47,BR,Desktop
2025-09-14T04:33:26.000Z,/products,GET,304,79,US,Desktop
2025-09-14T04:37:49.000Z,/products/:id,GET,200,54,IN,Mobile
2025-09-14T04:42:28.000Z,/products/:id,GET,200,74,IN,Mobile
2025-09-14T04:48:20.000Z,/cart,GET,200,25,BR,Desktop
2025-09-14T04:53:30.000Z,/search,GET,200,173,US,Desktop
2025-09-14T04:56:15.000Z,/api/cart,POST,200,63,US,Tablet
2025-09-14T05:00:48.000Z,/,GET,200,45,US,Desktop
2025-09-14T05:01:11.000Z,/,GET,200,41,CA,Tablet
2025-09-14T05:04:01.000Z,/products,GET,200,103,US,Desktop
2025-09-14T05:07:43.000Z,/account,GET,200,144,JP,Mobile
2025-09-14T05:10:09.000Z,/products,GET,200,126,US,Mobile
2025-09-14T05:10:37.000Z,/products,GET,200,66,US,Desktop
2025-09-14T05:11:45.000Z,/cart,GET,200,83,IN,Desktop
2025-09-14T05:13:40.000Z,/search,GET,200,151,JP,Tablet
2025-09-14T05:16:36.000Z,/products,GET,200,37,GB,Desktop
2025-09-14T05:22:08.000Z,/products,GET,200,73,DE,Mobile
2025-09-14T05:30:34.000Z,/,GET,200,21,DE,Mobile
2025-09-14T05:38:31.000Z,/products/:id,GET,200,75,GB,Mobile
2025-09-14T05:46:08.000Z,/,GET,200,65,US,Mobile
2025-09-14T05:52:53.000Z,/api/cart,POST,200,74,US,Mobile
2025-09-14T06:12:41.000Z,/cart,GET,200,25,US,Mobile
2025-09-14T06:19:35.000Z,/products/:id,GET,200,91,IN,Mobile
2025-09-14T06:22:04.000Z,/products,GET,200,78,US,Desktop
2025-09-14T06:22:07.000Z,/,GET,200,28,DE,Desktop
2025-09-14T06:22:47.000Z,/,GET,200,38,US,Desktop
2025-09-14T06:26:49.000Z,/,GET,200,27,US,Desktop
2025-09-14T06:27:33.000Z,/products,GET,401,78,JP,Desktop
2025-09-14T06:30:59.000Z,/products,GET,200,48,CA,Tablet
2025-09-14T06:31:08.000Z,/,GET,200,28,FR,Tablet
2025-09-14T06:31:45.000Z,/api/checkout,POST,200,104,IN,Mobile
2025-09-14T06:33:44.000Z,/,GET,200,19,FR,Mobile
2025-09-14T06:36:28.000Z,/search,GET,200,90,CA,Desktop
2025-09-14T06:38:48.000Z,/,GET,200,71,CA,Mobile
2025-09-14T06:39:37.000Z,/api/checkout,POST,200,322,IN,Mobile
2025-09-14T06:50:01.000Z,/api/checkout,POST,200,122,DE,Desktop
2025-09-14T06:50:10.000Z,/account,GET,200,63,JP,Mobile
2025-09-14T06:56:14.000Z,/,GET,200,55,DE,Desktop
2025-09-14T06:58:33.000Z,/products/:id,GET,200,57,CA,Mobile
2025-09-14T06:59:31.000Z,/products/:id,GET,200,38,CA,Desktop
2025-09-14T06:59:42.000Z,/cart,GET,200,50,FR,Mobile
2025-09-14T07:07:21.000Z,/products,GET,200,90,US,Desktop
2025-09-14T07:11:34.000Z,/,GET,200,43,US,Mobile
2025-09-14T07:13:10.000Z,/search,GET,200,186,CA,Tablet
2025-09-14T07:14:55.000Z,/products/:id,GET,200,128,US,Desktop
2025-09-14T07:15:59.000Z,/api/cart,POST,200,110,US,Desktop
2025-09-14T07:17:47.000Z,/,GET,200,27,US,Desktop
2025-09-14T07:19:24.000Z,/cart,GET,200,44,US,Mobile
2025-09-14T07:21:01.000Z,/search,GET,200,395,US,Mobile
2025-09-14T07:22:55.000Z,/account,GET,200,155,IN,Desktop
2025-09-14T07:25:13.000Z,/products,GET,200,193,US,Desktop
2025-09-14T07:25:58.000Z,/,GET,200,23,BR,Mobile
2025-09-14T07:31:51.000Z,/,GET,200,84,US,Desktop
2025-09-14T07:32:50.000Z,/search,GET,200,146,US,Desktop
2025-09-14T07:34:57.000Z,/products/:id,GET,200,60,US,Desktop
2025-09-14T07:42:59.000Z,/cart,GET,200,47,FR,Tablet
2025-09-14T07:43:28.000Z,/search,GET,200,92,IN,Mobile
2025-09-14T07:47:21.000Z,/api/checkout,POST,200,245,CA,Mobile
2025-09-14T07:51:03.000Z,/search,GET,200,73,FR,Mobile
2025-09-14T07:56:58.000Z,/search,GET,200,118,US,Desktop
2025-09-14T08:01:37.000Z,/,GET,200,32,IN,Desktop
2025-09-14T08:02:42.000Z,/,GET,200,39,BR,Mobile
2025-09-14T08:04:45.000Z,/,GET,200,14,JP,Mobile
2025-09-14T08:09:54.000Z,/products/:id,GET,200,24,BR,Desktop
2025-09-14T08:13:10.000Z,/,GET,401,35,IN,Mobile
2025-09-14T08:16:36.000Z,/api/cart,POST,200,39,JP,Desktop
2025-09-14T08:16:56.000Z,/products/:id,GET,200,78,IN,Desktop
2025-09-14T08:18:55.000Z,/products,GET,200,147,GB,Mobile
2025-09-14T08:23:14.000Z,/search,GET,200,89,US,Desktop
2025-09-14T08:23:26.000Z,/cart,GET,200,60,GB,Mobile
2025-09-14T08:24:08.000Z,/,GET,200,32,GB,Desktop
2025-09-14T08:24:33.000Z,/products/:id,GET,200,84,US,Mobile
2025-09-14T08:31:52.000Z,/,GET,200,86,US,Mobile
2025-09-14T08:32:31.000Z,/api/cart,POST,200,102,FR,Mobile
2025-09-14T08:44:46.000Z,/cart,GET,200,42,FR,Mobile
2025-09-14T08:46:21.000Z,/cart,GET,200,56,BR,Mobile
2025-09-14T08:50:21.000Z,/api/checkout,POST,200,217,DE,Desktop
2025-09-14T08:50:32.000Z,/cart,GET,200,53,JP,Tablet
2025-09-14T08:53:36.000Z,/search,GET,200,267,US,Mobile
2025-09-14T08:55:00.000Z,/,GET,200,25,US,Desktop
2025-09-14T08:56:02.000Z,/api/cart,POST,200,82,JP,Mobile
2025-09-14T08:57:46.000Z,/products,GET,200,166,JP,Desktop
2025-09-14T09:01:27.000Z,/,GET,200,54,FR,Mobile
2025-09-14T09:02:02.000Z,/cart,GET,200,44,BR,Mobile
2025-09-14T09:02:28.000Z,/api/checkout,POST,200,170,US,Mobile
2025-09-14T09:03:13.000Z,/products,GET,304,120,CA,Desktop
2025-09-14T09:03:19.000Z,/account,GET,200,47,US,Mobile
2025-09-14T09:05:47.000Z,/,GET,200,61,CA,Desktop
2025-09-14T09:16:03.000Z,/products,GET,200,61,US,Desktop
2025-09-14T09:16:31.000Z,/products/:id,GET,200,115,US,Mobile
2025-09-14T09:16:56.000Z,/products/:id,GET,200,113,US,Desktop
2025-09-14T09:22:05.000Z,/,GET,200,19,US,Mobile
2025-09-14T09:22:20.000Z,/api/cart,POST,200,68,US,Mobile
2025-09-14T09:22:26.000Z,/search,GET,200,201,DE,Desktop
2025-09-14T09:23:13.000Z,/products,GET,200,110,CA,Desktop
2025-09-14T09:27:27.000Z,/,GET,200,68,GB,Mobile
2025-09-14T09:28:55.000Z,/search,GET,200,154,US,Tablet
2025-09-14T09:29:29.000Z,/products,GET,200,83,US,Mobile
2025-09-14T09:32:43.000Z,/products,GET,200,81,GB,Mobile
2025-09-14T09:41:21.000Z,/search,GET,200,134,US,Desktop
2025-09-14T09:42:22.000Z,/search,GET,200,155,IN,Mobile
2025-09-14T09:49:08.000Z,/api/checkout,POST,200,330,US,Desktop
2025-09-14T09:51:27.000Z,/,GET,200,53,US,Mobile
2025-09-14T09:54:05.000Z,/search,GET,200,195,GB,Mobile
2025-09-14T09:56:41.000Z,/api/cart,POST,200,133,US,Mobile
2025-09-14T09:58:38.000Z,/products,GET,200,51,BR,Mobile
2025-09-14T10:02:44.000Z,/products/:id,GET,200,74,US,Mobile
2025-09-14T10:04:27.000Z,/products,GET,200,92,IN,Mobile
2025-09-14T10:05:35.000Z,/products/:id,GET,200,34,JP,Tablet
2025-09-14T10:05:54.000Z,/cart,GET,200,58,CA,Desktop
2025-09-14T10:08:54.000Z,/products,GET,200,83,DE,Tablet
2025-09-14T10:11:27.000Z,/api/cart,POST,200,223,FR,Desktop
2025-09-14T10:12:51.000Z,/search,GET,200,168,CA,Mobile
2025-09-14T10:15:11.000Z,/account,GET,200,106,GB,Desktop
2025-09-14T10:22:01.000Z,/search,GET,200,162,US,Mobile
2025-09-14T10:23:51.000Z,/,GET,200,58,US,Mobile
2025-09-14T10:23:58.000Z,/products,GET,200,32,IN,Desktop
2025-09-14T10:25:54.000Z,/,GET,200,67,IN,Mobile
2025-09-14T10:25:57.000Z,/,GET,200,38,DE,Tablet
2025-09-14T10:26:05.000Z,/search,GET,200,186,US,Tablet
2025-09-14T10:26:34.000Z,/products/:id,GET,200,29,IN,Mobile
2025-09-14T10:28:12.000Z,/products,GET,200,119,GB,Desktop
2025-09-14T10:28:30.000Z,/search,GET,404,145,FR,Desktop
2025-09-14T10:30:40.000Z,/products,GET,200,70,DE,Mobile
2025-09-14T10:32:27.000Z,/api/checkout,POST,200,129,FR,Mobile
2025-09-14T10:32:28.000Z,/search,GET,200,141,DE,Desktop
2025-09-14T10:34:22.000Z,/products/:id,GET,200,39,US,Tablet
2025-09-14T10:35:50.000Z,/search,GET,200,118,GB,Desktop
2025-09-14T10:39:49.000Z,/,GET,200,20,FR,Mobile
2025-09-14T10:40:48.000Z,/products/:id,GET,200,125,JP,Desktop
2025-09-14T10:43:50.000Z,/products/:id,GET,200,79,US,Desktop
2025-09-14T10:44:08.000Z,/products,GET,200,198,DE,Mobile
2025-09-14T10:47:56.000Z,/api/cart,POST,200,92,US,Desktop
2025-09-14T10:48:38.000Z,/,GET,401,27,US,Mobile
2025-09-14T10:51:02.000Z,/search,GET,200,92,FR,Desktop
2025-09-14T10:51:07.000Z,/search,GET,200,272,CA,Desktop
2025-09-14T10:54:13.000Z,/products,GET,200,83,US,Mobile
2025-09-14T10:55:01.000Z,/products/:id,GET,200,115,US,Mobile
2025-09-14T10:55:48.000Z,/products/:id,GET,200,70,IN,Mobile
2025-09-14T10:56:18.000Z,/,GET,200,29,US,Desktop
2025-09-14T10:56:54.000Z,/search,GET,200,221,FR,Mobile
2025-09-14T10:57:36.000Z,/,GET,200,44,IN,Desktop
2025-09-14T10:59:57.000Z,/,GET,200,24,US,Desktop
2025-09-14T11:03:31.000Z,/api/cart,POST,200,53,CA,Desktop
2025-09-14T11:09:16.000Z,/api/checkout,POST,404,152,CA,Mobile
2025-09-14T11:10:08.000Z,/cart,GET,200,19,GB,Mobile
2025-09-14T11:11:12.000Z,/cart,GET,200,35,CA,Mobile
2025-09-14T11:11:20.000Z,/,GET,200,44,BR,Mobile
2025-09-14T11:12:14.000Z,/cart,GET,200,56,IN,Desktop
2025-09-14T11:13:00.000Z,/api/checkout,POST,200,272,GB,Mobile
2025-09-14T11:15:00.000Z,/api/cart,POST,200,85,IN,Desktop
2025-09-14T11:18:14.000Z,/products,GET,200,157,GB,Mobile
2025-09-14T11:27:28.000Z,/,GET,200,49,US,Mobile
2025-09-14T11:28:47.000Z,/products,GET,200,57,US,Desktop
2025-09-14T11:29:40.000Z,/products,GET,200,89,DE,Desktop
2025-09-14T11:29:49.000Z,/cart,GET,200,100,GB,Mobile
2025-09-14T11:29:56.000Z,/account,GET,200,124,GB,Mobile
2025-09-14T11:30:14.000Z,/api/cart,POST,200,73,GB,Mobile
2025-09-14T11:30:37.000Z,/search,GET,200,136,GB,Desktop
2025-09-14T11:31:44.000Z,/cart,GET,200,115,US,Desktop
2025-09-14T11:32:39.000Z,/api/cart,POST,200,47,US,Desktop
2025-09-14T11:36:05.000Z,/products/:id,GET,200,162,US,Desktop
2025-09-14T11:36:12.000Z,/cart,GET,200,121,CA,Desktop
2025-09-14T11:37:09.000Z,/products,GET,200,71,FR,Desktop
2025-09-14T11:40:45.000Z,/products/:id,GET,200,39,US,Desktop
2025-09-14T11:48:08.000Z,/products,GET,200,78,FR,Desktop
2025-09-14T11:48:56.000Z,/products,GET,200,81,US,Mobile
2025-09-14T11:51:22.000Z,/,GET,200,80,US,Mobile
2025-09-14T11:52:11.000Z,/,GET,200,67,US,Desktop
2025-09-14T11:55:41.000Z,/,GET,200,26,IN,Mobile
2025-09-14T12:00:06.000Z,/,GET,200,43,CA,Desktop
2025-09-14T12:01:06.000Z,/search,GET,200,96,JP,Mobile
2025-09-14T12:02:28.000Z,/products,GET,200,110,BR,Desktop
2025-09-14T12:04:30.000Z,/search,GET,200,133,FR,Mobile
2025-09-14T12:05:57.000Z,/,GET,200,36,GB,Desktop
2025-09-14T12:07:01.000Z,/,GET,200,41,FR,Mobile
2025-09-14T12:07:16.000Z,/search,GET,304,46,GB,Mobile
2025-09-14T12:07:44.000Z,/api/cart,POST,200,71,US,Mobile
2025-09-14T12:07:59.000Z,/products,GET,200,159,DE,Desktop
2025-09-14T12:08:24.000Z,/api/cart,POST,200,113,JP,Desktop
2025-09-14T12:08:56.000Z,/search,GET,200,164,US,Desktop
2025-09-14T12:11:01.000Z,/,GET,200,34,FR,Mobile
2025-09-14T12:12:20.000Z,/api/checkout,POST,200,241,US,Mobile
2025-09-14T12:12:28.000Z,/cart,GET,200,33,US,Mobile
2025-09-14T12:12:49.000Z,/products,GET,200,139,US,Desktop
2025-09-14T12:13:06.000Z,/,GET,200,26,CA,Mobile
2025-09-14T12:17:22.000Z,/,GET,404,37,GB,Tablet
2025-09-14T12:18:17.000Z,/products,GET,200,100,US,Mobile
2025-09-14T12:24:00.000Z,/products/:id,GET,200,34,US,Mobile
2025-09-14T12:24:07.000Z,/products/:id,GET,200,55,CA,Mobile
2025-09-14T12:24:24.000Z,/products/:id,GET,200,75,US,Mobile
2025-09-14T12:26:52.000Z,/api/checkout,POST,200,281,GB,Desktop
2025-09-14T12:29:59.000Z,/cart,GET,200,23,US,Desktop
2025-09-14T12:30:32.000Z,/,GET,200,30,US,Desktop
2025-09-14T12:36:52.000Z,/products,GET,200,83,US,Mobile
2025-09-14T12:38:45.000Z,/search,GET,200,191,BR,Desktop
2025-09-14T12:40:35.000Z,/products,GET,200,39,US,Desktop
2025-09-14T12:41:26.000Z,/cart,GET,200,61,US,Mobile
2025-09-14T12:42:47.000Z,/search,GET,200,329,US,Desktop
2025-09-14T12:43:34.000Z,/products,GET,200,144,BR,Desktop
2025-09-14T12:47:11.000Z,/api/cart,POST,200,152,IN,Tablet
2025-09-14T12:47:45.000Z,/,GET,200,55,US,Desktop
2025-09-14T12:51:42.000Z,/products,GET,200,43,JP,Desktop
2025-09-14T12:52:19.000Z,/api/cart,POST,200,69,JP,Mobile
2025-09-14T12:52:29.000Z,/account,GET,200,71,GB,Desktop
2025-09-14T12:53:55.000Z,/products/:id,GET,200,69,GB,Desktop
2025-09-14T12:54:17.000Z,/,GET,200,29,US,Mobile
2025-09-14T12:58:13.000Z,/,GET,200,32,DE,Tablet
2025-09-14T13:00:50.000Z,/products,GET,200,79,US,Desktop
2025-09-14T13:05:49.000Z,/cart,GET,200,55,US,Mobile
2025-09-14T13:07:24.000Z,/,GET,200,95,JP,Mobile
2025-09-14T13:07:26.000Z,/,GET,200,59,US,Mobile
2025-09-14T13:07:34.000Z,/products/:id,GET,200,31,CA,Mobile
2025-09-14T13:07:35.000Z,/,GET,200,26,US,Desktop
2025-09-14T13:10:48.000Z,/,GET,200,43,CA,Tablet
2025-09-14T13:11:06.000Z,/products/:id,GET,200,56,IN,Desktop
2025-09-14T13:14:24.000Z,/cart,GET,200,52,US,Desktop
2025-09-14T13:15:45.000Z,/,GET,200,37,US,Desktop
2025-09-14T13:17:09.000Z,/products,GET,200,61,GB,Mobile
2025-09-14T13:21:07.000Z,/products/:id,GET,200,49,IN,Tablet
2025-09-14T13:22:16.000Z,/,GET,200,73,US,Desktop
2025-09-14T13:25:14.000Z,/account,GET,200,57,FR,Desktop
2025-09-14T13:28:36.000Z,/cart,GET,200,44,US,Desktop
2025-09-14T13:28:37.000Z,/cart,GET,200,20,JP,Tablet
2025-09-14T13:31:54.000Z,/products/:id,GET,200,26,US,Tablet
2025-09-14T13:36:46.000Z,/,GET,200,90,CA,Desktop
2025-09-14T13:36:49.000Z,/,GET,200,24,US,Tablet
2025-09-14T13:38:16.000Z,/products,GET,200,70,IN,Desktop
2025-09-14T13:38:41.000Z,/,GET,200,54,JP,Desktop
2025-09-14T13:38:58.000Z,/search,GET,200,269,FR,Desktop
2025-09-14T13:39:50.000Z,/products,GET,200,55,GB,Mobile
2025-09-14T13:40:21.000Z,/products,GET,200,111,FR,Desktop
2025-09-14T13:41:36.000Z,/products,GET,200,132,US,Mobile
2025-09-14T13:47:46.000Z,/,GET,200,48,US,Mobile
2025-09-14T13:53:41.000Z,/products,GET,200,215,US,Desktop
2025-09-14T13:53:54.000Z,/account,GET,200,119,JP,Desktop
2025-09-14T13:53:55.000Z,/products/:id,GET,200,103,IN,Desktop
2025-09-14T13:54:29.000Z,/api/checkout,POST,200,259,DE,Mobile
2025-09-14T13:55:03.000Z,/,GET,200,91,DE,Mobile
2025-09-14T13:55:37.000Z,/,GET,200,25,DE,Mobile
2025-09-14T13:57:29.000Z,/,GET,200,16,US,Mobile
2025-09-14T13:57:33.000Z,/,GET,304,83,FR,Desktop
2025-09-14T14:02:43.000Z,/products,GET,200,87,IN,Mobile
2025-09-14T14:02:44.000Z,/products,GET,200,100,FR,Desktop
2025-09-14T14:05:22.000Z,/api/cart,POST,200,260,GB,Desktop
2025-09-14T14:07:29.000Z,/products/:id,GET,200,99,GB,Mobile
2025-09-14T14:11:20.000Z,/products/:id,GET,200,51,US,Desktop
2025-09-14T14:12:18.000Z,/search,GET,404,64,CA,Mobile
2025-09-14T14:13:56.000Z,/products/:id,GET,200,60,JP,Mobile
2025-09-14T14:17:19.000Z,/products,GET,200,76,US,Mobile
2025-09-14T14:22:05.000Z,/products,GET,200,49,US,Mobile
2025-09-14T14:23:38.000Z,/search,GET,200,157,FR,Mobile
2025-09-14T14:24:49.000Z,/products,GET,200,86,DE,Mobile
2025-09-14T14:29:12.000Z,/api/cart,POST,200,25,CA,Mobile
2025-09-14T14:32:28.000Z,/,GET,200,63,US,Desktop
2025-09-14T14:34:46.000Z,/products,GET,200,42,GB,Desktop
2025-09-14T14:35:25.000Z,/products,GET,200,85,IN,Desktop
2025-09-14T14:38:49.000Z,/products/:id,GET,200,37,IN,Desktop
2025-09-14T14:41:34.000Z,/products,GET,200,70,IN,Mobile
2025-09-14T14:44:14.000Z,/products/:id,GET,200,30,US,Desktop
2025-09-14T14:47:48.000Z,/products,GET,200,127,US,Mobile
2025-09-14T14:51:00.000Z,/search,GET,200,175,US,Desktop
2025-09-14T14:53:08.000Z,/cart,GET,200,38,GB,Mobile
2025-09-14T14:56:17.000Z,/search,GET,200,130,US,Desktop
2025-09-14T14:57:50.000Z,/products,GET,304,87,US,Desktop
2025-09-14T14:59:26.000Z,/products/:id,GET,200,69,US,Mobile
2025-09-14T15:02:51.000Z,/account,GET,200,47,US,Desktop
2025-09-14T15:03:37.000Z,/api/cart,POST,200,197,FR,Mobile
2025-09-14T15:07:15.000Z,/api/checkout,POST,200,93,DE,Desktop
2025-09-14T15:08:13.000Z,/,GET,200,38,FR,Desktop
2025-09-14T15:09:17.000Z,/products,GET,200,65,US,Desktop
2025-09-14T15:09:50.000Z,/cart,GET,200,42,JP,Desktop
2025-09-14T15:11:28.000Z,/search,GET,200,114,US,Mobile
2025-09-14T15:15:01.000Z,/,GET,200,28,BR,Desktop
2025-09-14T15:16:31.000Z,/products,GET,200,177,CA,Desktop
2025-09-14T15:22:08.000Z,/api/cart,POST,200,95,CA,Mobile
2025-09-14T15:24:03.000Z,/,GET,200,154,US,Desktop
2025-09-14T15:28:06.000Z,/products/:id,GET,200,51,IN,Desktop
2025-09-14T15:29:05.000Z,/,GET,200,69,GB,Mobile
2025-09-14T15:31:08.000Z,/products/:id,GET,200,48,BR,Mobile
2025-09-14T15:32:06.000Z,/,GET,200,25,IN,Mobile
2025-09-14T15:32:34.000Z,/products,GET,200,87,US,Mobile
2025-09-14T15:33:49.000Z,/search,GET,200,320,DE,Mobile
2025-09-14T15:34:54.000Z,/,GET,200,43,IN,Mobile
2025-09-14T15:35:48.000Z,/,GET,200,21,US,Desktop
2025-09-14T15:36:18.000Z,/,GET,200,69,BR,Desktop
2025-09-14T15:37:39.000Z,/products/:id,GET,200,58,US,Tablet
2025-09-14T15:37:52.000Z,/api/checkout,POST,200,313,IN,Mobile
2025-09-14T15:39:08.000Z,/products,GET,200,46,GB,Desktop
2025-09-14T15:40:12.000Z,/products,GET,401,38,IN,Desktop
2025-09-14T15:40:25.000Z,/products,GET,200,52,FR,Mobile
2025-09-14T15:41:13.000Z,/products,GET,200,50,JP,Mobile
2025-09-14T15:41:15.000Z,/products,GET,200,81,JP,Mobile
2025-09-14T15:42:01.000Z,/,GET,200,39,GB,Mobile
2025-09-14T15:42:29.000Z,/api/checkout,POST,200,280,GB,Mobile
2025-09-14T15:47:26.000Z,/products,GET,200,82,US,Desktop
2025-09-14T15:48:32.000Z,/search,GET,200,157,BR,Tablet
2025-09-14T15:51:45.000Z,/products/:id,GET,200,97,US,Desktop
2025-09-14T15:51:56.000Z,/,GET,200,58,US,Mobile
2025-09-14T15:54:44.000Z,/products/:id,GET,200,71,US,Mobile
2025-09-14T15:59:41.000Z,/cart,GET,200,79,GB,Mobile
2025-09-14T16:00:40.000Z,/api/checkout,POST,200,75,JP,Mobile
2025-09-14T16:01:36.000Z,/products/:id,GET,200,45,DE,Desktop
2025-09-14T16:06:49.000Z,/,GET,200,22,US,Mobile
2025-09-14T16:11:38.000Z,/products,GET,200,115,US,Desktop
2025-09-14T16:12:51.000Z,/products/:id,GET,200,136,IN,Desktop
2025-09-14T16:16:34.000Z,/cart,GET,200,73,JP,Desktop
2025-09-14T16:17:05.000Z,/cart,GET,200,36,US,Desktop
2025-09-14T16:18:21.000Z,/products,GET,200,131,GB,Desktop
2025-09-14T16:22:24.000Z,/,GET,200,37,US,Tablet
2025-09-14T16:23:05.000Z,/search,GET,200,154,IN,Desktop
2025-09-14T16:23:24.000Z,/products,GET,200,152,US,Mobile
2025-09-14T16:24:47.000Z,/cart,GET,200,107,US,Tablet
2025-09-14T16:28:04.000Z,/search,GET,200,130,DE,Mobile
2025-09-14T16:33:22.000Z,/cart,GET,200,61,FR,Mobile
2025-09-14T16:36:35.000Z,/,GET,304,62,US,Desktop
2025-09-14T16:37:46.000Z,/cart,GET,200,46,DE,Desktop
2025-09-14T16:39:57.000Z,/products/:id,GET,200,103,FR,Mobile
2025-09-14T16:44:14.000Z,/,GET,200,97,DE,Desktop
2025-09-14T16:47:08.000Z,/,GET,200,86,US,Desktop
2025-09-14T16:48:20.000Z,/account,GET,304,57,GB,Mobile
2025-09-14T16:52:24.000Z,/,GET,200,86,US,Mobile
2025-09-14T16:53:45.000Z,/api/checkout,POST,200,205,IN,Desktop
2025-09-14T16:59:12.000Z,/,GET,200,26,IN,Mobile
2025-09-14T17:01:36.000Z,/,GET,200,117,IN,Mobile
2025-09-14T17:01:54.000Z,/search,GET,200,285,US,Desktop
2025-09-14T17:03:33.000Z,/search,GET,200,79,CA,Mobile
2025-09-14T17:06:34.000Z,/products/:id,GET,200,46,US,Desktop
2025-09-14T17:10:39.000Z,/products/:id,GET,200,126,US,Desktop
2025-09-14T17:13:09.000Z,/api/cart,POST,200,80,US,Desktop
2025-09-14T17:15:15.000Z,/api/cart,POST,200,164,GB,Desktop
2025-09-14T17:20:56.000Z,/products/:id,GET,200,35,DE,Mobile
2025-09-14T17:23:07.000Z,/search,GET,200,135,GB,Mobile
2025-09-14T17:27:34.000Z,/products/:id,GET,200,51,US,Desktop
2025-09-14T17:28:35.000Z,/,GET,200,33,US,Tablet
2025-09-14T17:29:15.000Z,/products,GET,200,41,JP,Mobile
2025-09-14T17:32:35.000Z,/products/:id,GET,200,54,JP,Desktop
2025-09-14T17:35:05.000Z,/search,GET,200,173,US,Desktop
2025-09-14T17:37:39.000Z,/products/:id,GET,200,50,US,Mobile
2025-09-14T17:40:30.000Z,/api/cart,POST,404,61,FR,Desktop
2025-09-14T17:43:12.000Z,/cart,GET,200,63,GB,Desktop
2025-09-14T17:43:46.000Z,/,GET,200,156,BR,Tablet
2025-09-14T17:49:04.000Z,/products/:id,GET,200,73,US,Desktop
2025-09-14T17:49:21.000Z,/products/:id,GET,401,76,JP,Tablet
2025-09-14T17:49:39.000Z,/search,GET,200,179,CA,Desktop
2025-09-14T17:55:50.000Z,/,GET,200,33,GB,Mobile
2025-09-14T17:59:47.000Z,/products,GET,200,55,US,Mobile
2025-09-14T18:00:27.000Z,/api/cart,POST,401,246,US,Mobile
2025-09-14T18:02:00.000Z,/cart,GET,200,44,CA,Desktop
2025-09-14T18:04:09.000Z,/,GET,200,78,DE,Desktop
2025-09-14T18:04:54.000Z,/products,GET,200,47,IN,Mobile
2025-09-14T18:06:13.000Z,/api/cart,POST,200,107,DE,Desktop
2025-09-14T18:07:59.000Z,/,GET,200,70,US,Mobile
2025-09-14T18:10:34.000Z,/products,GET,200,77,JP,Mobile
2025-09-14T18:11:40.000Z,/api/checkout,POST,200,116,FR,Mobile
2025-09-14T18:13:10.000Z,/products/:id,GET,304,56,US,Mobile
2025-09-14T18:19:28.000Z,/products,GET,200,57,US,Mobile
2025-09-14T18:23:55.000Z,/api/checkout,POST,200,272,US,Desktop
2025-09-14T18:29:19.000Z,/products/:id,GET,200,43,US,Mobile
2025-09-14T18:40:47.000Z,/,GET,200,32,FR,Mobile
2025-09-14T18:44:26.000Z,/api/cart,POST,200,89,GB,Tablet
2025-09-14T18:49:29.000Z,/,GET,200,72,CA,Mobile
2025-09-14T18:52:54.000Z,/,GET,200,33,BR,Tablet
2025-09-14T18:53:30.000Z,/cart,GET,200,102,US,Mobile
2025-09-14T18:55:44.000Z,/products,GET,200,51,US,Mobile
2025-09-14T18:56:44.000Z,/account,GET,200,104,IN,Tablet
2025-09-14T18:57:50.000Z,/,GET,304,50,FR,Mobile
2025-09-14T19:00:17.000Z,/search,GET,200,221,JP,Desktop
2025-09-14T19:15:03.000Z,/products/:id,GET,200,60,US,Mobile
2025-09-14T19:16:28.000Z,/,GET,500,58,CA,Mobile
2025-09-14T19:17:00.000Z,/,GET,200,60,FR,Mobile
2025-09-14T19:22:18.000Z,/,GET,200,64,IN,Desktop
2025-09-14T19:26:46.000Z,/products,GET,200,88,US,Desktop
2025-09-14T19:28:26.000Z,/cart,GET,200,35,US,Mobile
2025-09-14T19:29:31.000Z,/api/cart,POST,200,99,JP,Desktop
2025-09-14T19:30:11.000Z,/account,GET,404,107,CA,Mobile
2025-09-14T19:35:15.000Z,/search,GET,200,162,DE,Desktop
2025-09-14T19:36:55.000Z,/products/:id,GET,200,42,US,Desktop
2025-09-14T19:43:35.000Z,/cart,GET,304,108,US,Mobile
2025-09-14T19:45:02.000Z,/products,GET,200,63,JP,Mobile
2025-09-14T19:45:07.000Z,/products/:id,GET,200,45,US,Desktop
2025-09-14T19:53:04.000Z,/products,GET,200,63,US,Mobile
2025-09-14T19:57:34.000Z,/search,GET,200,261,US,Desktop
2025-09-14T20:02:46.000Z,/,GET,200,64,JP,Desktop
2025-09-14T20:04:57.000Z,/products,GET,200,89,US,Mobile
2025-09-14T20:06:29.000Z,/products,GET,200,91,US,Mobile
2025-09-14T20:07:08.000Z,/products,GET,200,85,IN,Desktop
2025-09-14T20:07:58.000Z,/products/:id,GET,200,67,US,Mobile
2025-09-14T20:17:43.000Z,/account,GET,200,118,FR,Desktop
2025-09-14T20:22:25.000Z,/cart,GET,200,173,FR,Mobile
2025-09-14T20:28:07.000Z,/products,GET,200,84,GB,Mobile
2025-09-14T20:28:24.000Z,/products,GET,200,107,US,Desktop
2025-09-14T20:29:31.000Z,/search,GET,200,97,DE,Mobile
2025-09-14T20:30:14.000Z,/search,GET,200,134,JP,Desktop
2025-09-14T20:31:48.000Z,/,GET,200,33,IN,Mobile
2025-09-14T20:34:54.000Z,/products/:id,GET,304,52,CA,Desktop
2025-09-14T20:43:21.000Z,/,GET,200,88,US,Mobile
2025-09-14T20:48:07.000Z,/products,GET,200,92,US,Mobile
2025-09-14T20:53:57.000Z,/api/cart,POST,200,91,US,Desktop
2025-09-14T20:54:10.000Z,/products/:id,GET,200,51,BR,Mobile
2025-09-14T21:08:16.000Z,/products,GET,200,33,CA,Mobile
2025-09-14T21:23:32.000Z,/api/cart,POST,200,69,BR,Desktop
2025-09-14T21:30:07.000Z,/api/cart,POST,200,61,IN,Mobile
2025-09-14T21:31:22.000Z,/search,GET,200,95,US,Desktop
2025-09-14T21:41:08.000Z,/api/checkout,POST,200,94,US,Desktop
2025-09-14T21:48:30.000Z,/cart,GET,200,54,CA,Mobile
2025-09-14T21:53:29.000Z,/api/cart,POST,200,90,US,Desktop
2025-09-14T22:03:16.000Z,/,GET,200,29,US,Mobile
2025-09-14T22:04:14.000Z,/products/:id,GET,200,51,US,Desktop
2025-09-14T22:07:32.000Z,/products,GET,200,90,CA,Mobile
2025-09-14T22:18:52.000Z,/products/:id,GET,200,62,US,Mobile
2025-09-14T22:19:20.000Z,/cart,GET,200,68,US,Mobile
2025-09-14T22:20:54.000Z,/products/:id,GET,200,290,BR,Mobile
2025-09-14T22:31:13.000Z,/api/cart,POST,200,99,US,Tablet
2025-09-14T22:41:38.000Z,/,GET,200,31,FR,Mobile
2025-09-14T22:48:45.000Z,/search,GET,200,64,GB,Desktop
2025-09-14T22:55:13.000Z,/products,GET,200,155,BR,Desktop
2025-09-14T23:04:08.000Z,/products/:id,GET,200,56,US,Mobile
2025-09-14T23:15:08.000Z,/api/checkout,POST,200,245,DE,Desktop
2025-09-14T23:15:44.000Z,/products,GET,200,105,GB,Mobile
2025-09-14T23:24:27.000Z,/products,GET,200,104,US,Desktop
2025-09-14T23:32:10.000Z,/search,GET,200,56,US,Mobile
2025-09-14T23:32:23.000Z,/search,GET,200,225,DE,Desktop
2025-09-14T23:34:27.000Z,/,GET,200,68,US,Mobile
2025-09-14T23:40:15.000Z,/,GET,200,69,IN,Desktop
2025-09-14T23:55:07.000Z,/search,GET,200,239,US,Mobile
2025-09-15T00:01:32.000Z,/account,GET,200,69,CA,Desktop
2025-09-15T00:11:34.000Z,/products,GET,200,75,FR,Desktop
2025-09-15T00:15:06.000Z,/account,GET,200,136,GB,Desktop
2025-09-15T00:19:11.000Z,/products,GET,200,48,US,Desktop
2025-09-15T00:25:52.000Z,/api/cart,POST,200,76,US,Desktop
2025-09-15T00:26:46.000Z,/products,GET,200,26,CA,Desktop
2025-09-15T00:30:56.000Z,/products/:id,GET,200,34,US,Mobile
2025-09-15T00:49:43.000Z,/products/:id,GET,200,56,US,Mobile
2025-09-15T00:52:15.000Z,/api/checkout,POST,200,125,DE,Mobile
2025-09-15T00:53:30.000Z,/search,GET,200,239,US,Desktop
2025-09-15T01:05:10.000Z,/,GET,200,41,US,Desktop
2025-09-15T01:08:16.000Z,/api/checkout,POST,200,224,CA,Desktop
2025-09-15T01:13:08.000Z,/api/cart,POST,200,89,US,Desktop
2025-09-15T01:14:05.000Z,/products,GET,200,95,IN,Mobile
2025-09-15T01:17:36.000Z,/account,GET,200,81,DE,Mobile
2025-09-15T01:23:03.000Z,/,GET,200,29,IN,Desktop
2025-09-15T01:23:20.000Z,/cart,GET,200,74,JP,Desktop
2025-09-15T01:26:15.000Z,/products,GET,404,66,GB,Desktop
2025-09-15T01:27:16.000Z,/products,GET,200,44,US,Mobile
2025-09-15T01:29:02.000Z,/products/:id,GET,200,70,FR,Desktop
2025-09-15T01:30:29.000Z,/api/checkout,POST,200,267,CA,Mobile
2025-09-15T01:38:07.000Z,/products/:id,GET,200,88,DE,Mobile
2025-09-15T01:38:54.000Z,/,GET,200,58,BR,Mobile
2025-09-15T01:42:13.000Z,/cart,GET,200,28,CA,Mobile
2025-09-15T01:46:42.000Z,/products/:id,GET,200,49,BR,Desktop
2025-09-15T01:48:25.000Z,/products,GET,200,186,US,Desktop
2025-09-15T01:55:16.000Z,/api/cart,POST,200,113,FR,Desktop
2025-09-15T01:56:23.000Z,/search,GET,200,73,DE,Mobile
2025-09-15T01:56:28.000Z,/,GET,200,20,US,Mobile
2025-09-15T01:57:29.000Z,/api/cart,POST,200,89,JP,Mobile
2025-09-15T02:14:18.000Z,/,GET,200,21,CA,Mobile
2025-09-15T02:22:38.000Z,/products/:id,GET,200,34,US,Desktop
2025-09-15T02:27:55.000Z,/products/:id,GET,200,76,US,Tablet
2025-09-15T02:31:35.000Z,/,GET,200,30,DE,Desktop
2025-09-15T02:34:09.000Z,/cart,GET,200,33,CA,Mobile
2025-09-15T02:36:24.000Z,/search,GET,200,93,US,Desktop
2025-09-15T02:42:17.000Z,/,GET,200,40,DE,Desktop
2025-09-15T02:43:00.000Z,/products,GET,200,57,US,Desktop
2025-09-15T02:45:36.000Z,/search,GET,200,96,US,Desktop
2025-09-15T02:46:22.000Z,/products/:id,GET,200,45,IN,Mobile
2025-09-15T02:47:09.000Z,/api/cart,POST,200,73,US,Tablet
2025-09-15T02:47:33.000Z,/products/:id,GET,200,70,CA,Mobile
2025-09-15T02:53:20.000Z,/api/cart,POST,200,55,FR,Desktop
2025-09-15T02:59:08.000Z,/,GET,200,63,DE,Desktop
2025-09-15T03:08:29.000Z,/products,GET,200,104,BR,Desktop
2025-09-15T03:14:43.000Z,/account,GET,200,104,US,Desktop
2025-09-15T03:15:24.000Z,/products,GET,404,52,CA,Desktop
2025-09-15T03:18:35.000Z,/api/cart,POST,200,42,IN,Mobile
2025-09-15T03:20:49.000Z,/products,GET,304,84,US,Desktop
2025-09-15T03:26:26.000Z,/,GET,200,28,BR,Mobile
2025-09-15T03:29:52.000Z,/products,GET,200,91,GB,Desktop
2025-09-15T03:29:53.000Z,/products,GET,200,133,FR,Mobile
2025-09-15T03:35:03.000Z,/products,GET,200,79,FR,Desktop
2025-09-15T03:39:14.000Z,/products,GET,401,88,US,Mobile
2025-09-15T03:40:23.000Z,/api/checkout,POST,200,114,BR,Mobile
2025-09-15T03:45:05.000Z,/cart,GET,200,40,GB,Desktop
2025-09-15T03:46:39.000Z,/products/:id,GET,200,47,JP,Desktop
2025-09-15T03:49:19.000Z,/,GET,200,96,FR,Tablet
2025-09-15T03:51:48.000Z,/products,GET,200,101,US,Mobile
2025-09-15T03:57:29.000Z,/account,GET,404,99,FR,Mobile
2025-09-15T04:01:23.000Z,/search,GET,200,65,IN,Desktop
2025-09-15T04:04:44.000Z,/products,GET,200,48,BR,Desktop
2025-09-15T04:09:55.000Z,/cart,GET,200,54,CA,Desktop
2025-09-15T04:10:21.000Z,/account,GET,200,55,JP,Mobile
2025-09-15T04:15:47.000Z,/products,GET,200,104,US,Desktop
2025-09-15T04:16:30.000Z,/products/:id,GET,200,35,IN,Desktop
2025-09-15T04:20:26.000Z,/search,GET,200,116,US,Desktop
2025-09-15T04:24:51.000Z,/,GET,200,27,GB,Desktop
2025-09-15T04:28:41.000Z,/,GET,200,49,IN,Desktop
2025-09-15T04:33:21.000Z,/api/cart,POST,200,164,BR,Mobile
2025-09-15T04:39:16.000Z,/products,GET,200,112,US,Mobile
2025-09-15T04:42:14.000Z,/,GET,200,93,US,Mobile
2025-09-15T04:53:33.000Z,/search,GET,200,135,US,Tablet
2025-09-15T04:55:39.000Z,/search,GET,200,160,FR,Mobile
2025-09-15T04:57:47.000Z,/,GET,200,49,BR,Desktop
2025-09-15T05:00:57.000Z,/products,GET,200,64,US,Desktop
2025-09-15T05:04:54.000Z,/products,GET,200,61,GB,Desktop
2025-09-15T05:07:56.000Z,/search,GET,200,114,CA,Desktop
2025-09-15T05:09:33.000Z,/products,GET,200,76,US,Tablet
2025-09-15T05:19:19.000Z,/cart,GET,200,50,US,Desktop
2025-09-15T05:20:00.000Z,/products,GET,200,132,US,Mobile
2025-09-15T05:30:09.000Z,/products,GET,401,112,DE,Mobile
2025-09-15T05:30:24.000Z,/products,GET,200,58,DE,Mobile
2025-09-15T05:39:35.000Z,/api/cart,POST,200,198,US,Mobile
2025-09-15T05:51:49.000Z,/products,GET,200,102,JP,Mobile
2025-09-15T05:55:47.000Z,/search,GET,200,102,GB,Mobile
2025-09-15T05:56:14.000Z,/products/:id,GET,200,51,DE,Mobile
2025-09-15T05:57:33.000Z,/,GET,200,53,DE,Mobile
2025-09-15T05:58:44.000Z,/search,GET,200,153,JP,Mobile
2025-09-15T06:03:15.000Z,/search,GET,200,96,IN,Tablet
2025-09-15T06:18:43.000Z,/products/:id,GET,200,32,US,Tablet
2025-09-15T06:19:46.000Z,/api/cart,POST,200,72,DE,Desktop
2025-09-15T06:20:58.000Z,/products/:id,GET,200,89,IN,Desktop
2025-09-15T06:23:09.000Z,/,GET,200,108,CA,Desktop
2025-09-15T06:25:31.000Z,/,GET,200,61,US,Mobile
2025-09-15T06:28:23.000Z,/cart,GET,200,52,DE,Mobile
2025-09-15T06:29:03.000Z,/products,GET,200,168,BR,Mobile
2025-09-15T06:30:47.000Z,/,GET,200,66,GB,Mobile
2025-09-15T06:38:23.000Z,/,GET,200,70,US,Desktop
2025-09-15T06:42:15.000Z,/cart,GET,200,85,FR,Desktop
2025-09-15T06:43:04.000Z,/api/checkout,POST,200,257,US,Desktop
2025-09-15T06:48:36.000Z,/,GET,200,23,US,Desktop
2025-09-15T06:52:27.000Z,/products,GET,200,70,US,Desktop
2025-09-15T06:55:26.000Z,/products,GET,200,64,IN,Mobile
2025-09-15T06:56:01.000Z,/products/:id,GET,200,41,US,Mobile
2025-09-15T06:56:03.000Z,/products/:id,GET,200,177,DE,Desktop
2025-09-15T07:05:47.000Z,/api/cart,POST,200,196,US,Desktop
2025-09-15T07:08:05.000Z,/,GET,200,65,JP,Desktop
2025-09-15T07:12:45.000Z,/api/checkout,POST,200,350,US,Mobile
2025-09-15T07:13:52.000Z,/products,GET,200,108,CA,Mobile
2025-09-15T07:22:40.000Z,/,GET,200,27,DE,Desktop
2025-09-15T07:23:34.000Z,/products,GET,200,134,US,Desktop
2025-09-15T07:24:30.000Z,/,GET,200,38,CA,Mobile
2025-09-15T07:25:27.000Z,/,GET,200,19,US,Mobile
2025-09-15T07:25:39.000Z,/,GET,200,71,US,Desktop
2025-09-15T07:26:04.000Z,/,GET,200,83,GB,Desktop
2025-09-15T07:26:30.000Z,/products,GET,200,75,US,Desktop
2025-09-15T07:30:53.000Z,/products/:id,GET,200,37,US,Mobile
2025-09-15T07:37:11.000Z,/products,GET,200,134,US,Mobile
2025-09-15T07:37:54.000Z,/api/cart,POST,200,29,US,Desktop
2025-09-15T07:41:48.000Z,/,GET,200,50,GB,Mobile
2025-09-15T07:42:48.000Z,/api/cart,POST,200,169,GB,Mobile
2025-09-15T07:44:35.000Z,/,GET,200,143,GB,Desktop
2025-09-15T07:47:47.000Z,/products/:id,GET,200,82,US,Desktop
2025-09-15T07:48:22.000Z,/products/:id,GET,200,42,US,Desktop
2025-09-15T07:53:38.000Z,/,GET,200,65,US,Desktop
2025-09-15T07:54:59.000Z,/products/:id,GET,200,114,GB,Desktop
2025-09-15T07:57:43.000Z,/products/:id,GET,200,52,US,Desktop
2025-09-15T08:00:14.000Z,/,GET,200,75,FR,Desktop
2025-09-15T08:02:26.000Z,/products,GET,200,82,US,Mobile
2025-09-15T08:02:37.000Z,/products/:id,GET,200,56,GB,Desktop
2025-09-15T08:03:51.000Z,/,GET,200,35,US,Desktop
2025-09-15T08:03:54.000Z,/cart,GET,200,74,BR,Mobile
2025-09-15T08:08:14.000Z,/products,GET,200,87,GB,Desktop
2025-09-15T08:08:39.000Z,/products,GET,200,106,US,Desktop
2025-09-15T08:09:46.000Z,/api/checkout,POST,200,139,CA,Mobile
2025-09-15T08:11:19.000Z,/products,GET,200,41,CA,Mobile
2025-09-15T08:12:20.000Z,/search,GET,200,132,DE,Desktop
2025-09-15T08:16:49.000Z,/account,GET,200,57,DE,Desktop
2025-09-15T08:18:59.000Z,/,GET,200,61,US,Desktop
2025-09-15T08:19:12.000Z,/,GET,200,32,US,Mobile
2025-09-15T08:19:23.000Z,/api/checkout,POST,200,133,US,Desktop
2025-09-15T08:19:35.000Z,/api/checkout,POST,200,136,GB,Mobile
2025-09-15T08:20:50.000Z,/search,GET,200,107,US,Desktop
2025-09-15T08:21:18.000Z,/products,GET,200,129,FR,Tablet
2025-09-15T08:21:41.000Z,/products,GET,200,83,US,Desktop
2025-09-15T08:25:07.000Z,/products/:id,GET,200,70,US,Mobile
2025-09-15T08:28:27.000Z,/products,GET,200,54,US,Desktop
2025-09-15T08:29:46.000Z,/api/cart,POST,200,90,DE,Mobile
2025-09-15T08:32:03.000Z,/products,GET,404,122,FR,Desktop
2025-09-15T08:33:35.000Z,/api/checkout,POST,200,248,GB,Mobile
2025-09-15T08:35:44.000Z,/api/checkout,POST,200,115,DE,Mobile
2025-09-15T08:44:04.000Z,/search,GET,200,124,FR,Desktop
2025-09-15T08:45:50.000Z,/products/:id,GET,200,66,US,Desktop
2025-09-15T08:47:32.000Z,/api/cart,POST,200,91,FR,Mobile
2025-09-15T08:49:52.000Z,/products/:id,GET,200,49,DE,Mobile
2025-09-15T08:55:10.000Z,/products,GET,200,100,US,Mobile
2025-09-15T08:58:39.000Z,/products,GET,304,163,US,Desktop
2025-09-15T08:59:10.000Z,/products/:id,GET,200,69,IN,Tablet
2025-09-15T09:03:10.000Z,/products,GET,200,63,US,Mobile
2025-09-15T09:04:15.000Z,/search,GET,200,80,IN,Desktop
2025-09-15T09:06:19.000Z,/products/:id,GET,200,141,IN,Desktop
2025-09-15T09:13:44.000Z,/search,GET,200,119,US,Desktop
2025-09-15T09:14:12.000Z,/cart,GET,200,58,DE,Desktop
2025-09-15T09:15:43.000Z,/cart,GET,200,58,US,Mobile
2025-09-15T09:15:45.000Z,/api/checkout,POST,200,204,US,Desktop
2025-09-15T09:18:21.000Z,/search,GET,200,129,JP,Desktop
2025-09-15T09:19:43.000Z,/products,GET,200,85,IN,Tablet
2025-09-15T09:23:00.000Z,/products/:id,GET,200,70,US,Desktop
2025-09-15T09:27:02.000Z,/api/checkout,POST,200,135,JP,Desktop
2025-09-15T09:33:10.000Z,/products/:id,GET,200,55,CA,Mobile
2025-09-15T09:34:06.000Z,/cart,GET,200,49,BR,Mobile
2025-09-15T09:35:03.000Z,/products/:id,GET,200,69,JP,Desktop
2025-09-15T09:38:57.000Z,/search,GET,200,179,IN,Desktop
2025-09-15T09:41:50.000Z,/products,GET,200,52,US,Mobile
2025-09-15T09:46:07.000Z,/cart,GET,200,52,FR,Desktop
2025-09-15T09:46:50.000Z,/account,GET,401,84,IN,Mobile
2025-09-15T09:46:58.000Z,/products,GET,200,66,US,Tablet
2025-09-15T09:47:39.000Z,/,GET,200,18,IN,Mobile
2025-09-15T09:51:05.000Z,/search,GET,200,80,US,Desktop
2025-09-15T09:52:59.000Z,/,GET,200,47,FR,Desktop
2025-09-15T09:54:22.000Z,/products,GET,200,108,US,Desktop
2025-09-15T09:55:51.000Z,/,GET,200,51,IN,Mobile
2025-09-15T10:02:17.000Z,/search,GET,200,269,GB,Desktop
2025-09-15T10:04:51.000Z,/cart,GET,200,60,IN,Desktop
2025-09-15T10:05:19.000Z,/products,GET,200,69,GB,Mobile
2025-09-15T10:05:51.000Z,/cart,GET,200,76,US,Desktop
2025-09-15T10:06:12.000Z,/api/checkout,POST,200,181,US,Mobile
2025-09-15T10:08:45.000Z,/products/:id,GET,401,57,US,Mobile
2025-09-15T10:11:41.000Z,/products/:id,GET,200,63,GB,Desktop
2025-09-15T10:12:34.000Z,/products,GET,200,62,DE,Mobile
2025-09-15T10:12:44.000Z,/products,GET,200,99,CA,Mobile
2025-09-15T10:14:58.000Z,/products/:id,GET,200,39,US,Mobile
2025-09-15T10:17:33.000Z,/account,GET,200,91,FR,Desktop
2025-09-15T10:26:19.000Z,/,GET,200,77,CA,Desktop
2025-09-15T10:33:23.000Z,/api/checkout,POST,200,133,FR,Desktop
2025-09-15T10:35:03.000Z,/api/checkout,POST,200,177,US,Desktop
2025-09-15T10:35:38.000Z,/,GET,200,61,US,Mobile
2025-09-15T10:35:45.000Z,/cart,GET,200,48,IN,Desktop
2025-09-15T10:37:46.000Z,/products/:id,GET,200,103,BR,Desktop
2025-09-15T10:38:06.000Z,/search,GET,200,128,US,Desktop
2025-09-15T10:41:54.000Z,/api/cart,POST,200,79,US,Desktop
2025-09-15T10:46:37.000Z,/search,GET,200,144,DE,Desktop
2025-09-15T10:49:48.000Z,/,GET,200,51,US,Desktop
2025-09-15T10:53:53.000Z,/search,GET,200,154,US,Mobile
2025-09-15T10:56:18.000Z,/cart,GET,200,39,US,Mobile
2025-09-15T10:57:38.000Z,/products/:id,GET,200,47,US,Desktop
2025-09-15T10:58:28.000Z,/products,GET,200,77,US,Mobile
2025-09-15T10:58:40.000Z,/api/cart,POST,200,77,US,Desktop
2025-09-15T10:59:16.000Z,/api/cart,POST,200,141,GB,Desktop
2025-09-15T10:59:18.000Z,/products,GET,200,61,CA,Mobile
2025-09-15T11:00:03.000Z,/products,GET,200,144,US,Desktop
2025-09-15T11:00:50.000Z,/,GET,200,72,CA,Desktop
2025-09-15T11:01:12.000Z,/api/cart,POST,200,150,BR,Desktop
2025-09-15T11:01:15.000Z,/cart,GET,200,58,FR,Desktop
2025-09-15T11:02:17.000Z,/products/:id,GET,200,63,GB,Mobile
2025-09-15T11:05:03.000Z,/search,GET,200,52,IN,Mobile
2025-09-15T11:05:09.000Z,/products,GET,200,89,US,Desktop
2025-09-15T11:06:48.000Z,/account,GET,200,48,US,Mobile
2025-09-15T11:08:53.000Z,/,GET,200,19,JP,Mobile
2025-09-15T11:11:35.000Z,/,GET,200,153,DE,Desktop
2025-09-15T11:15:00.000Z,/api/cart,POST,200,71,BR,Mobile
2025-09-15T11:15:18.000Z,/products,GET,200,44,US,Desktop
2025-09-15T11:17:46.000Z,/,GET,401,59,US,Desktop
2025-09-15T11:17:56.000Z,/,GET,200,36,US,Mobile
2025-09-15T11:18:10.000Z,/,GET,200,79,GB,Desktop
2025-09-15T11:19:42.000Z,/products,GET,304,49,GB,Desktop
2025-09-15T11:21:04.000Z,/search,GET,200,134,US,Mobile
2025-09-15T11:22:57.000Z,/api/cart,POST,200,38,IN,Tablet
2025-09-15T11:23:09.000Z,/products,GET,304,66,DE,Mobile
2025-09-15T11:23:32.000Z,/,GET,200,47,IN,Desktop
2025-09-15T11:23:54.000Z,/products,GET,200,41,GB,Desktop
2025-09-15T11:26:10.000Z,/cart,GET,200,101,GB,Mobile
2025-09-15T11:30:27.000Z,/search,GET,200,62,IN,Desktop
2025-09-15T11:30:49.000Z,/products/:id,GET,200,46,IN,Mobile
2025-09-15T11:31:36.000Z,/products,GET,200,36,US,Desktop
2025-09-15T11:34:10.000Z,/api/cart,POST,200,78,US,Mobile
2025-09-15T11:35:16.000Z,/cart,GET,200,39,IN,Desktop
2025-09-15T11:36:46.000Z,/api/cart,POST,200,134,FR,Mobile
2025-09-15T11:37:33.000Z,/api/cart,POST,200,115,US,Mobile
2025-09-15T11:37:38.000Z,/products,GET,200,124,US,Desktop
2025-09-15T11:39:53.000Z,/,GET,404,55,GB,Desktop
2025-09-15T11:40:42.000Z,/api/cart,POST,304,68,JP,Desktop
2025-09-15T11:42:26.000Z,/api/cart,POST,200,155,GB,Desktop
2025-09-15T11:45:46.000Z,/search,GET,200,187,US,Desktop
2025-09-15T11:47:08.000Z,/products,GET,200,78,US,Mobile
2025-09-15T11:47:29.000Z,/search,GET,200,172,US,Mobile
2025-09-15T11:48:14.000Z,/,GET,200,54,DE,Desktop
2025-09-15T11:49:15.000Z,/cart,GET,200,79,CA,Desktop
2025-09-15T11:52:08.000Z,/products,GET,200,65,IN,Desktop
2025-09-15T11:52:55.000Z,/products/:id,GET,200,43,IN,Mobile
2025-09-15T11:55:20.000Z,/products/:id,GET,200,45,DE,Desktop
2025-09-15T11:59:05.000Z,/cart,GET,200,68,GB,Mobile
2025-09-15T12:00:32.000Z,/products/:id,GET,200,36,FR,Desktop
2025-09-15T12:03:09.000Z,/products,GET,200,78,US,Mobile
2025-09-15T12:07:44.000Z,/products,GET,200,77,CA,Tablet
2025-09-15T12:09:16.000Z,/products,GET,200,149,BR,Desktop
2025-09-15T12:10:23.000Z,/products,GET,200,42,JP,Desktop
2025-09-15T12:17:48.000Z,/products/:id,GET,200,61,BR,Mobile
2025-09-15T12:19:23.000Z,/,GET,500,75,IN,Tablet
2025-09-15T12:21:52.000Z,/products/:id,GET,200,104,US,Mobile
2025-09-15T12:22:04.000Z,/,GET,200,83,US,Mobile
2025-09-15T12:24:41.000Z,/cart,GET,200,42,GB,Mobile
2025-09-15T12:24:53.000Z,/products,GET,200,91,CA,Mobile
2025-09-15T12:26:12.000Z,/,GET,200,70,DE,Mobile
2025-09-15T12:30:19.000Z,/products,GET,200,53,US,Mobile
2025-09-15T12:33:02.000Z,/products/:id,GET,200,52,IN,Desktop
2025-09-15T12:36:02.000Z,/,GET,200,14,FR,Mobile
2025-09-15T12:40:50.000Z,/api/cart,POST,200,111,DE,Mobile
2025-09-15T12:41:52.000Z,/,GET,200,40,DE,Desktop
2025-09-15T12:42:29.000Z,/cart,GET,200,19,US,Desktop
2025-09-15T12:45:19.000Z,/search,GET,200,150,DE,Mobile
2025-09-15T12:46:24.000Z,/,GET,200,27,GB,Desktop
2025-09-15T12:46:35.000Z,/products/:id,GET,304,52,BR,Desktop
2025-09-15T12:49:46.000Z,/products,GET,200,52,US,Desktop
2025-09-15T12:51:00.000Z,/products/:id,GET,200,82,US,Desktop
2025-09-15T12:51:32.000Z,/products,GET,200,98,GB,Desktop
2025-09-15T12:52:20.000Z,/,GET,200,60,US,Desktop
2025-09-15T12:52:45.000Z,/products,GET,200,28,IN,Tablet
2025-09-15T12:53:22.000Z,/,GET,200,47,FR,Mobile
2025-09-15T12:56:10.000Z,/products/:id,GET,200,47,US,Desktop
2025-09-15T12:57:42.000Z,/search,GET,200,287,US,Mobile
2025-09-15T12:57:47.000Z,/products/:id,GET,304,22,US,Desktop
2025-09-15T12:58:15.000Z,/,GET,200,118,US,Mobile
2025-09-15T13:01:27.000Z,/,GET,200,41,US,Desktop
2025-09-15T13:04:47.000Z,/products/:id,GET,200,40,US,Desktop
2025-09-15T13:05:18.000Z,/products,GET,200,77,US,Mobile
2025-09-15T13:05:21.000Z,/search,GET,200,216,US,Desktop
2025-09-15T13:05:53.000Z,/api/cart,POST,200,175,JP,Mobile
2025-09-15T13:08:20.000Z,/search,GET,200,119,JP,Desktop
2025-09-15T13:09:58.000Z,/,GET,200,31,US,Desktop
2025-09-15T13:10:16.000Z,/products/:id,GET,200,51,US,Desktop
2025-09-15T13:10:57.000Z,/search,GET,200,112,DE,Mobile
2025-09-15T13:16:33.000Z,/,GET,200,57,US,Desktop
2025-09-15T13:18:43.000Z,/search,GET,200,127,CA,Desktop
2025-09-15T13:19:03.000Z,/,GET,200,24,GB,Desktop
2025-09-15T13:24:34.000Z,/account,GET,200,60,JP,Tablet
2025-09-15T13:24:44.000Z,/,GET,200,130,US,Mobile
2025-09-15T13:26:42.000Z,/cart,GET,200,67,BR,Desktop
2025-09-15T13:29:42.000Z,/,GET,304,37,US,Desktop
2025-09-15T13:30:05.000Z,/products,GET,200,74,CA,Desktop
2025-09-15T13:33:00.000Z,/account,GET,200,50,CA,Mobile
2025-09-15T13:35:01.000Z,/api/checkout,POST,200,223,IN,Mobile
2025-09-15T13:35:08.000Z,/,GET,200,34,US,Desktop
2025-09-15T13:43:31.000Z,/cart,GET,200,70,US,Mobile
2025-09-15T13:48:07.000Z,/search,GET,200,169,US,Desktop
2025-09-15T13:48:47.000Z,/,GET,200,45,DE,Desktop
2025-09-15T13:50:38.000Z,/products/:id,GET,200,67,GB,Mobile
2025-09-15T13:50:48.000Z,/search,GET,200,231,CA,Desktop
2025-09-15T13:52:06.000Z,/products,GET,200,84,FR,Desktop
2025-09-15T13:52:23.000Z,/products/:id,GET,200,66,US,Tablet
2025-09-15T13:55:15.000Z,/,GET,200,24,US,Mobile
2025-09-15T13:56:41.000Z,/products/:id,GET,200,90,JP,Mobile
2025-09-15T14:04:32.000Z,/,GET,500,31,GB,Desktop
2025-09-15T14:07:06.000Z,/search,GET,200,215,US,Mobile
2025-09-15T14:07:28.000Z,/cart,GET,200,32,US,Mobile
2025-09-15T14:11:58.000Z,/,GET,200,38,JP,Mobile
2025-09-15T14:14:02.000Z,/products/:id,GET,200,49,GB,Desktop
2025-09-15T14:17:08.000Z,/products/:id,GET,200,70,JP,Desktop
2025-09-15T14:19:40.000Z,/api/cart,POST,200,109,FR,Desktop
2025-09-15T14:20:01.000Z,/,GET,200,81,GB,Desktop
2025-09-15T14:21:27.000Z,/,GET,200,67,JP,Mobile
2025-09-15T14:22:07.000Z,/products,GET,404,90,BR,Tablet
2025-09-15T14:24:29.000Z,/,GET,200,57,US,Desktop
2025-09-15T14:28:14.000Z,/,GET,200,13,CA,Desktop
2025-09-15T14:32:16.000Z,/account,GET,200,51,DE,Mobile
2025-09-15T14:32:55.000Z,/api/cart,POST,200,55,GB,Desktop
2025-09-15T14:34:32.000Z,/,GET,200,61,IN,Mobile
2025-09-15T14:36:24.000Z,/products/:id,GET,200,30,BR,Desktop
2025-09-15T14:36:42.000Z,/cart,GET,200,43,FR,Mobile
2025-09-15T14:54:58.000Z,/products/:id,GET,200,66,DE,Mobile
2025-09-15T14:55:06.000Z,/,GET,200,55,US,Mobile
2025-09-15T14:58:23.000Z,/search,GET,200,116,DE,Mobile
2025-09-15T15:02:16.000Z,/products/:id,GET,200,92,CA,Mobile
2025-09-15T15:02:17.000Z,/cart,GET,200,66,US,Desktop
2025-09-15T15:03:56.000Z,/products/:id,GET,200,86,JP,Mobile
2025-09-15T15:05:38.000Z,/account,GET,200,113,US,Desktop
2025-09-15T15:11:16.000Z,/,GET,200,63,US,Mobile
2025-09-15T15:12:34.000Z,/api/checkout,POST,200,321,US,Mobile
2025-09-15T15:13:44.000Z,/,GET,200,23,US,Mobile
2025-09-15T15:15:21.000Z,/,GET,200,53,CA,Mobile
2025-09-15T15:17:47.000Z,/,GET,200,38,JP,Mobile
2025-09-15T15:21:28.000Z,/products/:id,GET,200,64,US,Mobile
2025-09-15T15:22:41.000Z,/cart,GET,200,30,JP,Desktop
2025-09-15T15:24:31.000Z,/products,GET,200,62,IN,Desktop
2025-09-15T15:25:42.000Z,/cart,GET,200,51,GB,Mobile
2025-09-15T15:28:46.000Z,/api/checkout,POST,200,324,FR,Tablet
2025-09-15T15:29:53.000Z,/,GET,200,130,US,Mobile
2025-09-15T15:34:59.000Z,/search,GET,200,294,BR,Mobile
2025-09-15T15:38:07.000Z,/products/:id,GET,200,90,US,Mobile
2025-09-15T15:39:29.000Z,/products/:id,GET,200,47,US,Tablet
2025-09-15T15:40:25.000Z,/products,GET,200,82,IN,Tablet
2025-09-15T15:43:53.000Z,/cart,GET,200,73,US,Mobile
2025-09-15T15:44:07.000Z,/cart,GET,200,70,US,Desktop
2025-09-15T15:45:16.000Z,/products,GET,200,26,GB,Mobile
2025-09-15T15:46:46.000Z,/products/:id,GET,200,12,DE,Desktop
2025-09-15T15:49:52.000Z,/products,GET,200,122,FR,Desktop
2025-09-15T15:50:04.000Z,/search,GET,200,97,US,Mobile
2025-09-15T15:50:38.000Z,/search,GET,401,160,BR,Tablet
2025-09-15T15:52:46.000Z,/products/:id,GET,200,87,FR,Mobile
2025-09-15T15:58:40.000Z,/api/cart,POST,200,90,DE,Tablet
2025-09-15T16:00:00.000Z,/products/:id,GET,200,57,CA,Desktop
2025-09-15T16:02:18.000Z,/,GET,200,24,FR,Mobile
2025-09-15T16:10:57.000Z,/cart,GET,200,50,CA,Desktop
2025-09-15T16:18:44.000Z,/search,GET,200,141,IN,Desktop
2025-09-15T16:22:38.000Z,/products/:id,GET,200,100,IN,Desktop
2025-09-15T16:24:16.000Z,/products,GET,200,53,DE,Desktop
2025-09-15T16:28:00.000Z,/,GET,200,37,DE,Mobile
2025-09-15T16:38:48.000Z,/products/:id,GET,401,97,DE,Desktop
2025-09-15T16:38:51.000Z,/search,GET,200,100,IN,Desktop
2025-09-15T16:39:25.000Z,/,GET,200,44,US,Mobile
2025-09-15T16:43:04.000Z,/products/:id,GET,200,131,DE,Mobile
2025-09-15T16:45:40.000Z,/api/cart,POST,200,28,US,Mobile
2025-09-15T16:49:37.000Z,/products/:id,GET,200,71,GB,Mobile
2025-09-15T16:52:14.000Z,/search,GET,200,109,US,Mobile
2025-09-15T16:53:18.000Z,/cart,GET,200,38,US,Mobile
2025-09-15T17:04:51.000Z,/,GET,200,51,US,Mobile
2025-09-15T17:07:23.000Z,/products/:id,GET,200,67,IN,Mobile
2025-09-15T17:09:14.000Z,/products/:id,GET,200,95,IN,Mobile
2025-09-15T17:11:16.000Z,/,GET,200,34,US,Desktop
2025-09-15T17:13:48.000Z,/products,GET,200,82,CA,Mobile
2025-09-15T17:20:31.000Z,/products,GET,200,60,FR,Mobile
2025-09-15T17:22:32.000Z,/products/:id,GET,200,131,CA,Desktop
2025-09-15T17:23:29.000Z,/products/:id,GET,200,54,CA,Tablet
2025-09-15T17:25:02.000Z,/search,GET,200,142,US,Desktop
2025-09-15T17:26:38.000Z,/search,GET,304,108,JP,Desktop
2025-09-15T17:29:04.000Z,/account,GET,200,83,US,Desktop
2025-09-15T17:30:39.000Z,/search,GET,200,92,US,Mobile
2025-09-15T17:32:41.000Z,/products,GET,200,123,BR,Tablet
2025-09-15T17:35:14.000Z,/search,GET,200,211,IN,Desktop
2025-09-15T17:35:25.000Z,/,GET,200,46,US,Desktop
2025-09-15T17:35:54.000Z,/products/:id,GET,200,82,US,Mobile
2025-09-15T17:37:33.000Z,/api/checkout,POST,200,361,JP,Desktop
2025-09-15T17:43:30.000Z,/,GET,200,32,FR,Desktop
2025-09-15T17:48:27.000Z,/,GET,200,66,US,Desktop
2025-09-15T17:49:13.000Z,/account,GET,200,48,US,Desktop
2025-09-15T17:50:29.000Z,/,GET,200,33,US,Mobile
2025-09-15T17:51:19.000Z,/account,GET,200,50,US,Mobile
2025-09-15T17:52:11.000Z,/api/checkout,POST,200,349,DE,Desktop
2025-09-15T18:04:11.000Z,/products/:id,GET,200,99,FR,Mobile
2025-09-15T18:06:15.000Z,/products,GET,200,144,FR,Mobile
2025-09-15T18:08:57.000Z,/cart,GET,200,48,FR,Mobile
2025-09-15T18:09:04.000Z,/,GET,200,72,US,Desktop
2025-09-15T18:19:50.000Z,/products,GET,200,74,CA,Desktop
2025-09-15T18:34:15.000Z,/,GET,200,44,DE,Mobile
2025-09-15T18:42:02.000Z,/search,GET,200,151,BR,Desktop
2025-09-15T18:42:19.000Z,/api/cart,POST,404,64,GB,Desktop
2025-09-15T18:43:30.000Z,/products,GET,200,66,FR,Desktop
2025-09-15T18:45:56.000Z,/search,GET,200,113,JP,Desktop
2025-09-15T18:50:22.000Z,/search,GET,200,257,US,Tablet
2025-09-15T18:50:32.000Z,/products,GET,200,77,IN,Mobile
2025-09-15T18:52:44.000Z,/products,GET,200,127,IN,Desktop
2025-09-15T18:53:40.000Z,/api/cart,POST,200,53,CA,Desktop
2025-09-15T18:56:28.000Z,/api/cart,POST,200,94,US,Mobile
2025-09-15T18:57:06.000Z,/search,GET,200,267,US,Mobile
2025-09-15T18:57:30.000Z,/products,GET,200,121,BR,Mobile
2025-09-15T18:58:02.000Z,/api/cart,POST,200,95,IN,Desktop
2025-09-15T19:03:07.000Z,/products,GET,404,75,JP,Desktop
2025-09-15T19:04:55.000Z,/api/cart,POST,200,55,DE,Mobile
2025-09-15T19:06:56.000Z,/account,GET,200,46,JP,Desktop
2025-09-15T19:09:37.000Z,/products,GET,200,126,US,Desktop
2025-09-15T19:26:19.000Z,/products,GET,200,56,BR,Mobile
2025-09-15T19:26:50.000Z,/api/cart,POST,200,38,BR,Desktop
2025-09-15T19:27:29.000Z,/search,GET,200,87,GB,Mobile
2025-09-15T19:29:42.000Z,/products,GET,200,157,IN,Desktop
2025-09-15T19:30:52.000Z,/cart,GET,200,66,DE,Desktop
2025-09-15T19:31:30.000Z,/products/:id,GET,200,67,US,Desktop
2025-09-15T19:31:35.000Z,/products,GET,200,55,US,Desktop
2025-09-15T19:31:52.000Z,/products,GET,200,81,DE,Desktop
2025-09-15T19:33:13.000Z,/,GET,200,62,US,Desktop
2025-09-15T19:39:07.000Z,/account,GET,200,73,IN,Desktop
2025-09-15T19:48:59.000Z,/products,GET,200,81,US,Mobile
2025-09-15T19:49:55.000Z,/products,GET,200,45,JP,Mobile
2025-09-15T19:57:35.000Z,/products,GET,200,96,IN,Desktop
2025-09-15T19:58:37.000Z,/products/:id,GET,500,92,GB,Mobile
2025-09-15T20:01:51.000Z,/,GET,200,68,BR,Desktop
2025-09-15T20:07:07.000Z,/products/:id,GET,200,70,US,Mobile
2025-09-15T20:13:28.000Z,/api/cart,POST,200,70,DE,Desktop
2025-09-15T20:17:15.000Z,/products/:id,GET,200,34,FR,Desktop
2025-09-15T20:19:02.000Z,/products,GET,200,80,BR,Mobile
2025-09-15T20:20:37.000Z,/search,GET,200,171,US,Desktop
2025-09-15T20:25:35.000Z,/,GET,200,61,DE,Desktop
2025-09-15T20:25:44.000Z,/products,GET,200,95,US,Mobile
2025-09-15T20:33:42.000Z,/cart,GET,200,31,FR,Desktop
2025-09-15T20:34:39.000Z,/products,GET,200,112,IN,Mobile
2025-09-15T20:42:42.000Z,/,GET,200,16,US,Mobile
2025-09-15T20:46:17.000Z,/account,GET,200,57,US,Desktop
2025-09-15T20:47:47.000Z,/products/:id,GET,200,48,GB,Desktop
2025-09-15T20:48:45.000Z,/cart,GET,200,68,CA,Desktop
2025-09-15T20:54:32.000Z,/products/:id,GET,200,35,DE,Desktop
2025-09-15T20:56:48.000Z,/search,GET,200,147,CA,Mobile
2025-09-15T20:58:38.000Z,/,GET,200,59,IN,Mobile
2025-09-15T20:59:40.000Z,/api/cart,POST,200,140,US,Desktop
2025-09-15T21:01:37.000Z,/,GET,404,62,FR,Desktop
2025-09-15T21:02:29.000Z,/cart,GET,200,56,BR,Desktop
2025-09-15T21:07:15.000Z,/products,GET,200,56,CA,Desktop
2025-09-15T21:07:53.000Z,/products,GET,200,91,IN,Mobile
2025-09-15T21:10:04.000Z,/account,GET,200,39,IN,Mobile
2025-09-15T21:11:05.000Z,/products,GET,200,59,US,Desktop
2025-09-15T21:15:51.000Z,/products/:id,GET,200,57,CA,Mobile
2025-09-15T21:24:49.000Z,/cart,GET,200,74,FR,Desktop
2025-09-15T21:28:37.000Z,/cart,GET,200,109,JP,Desktop
2025-09-15T21:32:48.000Z,/products/:id,GET,200,66,US,Desktop
2025-09-15T21:33:34.000Z,/products,GET,200,39,IN,Desktop
2025-09-15T21:33:37.000Z,/,GET,304,59,IN,Desktop
2025-09-15T21:33:45.000Z,/,GET,200,40,FR,Desktop
2025-09-15T21:36:03.000Z,/,GET,200,59,GB,Mobile
2025-09-15T21:46:19.000Z,/,GET,200,91,US,Desktop
2025-09-15T21:49:52.000Z,/,GET,200,46,GB,Desktop
2025-09-15T21:49:56.000Z,/,GET,200,42,GB,Desktop
2025-09-15T21:53:04.000Z,/api/cart,POST,200,38,GB,Desktop
2025-09-15T21:55:41.000Z,/search,GET,200,123,US,Desktop
2025-09-15T22:03:25.000Z,/cart,GET,200,56,DE,Mobile
2025-09-15T22:07:44.000Z,/,GET,200,77,US,Mobile
2025-09-15T22:08:37.000Z,/products/:id,GET,200,136,US,Mobile
2025-09-15T22:10:39.000Z,/api/cart,POST,304,96,US,Desktop
2025-09-15T22:15:52.000Z,/products,GET,200,54,US,Desktop
2025-09-15T22:23:33.000Z,/api/checkout,POST,200,117,US,Mobile
2025-09-15T22:30:00.000Z,/products/:id,GET,200,102,US,Desktop
2025-09-15T22:31:56.000Z,/,GET,304,75,US,Mobile
2025-09-15T22:34:28.000Z,/,GET,200,28,JP,Desktop
2025-09-15T22:36:43.000Z,/,GET,200,51,US,Desktop
2025-09-15T22:47:25.000Z,/,GET,200,55,US,Tablet
2025-09-15T22:54:53.000Z,/api/cart,POST,200,207,CA,Tablet
2025-09-15T22:55:26.000Z,/account,GET,200,80,FR,Mobile
2025-09-15T22:56:49.000Z,/api/cart,POST,200,95,GB,Mobile
2025-09-15T22:59:58.000Z,/products/:id,GET,200,34,DE,Tablet
2025-09-15T23:04:47.000Z,/products,GET,200,80,GB,Mobile
2025-09-15T23:05:36.000Z,/products,GET,200,121,IN,Desktop
2025-09-15T23:06:52.000Z,/products/:id,GET,200,76,IN,Mobile
2025-09-15T23:07:23.000Z,/,GET,200,39,JP,Mobile
2025-09-15T23:09:14.000Z,/api/cart,POST,304,93,FR,Mobile
2025-09-15T23:10:48.000Z,/,GET,200,22,US,Mobile
2025-09-15T23:13:12.000Z,/products/:id,GET,200,61,US,Mobile
2025-09-15T23:18:35.000Z,/products/:id,GET,200,58,CA,Desktop
2025-09-15T23:20:49.000Z,/products,GET,200,88,IN,Desktop
2025-09-15T23:36:15.000Z,/cart,GET,200,53,JP,Desktop
2025-09-15T23:38:02.000Z,/search,GET,200,81,US,Desktop
2025-09-15T23:49:24.000Z,/search,GET,200,168,IN,Mobile
2025-09-15T23:49:48.000Z,/search,GET,401,111,US,Desktop
2025-09-15T23:52:44.000Z,/products/:id,GET,200,39,IN,Mobile
2025-09-15T23:55:18.000Z,/,GET,200,55,IN,Mobile
2025-09-15T23:59:48.000Z,/search,GET,200,126,US,Mobile
2025-09-16T00:02:07.000Z,/api/checkout,POST,200,179,FR,Mobile
2025-09-16T00:18:19.000Z,/products/:id,GET,200,42,US,Mobile
2025-09-16T00:44:08.000Z,/products/:id,GET,200,56,FR,Mobile
2025-09-16T00:45:02.000Z,/api/cart,POST,200,124,JP,Desktop
2025-09-16T00:50:13.000Z,/api/checkout,POST,200,124,CA,Mobile
2025-09-16T00:56:51.000Z,/,GET,200,75,GB,Desktop
2025-09-16T01:27:55.000Z,/api/checkout,POST,200,153,JP,Desktop
2025-09-16T01:28:46.000Z,/products/:id,GET,200,62,IN,Tablet
2025-09-16T01:34:52.000Z,/products,GET,200,70,FR,Desktop
2025-09-16T01:35:14.000Z,/products,GET,200,51,US,Mobile
2025-09-16T01:37:26.000Z,/search,GET,200,129,DE,Desktop
2025-09-16T01:39:08.000Z,/search,GET,200,175,US,Desktop
2025-09-16T01:49:47.000Z,/,GET,200,29,DE,Mobile
2025-09-16T01:52:49.000Z,/,GET,200,33,GB,Mobile
2025-09-16T02:00:04.000Z,/,GET,200,45,JP,Mobile
2025-09-16T02:04:39.000Z,/api/cart,POST,200,55,US,Desktop
2025-09-16T02:05:47.000Z,/,GET,200,52,JP,Mobile
2025-09-16T02:11:14.000Z,/,GET,200,50,CA,Mobile
2025-09-16T02:12:10.000Z,/api/cart,POST,200,58,JP,Mobile
2025-09-16T02:16:11.000Z,/api/cart,POST,200,118,JP,Desktop
2025-09-16T02:24:35.000Z,/,GET,200,28,BR,Desktop
2025-09-16T02:25:33.000Z,/products,GET,200,193,GB,Mobile
2025-09-16T02:36:12.000Z,/products,GET,200,57,DE,Mobile
2025-09-16T02:40:02.000Z,/,GET,200,26,FR,Mobile
2025-09-16T02:42:32.000Z,/,GET,404,27,IN,Desktop
2025-09-16T02:48:27.000Z,/,GET,200,44,DE,Desktop
2025-09-16T02:59:41.000Z,/api/cart,POST,200,110,US,Desktop
2025-09-16T03:02:54.000Z,/,GET,200,57,US,Mobile
2025-09-16T03:03:35.000Z,/api/checkout,POST,200,226,IN,Mobile
2025-09-16T03:09:28.000Z,/api/checkout,POST,200,182,US,Mobile
2025-09-16T03:13:38.000Z,/,GET,200,42,BR,Desktop
2025-09-16T03:14:40.000Z,/api/cart,POST,200,53,BR,Mobile
2025-09-16T03:16:14.000Z,/products/:id,GET,200,63,DE,Desktop
2025-09-16T03:19:35.000Z,/products,GET,200,100,DE,Mobile
2025-09-16T03:26:25.000Z,/search,GET,200,165,FR,Mobile
2025-09-16T03:27:48.000Z,/search,GET,200,204,BR,Desktop
2025-09-16T03:30:55.000Z,/cart,GET,200,34,US,Mobile
2025-09-16T03:36:10.000Z,/products,GET,200,107,FR,Mobile
2025-09-16T03:38:56.000Z,/products/:id,GET,200,53,DE,Tablet
2025-09-16T03:41:47.000Z,/products/:id,GET,200,36,US,Mobile
2025-09-16T03:58:32.000Z,/products/:id,GET,404,62,US,Desktop
2025-09-16T04:04:45.000Z,/,GET,200,51,IN,Desktop
2025-09-16T04:05:14.000Z,/products,GET,200,29,GB,Desktop
2025-09-16T04:08:26.000Z,/search,GET,200,154,DE,Mobile
2025-09-16T04:08:32.000Z,/api/checkout,POST,200,188,IN,Desktop
2025-09-16T04:13:07.000Z,/search,GET,200,188,US,Desktop
2025-09-16T04:13:27.000Z,/cart,GET,200,74,JP,Tablet
2025-09-16T04:16:56.000Z,/products,GET,200,105,US,Mobile
2025-09-16T04:31:38.000Z,/products,GET,200,57,BR,Desktop
2025-09-16T04:32:15.000Z,/search,GET,200,95,BR,Tablet
2025-09-16T04:32:26.000Z,/,GET,200,37,GB,Desktop
2025-09-16T04:46:54.000Z,/search,GET,200,107,US,Mobile
2025-09-16T04:47:46.000Z,/products/:id,GET,200,75,JP,Desktop
2025-09-16T04:52:14.000Z,/products/:id,GET,304,43,US,Desktop
2025-09-16T04:54:07.000Z,/products,GET,200,41,US,Desktop
2025-09-16T04:57:41.000Z,/,GET,200,42,US,Desktop
2025-09-16T04:57:51.000Z,/products/:id,GET,200,72,US,Desktop
2025-09-16T04:58:00.000Z,/,GET,200,47,US,Desktop
2025-09-16T05:02:30.000Z,/cart,GET,200,34,US,Desktop
2025-09-16T05:07:42.000Z,/,GET,200,47,CA,Mobile
2025-09-16T05:08:33.000Z,/,GET,200,42,DE,Desktop
2025-09-16T05:09:28.000Z,/products/:id,GET,200,41,US,Mobile
2025-09-16T05:10:48.000Z,/api/cart,POST,200,108,IN,Mobile
2025-09-16T05:11:42.000Z,/cart,GET,200,77,IN,Desktop
2025-09-16T05:24:26.000Z,/,GET,200,36,US,Desktop
2025-09-16T05:31:22.000Z,/api/cart,POST,200,123,FR,Desktop
2025-09-16T05:37:05.000Z,/products,GET,200,63,US,Tablet
2025-09-16T05:49:35.000Z,/api/cart,POST,200,109,DE,Desktop
2025-09-16T05:56:30.000Z,/products/:id,GET,200,32,US,Mobile
2025-09-16T06:01:28.000Z,/,GET,200,108,JP,Desktop
2025-09-16T06:02:27.000Z,/cart,GET,200,127,JP,Desktop
2025-09-16T06:03:18.000Z,/cart,GET,200,49,US,Mobile
2025-09-16T06:15:10.000Z,/products,GET,200,98,DE,Mobile
2025-09-16T06:15:49.000Z,/products,GET,200,77,US,Desktop
2025-09-16T06:16:00.000Z,/products/:id,GET,200,60,FR,Mobile
2025-09-16T06:24:40.000Z,/api/cart,POST,200,157,US,Mobile
2025-09-16T06:24:56.000Z,/,GET,200,55,US,Tablet
2025-09-16T06:26:52.000Z,/products/:id,GET,200,65,IN,Mobile
2025-09-16T06:26:54.000Z,/,GET,200,55,US,Mobile
2025-09-16T06:30:34.000Z,/search,GET,200,248,US,Mobile
2025-09-16T06:31:41.000Z,/,GET,200,147,CA,Mobile
2025-09-16T06:32:45.000Z,/search,GET,200,330,CA,Desktop
2025-09-16T06:32:54.000Z,/api/checkout,POST,200,205,IN,Mobile
2025-09-16T06:33:36.000Z,/products/:id,GET,200,80,US,Mobile
2025-09-16T06:37:23.000Z,/products,GET,200,210,JP,Mobile
2025-09-16T06:43:46.000Z,/cart,GET,200,49,FR,Tablet
2025-09-16T06:43:58.000Z,/products,GET,200,164,FR,Mobile
2025-09-16T06:45:31.000Z,/,GET,200,52,US,Mobile
2025-09-16T06:50:04.000Z,/account,GET,200,111,CA,Desktop
2025-09-16T06:50:40.000Z,/api/checkout,POST,200,163,US,Mobile
2025-09-16T06:55:23.000Z,/api/checkout,POST,200,316,CA,Mobile
2025-09-16T06:58:29.000Z,/api/checkout,POST,200,285,US,Mobile
2025-09-16T06:59:04.000Z,/,GET,500,33,IN,Tablet
2025-09-16T07:00:17.000Z,/,GET,200,49,DE,Desktop
2025-09-16T07:00:59.000Z,/products,GET,200,106,CA,Mobile
2025-09-16T07:09:16.000Z,/products,GET,200,127,US,Mobile
2025-09-16T07:18:21.000Z,/,GET,200,38,US,Desktop
2025-09-16T07:19:31.000Z,/search,GET,200,159,US,Mobile
2025-09-16T07:19:34.000Z,/,GET,200,38,BR,Mobile
2025-09-16T07:21:20.000Z,/,GET,200,34,US,Mobile
2025-09-16T07:22:20.000Z,/,GET,304,79,US,Desktop
2025-09-16T07:26:50.000Z,/,GET,200,31,IN,Desktop
2025-09-16T07:27:45.000Z,/,GET,200,26,US,Mobile
2025-09-16T07:28:42.000Z,/api/checkout,POST,200,209,US,Tablet
2025-09-16T07:29:00.000Z,/,GET,200,48,CA,Mobile
2025-09-16T07:29:05.000Z,/products/:id,GET,200,48,US,Mobile
2025-09-16T07:29:36.000Z,/api/cart,POST,200,75,US,Desktop
2025-09-16T07:31:21.000Z,/api/checkout,POST,200,136,US,Desktop
2025-09-16T07:35:31.000Z,/,GET,304,54,US,Desktop
2025-09-16T07:37:33.000Z,/,GET,200,45,DE,Tablet
2025-09-16T07:39:14.000Z,/cart,GET,200,65,JP,Mobile
2025-09-16T07:42:38.000Z,/products,GET,200,117,BR,Mobile
2025-09-16T07:44:07.000Z,/api/cart,POST,200,41,US,Mobile
2025-09-16T07:44:55.000Z,/products,GET,200,40,IN,Desktop
2025-09-16T07:45:26.000Z,/products,GET,200,126,CA,Desktop
2025-09-16T07:47:05.000Z,/search,GET,200,151,GB,Mobile
2025-09-16T07:51:08.000Z,/api/checkout,POST,200,160,US,Mobile
2025-09-16T07:53:30.000Z,/products/:id,GET,200,67,IN,Desktop
2025-09-16T07:59:44.000Z,/cart,GET,200,67,FR,Desktop
2025-09-16T08:03:23.000Z,/products/:id,GET,200,36,US,Desktop
2025-09-16T08:03:24.000Z,/api/cart,POST,200,233,US,Desktop
2025-09-16T08:06:56.000Z,/search,GET,200,124,IN,Desktop
2025-09-16T08:11:07.000Z,/api/cart,POST,200,97,US,Mobile
2025-09-16T08:14:35.000Z,/search,GET,200,135,US,Desktop
2025-09-16T08:15:55.000Z,/,GET,200,39,US,Mobile
2025-09-16T08:19:06.000Z,/products,GET,200,47,GB,Mobile
2025-09-16T08:19:46.000Z,/,GET,200,93,GB,Mobile
2025-09-16T08:19:57.000Z,/,GET,200,51,US,Tablet
2025-09-16T08:20:57.000Z,/,GET,200,61,BR,Desktop
2025-09-16T08:29:16.000Z,/products,GET,200,44,CA,Desktop
2025-09-16T08:31:25.000Z,/products/:id,GET,200,73,GB,Desktop
2025-09-16T08:34:06.000Z,/products/:id,GET,200,109,US,Desktop
2025-09-16T08:41:57.000Z,/cart,GET,200,34,US,Desktop
2025-09-16T08:42:15.000Z,/products/:id,GET,200,62,IN,Desktop
2025-09-16T08:53:17.000Z,/api/cart,POST,200,254,GB,Desktop
2025-09-16T08:53:44.000Z,/cart,GET,200,40,DE,Mobile
2025-09-16T08:53:50.000Z,/,GET,200,24,CA,Mobile
2025-09-16T08:56:14.000Z,/api/checkout,POST,304,219,FR,Desktop
2025-09-16T09:00:36.000Z,/,GET,200,27,US,Tablet
2025-09-16T09:00:54.000Z,/,GET,200,50,US,Desktop
2025-09-16T09:01:35.000Z,/products,GET,200,59,IN,Desktop
2025-09-16T09:07:20.000Z,/products,GET,200,111,CA,Mobile
2025-09-16T09:12:15.000Z,/products/:id,GET,200,89,JP,Mobile
2025-09-16T09:12:32.000Z,/cart,GET,200,53,GB,Mobile
2025-09-16T09:14:16.000Z,/search,GET,200,147,GB,Mobile
2025-09-16T09:17:17.000Z,/cart,GET,200,74,FR,Mobile
2025-09-16T09:17:45.000Z,/search,GET,200,92,GB,Desktop
2025-09-16T09:19:48.000Z,/products/:id,GET,200,34,US,Desktop
2025-09-16T09:22:19.000Z,/search,GET,200,136,GB,Desktop
2025-09-16T09:22:52.000Z,/products,GET,200,46,US,Mobile
2025-09-16T09:25:46.000Z,/,GET,404,23,US,Mobile
2025-09-16T09:31:43.000Z,/products,GET,200,65,US,Desktop
2025-09-16T09:34:44.000Z,/api/cart,POST,200,109,US,Desktop
2025-09-16T09:35:40.000Z,/,GET,200,29,BR,Mobile
2025-09-16T09:40:51.000Z,/api/cart,POST,200,52,IN,Mobile
2025-09-16T09:43:38.000Z,/api/cart,POST,200,144,JP,Desktop
2025-09-16T09:44:48.000Z,/search,GET,404,175,GB,Mobile
2025-09-16T09:49:08.000Z,/products,GET,200,145,DE,Mobile
2025-09-16T09:49:55.000Z,/,GET,200,67,US,Mobile
2025-09-16T09:53:55.000Z,/products,GET,200,120,CA,Tablet
2025-09-16T09:57:03.000Z,/search,GET,304,116,CA,Mobile
2025-09-16T09:59:36.000Z,/products,GET,200,116,US,Mobile
2025-09-16T10:00:13.000Z,/products,GET,200,36,IN,Desktop
2025-09-16T10:04:13.000Z,/,GET,200,53,CA,Desktop
2025-09-16T10:06:50.000Z,/cart,GET,200,60,DE,Desktop
2025-09-16T10:07:10.000Z,/,GET,500,36,BR,Tablet
2025-09-16T10:07:48.000Z,/products/:id,GET,200,94,US,Mobile
2025-09-16T10:11:51.000Z,/products,GET,200,126,FR,Desktop
2025-09-16T10:13:42.000Z,/products/:id,GET,200,68,US,Desktop
2025-09-16T10:13:44.000Z,/,GET,200,51,JP,Mobile
2025-09-16T10:23:14.000Z,/api/checkout,POST,200,457,US,Mobile
2025-09-16T10:23:25.000Z,/api/checkout,POST,200,58,JP,Desktop
2025-09-16T10:23:30.000Z,/,GET,200,27,GB,Mobile
2025-09-16T10:23:56.000Z,/api/checkout,POST,200,201,IN,Desktop
2025-09-16T10:24:04.000Z,/products/:id,GET,200,74,IN,Desktop
2025-09-16T10:27:21.000Z,/products,GET,404,33,BR,Mobile
2025-09-16T10:27:34.000Z,/products,GET,200,88,US,Mobile
2025-09-16T10:29:13.000Z,/products/:id,GET,200,33,GB,Mobile
2025-09-16T10:31:24.000Z,/,GET,200,18,IN,Desktop
2025-09-16T10:37:39.000Z,/cart,GET,200,38,US,Desktop
2025-09-16T10:41:06.000Z,/cart,GET,200,51,DE,Desktop
2025-09-16T10:42:34.000Z,/products,GET,200,98,IN,Mobile
2025-09-16T10:51:54.000Z,/products,GET,200,51,BR,Desktop
2025-09-16T10:52:49.000Z,/search,GET,200,151,IN,Mobile
2025-09-16T10:55:15.000Z,/cart,GET,200,63,US,Mobile
2025-09-16T10:55:47.000Z,/,GET,200,53,BR,Tablet
2025-09-16T10:56:34.000Z,/products/:id,GET,200,58,US,Mobile
2025-09-16T10:56:56.000Z,/,GET,200,53,US,Mobile
2025-09-16T10:57:16.000Z,/products,GET,200,118,US,Desktop
2025-09-16T10:57:40.000Z,/products,GET,401,77,IN,Mobile
2025-09-16T10:58:13.000Z,/,GET,200,19,US,Mobile
2025-09-16T11:03:18.000Z,/search,GET,200,173,US,Mobile
2025-09-16T11:08:10.000Z,/,GET,200,54,IN,Desktop
2025-09-16T11:08:57.000Z,/products,GET,200,88,IN,Desktop
2025-09-16T11:13:20.000Z,/api/cart,POST,200,39,IN,Mobile
2025-09-16T11:13:46.000Z,/,GET,200,45,CA,Mobile
2025-09-16T11:14:50.000Z,/,GET,200,19,GB,Desktop
2025-09-16T11:17:45.000Z,/search,GET,200,183,US,Desktop
2025-09-16T11:18:03.000Z,/products,GET,200,57,BR,Tablet
2025-09-16T11:18:21.000Z,/search,GET,200,200,US,Mobile
2025-09-16T11:18:48.000Z,/products/:id,GET,401,28,US,Desktop
2025-09-16T11:19:42.000Z,/products/:id,GET,200,93,JP,Mobile
2025-09-16T11:19:50.000Z,/cart,GET,200,95,FR,Desktop
2025-09-16T11:27:13.000Z,/search,GET,200,117,CA,Mobile
2025-09-16T11:28:38.000Z,/api/checkout,POST,200,267,DE,Desktop
2025-09-16T11:34:47.000Z,/cart,GET,200,37,FR,Desktop
2025-09-16T11:35:25.000Z,/,GET,200,51,FR,Mobile
2025-09-16T11:36:58.000Z,/api/checkout,POST,200,234,GB,Desktop
2025-09-16T11:40:04.000Z,/search,GET,304,245,US,Desktop
2025-09-16T11:41:42.000Z,/search,GET,200,116,CA,Desktop
2025-09-16T11:42:32.000Z,/products,GET,200,67,US,Mobile
2025-09-16T11:45:31.000Z,/products/:id,GET,200,71,GB,Mobile
2025-09-16T11:55:15.000Z,/,GET,200,61,US,Desktop
2025-09-16T11:55:33.000Z,/products/:id,GET,200,81,US,Desktop
2025-09-16T11:56:00.000Z,/products/:id,GET,200,43,US,Desktop
2025-09-16T11:58:13.000Z,/products,GET,200,92,BR,Mobile
2025-09-16T12:00:17.000Z,/api/checkout,POST,200,691,JP,Desktop
2025-09-16T12:01:34.000Z,/products/:id,GET,200,107,US,Desktop
2025-09-16T12:02:11.000Z,/products,GET,200,136,DE,Tablet
2025-09-16T12:07:21.000Z,/account,GET,200,96,GB,Mobile
2025-09-16T12:08:06.000Z,/api/cart,POST,200,99,US,Desktop
2025-09-16T12:11:52.000Z,/products,GET,401,133,US,Mobile
2025-09-16T12:14:10.000Z,/products/:id,GET,200,77,DE,Desktop
2025-09-16T12:15:15.000Z,/search,GET,200,264,US,Mobile
2025-09-16T12:15:21.000Z,/api/checkout,POST,200,418,US,Mobile
2025-09-16T12:16:28.000Z,/search,GET,200,162,BR,Desktop
2025-09-16T12:18:29.000Z,/search,GET,404,131,IN,Desktop
2025-09-16T12:23:31.000Z,/products/:id,GET,200,53,US,Desktop
2025-09-16T12:26:52.000Z,/search,GET,200,211,US,Mobile
2025-09-16T12:29:45.000Z,/,GET,200,39,CA,Desktop
2025-09-16T12:33:21.000Z,/products/:id,GET,200,116,JP,Desktop
2025-09-16T12:33:38.000Z,/products,GET,200,125,CA,Mobile
2025-09-16T12:35:01.000Z,/products,GET,200,67,CA,Desktop
2025-09-16T12:35:16.000Z,/products/:id,GET,200,51,BR,Mobile
2025-09-16T12:36:55.000Z,/search,GET,200,243,BR,Desktop
2025-09-16T12:37:48.000Z,/products,GET,200,56,GB,Mobile
2025-09-16T12:38:27.000Z,/,GET,200,19,IN,Desktop
2025-09-16T12:38:29.000Z,/account,GET,200,96,IN,Desktop
2025-09-16T12:44:06.000Z,/products,GET,200,62,US,Mobile
2025-09-16T12:45:27.000Z,/account,GET,200,109,DE,Desktop
2025-09-16T12:48:22.000Z,/products,GET,200,72,US,Mobile
2025-09-16T12:49:41.000Z,/cart,GET,200,73,FR,Desktop
2025-09-16T12:52:08.000Z,/,GET,200,32,US,Mobile
2025-09-16T12:53:42.000Z,/search,GET,200,172,CA,Mobile
2025-09-16T12:57:42.000Z,/,GET,200,80,US,Mobile
2025-09-16T12:58:05.000Z,/,GET,200,25,US,Mobile
2025-09-16T13:00:39.000Z,/products/:id,GET,200,108,IN,Mobile
2025-09-16T13:01:30.000Z,/products,GET,200,49,US,Mobile
2025-09-16T13:04:50.000Z,/products,GET,200,76,FR,Desktop
2025-09-16T13:04:56.000Z,/,GET,200,96,US,Mobile
2025-09-16T13:06:44.000Z,/products,GET,404,63,US,Desktop
2025-09-16T13:09:01.000Z,/search,GET,200,82,US,Mobile
2025-09-16T13:13:48.000Z,/products/:id,GET,200,64,GB,Tablet
2025-09-16T13:13:59.000Z,/products,GET,401,49,CA,Mobile
2025-09-16T13:16:01.000Z,/,GET,401,32,CA,Desktop
2025-09-16T13:16:18.000Z,/,GET,200,51,CA,Mobile
2025-09-16T13:21:21.000Z,/products/:id,GET,200,68,IN,Mobile
2025-09-16T13:22:29.000Z,/cart,GET,200,52,JP,Mobile
2025-09-16T13:22:40.000Z,/search,GET,200,85,FR,Desktop
2025-09-16T13:23:11.000Z,/,GET,200,97,US,Mobile
2025-09-16T13:24:21.000Z,/search,GET,200,160,IN,Desktop
2025-09-16T13:24:25.000Z,/cart,GET,200,58,DE,Desktop
2025-09-16T13:26:26.000Z,/search,GET,200,159,GB,Desktop
2025-09-16T13:26:40.000Z,/products/:id,GET,200,106,US,Mobile
2025-09-16T13:27:17.000Z,/,GET,200,64,US,Desktop
2025-09-16T13:31:43.000Z,/api/checkout,POST,401,130,BR,Mobile
2025-09-16T13:36:05.000Z,/products,GET,200,83,US,Mobile
2025-09-16T13:37:31.000Z,/,GET,304,28,US,Desktop
2025-09-16T13:37:46.000Z,/products,GET,200,55,US,Tablet
2025-09-16T13:39:24.000Z,/,GET,200,47,FR,Mobile
2025-09-16T13:40:31.000Z,/api/checkout,POST,200,223,US,Desktop
2025-09-16T13:45:24.000Z,/,GET,200,54,US,Desktop
2025-09-16T13:45:25.000Z,/api/cart,POST,200,109,US,Mobile
2025-09-16T13:50:30.000Z,/products,GET,200,117,DE,Mobile
2025-09-16T13:54:21.000Z,/products,GET,200,50,BR,Desktop
2025-09-16T13:54:36.000Z,/products/:id,GET,200,35,GB,Desktop
2025-09-16T13:56:36.000Z,/products,GET,200,62,US,Mobile
2025-09-16T13:57:14.000Z,/cart,GET,200,32,JP,Mobile
2025-09-16T14:00:32.000Z,/api/checkout,POST,200,309,DE,Mobile
2025-09-16T14:00:38.000Z,/api/cart,POST,200,71,US,Desktop
2025-09-16T14:01:41.000Z,/,GET,200,54,CA,Desktop
2025-09-16T14:02:49.000Z,/products,GET,200,53,US,Mobile
2025-09-16T14:04:01.000Z,/,GET,200,57,US,Desktop
2025-09-16T14:04:34.000Z,/products,GET,401,93,GB,Mobile
2025-09-16T14:05:10.000Z,/products/:id,GET,200,58,IN,Mobile
2025-09-16T14:07:40.000Z,/,GET,200,28,FR,Tablet
2025-09-16T14:09:03.000Z,/products,GET,200,71,CA,Desktop
2025-09-16T14:10:01.000Z,/products/:id,GET,200,23,DE,Desktop
2025-09-16T14:10:53.000Z,/,GET,200,24,FR,Tablet
2025-09-16T14:10:54.000Z,/search,GET,200,104,IN,Mobile
2025-09-16T14:11:08.000Z,/products/:id,GET,200,62,US,Mobile
2025-09-16T14:11:54.000Z,/,GET,304,36,US,Desktop
2025-09-16T14:12:34.000Z,/products/:id,GET,200,95,US,Mobile
2025-09-16T14:15:21.000Z,/search,GET,200,111,IN,Desktop
2025-09-16T14:15:47.000Z,/,GET,200,55,US,Mobile
2025-09-16T14:15:50.000Z,/products/:id,GET,200,90,GB,Mobile
2025-09-16T14:25:27.000Z,/,GET,200,38,GB,Mobile
2025-09-16T14:26:24.000Z,/api/checkout,POST,200,303,JP,Mobile
2025-09-16T14:26:50.000Z,/products,GET,200,96,BR,Mobile
2025-09-16T14:27:14.000Z,/products,GET,200,69,IN,Mobile
2025-09-16T14:32:05.000Z,/products,GET,200,87,IN,Mobile
2025-09-16T14:33:06.000Z,/products,GET,200,34,FR,Desktop
2025-09-16T14:35:40.000Z,/products/:id,GET,200,65,DE,Mobile
2025-09-16T14:38:20.000Z,/products/:id,GET,200,64,IN,Mobile
2025-09-16T14:40:11.000Z,/search,GET,304,110,IN,Mobile
2025-09-16T14:45:37.000Z,/products/:id,GET,200,41,IN,Mobile
2025-09-16T14:45:55.000Z,/api/checkout,POST,200,279,US,Mobile
2025-09-16T14:50:04.000Z,/products,GET,200,135,BR,Mobile
2025-09-16T14:51:30.000Z,/search,GET,200,182,CA,Tablet
2025-09-16T14:51:38.000Z,/products/:id,GET,200,74,IN,Mobile
2025-09-16T15:01:00.000Z,/products,GET,200,186,BR,Desktop
2025-09-16T15:06:10.000Z,/products,GET,200,165,JP,Desktop
2025-09-16T15:07:11.000Z,/,GET,200,24,US,Desktop
2025-09-16T15:09:14.000Z,/,GET,200,33,US,Mobile
2025-09-16T15:16:37.000Z,/products,GET,200,99,US,Desktop
2025-09-16T15:17:40.000Z,/products/:id,GET,200,124,IN,Mobile
2025-09-16T15:22:03.000Z,/,GET,200,35,JP,Desktop
2025-09-16T15:22:15.000Z,/api/checkout,POST,200,167,JP,Tablet
2025-09-16T15:22:48.000Z,/api/cart,POST,200,184,US,Desktop
2025-09-16T15:24:00.000Z,/products,GET,200,41,GB,Desktop
2025-09-16T15:24:19.000Z,/,GET,200,90,JP,Desktop
2025-09-16T15:26:10.000Z,/,GET,200,59,IN,Desktop
2025-09-16T15:30:55.000Z,/products,GET,200,135,US,Tablet
2025-09-16T15:31:51.000Z,/,GET,500,48,JP,Mobile
2025-09-16T15:39:17.000Z,/products/:id,GET,200,56,GB,Mobile
2025-09-16T15:39:20.000Z,/cart,GET,200,194,US,Desktop
2025-09-16T15:39:25.000Z,/,GET,200,68,BR,Desktop
2025-09-16T15:41:04.000Z,/cart,GET,200,91,FR,Mobile
2025-09-16T15:41:09.000Z,/cart,GET,200,44,FR,Mobile
2025-09-16T15:42:28.000Z,/search,GET,200,114,US,Mobile
2025-09-16T15:43:36.000Z,/products,GET,200,148,IN,Mobile
2025-09-16T15:44:56.000Z,/products,GET,200,131,GB,Tablet
2025-09-16T15:48:43.000Z,/cart,GET,200,107,CA,Mobile
2025-09-16T15:49:24.000Z,/,GET,200,34,JP,Desktop
2025-09-16T15:52:03.000Z,/api/checkout,POST,200,273,DE,Mobile
2025-09-16T15:53:31.000Z,/products/:id,GET,304,133,DE,Desktop
2025-09-16T15:54:19.000Z,/search,GET,200,115,US,Desktop
2025-09-16T15:55:31.000Z,/,GET,200,34,JP,Mobile
2025-09-16T15:55:53.000Z,/api/cart,POST,200,127,GB,Desktop
2025-09-16T15:56:00.000Z,/search,GET,200,178,IN,Desktop
2025-09-16T15:56:23.000Z,/api/cart,POST,200,59,JP,Desktop
2025-09-16T15:57:30.000Z,/products/:id,GET,200,89,IN,Desktop
2025-09-16T15:57:58.000Z,/products,GET,200,59,DE,Desktop
2025-09-16T15:59:01.000Z,/products,GET,200,69,US,Desktop
2025-09-16T15:59:21.000Z,/products/:id,GET,200,53,US,Mobile
2025-09-16T16:00:26.000Z,/products/:id,GET,200,137,BR,Desktop
2025-09-16T16:05:20.000Z,/products/:id,GET,200,66,CA,Desktop
2025-09-16T16:06:13.000Z,/search,GET,200,208,GB,Desktop
2025-09-16T16:06:22.000Z,/cart,GET,200,45,FR,Mobile
2025-09-16T16:07:22.000Z,/api/cart,POST,401,96,JP,Mobile
2025-09-16T16:10:29.000Z,/products,GET,200,35,BR,Desktop
2025-09-16T16:13:47.000Z,/,GET,200,28,US,Desktop
2025-09-16T16:15:16.000Z,/,GET,200,69,CA,Desktop
2025-09-16T16:20:48.000Z,/products/:id,GET,200,32,US,Desktop
2025-09-16T16:21:46.000Z,/products/:id,GET,200,83,US,Mobile
2025-09-16T16:23:06.000Z,/api/cart,POST,200,117,FR,Mobile
2025-09-16T16:23:45.000Z,/products,GET,200,89,US,Mobile
2025-09-16T16:28:54.000Z,/,GET,200,38,JP,Tablet
2025-09-16T16:29:59.000Z,/products/:id,GET,200,152,US,Desktop
2025-09-16T16:34:29.000Z,/products/:id,GET,200,75,JP,Desktop
2025-09-16T16:35:49.000Z,/products,GET,200,159,JP,Mobile
2025-09-16T16:37:26.000Z,/products,GET,200,110,FR,Mobile
2025-09-16T16:42:10.000Z,/api/checkout,POST,200,90,US,Mobile
2025-09-16T16:42:24.000Z,/,GET,200,35,FR,Mobile
2025-09-16T16:52:32.000Z,/,GET,200,57,US,Desktop
2025-09-16T16:53:43.000Z,/account,GET,200,40,GB,Mobile
2025-09-16T16:56:23.000Z,/,GET,200,48,US,Desktop
2025-09-16T16:56:55.000Z,/cart,GET,200,38,IN,Desktop
2025-09-16T16:59:04.000Z,/account,GET,200,97,DE,Mobile
2025-09-16T17:01:03.000Z,/,GET,200,46,US,Desktop
2025-09-16T17:07:37.000Z,/,GET,200,56,US,Mobile
2025-09-16T17:20:31.000Z,/cart,GET,200,170,IN,Tablet
2025-09-16T17:21:19.000Z,/products/:id,GET,404,60,CA,Desktop
2025-09-16T17:22:34.000Z,/products/:id,GET,200,88,JP,Desktop
2025-09-16T17:23:54.000Z,/search,GET,200,66,DE,Mobile
2025-09-16T17:24:58.000Z,/,GET,200,98,GB,Mobile
2025-09-16T17:30:33.000Z,/products/:id,GET,200,103,CA,Desktop
2025-09-16T17:30:38.000Z,/products,GET,200,86,IN,Mobile
2025-09-16T17:31:55.000Z,/products/:id,GET,200,41,US,Desktop
2025-09-16T17:33:44.000Z,/products,GET,200,78,US,Mobile
2025-09-16T17:34:33.000Z,/products/:id,GET,200,62,DE,Desktop
2025-09-16T17:34:56.000Z,/cart,GET,200,32,US,Mobile
2025-09-16T17:38:47.000Z,/api/checkout,POST,200,282,US,Mobile
2025-09-16T17:39:43.000Z,/products,GET,200,113,GB,Mobile
2025-09-16T17:40:54.000Z,/,GET,200,51,IN,Mobile
2025-09-16T17:41:08.000Z,/api/cart,POST,200,84,GB,Desktop
2025-09-16T17:42:08.000Z,/products/:id,GET,200,68,DE,Desktop
2025-09-16T17:51:20.000Z,/products,GET,200,112,US,Mobile
2025-09-16T17:54:19.000Z,/search,GET,200,91,IN,Mobile
2025-09-16T17:56:03.000Z,/cart,GET,200,52,US,Desktop
2025-09-16T17:56:47.000Z,/products/:id,GET,200,19,GB,Desktop
2025-09-16T18:13:19.000Z,/products,GET,200,60,US,Tablet
2025-09-16T18:19:55.000Z,/cart,GET,200,49,US,Tablet
2025-09-16T18:20:47.000Z,/api/cart,POST,200,135,FR,Tablet
2025-09-16T18:22:58.000Z,/products/:id,GET,200,31,JP,Desktop
2025-09-16T18:23:21.000Z,/api/cart,POST,200,119,JP,Mobile
2025-09-16T18:25:21.000Z,/search,GET,200,182,US,Desktop
2025-09-16T18:27:27.000Z,/,GET,200,22,IN,Desktop
2025-09-16T18:33:47.000Z,/search,GET,404,230,US,Mobile
2025-09-16T18:41:46.000Z,/,GET,200,27,BR,Mobile
2025-09-16T18:43:35.000Z,/products/:id,GET,200,111,US,Mobile
2025-09-16T18:44:11.000Z,/products,GET,200,74,FR,Mobile
2025-09-16T18:45:17.000Z,/api/cart,POST,200,107,US,Mobile
2025-09-16T18:50:18.000Z,/cart,GET,200,43,BR,Desktop
2025-09-16T18:52:32.000Z,/products,GET,200,75,BR,Mobile
2025-09-16T18:53:21.000Z,/products/:id,GET,200,145,IN,Desktop
2025-09-16T18:59:04.000Z,/search,GET,200,100,IN,Mobile
2025-09-16T19:00:33.000Z,/cart,GET,200,107,CA,Desktop
2025-09-16T19:00:35.000Z,/,GET,200,38,US,Tablet
2025-09-16T19:00:49.000Z,/products,GET,200,62,DE,Mobile
2025-09-16T19:01:46.000Z,/api/cart,POST,200,76,DE,Mobile
2025-09-16T19:09:03.000Z,/,GET,200,25,US,Mobile
2025-09-16T19:10:21.000Z,/cart,GET,200,65,FR,Mobile
2025-09-16T19:10:44.000Z,/api/checkout,POST,404,288,US,Desktop
2025-09-16T19:10:52.000Z,/products/:id,GET,401,43,CA,Mobile
2025-09-16T19:13:07.000Z,/,GET,200,44,US,Desktop
2025-09-16T19:14:49.000Z,/products/:id,GET,200,52,US,Desktop
2025-09-16T19:15:00.000Z,/products,GET,200,71,US,Mobile
2025-09-16T19:16:08.000Z,/,GET,200,22,US,Desktop
2025-09-16T19:17:00.000Z,/cart,GET,200,96,IN,Mobile
2025-09-16T19:17:15.000Z,/api/cart,POST,200,93,US,Desktop
2025-09-16T19:17:36.000Z,/api/cart,POST,200,49,US,Mobile
2025-09-16T19:19:34.000Z,/cart,GET,200,81,DE,Mobile
2025-09-16T19:19:57.000Z,/products/:id,GET,200,68,CA,Desktop
2025-09-16T19:20:07.000Z,/products,GET,200,64,CA,Mobile
2025-09-16T19:23:12.000Z,/products/:id,GET,200,34,US,Mobile
2025-09-16T19:31:14.000Z,/products,GET,200,64,IN,Mobile
2025-09-16T19:34:39.000Z,/products,GET,200,83,DE,Mobile
2025-09-16T19:36:23.000Z,/account,GET,200,64,CA,Mobile
2025-09-16T19:39:06.000Z,/api/cart,POST,200,79,US,Desktop
2025-09-16T19:45:34.000Z,/,GET,200,83,US,Mobile
2025-09-16T19:49:10.000Z,/products,GET,200,198,US,Desktop
2025-09-16T19:54:35.000Z,/search,GET,200,109,GB,Desktop
2025-09-16T19:58:26.000Z,/api/checkout,POST,200,159,DE,Mobile
2025-09-16T20:00:52.000Z,/products/:id,GET,200,37,GB,Mobile
2025-09-16T20:01:59.000Z,/cart,GET,200,43,CA,Desktop
2025-09-16T20:14:55.000Z,/api/cart,POST,404,77,FR,Desktop
2025-09-16T20:19:01.000Z,/api/checkout,POST,200,289,CA,Desktop
2025-09-16T20:20:00.000Z,/,GET,200,47,IN,Tablet
2025-09-16T20:21:30.000Z,/cart,GET,200,63,US,Desktop
2025-09-16T20:23:21.000Z,/products/:id,GET,200,60,JP,Mobile
2025-09-16T20:26:52.000Z,/products/:id,GET,200,106,JP,Mobile
2025-09-16T20:28:11.000Z,/products,GET,200,82,US,Mobile
2025-09-16T20:37:18.000Z,/cart,GET,304,66,US,Mobile
2025-09-16T20:38:35.000Z,/cart,GET,200,61,GB,Mobile
2025-09-16T20:42:21.000Z,/products,GET,200,114,CA,Mobile
2025-09-16T20:49:51.000Z,/search,GET,200,156,JP,Desktop
2025-09-16T20:50:54.000Z,/,GET,200,45,US,Mobile
2025-09-16T20:53:36.000Z,/products,GET,200,139,DE,Desktop
2025-09-16T20:55:23.000Z,/products,GET,200,57,US,Mobile
2025-09-16T20:56:12.000Z,/,GET,200,75,GB,Mobile
2025-09-16T20:59:30.000Z,/api/checkout,POST,200,368,US,Desktop
2025-09-16T21:02:47.000Z,/api/checkout,POST,200,136,GB,Mobile
2025-09-16T21:10:57.000Z,/products/:id,GET,200,46,US,Mobile
2025-09-16T21:12:19.000Z,/api/cart,POST,200,99,IN,Mobile
2025-09-16T21:19:04.000Z,/api/checkout,POST,200,137,IN,Mobile
2025-09-16T21:19:09.000Z,/products,GET,200,49,CA,Desktop
2025-09-16T21:19:52.000Z,/,GET,200,42,US,Mobile
2025-09-16T21:24:13.000Z,/,GET,200,57,IN,Mobile
2025-09-16T21:31:32.000Z,/search,GET,200,76,IN,Tablet
2025-09-16T21:37:42.000Z,/products/:id,GET,200,22,IN,Mobile
2025-09-16T21:39:51.000Z,/cart,GET,200,61,DE,Desktop
2025-09-16T21:50:44.000Z,/search,GET,200,97,IN,Mobile
2025-09-16T21:53:53.000Z,/,GET,200,40,US,Mobile
2025-09-16T22:02:49.000Z,/products/:id,GET,200,79,JP,Desktop
2025-09-16T22:04:55.000Z,/products,GET,200,50,BR,Desktop
2025-09-16T22:07:08.000Z,/cart,GET,200,118,US,Tablet
2025-09-16T22:07:25.000Z,/,GET,200,43,JP,Desktop
2025-09-16T22:10:55.000Z,/,GET,200,63,CA,Desktop
2025-09-16T22:19:00.000Z,/api/cart,POST,200,74,US,Mobile
2025-09-16T22:31:02.000Z,/products,GET,200,74,FR,Mobile
2025-09-16T22:35:11.000Z,/products,GET,200,66,IN,Mobile
2025-09-16T22:38:39.000Z,/,GET,200,26,US,Desktop
2025-09-16T22:42:56.000Z,/api/cart,POST,304,76,US,Tablet
2025-09-16T22:49:26.000Z,/products,GET,200,76,JP,Desktop
2025-09-16T22:52:50.000Z,/products/:id,GET,200,79,US,Mobile
2025-09-16T22:54:23.000Z,/products,GET,200,69,US,Desktop
2025-09-16T23:00:03.000Z,/account,GET,200,50,US,Mobile
2025-09-16T23:02:39.000Z,/search,GET,200,134,US,Tablet
2025-09-16T23:02:59.000Z,/,GET,200,72,US,Desktop
2025-09-16T23:03:39.000Z,/search,GET,200,160,US,Desktop
2025-09-16T23:05:42.000Z,/products/:id,GET,200,87,FR,Mobile
2025-09-16T23:09:35.000Z,/products,GET,200,137,IN,Tablet
2025-09-16T23:16:22.000Z,/products,GET,200,116,US,Mobile
2025-09-16T23:21:20.000Z,/search,GET,200,318,US,Desktop
2025-09-16T23:33:04.000Z,/,GET,200,110,DE,Mobile
2025-09-16T23:33:24.000Z,/api/checkout,POST,200,341,IN,Mobile
2025-09-16T23:39:00.000Z,/products/:id,GET,200,89,IN,Desktop
2025-09-16T23:41:41.000Z,/products,GET,304,88,US,Desktop
2025-09-16T23:43:53.000Z,/search,GET,200,198,FR,Mobile
2025-09-16T23:47:50.000Z,/products/:id,GET,200,29,IN,Desktop
2025-09-16T23:55:24.000Z,/api/cart,POST,200,91,CA,Desktop
2025-09-16T23:59:04.000Z,/,GET,200,45,IN,Desktop
2025-09-17T00:01:38.000Z,/products/:id,GET,200,73,DE,Tablet
2025-09-17T00:10:46.000Z,/cart,GET,200,34,CA,Desktop
2025-09-17T00:18:08.000Z,/,GET,200,22,US,Desktop
2025-09-17T00:18:39.000Z,/products,GET,200,36,US,Desktop
2025-09-17T00:26:57.000Z,/,GET,200,40,IN,Desktop
2025-09-17T00:28:37.000Z,/search,GET,200,80,BR,Mobile
2025-09-17T00:33:11.000Z,/products/:id,GET,200,48,US,Mobile
2025-09-17T00:36:55.000Z,/api/cart,POST,200,181,JP,Desktop
2025-09-17T00:41:02.000Z,/,GET,200,50,US,Desktop
2025-09-17T00:45:27.000Z,/products/:id,GET,200,73,IN,Mobile
2025-09-17T00:46:06.000Z,/,GET,200,40,GB,Desktop
2025-09-17T00:51:07.000Z,/cart,GET,200,40,US,Mobile
2025-09-17T00:53:16.000Z,/,GET,200,67,US,Mobile
2025-09-17T01:03:57.000Z,/products,GET,200,75,US,Mobile
2025-09-17T01:08:10.000Z,/search,GET,200,245,US,Mobile
2025-09-17T01:10:41.000Z,/search,GET,200,123,JP,Desktop
2025-09-17T01:18:10.000Z,/products/:id,GET,200,29,GB,Desktop
2025-09-17T01:18:33.000Z,/,GET,404,30,US,Desktop
2025-09-17T01:19:06.000Z,/,GET,200,57,DE,Desktop
2025-09-17T01:25:02.000Z,/products,GET,200,33,CA,Tablet
2025-09-17T01:36:00.000Z,/products,GET,200,65,US,Mobile
2025-09-17T01:52:09.000Z,/api/checkout,POST,200,236,FR,Desktop
2025-09-17T01:55:50.000Z,/api/cart,POST,200,113,US,Desktop
2025-09-17T01:56:36.000Z,/search,GET,200,121,US,Mobile
2025-09-17T02:07:29.000Z,/search,GET,200,158,US,Mobile
2025-09-17T02:09:13.000Z,/cart,GET,200,22,IN,Mobile
2025-09-17T02:15:04.000Z,/,GET,200,43,JP,Mobile
2025-09-17T02:15:12.000Z,/products/:id,GET,200,132,JP,Desktop
2025-09-17T02:20:01.000Z,/,GET,200,24,IN,Mobile
2025-09-17T02:24:25.000Z,/products,GET,200,41,DE,Desktop
2025-09-17T02:34:14.000Z,/products/:id,GET,200,41,DE,Mobile
2025-09-17T02:36:48.000Z,/api/cart,POST,200,161,US,Desktop
2025-09-17T02:37:28.000Z,/,GET,200,41,US,Mobile
2025-09-17T02:40:47.000Z,/search,GET,200,120,US,Desktop
2025-09-17T02:49:37.000Z,/search,GET,304,135,US,Mobile
2025-09-17T02:50:50.000Z,/products,GET,200,119,BR,Tablet
2025-09-17T02:56:46.000Z,/,GET,200,31,CA,Desktop
2025-09-17T03:11:07.000Z,/account,GET,200,76,DE,Mobile
2025-09-17T03:20:01.000Z,/products/:id,GET,200,121,US,Desktop
2025-09-17T03:24:19.000Z,/products,GET,200,36,FR,Mobile
2025-09-17T03:52:43.000Z,/,GET,200,23,US,Tablet
2025-09-17T03:54:23.000Z,/products,GET,200,71,GB,Desktop
2025-09-17T03:55:24.000Z,/search,GET,200,436,DE,Desktop
2025-09-17T03:57:38.000Z,/products/:id,GET,200,74,FR,Mobile
2025-09-17T04:11:58.000Z,/products,GET,200,142,CA,Desktop
2025-09-17T04:12:57.000Z,/api/checkout,POST,200,131,CA,Mobile
2025-09-17T04:15:32.000Z,/cart,GET,200,48,GB,Mobile
2025-09-17T04:17:14.000Z,/products/:id,GET,200,95,US,Mobile
2025-09-17T04:19:37.000Z,/search,GET,200,293,CA,Mobile
2025-09-17T04:21:45.000Z,/products,GET,200,73,JP,Mobile
2025-09-17T04:21:45.000Z,/search,GET,200,72,IN,Mobile
2025-09-17T04:21:47.000Z,/products/:id,GET,200,90,FR,Mobile
2025-09-17T04:27:12.000Z,/products/:id,GET,200,51,US,Desktop
2025-09-17T04:29:58.000Z,/search,GET,200,196,US,Desktop
2025-09-17T04:34:05.000Z,/api/cart,POST,200,53,JP,Desktop
2025-09-17T04:36:14.000Z,/products/:id,GET,200,41,BR,Mobile
2025-09-17T04:36:22.000Z,/products,GET,200,63,US,Mobile
2025-09-17T04:51:44.000Z,/products/:id,GET,200,37,CA,Mobile
2025-09-17T04:52:55.000Z,/account,GET,200,108,CA,Mobile
2025-09-17T04:53:08.000Z,/search,GET,200,173,GB,Desktop
2025-09-17T04:54:04.000Z,/,GET,200,43,US,Desktop
2025-09-17T05:01:05.000Z,/search,GET,200,130,DE,Desktop
2025-09-17T05:05:13.000Z,/api/checkout,POST,200,418,DE,Mobile
2025-09-17T05:08:14.000Z,/,GET,200,24,JP,Desktop
2025-09-17T05:08:52.000Z,/,GET,200,23,IN,Desktop
2025-09-17T05:11:04.000Z,/products,GET,200,94,JP,Mobile
2025-09-17T05:12:31.000Z,/,GET,200,38,US,Desktop
2025-09-17T05:12:52.000Z,/products,GET,200,254,IN,Mobile
2025-09-17T05:16:24.000Z,/,GET,200,29,GB,Mobile
2025-09-17T05:16:26.000Z,/,GET,200,36,US,Desktop
2025-09-17T05:17:44.000Z,/products/:id,GET,200,75,CA,Mobile
2025-09-17T05:30:53.000Z,/,GET,200,81,US,Mobile
2025-09-17T05:31:30.000Z,/cart,GET,200,49,IN,Desktop
2025-09-17T05:32:21.000Z,/products/:id,GET,200,39,BR,Desktop
2025-09-17T05:37:18.000Z,/cart,GET,200,57,IN,Mobile
2025-09-17T05:39:32.000Z,/,GET,200,54,CA,Mobile
2025-09-17T05:43:00.000Z,/products/:id,GET,200,53,GB,Desktop
2025-09-17T05:45:12.000Z,/,GET,200,42,IN,Tablet
2025-09-17T05:46:49.000Z,/api/cart,POST,200,98,GB,Desktop
2025-09-17T05:49:42.000Z,/products,GET,200,91,GB,Mobile
2025-09-17T05:53:58.000Z,/api/cart,POST,404,96,CA,Mobile
2025-09-17T05:59:52.000Z,/,GET,200,47,US,Mobile
2025-09-17T06:07:43.000Z,/products,GET,200,82,CA,Desktop
2025-09-17T06:11:59.000Z,/search,GET,200,193,US,Desktop
2025-09-17T06:19:06.000Z,/,GET,200,22,DE,Mobile
2025-09-17T06:19:26.000Z,/api/cart,POST,200,135,BR,Mobile
2025-09-17T06:21:57.000Z,/api/checkout,POST,200,168,DE,Mobile
2025-09-17T06:24:53.000Z,/api/cart,POST,200,66,JP,Desktop
2025-09-17T06:25:46.000Z,/,GET,200,59,IN,Desktop
2025-09-17T06:26:17.000Z,/,GET,200,30,GB,Desktop
2025-09-17T06:31:03.000Z,/,GET,200,40,GB,Desktop
2025-09-17T06:35:50.000Z,/,GET,200,42,BR,Desktop
2025-09-17T06:39:02.000Z,/search,GET,200,158,CA,Desktop
2025-09-17T06:42:29.000Z,/api/cart,POST,200,88,DE,Mobile
2025-09-17T06:43:32.000Z,/products,GET,200,47,CA,Mobile
2025-09-17T06:46:08.000Z,/products,GET,404,131,CA,Desktop
2025-09-17T06:50:43.000Z,/,GET,200,36,US,Desktop
2025-09-17T06:51:24.000Z,/search,GET,200,190,JP,Mobile
2025-09-17T06:53:53.000Z,/account,GET,200,71,IN,Mobile
2025-09-17T06:55:29.000Z,/products/:id,GET,200,46,BR,Mobile
2025-09-17T07:07:58.000Z,/,GET,200,20,FR,Mobile
2025-09-17T07:08:47.000Z,/api/cart,POST,304,71,US,Tablet
2025-09-17T07:08:50.000Z,/cart,GET,200,99,US,Mobile
2025-09-17T07:12:18.000Z,/cart,GET,200,20,US,Mobile
2025-09-17T07:12:21.000Z,/products,GET,200,57,JP,Desktop
2025-09-17T07:12:50.000Z,/products,GET,200,104,US,Desktop
2025-09-17T07:13:23.000Z,/products,GET,404,50,US,Mobile
2025-09-17T07:13:46.000Z,/,GET,200,38,DE,Mobile
2025-09-17T07:16:47.000Z,/products,GET,200,56,US,Mobile
2025-09-17T07:16:56.000Z,/,GET,200,24,FR,Tablet
2025-09-17T07:20:13.000Z,/,GET,200,69,JP,Desktop
2025-09-17T07:21:24.000Z,/products/:id,GET,404,93,JP,Mobile
2025-09-17T07:21:58.000Z,/,GET,200,23,BR,Mobile
2025-09-17T07:24:29.000Z,/products,GET,200,123,BR,Mobile
2025-09-17T07:26:14.000Z,/products/:id,GET,200,48,US,Mobile
2025-09-17T07:29:30.000Z,/,GET,200,30,US,Mobile
2025-09-17T07:36:54.000Z,/search,GET,200,206,IN,Desktop
2025-09-17T07:45:40.000Z,/products/:id,GET,200,86,US,Mobile
2025-09-17T07:50:46.000Z,/products/:id,GET,200,47,US,Desktop
2025-09-17T07:55:19.000Z,/products,GET,200,92,GB,Mobile
2025-09-17T07:56:33.000Z,/search,GET,200,182,US,Desktop
2025-09-17T07:56:58.000Z,/api/cart,POST,200,76,US,Desktop
2025-09-17T08:00:02.000Z,/,GET,200,37,BR,Desktop
2025-09-17T08:10:04.000Z,/account,GET,200,167,DE,Desktop
2025-09-17T08:13:00.000Z,/,GET,200,37,JP,Mobile
2025-09-17T08:17:14.000Z,/,GET,200,65,FR,Mobile
2025-09-17T08:17:28.000Z,/products/:id,GET,200,86,US,Mobile
2025-09-17T08:19:55.000Z,/,GET,200,34,US,Desktop
2025-09-17T08:20:24.000Z,/cart,GET,200,94,FR,Desktop
2025-09-17T08:24:48.000Z,/,GET,200,44,CA,Desktop
2025-09-17T08:25:19.000Z,/products,GET,200,179,FR,Mobile
2025-09-17T08:28:02.000Z,/products,GET,200,52,US,Desktop
2025-09-17T08:32:06.000Z,/cart,GET,200,51,CA,Mobile
2025-09-17T08:33:42.000Z,/,GET,200,79,IN,Mobile
2025-09-17T08:36:40.000Z,/cart,GET,200,37,FR,Mobile
2025-09-17T08:38:33.000Z,/products,GET,200,62,DE,Desktop
2025-09-17T08:40:03.000Z,/api/cart,POST,200,57,US,Desktop
2025-09-17T08:40:17.000Z,/api/checkout,POST,200,303,GB,Mobile
2025-09-17T08:41:11.000Z,/products/:id,GET,200,45,GB,Mobile
2025-09-17T08:45:24.000Z,/,GET,200,33,US,Mobile
2025-09-17T08:47:02.000Z,/,GET,200,108,US,Mobile
2025-09-17T08:47:22.000Z,/api/checkout,POST,200,537,US,Desktop
2025-09-17T08:49:08.000Z,/,GET,200,37,US,Desktop
2025-09-17T08:50:03.000Z,/products/:id,GET,200,87,BR,Desktop
2025-09-17T08:55:39.000Z,/api/cart,POST,200,143,US,Mobile
2025-09-17T08:56:08.000Z,/search,GET,200,94,FR,Mobile
2025-09-17T08:56:16.000Z,/products/:id,GET,200,50,US,Tablet
2025-09-17T08:59:04.000Z,/,GET,200,23,DE,Desktop
2025-09-17T08:59:46.000Z,/api/cart,POST,200,62,GB,Desktop
2025-09-17T09:01:42.000Z,/,GET,200,17,FR,Tablet
2025-09-17T09:02:39.000Z,/products/:id,GET,200,38,US,Tablet
2025-09-17T09:04:19.000Z,/products,GET,200,73,IN,Mobile
2025-09-17T09:07:22.000Z,/cart,GET,200,64,JP,Mobile
2025-09-17T09:08:42.000Z,/products,GET,200,74,DE,Desktop
2025-09-17T09:12:23.000Z,/api/checkout,POST,200,289,CA,Desktop
2025-09-17T09:12:49.000Z,/search,GET,200,104,IN,Mobile
2025-09-17T09:13:18.000Z,/api/checkout,POST,200,309,US,Mobile
2025-09-17T09:14:29.000Z,/search,GET,200,323,US,Desktop
2025-09-17T09:14:40.000Z,/cart,GET,200,45,JP,Desktop
2025-09-17T09:14:55.000Z,/,GET,200,75,IN,Desktop
2025-09-17T09:14:57.000Z,/search,GET,200,208,IN,Desktop
2025-09-17T09:23:21.000Z,/,GET,200,65,US,Desktop
2025-09-17T09:27:44.000Z,/,GET,200,83,IN,Tablet
2025-09-17T09:28:18.000Z,/products/:id,GET,200,50,US,Mobile
2025-09-17T09:28:31.000Z,/products/:id,GET,200,41,GB,Desktop
2025-09-17T09:29:21.000Z,/,GET,200,19,US,Desktop
2025-09-17T09:36:24.000Z,/products,GET,200,115,US,Mobile
2025-09-17T09:37:50.000Z,/search,GET,200,83,US,Desktop
2025-09-17T09:38:53.000Z,/search,GET,404,123,CA,Tablet
2025-09-17T09:40:29.000Z,/products/:id,GET,200,29,BR,Mobile
2025-09-17T09:41:10.000Z,/api/cart,POST,200,122,US,Mobile
2025-09-17T09:41:17.000Z,/api/cart,POST,200,41,IN,Desktop
2025-09-17T09:42:38.000Z,/products/:id,GET,200,79,US,Desktop
2025-09-17T09:44:22.000Z,/,GET,200,48,FR,Mobile
2025-09-17T09:47:13.000Z,/products,GET,200,70,FR,Desktop
2025-09-17T09:54:11.000Z,/cart,GET,200,23,IN,Mobile
2025-09-17T09:55:04.000Z,/products/:id,GET,200,39,CA,Desktop
2025-09-17T09:55:07.000Z,/products,GET,200,61,US,Tablet
2025-09-17T09:55:13.000Z,/products/:id,GET,200,46,DE,Tablet
2025-09-17T09:56:58.000Z,/cart,GET,200,25,BR,Desktop
2025-09-17T09:57:09.000Z,/,GET,200,41,BR,Mobile
2025-09-17T09:59:38.000Z,/account,GET,200,78,IN,Tablet
2025-09-17T10:00:28.000Z,/products,GET,404,95,BR,Desktop
2025-09-17T10:05:42.000Z,/products,GET,200,40,GB,Mobile
2025-09-17T10:07:08.000Z,/account,GET,200,55,BR,Mobile
2025-09-17T10:12:45.000Z,/cart,GET,200,51,BR,Mobile
2025-09-17T10:13:17.000Z,/products,GET,200,79,CA,Desktop
2025-09-17T10:13:54.000Z,/products/:id,GET,200,48,US,Desktop
2025-09-17T10:14:07.000Z,/,GET,200,27,CA,Mobile
2025-09-17T10:17:45.000Z,/products,GET,200,38,GB,Mobile
2025-09-17T10:18:19.000Z,/account,GET,200,65,IN,Desktop
2025-09-17T10:26:02.000Z,/cart,GET,200,36,JP,Mobile
2025-09-17T10:26:33.000Z,/,GET,200,46,US,Mobile
2025-09-17T10:29:15.000Z,/products,GET,200,126,GB,Mobile
2025-09-17T10:29:17.000Z,/products/:id,GET,304,99,GB,Desktop
2025-09-17T10:31:18.000Z,/api/checkout,POST,200,164,IN,Desktop
2025-09-17T10:31:20.000Z,/api/checkout,POST,200,118,DE,Desktop
2025-09-17T10:40:34.000Z,/search,GET,200,133,JP,Desktop
2025-09-17T10:45:44.000Z,/api/checkout,POST,200,109,GB,Desktop
2025-09-17T10:46:14.000Z,/products/:id,GET,200,27,JP,Tablet
2025-09-17T10:50:24.000Z,/search,GET,200,138,US,Mobile
2025-09-17T10:50:31.000Z,/products,GET,200,39,FR,Desktop
2025-09-17T10:53:44.000Z,/products,GET,200,63,IN,Mobile
2025-09-17T10:53:49.000Z,/api/cart,POST,200,163,IN,Mobile
2025-09-17T10:54:39.000Z,/account,GET,200,73,GB,Mobile
2025-09-17T10:57:05.000Z,/products,GET,200,57,CA,Desktop
2025-09-17T10:59:03.000Z,/products/:id,GET,200,45,CA,Mobile
2025-09-17T10:59:09.000Z,/,GET,200,97,US,Mobile
2025-09-17T11:02:19.000Z,/cart,GET,200,56,US,Desktop
2025-09-17T11:04:17.000Z,/api/cart,POST,200,80,GB,Mobile
2025-09-17T11:07:11.000Z,/products,GET,200,119,JP,Desktop
2025-09-17T11:10:53.000Z,/cart,GET,200,61,US,Desktop
2025-09-17T11:12:03.000Z,/cart,GET,200,50,US,Mobile
2025-09-17T11:12:46.000Z,/,GET,200,53,US,Desktop
2025-09-17T11:15:50.000Z,/cart,GET,200,52,CA,Mobile
2025-09-17T11:17:39.000Z,/api/cart,POST,200,88,BR,Mobile
2025-09-17T11:18:41.000Z,/,GET,200,31,US,Desktop
2025-09-17T11:22:02.000Z,/,GET,200,35,FR,Mobile
2025-09-17T11:23:17.000Z,/cart,GET,200,83,US,Mobile
2025-09-17T11:24:31.000Z,/,GET,200,34,US,Desktop
2025-09-17T11:24:36.000Z,/search,GET,200,97,FR,Desktop
2025-09-17T11:25:34.000Z,/api/cart,POST,200,80,BR,Desktop
2025-09-17T11:26:46.000Z,/search,GET,200,118,US,Desktop
2025-09-17T11:27:16.000Z,/search,GET,200,73,US,Mobile
2025-09-17T11:31:53.000Z,/search,GET,200,89,FR,Desktop
2025-09-17T11:33:18.000Z,/products/:id,GET,200,99,BR,Mobile
2025-09-17T11:33:27.000Z,/,GET,200,143,DE,Mobile
2025-09-17T11:36:10.000Z,/api/cart,POST,200,76,US,Mobile
2025-09-17T11:36:27.000Z,/cart,GET,200,51,US,Desktop
2025-09-17T11:37:14.000Z,/search,GET,200,31,BR,Tablet
2025-09-17T11:37:20.000Z,/search,GET,200,185,US,Desktop
2025-09-17T11:37:53.000Z,/products,GET,200,82,US,Mobile
2025-09-17T11:39:34.000Z,/cart,GET,200,27,GB,Mobile
2025-09-17T11:40:15.000Z,/products,GET,304,64,US,Desktop
2025-09-17T11:42:54.000Z,/products,GET,200,104,DE,Desktop
2025-09-17T11:46:54.000Z,/,GET,200,39,US,Mobile
2025-09-17T11:47:03.000Z,/products/:id,GET,200,89,US,Mobile
2025-09-17T11:47:08.000Z,/account,GET,200,52,US,Desktop
2025-09-17T11:50:11.000Z,/api/cart,POST,200,127,GB,Desktop
2025-09-17T11:50:29.000Z,/products/:id,GET,200,31,US,Tablet
2025-09-17T11:50:53.000Z,/cart,GET,200,20,US,Desktop
2025-09-17T11:52:12.000Z,/,GET,200,70,DE,Mobile
2025-09-17T11:52:29.000Z,/,GET,200,28,GB,Mobile
2025-09-17T11:54:56.000Z,/products,GET,200,90,GB,Tablet
2025-09-17T11:56:15.000Z,/,GET,200,86,GB,Desktop
2025-09-17T11:56:51.000Z,/products,GET,200,83,DE,Mobile
2025-09-17T11:56:57.000Z,/products/:id,GET,304,48,BR,Tablet
2025-09-17T12:00:32.000Z,/products,GET,200,74,FR,Mobile
2025-09-17T12:01:15.000Z,/search,GET,200,321,GB,Mobile
2025-09-17T12:02:08.000Z,/search,GET,200,77,CA,Mobile
2025-09-17T12:04:00.000Z,/account,GET,200,41,IN,Mobile
2025-09-17T12:04:19.000Z,/api/cart,POST,404,245,US,Mobile
2025-09-17T12:05:18.000Z,/cart,GET,200,27,US,Desktop
2025-09-17T12:06:22.000Z,/products/:id,GET,200,70,FR,Desktop
2025-09-17T12:07:47.000Z,/products,GET,200,78,JP,Mobile
2025-09-17T12:09:05.000Z,/search,GET,200,99,DE,Mobile
2025-09-17T12:09:39.000Z,/api/cart,POST,200,96,US,Desktop
2025-09-17T12:11:23.000Z,/search,GET,200,279,CA,Desktop
2025-09-17T12:11:23.000Z,/,GET,200,64,CA,Desktop
2025-09-17T12:12:45.000Z,/cart,GET,200,60,FR,Mobile
2025-09-17T12:15:24.000Z,/account,GET,200,33,DE,Mobile
2025-09-17T12:17:01.000Z,/products,GET,200,104,JP,Desktop
2025-09-17T12:17:45.000Z,/products/:id,GET,200,43,US,Desktop
2025-09-17T12:22:48.000Z,/search,GET,200,147,IN,Desktop
2025-09-17T12:24:15.000Z,/products,GET,200,105,US,Mobile
2025-09-17T12:26:18.000Z,/products/:id,GET,200,46,US,Desktop
2025-09-17T12:27:08.000Z,/products/:id,GET,200,27,GB,Mobile
2025-09-17T12:27:25.000Z,/products,GET,200,47,FR,Tablet
2025-09-17T12:28:17.000Z,/api/cart,POST,200,102,BR,Desktop
2025-09-17T12:28:39.000Z,/cart,GET,200,58,DE,Tablet
2025-09-17T12:29:28.000Z,/products,GET,200,56,US,Mobile
2025-09-17T12:32:00.000Z,/products,GET,401,106,US,Mobile
2025-09-17T12:33:10.000Z,/products,GET,200,44,DE,Mobile
2025-09-17T12:33:34.000Z,/api/checkout,POST,200,284,US,Mobile
2025-09-17T12:34:49.000Z,/products/:id,GET,200,62,US,Mobile
2025-09-17T12:35:19.000Z,/api/checkout,POST,200,262,IN,Desktop
2025-09-17T12:35:41.000Z,/products/:id,GET,200,35,US,Desktop
2025-09-17T12:39:17.000Z,/api/cart,POST,200,106,US,Desktop
2025-09-17T12:39:29.000Z,/,GET,304,44,BR,Mobile
2025-09-17T12:42:33.000Z,/cart,GET,200,46,US,Mobile
2025-09-17T12:44:15.000Z,/,GET,200,40,US,Desktop
2025-09-17T12:46:48.000Z,/cart,GET,200,53,CA,Desktop
2025-09-17T12:48:17.000Z,/,GET,500,59,FR,Desktop
2025-09-17T12:49:07.000Z,/search,GET,200,133,US,Mobile
2025-09-17T12:54:18.000Z,/api/cart,POST,200,89,CA,Desktop
2025-09-17T12:57:37.000Z,/products,GET,200,170,IN,Desktop
2025-09-17T12:58:11.000Z,/products,GET,200,89,US,Mobile
2025-09-17T12:58:51.000Z,/products,GET,200,83,BR,Mobile
2025-09-17T12:58:59.000Z,/cart,GET,200,14,JP,Mobile
2025-09-17T13:01:18.000Z,/products,GET,200,103,US,Mobile
2025-09-17T13:03:14.000Z,/,GET,404,29,US,Mobile
2025-09-17T13:09:23.000Z,/search,GET,200,96,GB,Mobile
2025-09-17T13:12:35.000Z,/products,GET,200,103,US,Desktop
2025-09-17T13:13:14.000Z,/search,GET,200,160,US,Mobile
2025-09-17T13:14:43.000Z,/api/cart,POST,200,133,JP,Desktop
2025-09-17T13:15:21.000Z,/products/:id,GET,200,79,BR,Mobile
2025-09-17T13:18:26.000Z,/api/checkout,POST,200,122,JP,Mobile
2025-09-17T13:18:29.000Z,/products/:id,GET,200,79,GB,Mobile
2025-09-17T13:27:25.000Z,/account,GET,200,58,US,Mobile
2025-09-17T13:35:33.000Z,/,GET,200,25,IN,Mobile
2025-09-17T13:36:07.000Z,/products/:id,GET,200,89,US,Desktop
2025-09-17T13:37:55.000Z,/products/:id,GET,200,33,US,Desktop
2025-09-17T13:38:00.000Z,/products/:id,GET,404,86,US,Desktop
2025-09-17T13:38:15.000Z,/products/:id,GET,304,94,DE,Desktop
2025-09-17T13:38:22.000Z,/,GET,200,32,GB,Mobile
2025-09-17T13:38:30.000Z,/,GET,200,63,BR,Mobile
2025-09-17T13:39:24.000Z,/,GET,200,35,IN,Desktop
2025-09-17T13:42:57.000Z,/products,GET,200,50,JP,Mobile
2025-09-17T13:45:32.000Z,/api/cart,POST,404,74,BR,Mobile
2025-09-17T13:51:02.000Z,/api/checkout,POST,200,284,JP,Mobile
2025-09-17T13:58:20.000Z,/products,GET,200,48,FR,Desktop
2025-09-17T13:59:38.000Z,/products,GET,304,54,US,Desktop
2025-09-17T14:00:00.000Z,/products/:id,GET,200,53,FR,Mobile
2025-09-17T14:00:03.000Z,/,GET,200,63,DE,Mobile
2025-09-17T14:04:59.000Z,/account,GET,200,148,CA,Desktop
2025-09-17T14:05:26.000Z,/products,GET,200,50,CA,Mobile
2025-09-17T14:07:13.000Z,/products,GET,200,147,US,Mobile
2025-09-17T14:07:26.000Z,/search,GET,200,227,GB,Desktop
2025-09-17T14:11:15.000Z,/search,GET,200,127,DE,Mobile
2025-09-17T14:11:57.000Z,/search,GET,200,117,BR,Mobile
2025-09-17T14:16:46.000Z,/,GET,200,27,US,Mobile
2025-09-17T14:22:25.000Z,/api/checkout,POST,200,167,US,Mobile
2025-09-17T14:25:31.000Z,/products,GET,200,44,FR,Mobile
2025-09-17T14:26:00.000Z,/products,GET,200,45,CA,Mobile
2025-09-17T14:26:47.000Z,/products/:id,GET,200,137,DE,Desktop
2025-09-17T14:31:22.000Z,/products/:id,GET,200,43,DE,Desktop
2025-09-17T14:32:49.000Z,/api/checkout,POST,200,598,JP,Mobile
2025-09-17T14:44:56.000Z,/products,GET,200,165,US,Mobile
2025-09-17T14:45:03.000Z,/products,GET,200,38,CA,Mobile
2025-09-17T14:46:31.000Z,/api/cart,POST,200,99,CA,Tablet
2025-09-17T14:47:40.000Z,/api/cart,POST,200,44,FR,Mobile
2025-09-17T14:50:36.000Z,/products/:id,GET,200,53,BR,Desktop
2025-09-17T14:50:37.000Z,/,GET,200,36,FR,Mobile
2025-09-17T14:52:33.000Z,/api/cart,POST,200,70,IN,Desktop
2025-09-17T14:54:51.000Z,/,GET,200,104,BR,Mobile
2025-09-17T14:57:50.000Z,/products,GET,200,67,CA,Desktop
2025-09-17T15:00:08.000Z,/,GET,200,26,GB,Desktop
2025-09-17T15:00:49.000Z,/products,GET,200,106,GB,Mobile
2025-09-17T15:06:35.000Z,/,GET,200,45,JP,Desktop
2025-09-17T15:10:08.000Z,/,GET,200,44,FR,Tablet
2025-09-17T15:11:07.000Z,/api/cart,POST,200,139,GB,Mobile
2025-09-17T15:11:33.000Z,/search,GET,200,139,GB,Mobile
2025-09-17T15:12:18.000Z,/search,GET,200,145,US,Desktop
2025-09-17T15:12:19.000Z,/products/:id,GET,401,142,CA,Desktop
2025-09-17T15:13:25.000Z,/products/:id,GET,200,40,US,Mobile
2025-09-17T15:15:11.000Z,/products/:id,GET,200,84,US,Desktop
2025-09-17T15:15:19.000Z,/products/:id,GET,200,45,US,Mobile
2025-09-17T15:18:48.000Z,/api/cart,POST,200,170,US,Mobile
2025-09-17T15:20:04.000Z,/products,GET,304,88,US,Desktop
2025-09-17T15:27:24.000Z,/,GET,200,38,CA,Mobile
2025-09-17T15:31:13.000Z,/products,GET,200,136,US,Desktop
2025-09-17T15:33:43.000Z,/,GET,200,62,US,Desktop
2025-09-17T15:37:45.000Z,/search,GET,200,130,US,Mobile
2025-09-17T15:42:52.000Z,/search,GET,200,124,US,Mobile
2025-09-17T15:44:25.000Z,/account,GET,200,78,DE,Desktop
2025-09-17T15:50:42.000Z,/products,GET,200,121,US,Mobile
2025-09-17T15:53:00.000Z,/api/cart,POST,200,137,GB,Mobile
2025-09-17T15:53:13.000Z,/api/cart,POST,200,57,IN,Mobile
2025-09-17T15:53:20.000Z,/products/:id,GET,200,65,GB,Desktop
2025-09-17T15:59:02.000Z,/api/cart,POST,200,106,GB,Mobile
2025-09-17T16:00:11.000Z,/,GET,200,60,US,Desktop
2025-09-17T16:02:25.000Z,/search,GET,200,54,IN,Mobile
2025-09-17T16:03:18.000Z,/products/:id,GET,200,97,US,Mobile
2025-09-17T16:03:57.000Z,/cart,GET,200,51,JP,Tablet
2025-09-17T16:07:01.000Z,/,GET,200,68,JP,Desktop
2025-09-17T16:07:50.000Z,/products/:id,GET,200,28,GB,Desktop
2025-09-17T16:08:48.000Z,/products,GET,200,120,JP,Mobile
2025-09-17T16:09:00.000Z,/,GET,200,33,JP,Mobile
2025-09-17T16:14:16.000Z,/,GET,200,19,CA,Desktop
2025-09-17T16:16:24.000Z,/search,GET,200,310,US,Desktop
2025-09-17T16:21:57.000Z,/products,GET,200,83,US,Desktop
2025-09-17T16:22:20.000Z,/products,GET,200,167,US,Mobile
2025-09-17T16:23:42.000Z,/products/:id,GET,200,63,DE,Tablet
2025-09-17T16:24:33.000Z,/products/:id,GET,200,123,US,Desktop
2025-09-17T16:25:43.000Z,/api/cart,POST,200,118,IN,Desktop
2025-09-17T16:26:19.000Z,/products/:id,GET,200,52,US,Mobile
2025-09-17T16:29:47.000Z,/,GET,200,49,FR,Mobile
2025-09-17T16:33:42.000Z,/products/:id,GET,200,41,DE,Desktop
2025-09-17T16:34:37.000Z,/api/checkout,POST,200,270,GB,Mobile
2025-09-17T16:37:54.000Z,/products,GET,200,73,US,Mobile
2025-09-17T16:44:20.000Z,/products/:id,GET,200,45,CA,Mobile
2025-09-17T16:48:04.000Z,/products,GET,200,43,CA,Mobile
2025-09-17T16:49:19.000Z,/api/cart,POST,200,223,IN,Desktop
2025-09-17T16:50:41.000Z,/,GET,200,27,IN,Desktop
2025-09-17T16:54:43.000Z,/products/:id,GET,200,34,FR,Desktop
2025-09-17T16:55:48.000Z,/products,GET,200,65,US,Desktop
2025-09-17T16:55:50.000Z,/search,GET,200,125,FR,Mobile
2025-09-17T17:02:10.000Z,/products,GET,200,112,GB,Mobile
2025-09-17T17:07:03.000Z,/,GET,200,42,US,Desktop
2025-09-17T17:11:09.000Z,/,GET,200,86,DE,Tablet
2025-09-17T17:12:45.000Z,/products/:id,GET,200,49,US,Mobile
2025-09-17T17:17:29.000Z,/,GET,200,22,DE,Desktop
2025-09-17T17:20:27.000Z,/search,GET,304,95,US,Tablet
2025-09-17T17:26:23.000Z,/cart,GET,200,110,DE,Desktop
2025-09-17T17:29:24.000Z,/products/:id,GET,200,65,US,Mobile
2025-09-17T17:32:09.000Z,/search,GET,200,97,JP,Desktop
2025-09-17T17:37:21.000Z,/products,GET,200,34,GB,Mobile
2025-09-17T17:39:52.000Z,/search,GET,200,129,US,Mobile
2025-09-17T17:39:53.000Z,/cart,GET,200,27,DE,Mobile
2025-09-17T17:40:01.000Z,/products,GET,200,77,GB,Mobile
2025-09-17T17:45:05.000Z,/api/checkout,POST,200,260,JP,Mobile
2025-09-17T17:51:11.000Z,/api/checkout,POST,200,385,GB,Desktop
2025-09-17T17:51:21.000Z,/products,GET,200,151,US,Mobile
2025-09-17T17:58:35.000Z,/search,GET,200,92,IN,Mobile
2025-09-17T17:59:40.000Z,/,GET,200,48,FR,Mobile
2025-09-17T18:00:33.000Z,/search,GET,200,182,DE,Desktop
2025-09-17T18:01:30.000Z,/cart,GET,200,33,CA,Desktop
2025-09-17T18:01:57.000Z,/api/cart,POST,200,87,CA,Mobile
2025-09-17T18:04:24.000Z,/account,GET,200,32,BR,Mobile
2025-09-17T18:06:50.000Z,/products,GET,200,50,GB,Desktop
2025-09-17T18:10:27.000Z,/products/:id,GET,200,38,US,Mobile
2025-09-17T18:13:36.000Z,/search,GET,200,72,BR,Desktop
2025-09-17T18:18:15.000Z,/api/cart,POST,200,95,FR,Mobile
2025-09-17T18:19:01.000Z,/,GET,200,33,US,Desktop
2025-09-17T18:19:14.000Z,/products,GET,200,103,FR,Desktop
2025-09-17T18:27:06.000Z,/products/:id,GET,200,121,US,Desktop
2025-09-17T18:31:59.000Z,/account,GET,200,42,FR,Mobile
2025-09-17T18:32:51.000Z,/cart,GET,200,75,US,Desktop
2025-09-17T18:33:35.000Z,/cart,GET,200,78,GB,Desktop
2025-09-17T18:34:34.000Z,/products/:id,GET,200,26,JP,Mobile
2025-09-17T18:36:15.000Z,/search,GET,200,59,FR,Mobile
2025-09-17T18:40:36.000Z,/cart,GET,200,87,IN,Desktop
2025-09-17T18:41:04.000Z,/api/cart,POST,200,85,US,Mobile
2025-09-17T18:45:22.000Z,/account,GET,200,48,GB,Desktop
2025-09-17T18:52:57.000Z,/,GET,200,98,US,Mobile
2025-09-17T18:53:24.000Z,/cart,GET,200,50,IN,Desktop
2025-09-17T18:55:07.000Z,/products/:id,GET,200,58,GB,Desktop
2025-09-17T18:55:28.000Z,/search,GET,200,92,IN,Mobile
2025-09-17T18:55:43.000Z,/cart,GET,200,77,JP,Mobile
2025-09-17T18:57:33.000Z,/products,GET,304,56,GB,Desktop
2025-09-17T18:58:37.000Z,/search,GET,200,126,GB,Desktop
2025-09-17T18:59:34.000Z,/search,GET,200,156,BR,Mobile
2025-09-17T19:05:40.000Z,/products,GET,200,71,JP,Desktop
2025-09-17T19:09:09.000Z,/search,GET,200,135,US,Mobile
2025-09-17T19:10:40.000Z,/search,GET,304,251,FR,Mobile
2025-09-17T19:11:56.000Z,/cart,GET,200,36,US,Mobile
2025-09-17T19:13:25.000Z,/cart,GET,200,55,DE,Mobile
2025-09-17T19:15:04.000Z,/,GET,200,51,FR,Desktop
2025-09-17T19:19:05.000Z,/products/:id,GET,200,64,DE,Mobile
2025-09-17T19:21:36.000Z,/cart,GET,200,88,US,Mobile
2025-09-17T19:23:07.000Z,/products/:id,GET,404,61,DE,Desktop
2025-09-17T19:23:55.000Z,/products,GET,200,244,IN,Mobile
2025-09-17T19:23:59.000Z,/products/:id,GET,200,45,IN,Mobile
2025-09-17T19:26:23.000Z,/api/cart,POST,200,98,US,Desktop
2025-09-17T19:27:47.000Z,/products,GET,200,85,US,Mobile
2025-09-17T19:27:47.000Z,/products/:id,GET,200,50,GB,Mobile
2025-09-17T19:30:51.000Z,/,GET,200,149,US,Mobile
2025-09-17T19:31:08.000Z,/api/checkout,POST,200,147,US,Mobile
2025-09-17T19:32:45.000Z,/products,GET,200,81,CA,Desktop
2025-09-17T19:38:42.000Z,/products,GET,200,45,US,Mobile
2025-09-17T19:39:08.000Z,/products,GET,200,24,US,Mobile
2025-09-17T19:40:10.000Z,/,GET,200,57,GB,Desktop
2025-09-17T19:43:48.000Z,/products,GET,200,77,CA,Mobile
2025-09-17T19:46:24.000Z,/products/:id,GET,200,60,US,Mobile
2025-09-17T19:48:51.000Z,/,GET,200,43,CA,Mobile
2025-09-17T19:57:57.000Z,/,GET,200,43,US,Mobile
2025-09-17T20:06:50.000Z,/cart,GET,200,51,IN,Mobile
2025-09-17T20:08:04.000Z,/,GET,304,60,JP,Desktop
2025-09-17T20:10:39.000Z,/api/checkout,POST,200,226,BR,Mobile
2025-09-17T20:13:19.000Z,/api/cart,POST,200,70,FR,Desktop
2025-09-17T20:15:29.000Z,/products,GET,304,99,FR,Desktop
2025-09-17T20:15:55.000Z,/cart,GET,200,45,CA,Mobile
2025-09-17T20:35:41.000Z,/products,GET,200,99,US,Mobile
2025-09-17T20:36:00.000Z,/api/checkout,POST,200,338,DE,Desktop
2025-09-17T20:38:03.000Z,/search,GET,200,217,JP,Mobile
2025-09-17T20:41:08.000Z,/products,GET,200,78,BR,Mobile
2025-09-17T20:56:46.000Z,/cart,GET,200,23,US,Desktop
2025-09-17T20:57:01.000Z,/cart,GET,200,94,US,Tablet
2025-09-17T20:57:33.000Z,/,GET,200,34,GB,Mobile
2025-09-17T20:58:45.000Z,/api/cart,POST,200,56,JP,Mobile
2025-09-17T21:03:34.000Z,/,GET,200,68,JP,Desktop
2025-09-17T21:08:21.000Z,/products/:id,GET,200,43,US,Desktop
2025-09-17T21:13:21.000Z,/,GET,200,55,GB,Desktop
2025-09-17T21:30:42.000Z,/products/:id,GET,200,99,CA,Desktop
2025-09-17T21:32:12.000Z,/search,GET,200,87,IN,Mobile
2025-09-17T21:32:39.000Z,/cart,GET,200,26,US,Mobile
2025-09-17T21:42:16.000Z,/products/:id,GET,200,46,DE,Desktop
2025-09-17T21:44:35.000Z,/,GET,200,18,GB,Mobile
2025-09-17T21:48:14.000Z,/products,GET,200,91,US,Desktop
2025-09-17T21:52:59.000Z,/,GET,200,43,JP,Mobile
2025-09-17T21:58:30.000Z,/api/cart,POST,200,82,US,Mobile
2025-09-17T22:03:25.000Z,/products,GET,200,128,CA,Mobile
2025-09-17T22:06:03.000Z,/products/:id,GET,200,92,JP,Mobile
2025-09-17T22:06:21.000Z,/cart,GET,401,59,GB,Desktop
2025-09-17T22:07:25.000Z,/search,GET,200,125,US,Tablet
2025-09-17T22:15:23.000Z,/products,GET,200,58,FR,Mobile
2025-09-17T22:26:06.000Z,/account,GET,200,44,BR,Mobile
2025-09-17T22:33:52.000Z,/cart,GET,200,40,IN,Mobile
2025-09-17T22:37:01.000Z,/products/:id,GET,200,68,FR,Desktop
2025-09-17T22:48:41.000Z,/products,GET,200,59,FR,Mobile
2025-09-17T22:50:59.000Z,/,GET,200,50,CA,Mobile
2025-09-17T22:55:28.000Z,/cart,GET,200,54,BR,Desktop
2025-09-17T22:59:22.000Z,/api/cart,POST,200,157,BR,Mobile
2025-09-17T22:59:27.000Z,/products/:id,GET,200,75,US,Desktop
2025-09-17T23:00:16.000Z,/products/:id,GET,200,33,IN,Mobile
2025-09-17T23:00:24.000Z,/products/:id,GET,200,77,DE,Mobile
2025-09-17T23:04:02.000Z,/search,GET,200,133,US,Desktop
2025-09-17T23:06:57.000Z,/products/:id,GET,200,49,DE,Tablet
2025-09-17T23:07:38.000Z,/,GET,200,39,US,Desktop
2025-09-17T23:09:13.000Z,/products,GET,200,242,US,Mobile
2025-09-17T23:11:33.000Z,/search,GET,200,302,JP,Desktop
2025-09-17T23:11:39.000Z,/search,GET,200,138,GB,Mobile
2025-09-17T23:17:07.000Z,/api/cart,POST,200,61,IN,Mobile
2025-09-17T23:28:20.000Z,/products/:id,GET,304,65,US,Desktop
2025-09-17T23:28:21.000Z,/products,GET,200,63,US,Mobile
2025-09-17T23:29:19.000Z,/api/cart,POST,200,65,IN,Desktop
2025-09-17T23:39:47.000Z,/products,GET,200,59,US,Desktop
2025-09-17T23:40:33.000Z,/products/:id,GET,200,49,DE,Desktop
2025-09-17T23:40:57.000Z,/,GET,200,30,IN,Mobile
2025-09-17T23:53:39.000Z,/products,GET,200,58,US,Mobile
2025-09-17T23:58:32.000Z,/api/cart,POST,200,48,GB,Desktop
2025-09-17T23:59:21.000Z,/products/:id,GET,404,43,US,Tablet
2025-09-18T00:11:27.000Z,/api/checkout,POST,200,134,US,Mobile
2025-09-18T00:13:52.000Z,/cart,GET,200,113,IN,Mobile
2025-09-18T00:14:37.000Z,/api/checkout,POST,200,179,JP,Desktop
2025-09-18T00:27:05.000Z,/api/cart,POST,200,88,FR,Mobile
2025-09-18T00:29:57.000Z,/api/cart,POST,200,208,US,Mobile
2025-09-18T00:33:52.000Z,/search,GET,200,135,US,Mobile
2025-09-18T00:38:23.000Z,/products/:id,GET,200,50,US,Mobile
2025-09-18T00:40:51.000Z,/,GET,200,37,FR,Mobile
2025-09-18T00:41:53.000Z,/account,GET,200,45,CA,Mobile
2025-09-18T00:41:56.000Z,/products,GET,200,75,US,Desktop
2025-09-18T00:44:34.000Z,/cart,GET,200,60,GB,Mobile
2025-09-18T00:45:54.000Z,/products,GET,200,80,IN,Desktop
2025-09-18T00:54:49.000Z,/,GET,200,40,IN,Mobile
2025-09-18T01:13:03.000Z,/products,GET,200,109,US,Mobile
2025-09-18T01:15:14.000Z,/api/cart,POST,200,106,US,Desktop
2025-09-18T01:20:33.000Z,/,GET,200,32,US,Mobile
2025-09-18T01:25:15.000Z,/search,GET,200,246,US,Desktop
2025-09-18T01:32:31.000Z,/products,GET,200,98,IN,Tablet
2025-09-18T01:35:58.000Z,/products,GET,404,106,US,Mobile
2025-09-18T01:37:34.000Z,/,GET,200,47,DE,Desktop
2025-09-18T01:38:32.000Z,/,GET,200,58,US,Mobile
2025-09-18T01:48:23.000Z,/,GET,200,32,CA,Desktop
2025-09-18T01:53:47.000Z,/account,GET,200,73,US,Mobile
2025-09-18T02:10:08.000Z,/,GET,304,35,US,Desktop
2025-09-18T02:10:53.000Z,/products,GET,200,80,DE,Tablet
2025-09-18T02:14:35.000Z,/products,GET,200,86,CA,Mobile
2025-09-18T02:17:03.000Z,/products,GET,200,55,US,Mobile
2025-09-18T02:18:55.000Z,/,GET,200,31,FR,Tablet
2025-09-18T02:20:13.000Z,/cart,GET,200,54,US,Desktop
2025-09-18T02:28:15.000Z,/,GET,200,42,DE,Desktop
2025-09-18T02:33:16.000Z,/,GET,200,21,DE,Mobile
2025-09-18T02:33:44.000Z,/,GET,404,44,FR,Desktop
2025-09-18T02:34:17.000Z,/api/cart,POST,200,76,US,Desktop
2025-09-18T02:34:30.000Z,/,GET,200,38,JP,Desktop
2025-09-18T02:38:44.000Z,/cart,GET,200,35,DE,Mobile
2025-09-18T02:41:58.000Z,/products,GET,200,96,US,Mobile
2025-09-18T02:47:21.000Z,/,GET,200,27,FR,Desktop
2025-09-18T02:49:44.000Z,/products,GET,200,99,FR,Desktop
2025-09-18T02:52:14.000Z,/api/checkout,POST,200,341,US,Desktop
2025-09-18T02:52:16.000Z,/products/:id,GET,304,83,US,Mobile
2025-09-18T02:53:09.000Z,/products/:id,GET,200,110,JP,Mobile
2025-09-18T02:53:59.000Z,/api/cart,POST,200,112,US,Desktop
2025-09-18T02:59:52.000Z,/products/:id,GET,200,51,GB,Mobile
2025-09-18T03:00:09.000Z,/api/cart,POST,304,129,US,Desktop
2025-09-18T03:01:21.000Z,/search,GET,200,87,IN,Mobile
2025-09-18T03:03:14.000Z,/cart,GET,200,52,CA,Desktop
2025-09-18T03:11:13.000Z,/products,GET,200,98,US,Desktop
2025-09-18T03:14:10.000Z,/products/:id,GET,200,55,US,Mobile
2025-09-18T03:17:10.000Z,/products/:id,GET,200,55,BR,Desktop
2025-09-18T03:19:06.000Z,/products/:id,GET,200,61,CA,Mobile
2025-09-18T03:23:03.000Z,/,GET,200,33,IN,Desktop
2025-09-18T03:30:08.000Z,/api/cart,POST,200,40,DE,Desktop
2025-09-18T03:31:25.000Z,/products,GET,200,56,US,Desktop
2025-09-18T03:34:55.000Z,/products/:id,GET,200,66,CA,Desktop
2025-09-18T03:38:48.000Z,/products,GET,200,80,US,Mobile
2025-09-18T03:45:13.000Z,/products/:id,GET,200,53,CA,Mobile
2025-09-18T03:47:22.000Z,/products,GET,200,89,US,Desktop
2025-09-18T03:54:22.000Z,/products,GET,200,83,FR,Desktop
2025-09-18T03:57:03.000Z,/products/:id,GET,200,87,US,Tablet
2025-09-18T04:01:45.000Z,/api/checkout,POST,200,517,IN,Desktop
2025-09-18T04:05:24.000Z,/,GET,200,71,US,Mobile
2025-09-18T04:06:49.000Z,/,GET,200,71,IN,Tablet
2025-09-18T04:08:40.000Z,/api/checkout,POST,200,236,JP,Desktop
2025-09-18T04:18:46.000Z,/search,GET,200,75,GB,Mobile
2025-09-18T04:24:51.000Z,/products/:id,GET,200,75,JP,Desktop
2025-09-18T04:26:11.000Z,/,GET,200,68,US,Mobile
2025-09-18T04:27:09.000Z,/cart,GET,200,19,US,Mobile
2025-09-18T04:30:04.000Z,/products,GET,200,114,IN,Desktop
2025-09-18T04:31:50.000Z,/api/cart,POST,200,71,FR,Mobile
2025-09-18T04:32:11.000Z,/products,GET,200,102,IN,Desktop
2025-09-18T04:33:21.000Z,/products,GET,404,48,US,Tablet
2025-09-18T04:39:01.000Z,/search,GET,200,76,US,Desktop
2025-09-18T04:39:02.000Z,/account,GET,200,68,IN,Desktop
2025-09-18T04:39:33.000Z,/products/:id,GET,200,149,JP,Desktop
2025-09-18T04:44:05.000Z,/products/:id,GET,200,51,FR,Desktop
2025-09-18T04:45:41.000Z,/cart,GET,200,131,GB,Mobile
2025-09-18T04:54:29.000Z,/products/:id,GET,200,46,GB,Desktop
2025-09-18T04:57:19.000Z,/products/:id,GET,200,50,DE,Desktop
2025-09-18T04:57:34.000Z,/products,GET,200,92,US,Tablet
2025-09-18T05:06:18.000Z,/products,GET,200,132,US,Desktop
2025-09-18T05:06:39.000Z,/,GET,200,32,US,Mobile
2025-09-18T05:12:05.000Z,/products/:id,GET,200,79,DE,Mobile
2025-09-18T05:21:23.000Z,/products/:id,GET,200,67,BR,Mobile
2025-09-18T05:23:00.000Z,/products,GET,404,149,JP,Mobile
2025-09-18T05:28:12.000Z,/products/:id,GET,200,36,FR,Desktop
2025-09-18T05:34:52.000Z,/cart,GET,200,93,JP,Mobile
2025-09-18T05:35:01.000Z,/products/:id,GET,200,60,US,Desktop
2025-09-18T05:36:20.000Z,/api/checkout,POST,200,486,CA,Desktop
2025-09-18T05:37:08.000Z,/products/:id,GET,200,60,IN,Mobile
2025-09-18T05:41:26.000Z,/,GET,200,46,US,Mobile
2025-09-18T05:47:51.000Z,/,GET,200,52,BR,Mobile
2025-09-18T05:49:50.000Z,/products,GET,200,106,US,Desktop
2025-09-18T05:53:28.000Z,/,GET,200,57,US,Mobile
2025-09-18T05:58:44.000Z,/search,GET,200,148,BR,Tablet
2025-09-18T06:03:30.000Z,/products/:id,GET,200,81,JP,Mobile
2025-09-18T06:07:55.000Z,/search,GET,200,89,CA,Mobile
2025-09-18T06:10:11.000Z,/cart,GET,200,118,GB,Mobile
2025-09-18T06:18:12.000Z,/,GET,404,78,BR,Desktop
2025-09-18T06:19:24.000Z,/products/:id,GET,200,135,BR,Desktop
2025-09-18T06:21:45.000Z,/products,GET,200,130,US,Mobile
2025-09-18T06:21:57.000Z,/,GET,404,38,US,Desktop
2025-09-18T06:23:45.000Z,/products,GET,200,37,JP,Mobile
2025-09-18T06:25:56.000Z,/products/:id,GET,200,62,US,Tablet
2025-09-18T06:29:17.000Z,/,GET,200,90,GB,Mobile
2025-09-18T06:30:52.000Z,/,GET,200,36,GB,Desktop
2025-09-18T06:32:51.000Z,/products,GET,404,94,CA,Mobile
2025-09-18T06:35:38.000Z,/products,GET,200,59,US,Desktop
2025-09-18T06:36:34.000Z,/api/checkout,POST,200,160,IN,Desktop
2025-09-18T06:44:54.000Z,/search,GET,200,53,US,Mobile
2025-09-18T06:45:29.000Z,/api/checkout,POST,200,198,CA,Desktop
2025-09-18T06:50:50.000Z,/,GET,200,55,JP,Desktop
2025-09-18T06:55:08.000Z,/products/:id,GET,200,39,FR,Mobile
2025-09-18T06:56:41.000Z,/,GET,200,24,CA,Desktop
2025-09-18T06:58:44.000Z,/products/:id,GET,200,71,US,Desktop
2025-09-18T07:01:34.000Z,/,GET,200,59,BR,Desktop
2025-09-18T07:03:19.000Z,/products/:id,GET,200,64,IN,Mobile
2025-09-18T07:07:15.000Z,/api/cart,POST,200,55,GB,Mobile
2025-09-18T07:13:48.000Z,/api/checkout,POST,200,321,US,Mobile
2025-09-18T07:14:16.000Z,/products,GET,200,92,US,Desktop
2025-09-18T07:16:07.000Z,/cart,GET,200,55,CA,Desktop
2025-09-18T07:17:05.000Z,/,GET,200,65,JP,Desktop
2025-09-18T07:17:37.000Z,/api/cart,POST,200,91,IN,Desktop
2025-09-18T07:23:42.000Z,/search,GET,200,186,US,Desktop
2025-09-18T07:23:52.000Z,/,GET,200,47,DE,Desktop
2025-09-18T07:28:24.000Z,/,GET,200,29,IN,Mobile
2025-09-18T07:29:02.000Z,/,GET,200,74,IN,Mobile
2025-09-18T07:30:11.000Z,/products/:id,GET,200,56,BR,Desktop
2025-09-18T07:31:08.000Z,/products,GET,200,169,US,Desktop
2025-09-18T07:35:57.000Z,/,GET,200,53,GB,Desktop
2025-09-18T07:38:49.000Z,/products,GET,200,117,US,Mobile
2025-09-18T07:40:31.000Z,/products,GET,200,121,US,Mobile
2025-09-18T07:43:32.000Z,/,GET,200,39,GB,Mobile
2025-09-18T07:48:57.000Z,/api/cart,POST,200,108,US,Desktop
2025-09-18T07:59:13.000Z,/products/:id,GET,304,45,US,Desktop
2025-09-18T08:01:28.000Z,/api/checkout,POST,200,238,CA,Desktop
2025-09-18T08:01:51.000Z,/products/:id,GET,200,48,FR,Tablet
2025-09-18T08:04:40.000Z,/,GET,200,30,IN,Mobile
2025-09-18T08:09:36.000Z,/products/:id,GET,200,33,US,Mobile
2025-09-18T08:20:21.000Z,/cart,GET,200,41,DE,Mobile
2025-09-18T08:25:46.000Z,/products/:id,GET,401,38,CA,Desktop
2025-09-18T08:30:07.000Z,/products,GET,200,58,BR,Mobile
2025-09-18T08:30:15.000Z,/,GET,200,53,US,Desktop
2025-09-18T08:30:30.000Z,/products/:id,GET,200,46,US,Desktop
2025-09-18T08:32:33.000Z,/products/:id,GET,200,41,US,Desktop
2025-09-18T08:33:42.000Z,/cart,GET,200,54,GB,Mobile
2025-09-18T08:34:07.000Z,/products,GET,200,99,FR,Desktop
2025-09-18T08:37:20.000Z,/products,GET,200,88,BR,Desktop
2025-09-18T08:38:14.000Z,/cart,GET,200,36,IN,Mobile
2025-09-18T08:38:33.000Z,/products,GET,200,95,BR,Mobile
2025-09-18T08:39:15.000Z,/products,GET,200,76,US,Desktop
2025-09-18T08:41:02.000Z,/search,GET,200,80,JP,Desktop
2025-09-18T08:41:28.000Z,/,GET,200,101,US,Mobile
2025-09-18T08:43:16.000Z,/,GET,200,36,GB,Mobile
2025-09-18T08:44:24.000Z,/products,GET,200,46,IN,Mobile
2025-09-18T08:45:33.000Z,/products,GET,200,136,DE,Desktop
2025-09-18T08:47:31.000Z,/search,GET,200,214,JP,Mobile
2025-09-18T08:56:50.000Z,/products/:id,GET,200,82,US,Mobile
2025-09-18T09:00:51.000Z,/search,GET,200,123,GB,Tablet
2025-09-18T09:05:06.000Z,/,GET,200,105,GB,Desktop
2025-09-18T09:05:38.000Z,/products,GET,200,115,US,Mobile
2025-09-18T09:07:50.000Z,/cart,GET,200,83,FR,Tablet
2025-09-18T09:14:52.000Z,/,GET,200,35,US,Mobile
2025-09-18T09:16:10.000Z,/,GET,200,33,IN,Mobile
2025-09-18T09:20:12.000Z,/products,GET,200,186,US,Desktop
2025-09-18T09:26:09.000Z,/products/:id,GET,200,40,DE,Tablet
2025-09-18T09:26:50.000Z,/search,GET,200,210,JP,Mobile
2025-09-18T09:27:48.000Z,/products,GET,200,59,US,Mobile
2025-09-18T09:27:53.000Z,/products,GET,200,168,JP,Desktop
2025-09-18T09:29:23.000Z,/products,GET,200,74,GB,Mobile
2025-09-18T09:32:06.000Z,/,GET,404,151,US,Mobile
2025-09-18T09:33:06.000Z,/products,GET,200,131,US,Mobile
2025-09-18T09:36:07.000Z,/,GET,200,15,IN,Tablet
2025-09-18T09:36:51.000Z,/,GET,200,28,IN,Desktop
2025-09-18T09:37:27.000Z,/cart,GET,200,32,DE,Desktop
2025-09-18T09:37:57.000Z,/,GET,404,52,US,Mobile
2025-09-18T09:39:00.000Z,/products/:id,GET,200,59,DE,Desktop
2025-09-18T09:41:11.000Z,/cart,GET,200,79,IN,Desktop
2025-09-18T09:41:37.000Z,/products/:id,GET,200,135,US,Tablet
2025-09-18T09:42:04.000Z,/search,GET,401,203,FR,Tablet
2025-09-18T09:44:36.000Z,/products/:id,GET,200,68,BR,Mobile
2025-09-18T09:46:19.000Z,/search,GET,200,161,GB,Desktop
2025-09-18T09:47:35.000Z,/search,GET,200,102,BR,Desktop
2025-09-18T09:50:40.000Z,/,GET,200,59,JP,Desktop
2025-09-18T09:50:57.000Z,/products/:id,GET,200,41,US,Desktop
2025-09-18T09:53:10.000Z,/products,GET,200,130,US,Desktop
2025-09-18T09:53:28.000Z,/api/cart,POST,200,149,US,Mobile
2025-09-18T09:55:48.000Z,/account,GET,200,65,US,Tablet
2025-09-18T10:00:09.000Z,/products,GET,200,63,US,Desktop
2025-09-18T10:00:59.000Z,/,GET,200,50,JP,Mobile
2025-09-18T10:01:34.000Z,/search,GET,200,132,CA,Mobile
2025-09-18T10:04:19.000Z,/products,GET,200,77,BR,Desktop
2025-09-18T10:05:07.000Z,/products,GET,200,69,CA,Mobile
2025-09-18T10:05:58.000Z,/api/cart,POST,200,41,DE,Desktop
2025-09-18T10:06:37.000Z,/search,GET,200,209,GB,Desktop
2025-09-18T10:07:57.000Z,/cart,GET,200,52,US,Desktop
2025-09-18T10:08:48.000Z,/api/cart,POST,200,74,IN,Desktop
2025-09-18T10:09:43.000Z,/products,GET,200,92,US,Mobile
2025-09-18T10:12:51.000Z,/,GET,200,29,CA,Mobile
2025-09-18T10:16:34.000Z,/products/:id,GET,200,30,IN,Mobile
2025-09-18T10:16:43.000Z,/search,GET,200,163,US,Desktop
2025-09-18T10:19:57.000Z,/search,GET,200,144,JP,Desktop
2025-09-18T10:20:38.000Z,/api/cart,POST,200,70,US,Mobile
2025-09-18T10:22:12.000Z,/,GET,200,66,US,Mobile
2025-09-18T10:24:02.000Z,/cart,GET,200,98,US,Mobile
2025-09-18T10:26:05.000Z,/,GET,200,48,US,Desktop
2025-09-18T10:26:32.000Z,/,GET,200,83,US,Desktop
2025-09-18T10:28:53.000Z,/,GET,200,17,GB,Tablet
2025-09-18T10:30:57.000Z,/api/checkout,POST,200,159,BR,Mobile
2025-09-18T10:32:52.000Z,/,GET,200,48,US,Desktop
2025-09-18T10:32:58.000Z,/products,GET,200,81,FR,Desktop
2025-09-18T10:33:46.000Z,/search,GET,200,65,IN,Mobile
2025-09-18T10:39:21.000Z,/products,GET,200,40,CA,Mobile
2025-09-18T10:42:27.000Z,/cart,GET,200,60,US,Desktop
2025-09-18T10:42:32.000Z,/account,GET,200,21,US,Desktop
2025-09-18T10:43:00.000Z,/cart,GET,200,82,IN,Desktop
2025-09-18T10:43:23.000Z,/products,GET,200,56,US,Mobile
2025-09-18T10:44:22.000Z,/products,GET,200,79,IN,Desktop
2025-09-18T10:47:04.000Z,/search,GET,200,227,FR,Desktop
2025-09-18T10:52:17.000Z,/api/cart,POST,200,100,US,Mobile
2025-09-18T10:53:14.000Z,/search,GET,200,154,GB,Desktop
2025-09-18T10:54:51.000Z,/api/checkout,POST,200,304,CA,Mobile
2025-09-18T10:55:08.000Z,/api/checkout,POST,200,161,GB,Tablet
2025-09-18T10:56:12.000Z,/search,GET,200,117,JP,Desktop
2025-09-18T10:56:29.000Z,/search,GET,200,144,BR,Desktop
2025-09-18T10:58:46.000Z,/search,GET,200,162,DE,Mobile
2025-09-18T11:02:55.000Z,/products,GET,200,70,US,Mobile
2025-09-18T11:04:46.000Z,/products,GET,200,81,JP,Desktop
2025-09-18T11:06:37.000Z,/products,GET,200,114,US,Mobile
2025-09-18T11:08:03.000Z,/products,GET,200,66,GB,Mobile
2025-09-18T11:12:20.000Z,/products,GET,304,77,US,Mobile
2025-09-18T11:12:50.000Z,/products/:id,GET,200,60,US,Desktop
2025-09-18T11:17:15.000Z,/api/checkout,POST,200,290,CA,Mobile
2025-09-18T11:20:01.000Z,/products/:id,GET,200,69,CA,Mobile
2025-09-18T11:21:16.000Z,/products/:id,GET,200,55,FR,Mobile
2025-09-18T11:22:50.000Z,/products,GET,200,63,US,Mobile
2025-09-18T11:25:58.000Z,/api/checkout,POST,200,146,DE,Desktop
2025-09-18T11:27:12.000Z,/search,GET,200,272,DE,Desktop
2025-09-18T11:29:39.000Z,/api/checkout,POST,200,124,GB,Desktop
2025-09-18T11:32:10.000Z,/products,GET,200,69,GB,Desktop
2025-09-18T11:32:52.000Z,/products/:id,GET,200,66,IN,Desktop
2025-09-18T11:40:24.000Z,/products,GET,200,103,US,Mobile
2025-09-18T11:43:30.000Z,/,GET,200,42,IN,Mobile
2025-09-18T11:44:57.000Z,/search,GET,200,119,BR,Mobile
2025-09-18T11:45:52.000Z,/products/:id,GET,200,49,IN,Mobile
2025-09-18T11:54:09.000Z,/products/:id,GET,200,86,CA,Desktop
2025-09-18T11:54:31.000Z,/search,GET,200,64,US,Mobile
2025-09-18T11:56:55.000Z,/products,GET,200,175,DE,Mobile
2025-09-18T11:58:01.000Z,/cart,GET,200,20,US,Mobile
2025-09-18T12:00:31.000Z,/products,GET,200,80,JP,Desktop
2025-09-18T12:01:58.000Z,/products,GET,200,50,US,Desktop
2025-09-18T12:02:23.000Z,/products,GET,200,37,IN,Mobile
2025-09-18T12:03:29.000Z,/products/:id,GET,200,108,FR,Desktop
2025-09-18T12:06:01.000Z,/products/:id,GET,200,38,IN,Desktop
2025-09-18T12:11:17.000Z,/search,GET,200,206,IN,Mobile
2025-09-18T12:12:20.000Z,/products/:id,GET,200,72,DE,Desktop
2025-09-18T12:12:32.000Z,/,GET,200,38,US,Tablet
2025-09-18T12:12:47.000Z,/,GET,200,94,JP,Desktop
2025-09-18T12:15:36.000Z,/products,GET,200,65,FR,Desktop
2025-09-18T12:15:48.000Z,/api/cart,POST,200,56,GB,Tablet
2025-09-18T12:16:43.000Z,/products,GET,200,32,GB,Desktop
2025-09-18T12:18:45.000Z,/cart,GET,200,60,US,Mobile
2025-09-18T12:20:24.000Z,/products,GET,200,108,US,Mobile
2025-09-18T12:24:18.000Z,/account,GET,200,143,US,Mobile
2025-09-18T12:25:28.000Z,/search,GET,200,181,US,Desktop
2025-09-18T12:26:18.000Z,/account,GET,200,41,DE,Desktop
2025-09-18T12:27:12.000Z,/api/checkout,POST,304,172,US,Desktop
2025-09-18T12:30:15.000Z,/products/:id,GET,200,90,IN,Mobile
2025-09-18T12:32:45.000Z,/,GET,200,69,US,Mobile
2025-09-18T12:35:51.000Z,/products/:id,GET,200,34,US,Tablet
2025-09-18T12:37:48.000Z,/products,GET,200,118,GB,Desktop
2025-09-18T12:38:48.000Z,/products,GET,200,30,IN,Desktop
2025-09-18T12:38:54.000Z,/products,GET,200,28,CA,Mobile
2025-09-18T12:41:14.000Z,/products,GET,200,55,GB,Mobile
2025-09-18T12:43:01.000Z,/cart,GET,200,53,US,Mobile
2025-09-18T12:45:07.000Z,/,GET,200,30,DE,Mobile
2025-09-18T12:53:11.000Z,/,GET,200,38,US,Desktop
2025-09-18T12:53:42.000Z,/account,GET,200,69,US,Mobile
2025-09-18T12:53:49.000Z,/api/checkout,POST,200,398,CA,Mobile
2025-09-18T12:54:53.000Z,/search,GET,200,151,US,Desktop
2025-09-18T12:55:16.000Z,/products/:id,GET,200,44,US,Mobile
2025-09-18T12:57:15.000Z,/cart,GET,200,54,DE,Desktop
2025-09-18T13:01:35.000Z,/,GET,200,57,IN,Mobile
2025-09-18T13:02:37.000Z,/search,GET,200,147,CA,Desktop
2025-09-18T13:04:09.000Z,/search,GET,200,115,US,Desktop
2025-09-18T13:04:22.000Z,/products,GET,200,289,US,Mobile
2025-09-18T13:09:54.000Z,/search,GET,200,138,DE,Tablet
2025-09-18T13:18:51.000Z,/api/cart,POST,200,98,FR,Tablet
2025-09-18T13:22:12.000Z,/,GET,200,14,JP,Desktop
2025-09-18T13:22:26.000Z,/cart,GET,200,42,FR,Mobile
2025-09-18T13:22:50.000Z,/,GET,200,44,CA,Mobile
2025-09-18T13:23:37.000Z,/,GET,200,39,IN,Desktop
2025-09-18T13:24:07.000Z,/products/:id,GET,401,74,FR,Desktop
2025-09-18T13:30:47.000Z,/api/checkout,POST,502,1444,DE,Tablet
2025-09-18T13:37:14.000Z,/products,GET,200,92,FR,Desktop
2025-09-18T13:40:19.000Z,/search,GET,200,140,DE,Desktop
2025-09-18T13:42:35.000Z,/products,GET,200,41,US,Desktop
2025-09-18T13:56:43.000Z,/products/:id,GET,200,95,US,Tablet
2025-09-18T14:00:03.000Z,/products/:id,GET,200,87,DE,Mobile
2025-09-18T14:00:56.000Z,/products/:id,GET,200,72,BR,Desktop
2025-09-18T14:04:40.000Z,/,GET,200,25,BR,Mobile
2025-09-18T14:05:05.000Z,/search,GET,200,361,GB,Desktop
2025-09-18T14:05:28.000Z,/products,GET,200,67,FR,Desktop
2025-09-18T14:09:02.000Z,/api/checkout,POST,200,1145,FR,Mobile
2025-09-18T14:09:47.000Z,/,GET,200,71,US,Mobile
2025-09-18T14:10:16.000Z,/products/:id,GET,200,37,US,Mobile
2025-09-18T14:10:40.000Z,/products,GET,404,283,CA,Mobile
2025-09-18T14:13:37.000Z,/api/checkout,POST,200,1169,BR,Mobile
2025-09-18T14:17:31.000Z,/cart,GET,200,44,FR,Tablet
2025-09-18T14:17:43.000Z,/account,GET,200,131,JP,Mobile
2025-09-18T14:19:00.000Z,/api/cart,POST,200,156,US,Mobile
2025-09-18T14:21:13.000Z,/api/checkout,POST,200,829,GB,Mobile
2025-09-18T14:21:33.000Z,/products,GET,200,84,FR,Mobile
2025-09-18T14:22:31.000Z,/search,GET,200,274,US,Mobile
2025-09-18T14:24:12.000Z,/products,GET,200,105,JP,Mobile
2025-09-18T14:24:20.000Z,/products/:id,GET,200,150,US,Desktop
2025-09-18T14:26:15.000Z,/,GET,200,41,US,Desktop
2025-09-18T14:32:28.000Z,/products,GET,200,50,FR,Desktop
2025-09-18T14:33:03.000Z,/search,GET,200,207,JP,Desktop
2025-09-18T14:34:29.000Z,/,GET,200,47,US,Tablet
2025-09-18T14:40:05.000Z,/cart,GET,200,68,IN,Mobile
2025-09-18T14:40:45.000Z,/,GET,200,41,US,Desktop
2025-09-18T14:45:45.000Z,/products,GET,200,61,US,Desktop
2025-09-18T14:47:57.000Z,/account,GET,200,68,US,Desktop
2025-09-18T14:52:57.000Z,/,GET,200,73,US,Mobile
2025-09-18T14:58:13.000Z,/products,GET,200,121,BR,Desktop
2025-09-18T15:00:13.000Z,/products/:id,GET,200,45,CA,Mobile
2025-09-18T15:01:49.000Z,/search,GET,200,111,US,Desktop
2025-09-18T15:05:43.000Z,/products/:id,GET,200,47,US,Mobile
2025-09-18T15:08:03.000Z,/api/checkout,POST,200,1302,DE,Desktop
2025-09-18T15:11:30.000Z,/products/:id,GET,200,32,US,Desktop
2025-09-18T15:13:30.000Z,/,GET,404,109,US,Mobile
2025-09-18T15:15:23.000Z,/products,GET,200,86,JP,Desktop
2025-09-18T15:16:39.000Z,/api/cart,POST,401,80,DE,Desktop
2025-09-18T15:20:01.000Z,/cart,GET,200,96,IN,Mobile
2025-09-18T15:22:03.000Z,/products/:id,GET,200,67,CA,Desktop
2025-09-18T15:25:56.000Z,/search,GET,200,124,JP,Desktop
2025-09-18T15:29:46.000Z,/products/:id,GET,200,43,IN,Mobile
2025-09-18T15:30:16.000Z,/cart,GET,200,57,GB,Desktop
2025-09-18T15:30:57.000Z,/api/cart,POST,200,123,US,Mobile
2025-09-18T15:34:02.000Z,/api/cart,POST,200,78,BR,Desktop
2025-09-18T15:34:28.000Z,/products/:id,GET,200,50,BR,Desktop
2025-09-18T15:34:37.000Z,/products/:id,GET,200,89,IN,Mobile
2025-09-18T15:35:33.000Z,/search,GET,200,103,US,Mobile
2025-09-18T15:37:15.000Z,/products/:id,GET,200,54,GB,Desktop
2025-09-18T15:45:15.000Z,/products,GET,200,85,CA,Mobile
2025-09-18T15:48:33.000Z,/,GET,200,141,US,Mobile
2025-09-18T15:53:27.000Z,/search,GET,200,150,BR,Mobile
2025-09-18T16:00:35.000Z,/products,GET,200,75,BR,Mobile
2025-09-18T16:05:18.000Z,/,GET,200,101,GB,Desktop
2025-09-18T16:14:26.000Z,/search,GET,200,143,BR,Mobile
2025-09-18T16:15:07.000Z,/search,GET,200,94,IN,Desktop
2025-09-18T16:17:18.000Z,/products/:id,GET,200,28,BR,Desktop
2025-09-18T16:17:48.000Z,/products/:id,GET,200,44,IN,Mobile
2025-09-18T16:19:10.000Z,/,GET,200,27,US,Desktop
2025-09-18T16:26:22.000Z,/products,GET,200,153,US,Desktop
2025-09-18T16:27:21.000Z,/api/checkout,POST,200,1365,US,Mobile
2025-09-18T16:29:33.000Z,/,GET,200,102,GB,Mobile
2025-09-18T16:29:55.000Z,/api/checkout,POST,200,2552,DE,Desktop
2025-09-18T16:34:18.000Z,/products/:id,GET,304,90,GB,Mobile
2025-09-18T16:35:47.000Z,/products,GET,200,60,FR,Desktop
2025-09-18T16:43:56.000Z,/products,GET,200,50,BR,Mobile
2025-09-18T16:46:08.000Z,/api/checkout,POST,502,1140,JP,Mobile
2025-09-18T16:46:59.000Z,/products,GET,200,71,US,Tablet
2025-09-18T16:48:42.000Z,/cart,GET,200,40,CA,Desktop
2025-09-18T16:49:56.000Z,/search,GET,200,42,IN,Mobile
2025-09-18T16:50:56.000Z,/api/cart,POST,200,128,US,Desktop
2025-09-18T16:54:38.000Z,/products,GET,200,73,US,Tablet
2025-09-18T17:00:11.000Z,/api/checkout,POST,200,377,GB,Desktop
2025-09-18T17:00:33.000Z,/products,GET,200,33,US,Mobile
2025-09-18T17:03:40.000Z,/,GET,200,46,US,Mobile
2025-09-18T17:05:56.000Z,/products,GET,200,58,IN,Desktop
2025-09-18T17:06:27.000Z,/products/:id,GET,200,54,US,Desktop
2025-09-18T17:06:50.000Z,/products,GET,304,70,BR,Desktop
2025-09-18T17:14:55.000Z,/products/:id,GET,200,49,CA,Desktop
2025-09-18T17:16:26.000Z,/,GET,200,63,BR,Desktop
2025-09-18T17:17:37.000Z,/account,GET,200,68,GB,Tablet
2025-09-18T17:18:40.000Z,/,GET,200,65,US,Desktop
2025-09-18T17:18:56.000Z,/api/checkout,POST,200,337,IN,Desktop
2025-09-18T17:18:56.000Z,/products,GET,200,95,JP,Desktop
2025-09-18T17:19:48.000Z,/products/:id,GET,200,33,GB,Mobile
2025-09-18T17:20:28.000Z,/products,GET,200,47,JP,Mobile
2025-09-18T17:20:39.000Z,/products/:id,GET,200,95,CA,Desktop
2025-09-18T17:24:40.000Z,/products,GET,200,71,BR,Desktop
2025-09-18T17:26:13.000Z,/cart,GET,500,29,CA,Mobile
2025-09-18T17:26:47.000Z,/products,GET,200,79,CA,Mobile
2025-09-18T17:28:05.000Z,/,GET,200,52,US,Mobile
2025-09-18T17:29:43.000Z,/search,GET,200,185,US,Mobile
2025-09-18T17:30:40.000Z,/,GET,200,62,US,Desktop
2025-09-18T17:34:33.000Z,/,GET,200,86,FR,Mobile
2025-09-18T17:34:57.000Z,/search,GET,200,145,IN,Mobile
2025-09-18T17:37:19.000Z,/search,GET,200,123,US,Mobile
2025-09-18T17:37:45.000Z,/products/:id,GET,200,39,US,Desktop
2025-09-18T17:37:53.000Z,/products,GET,200,62,BR,Tablet
2025-09-18T17:40:04.000Z,/products/:id,GET,200,34,DE,Desktop
2025-09-18T17:44:06.000Z,/api/cart,POST,404,65,JP,Mobile
2025-09-18T17:44:23.000Z,/,GET,200,81,JP,Desktop
2025-09-18T17:45:30.000Z,/products,GET,200,98,US,Desktop
2025-09-18T17:47:10.000Z,/,GET,200,74,FR,Desktop
2025-09-18T17:50:14.000Z,/,GET,200,78,BR,Desktop
2025-09-18T17:52:57.000Z,/products/:id,GET,200,77,DE,Mobile
2025-09-18T17:58:03.000Z,/,GET,200,23,IN,Mobile
2025-09-18T17:58:17.000Z,/products,GET,200,86,BR,Desktop
2025-09-18T17:58:40.000Z,/products/:id,GET,304,194,GB,Mobile
2025-09-18T18:01:05.000Z,/account,GET,200,24,US,Desktop
2025-09-18T18:03:24.000Z,/products/:id,GET,304,44,CA,Desktop
2025-09-18T18:03:36.000Z,/,GET,200,28,IN,Mobile
2025-09-18T18:06:20.000Z,/products,GET,200,90,US,Tablet
2025-09-18T18:06:51.000Z,/products/:id,GET,200,66,GB,Mobile
2025-09-18T18:08:20.000Z,/,GET,200,54,IN,Desktop
2025-09-18T18:09:30.000Z,/api/checkout,POST,200,441,BR,Desktop
2025-09-18T18:10:31.000Z,/,GET,200,29,US,Desktop
2025-09-18T18:14:02.000Z,/search,GET,200,133,JP,Desktop
2025-09-18T18:18:20.000Z,/products,GET,200,83,GB,Mobile
2025-09-18T18:20:56.000Z,/products/:id,GET,200,43,US,Desktop
2025-09-18T18:24:59.000Z,/,GET,200,30,IN,Mobile
2025-09-18T18:28:58.000Z,/,GET,200,51,IN,Desktop
2025-09-18T18:30:03.000Z,/,GET,200,34,GB,Mobile
2025-09-18T18:30:55.000Z,/api/cart,POST,200,72,US,Desktop
2025-09-18T18:36:15.000Z,/api/checkout,POST,200,226,JP,Desktop
2025-09-18T18:38:12.000Z,/products/:id,GET,200,26,IN,Desktop
2025-09-18T18:38:26.000Z,/search,GET,200,97,CA,Tablet
2025-09-18T18:38:35.000Z,/search,GET,200,91,DE,Desktop
2025-09-18T18:39:59.000Z,/products,GET,200,71,JP,Mobile
2025-09-18T18:42:20.000Z,/api/cart,POST,200,70,BR,Mobile
2025-09-18T18:43:44.000Z,/products,GET,200,122,US,Tablet
2025-09-18T18:44:51.000Z,/products,GET,200,119,GB,Desktop
2025-09-18T18:49:49.000Z,/search,GET,200,77,US,Mobile
2025-09-18T18:53:06.000Z,/cart,GET,200,54,CA,Desktop
2025-09-18T19:01:14.000Z,/api/cart,POST,200,156,US,Desktop
2025-09-18T19:04:44.000Z,/api/cart,POST,200,60,US,Mobile
2025-09-18T19:14:16.000Z,/,GET,200,85,DE,Mobile
2025-09-18T19:18:26.000Z,/,GET,200,23,US,Desktop
2025-09-18T19:34:39.000Z,/products,GET,200,27,BR,Mobile
2025-09-18T19:38:23.000Z,/api/checkout,POST,200,358,US,Mobile
2025-09-18T19:40:04.000Z,/products,GET,404,120,US,Desktop
2025-09-18T19:46:32.000Z,/,GET,200,37,CA,Mobile
2025-09-18T19:47:20.000Z,/api/checkout,POST,200,162,US,Mobile
2025-09-18T19:59:35.000Z,/cart,GET,200,38,US,Desktop
2025-09-18T20:03:31.000Z,/,GET,200,30,US,Desktop
2025-09-18T20:16:21.000Z,/search,GET,200,233,GB,Desktop
2025-09-18T20:18:00.000Z,/products/:id,GET,200,49,BR,Tablet
2025-09-18T20:23:56.000Z,/products/:id,GET,200,63,DE,Desktop
2025-09-18T20:24:02.000Z,/search,GET,200,224,US,Desktop
2025-09-18T20:24:59.000Z,/api/cart,POST,200,152,US,Desktop
2025-09-18T20:27:24.000Z,/products,GET,200,46,IN,Mobile
2025-09-18T20:34:06.000Z,/products,GET,200,62,GB,Desktop
2025-09-18T20:40:23.000Z,/products,GET,200,132,IN,Desktop
2025-09-18T20:41:40.000Z,/search,GET,200,198,IN,Mobile
2025-09-18T20:45:36.000Z,/products/:id,GET,200,104,IN,Desktop
2025-09-18T20:49:28.000Z,/,GET,200,56,US,Mobile
2025-09-18T20:53:49.000Z,/,GET,200,51,IN,Desktop
2025-09-18T20:55:59.000Z,/cart,GET,200,55,IN,Mobile
2025-09-18T20:57:36.000Z,/products,GET,200,193,DE,Tablet
2025-09-18T20:57:37.000Z,/products/:id,GET,200,76,FR,Mobile
2025-09-18T20:58:57.000Z,/products/:id,GET,200,72,US,Mobile
2025-09-18T21:08:38.000Z,/search,GET,200,85,US,Mobile
2025-09-18T21:12:00.000Z,/,GET,200,40,BR,Mobile
2025-09-18T21:12:04.000Z,/search,GET,200,232,US,Mobile
2025-09-18T21:15:00.000Z,/search,GET,200,170,US,Mobile
2025-09-18T21:23:37.000Z,/,GET,200,66,US,Mobile
2025-09-18T21:27:06.000Z,/products/:id,GET,200,55,BR,Desktop
2025-09-18T21:27:08.000Z,/api/cart,POST,200,133,US,Mobile
2025-09-18T21:27:56.000Z,/cart,GET,200,83,US,Desktop
2025-09-18T21:29:04.000Z,/,GET,200,47,US,Tablet
2025-09-18T21:36:54.000Z,/search,GET,200,375,GB,Desktop
2025-09-18T21:47:25.000Z,/products/:id,GET,200,50,US,Desktop
2025-09-18T21:49:36.000Z,/,GET,200,41,US,Desktop
2025-09-18T21:52:28.000Z,/products/:id,GET,200,46,BR,Desktop
2025-09-18T22:00:05.000Z,/products/:id,GET,200,61,US,Desktop
2025-09-18T22:03:33.000Z,/products,GET,200,231,GB,Desktop
2025-09-18T22:05:59.000Z,/,GET,200,52,IN,Desktop
2025-09-18T22:06:10.000Z,/,GET,200,41,GB,Desktop
2025-09-18T22:09:18.000Z,/products/:id,GET,200,58,GB,Mobile
2025-09-18T22:10:15.000Z,/products/:id,GET,200,55,JP,Desktop
2025-09-18T22:15:19.000Z,/,GET,200,61,CA,Mobile
2025-09-18T22:16:31.000Z,/products/:id,GET,304,85,DE,Mobile
2025-09-18T22:26:19.000Z,/products,GET,200,99,JP,Desktop
2025-09-18T22:36:27.000Z,/products/:id,GET,200,42,CA,Mobile
2025-09-18T22:39:43.000Z,/,GET,200,42,FR,Desktop
2025-09-18T22:40:44.000Z,/search,GET,200,92,BR,Desktop
2025-09-18T22:41:10.000Z,/products/:id,GET,200,48,US,Mobile
2025-09-18T23:04:26.000Z,/products,GET,200,71,FR,Mobile
2025-09-18T23:04:36.000Z,/products,GET,200,110,IN,Mobile
2025-09-18T23:08:15.000Z,/account,GET,200,58,US,Mobile
2025-09-18T23:16:28.000Z,/cart,GET,200,96,US,Mobile
2025-09-18T23:17:41.000Z,/products,GET,200,122,FR,Desktop
2025-09-18T23:39:57.000Z,/,GET,200,55,IN,Desktop
2025-09-18T23:41:05.000Z,/search,GET,200,96,CA,Desktop
2025-09-18T23:44:53.000Z,/products,GET,200,90,US,Mobile
2025-09-18T23:48:28.000Z,/,GET,404,31,US,Mobile
2025-09-18T23:50:39.000Z,/products/:id,GET,200,79,GB,Desktop
2025-09-18T23:52:25.000Z,/api/checkout,POST,200,164,GB,Mobile
2025-09-18T23:56:36.000Z,/api/cart,POST,200,97,FR,Desktop
2025-09-19T00:01:58.000Z,/cart,GET,200,88,BR,Desktop
2025-09-19T00:02:12.000Z,/search,GET,200,93,DE,Desktop
2025-09-19T00:03:07.000Z,/products,GET,200,92,US,Tablet
2025-09-19T00:04:42.000Z,/,GET,200,48,DE,Mobile
2025-09-19T00:09:58.000Z,/products/:id,GET,200,139,US,Tablet
2025-09-19T00:20:24.000Z,/products,GET,200,110,IN,Mobile
2025-09-19T00:22:16.000Z,/products,GET,200,41,CA,Mobile
2025-09-19T00:22:53.000Z,/,GET,200,75,US,Desktop
2025-09-19T00:24:55.000Z,/products,GET,200,83,GB,Desktop
2025-09-19T00:26:04.000Z,/products,GET,200,39,GB,Tablet
2025-09-19T00:32:42.000Z,/products,GET,200,78,US,Desktop
2025-09-19T00:47:31.000Z,/account,GET,200,54,US,Desktop
2025-09-19T00:47:56.000Z,/,GET,200,29,IN,Desktop
2025-09-19T00:49:14.000Z,/search,GET,200,119,GB,Desktop
2025-09-19T01:13:48.000Z,/products,GET,200,108,CA,Mobile
2025-09-19T01:27:05.000Z,/products,GET,200,88,US,Desktop
2025-09-19T01:30:24.000Z,/api/cart,POST,200,60,US,Mobile
2025-09-19T01:31:48.000Z,/,GET,200,44,IN,Desktop
2025-09-19T01:31:52.000Z,/cart,GET,200,62,CA,Mobile
2025-09-19T01:34:15.000Z,/,GET,200,45,IN,Desktop
2025-09-19T01:37:00.000Z,/products/:id,GET,200,77,FR,Mobile
2025-09-19T01:39:20.000Z,/products,GET,200,87,DE,Desktop
2025-09-19T01:47:53.000Z,/api/checkout,POST,200,119,GB,Mobile
2025-09-19T02:09:56.000Z,/products/:id,GET,200,85,IN,Desktop
2025-09-19T02:13:07.000Z,/cart,GET,200,80,US,Mobile
2025-09-19T02:15:46.000Z,/search,GET,200,53,BR,Desktop
2025-09-19T02:23:03.000Z,/,GET,404,53,FR,Tablet
2025-09-19T02:23:39.000Z,/search,GET,200,120,IN,Desktop
2025-09-19T02:30:06.000Z,/,GET,200,60,US,Desktop
2025-09-19T02:33:06.000Z,/cart,GET,200,64,IN,Desktop
2025-09-19T02:42:10.000Z,/search,GET,200,154,US,Mobile
2025-09-19T02:48:36.000Z,/api/cart,POST,200,128,DE,Mobile
2025-09-19T03:00:37.000Z,/account,GET,200,67,JP,Desktop
2025-09-19T03:01:55.000Z,/cart,GET,200,40,JP,Mobile
2025-09-19T03:03:44.000Z,/search,GET,200,141,US,Mobile
2025-09-19T03:06:04.000Z,/products/:id,GET,200,94,GB,Desktop
2025-09-19T03:11:21.000Z,/api/cart,POST,200,107,CA,Mobile
2025-09-19T03:18:11.000Z,/account,GET,200,49,GB,Mobile
2025-09-19T03:20:06.000Z,/api/checkout,POST,304,165,US,Mobile
2025-09-19T03:21:55.000Z,/products/:id,GET,401,91,BR,Desktop
2025-09-19T03:22:53.000Z,/,GET,200,30,DE,Desktop
2025-09-19T03:24:54.000Z,/search,GET,200,154,US,Mobile
2025-09-19T03:26:36.000Z,/search,GET,200,142,IN,Mobile
2025-09-19T03:26:43.000Z,/api/cart,POST,200,181,FR,Desktop
2025-09-19T03:33:05.000Z,/,GET,200,79,US,Mobile
2025-09-19T03:34:21.000Z,/products/:id,GET,200,23,CA,Desktop
2025-09-19T03:47:29.000Z,/products,GET,200,69,CA,Desktop
2025-09-19T03:59:36.000Z,/,GET,200,55,GB,Desktop
2025-09-19T04:09:25.000Z,/products,GET,200,50,US,Mobile
2025-09-19T04:09:47.000Z,/products/:id,GET,200,72,FR,Mobile
2025-09-19T04:14:38.000Z,/api/checkout,POST,200,98,US,Mobile
2025-09-19T04:16:01.000Z,/products,GET,200,115,US,Desktop
2025-09-19T04:18:58.000Z,/,GET,200,69,FR,Mobile
2025-09-19T04:19:06.000Z,/products/:id,GET,200,78,GB,Desktop
2025-09-19T04:19:18.000Z,/api/checkout,POST,200,423,IN,Mobile
2025-09-19T04:31:34.000Z,/search,GET,200,92,IN,Desktop
2025-09-19T04:50:09.000Z,/products/:id,GET,200,60,FR,Mobile
2025-09-19T04:50:14.000Z,/products/:id,GET,200,74,IN,Desktop
2025-09-19T04:52:17.000Z,/account,GET,200,56,JP,Desktop
2025-09-19T04:54:53.000Z,/,GET,200,26,US,Desktop
2025-09-19T05:00:53.000Z,/products/:id,GET,200,107,US,Mobile
2025-09-19T05:01:17.000Z,/products,GET,200,72,CA,Desktop
2025-09-19T05:04:30.000Z,/products,GET,200,64,GB,Mobile
2025-09-19T05:06:32.000Z,/,GET,200,20,FR,Mobile
2025-09-19T05:08:39.000Z,/search,GET,200,220,US,Desktop
2025-09-19T05:21:51.000Z,/cart,GET,200,68,US,Desktop
2025-09-19T05:22:04.000Z,/products/:id,GET,200,97,JP,Desktop
2025-09-19T05:28:13.000Z,/products,GET,200,125,IN,Mobile
2025-09-19T05:32:54.000Z,/,GET,200,31,US,Desktop
2025-09-19T05:42:11.000Z,/,GET,200,18,US,Desktop
2025-09-19T05:49:43.000Z,/cart,GET,200,19,BR,Mobile
2025-09-19T05:51:17.000Z,/products,GET,200,145,DE,Desktop
2025-09-19T05:51:27.000Z,/products,GET,404,73,US,Desktop
2025-09-19T05:52:49.000Z,/,GET,200,53,US,Desktop
2025-09-19T05:53:25.000Z,/products/:id,GET,200,123,CA,Mobile
2025-09-19T06:01:44.000Z,/,GET,200,55,US,Desktop
2025-09-19T06:02:57.000Z,/search,GET,200,104,US,Mobile
2025-09-19T06:07:04.000Z,/,GET,200,66,CA,Mobile
2025-09-19T06:07:07.000Z,/cart,GET,200,78,JP,Mobile
2025-09-19T06:15:02.000Z,/,GET,200,59,IN,Desktop
2025-09-19T06:19:11.000Z,/search,GET,200,115,US,Mobile
2025-09-19T06:20:32.000Z,/products/:id,GET,200,90,US,Desktop
2025-09-19T06:22:14.000Z,/products,GET,200,78,GB,Tablet
2025-09-19T06:23:26.000Z,/search,GET,200,245,US,Mobile
2025-09-19T06:25:16.000Z,/products,GET,200,97,US,Desktop
2025-09-19T06:28:13.000Z,/account,GET,200,74,US,Mobile
2025-09-19T06:31:29.000Z,/api/cart,POST,200,99,US,Mobile
2025-09-19T06:33:56.000Z,/products/:id,GET,200,99,CA,Mobile
2025-09-19T06:34:27.000Z,/products,GET,500,99,CA,Desktop
2025-09-19T06:34:37.000Z,/products,GET,200,64,GB,Desktop
2025-09-19T06:34:55.000Z,/products,GET,200,57,BR,Desktop
2025-09-19T06:41:03.000Z,/search,GET,200,181,GB,Desktop
2025-09-19T06:42:02.000Z,/products,GET,200,55,US,Desktop
2025-09-19T06:43:57.000Z,/products,GET,401,125,DE,Desktop
2025-09-19T06:44:15.000Z,/products,GET,200,125,JP,Mobile
2025-09-19T06:44:54.000Z,/products,GET,200,60,US,Desktop
2025-09-19T06:44:56.000Z,/cart,GET,200,59,IN,Desktop
2025-09-19T06:50:17.000Z,/products,GET,200,86,DE,Desktop
2025-09-19T06:51:46.000Z,/products,GET,200,192,US,Desktop
2025-09-19T06:52:58.000Z,/products/:id,GET,200,121,IN,Desktop
2025-09-19T06:55:08.000Z,/,GET,200,72,BR,Desktop
2025-09-19T06:58:20.000Z,/,GET,200,34,IN,Mobile
2025-09-19T07:02:25.000Z,/products/:id,GET,200,24,US,Desktop
2025-09-19T07:09:29.000Z,/products,GET,200,230,GB,Mobile
2025-09-19T07:10:53.000Z,/,GET,200,41,IN,Desktop
2025-09-19T07:13:59.000Z,/products,GET,200,98,FR,Mobile
2025-09-19T07:14:22.000Z,/search,GET,200,113,FR,Mobile
2025-09-19T07:15:56.000Z,/search,GET,200,130,JP,Mobile
2025-09-19T07:17:49.000Z,/products/:id,GET,200,95,IN,Desktop
2025-09-19T07:20:52.000Z,/search,GET,200,107,GB,Mobile
2025-09-19T07:25:21.000Z,/api/checkout,POST,200,132,US,Mobile
2025-09-19T07:28:03.000Z,/api/checkout,POST,200,231,US,Desktop
2025-09-19T07:28:24.000Z,/products,GET,200,66,US,Desktop
2025-09-19T07:31:17.000Z,/products/:id,GET,200,25,CA,Desktop
2025-09-19T07:43:35.000Z,/products,GET,200,58,GB,Desktop
2025-09-19T07:45:01.000Z,/account,GET,200,68,GB,Mobile
2025-09-19T07:45:24.000Z,/cart,GET,200,56,US,Mobile
2025-09-19T07:46:05.000Z,/api/cart,POST,404,200,US,Tablet
2025-09-19T07:46:22.000Z,/,GET,200,57,US,Mobile
2025-09-19T07:51:19.000Z,/products/:id,GET,200,125,JP,Desktop
2025-09-19T07:53:31.000Z,/api/cart,POST,200,46,CA,Mobile
2025-09-19T07:57:32.000Z,/,GET,200,38,US,Desktop
2025-09-19T07:58:50.000Z,/,GET,200,26,IN,Desktop
2025-09-19T07:59:30.000Z,/,GET,200,30,BR,Mobile
2025-09-19T08:00:17.000Z,/products/:id,GET,200,88,US,Desktop
2025-09-19T08:02:45.000Z,/products/:id,GET,200,69,IN,Desktop
2025-09-19T08:02:57.000Z,/products,GET,200,103,US,Desktop
2025-09-19T08:07:43.000Z,/account,GET,200,36,US,Mobile
2025-09-19T08:10:41.000Z,/api/cart,POST,200,27,FR,Desktop
2025-09-19T08:10:49.000Z,/account,GET,200,73,US,Mobile
2025-09-19T08:12:38.000Z,/products/:id,GET,200,75,US,Mobile
2025-09-19T08:12:39.000Z,/products/:id,GET,200,77,DE,Desktop
2025-09-19T08:14:24.000Z,/products/:id,GET,404,42,GB,Tablet
2025-09-19T08:15:21.000Z,/products,GET,200,96,BR,Mobile
2025-09-19T08:24:54.000Z,/products/:id,GET,200,77,BR,Mobile
2025-09-19T08:26:36.000Z,/cart,GET,200,70,IN,Desktop
2025-09-19T08:30:56.000Z,/products/:id,GET,200,167,BR,Mobile
2025-09-19T08:31:35.000Z,/products,GET,200,64,IN,Mobile
2025-09-19T08:32:34.000Z,/products,GET,200,51,JP,Desktop
2025-09-19T08:34:17.000Z,/products,GET,200,104,JP,Desktop
2025-09-19T08:35:03.000Z,/,GET,200,64,GB,Desktop
2025-09-19T08:35:42.000Z,/,GET,200,26,BR,Mobile
2025-09-19T08:37:24.000Z,/products/:id,GET,200,51,CA,Desktop
2025-09-19T08:38:59.000Z,/products/:id,GET,200,54,FR,Desktop
2025-09-19T08:48:50.000Z,/products,GET,200,35,DE,Mobile
2025-09-19T08:54:37.000Z,/account,GET,200,97,IN,Tablet
2025-09-19T08:56:10.000Z,/search,GET,200,243,CA,Desktop
2025-09-19T08:59:51.000Z,/products/:id,GET,200,42,CA,Desktop
2025-09-19T09:02:30.000Z,/api/checkout,POST,200,673,IN,Mobile
2025-09-19T09:06:50.000Z,/,GET,200,29,FR,Desktop
2025-09-19T09:07:33.000Z,/,GET,304,47,CA,Desktop
2025-09-19T09:13:48.000Z,/products,GET,200,52,BR,Mobile
2025-09-19T09:17:47.000Z,/api/cart,POST,200,89,US,Desktop
2025-09-19T09:18:08.000Z,/cart,GET,200,34,IN,Tablet
2025-09-19T09:20:26.000Z,/api/cart,POST,200,53,CA,Desktop
2025-09-19T09:21:41.000Z,/search,GET,200,177,JP,Mobile
2025-09-19T09:21:46.000Z,/products/:id,GET,200,85,US,Desktop
2025-09-19T09:29:33.000Z,/cart,GET,200,56,US,Mobile
2025-09-19T09:29:49.000Z,/products/:id,GET,200,45,DE,Mobile
2025-09-19T09:30:45.000Z,/products,GET,200,101,GB,Mobile
2025-09-19T09:32:43.000Z,/products,GET,200,118,US,Mobile
2025-09-19T09:33:19.000Z,/api/cart,POST,200,164,GB,Desktop
2025-09-19T09:33:28.000Z,/api/checkout,POST,200,221,US,Desktop
2025-09-19T09:35:35.000Z,/api/cart,POST,200,85,IN,Mobile
2025-09-19T09:36:34.000Z,/,GET,200,55,GB,Mobile
2025-09-19T09:36:59.000Z,/,GET,200,70,US,Mobile
2025-09-19T09:37:56.000Z,/search,GET,200,134,IN,Desktop
2025-09-19T09:39:29.000Z,/cart,GET,200,32,US,Desktop
2025-09-19T09:40:23.000Z,/search,GET,200,147,IN,Mobile
2025-09-19T09:41:13.000Z,/products/:id,GET,200,37,IN,Desktop
2025-09-19T09:41:46.000Z,/products,GET,304,46,CA,Desktop
2025-09-19T09:42:45.000Z,/cart,GET,200,103,IN,Desktop
2025-09-19T09:51:58.000Z,/search,GET,200,110,DE,Desktop
2025-09-19T09:57:44.000Z,/,GET,200,82,BR,Desktop
2025-09-19T10:00:07.000Z,/,GET,200,52,US,Mobile
2025-09-19T10:00:20.000Z,/,GET,304,52,US,Tablet
2025-09-19T10:01:01.000Z,/,GET,200,26,US,Tablet
2025-09-19T10:05:10.000Z,/products/:id,GET,304,106,US,Mobile
2025-09-19T10:06:24.000Z,/search,GET,200,155,IN,Desktop
2025-09-19T10:08:55.000Z,/search,GET,200,190,IN,Mobile
2025-09-19T10:10:54.000Z,/products/:id,GET,200,56,CA,Desktop
2025-09-19T10:11:22.000Z,/,GET,200,28,CA,Desktop
2025-09-19T10:12:40.000Z,/products/:id,GET,200,43,US,Mobile
2025-09-19T10:12:51.000Z,/products,GET,200,71,IN,Tablet
2025-09-19T10:18:22.000Z,/,GET,404,54,IN,Desktop
2025-09-19T10:19:34.000Z,/search,GET,200,105,US,Desktop
2025-09-19T10:21:27.000Z,/cart,GET,200,55,DE,Desktop
2025-09-19T10:24:31.000Z,/products,GET,200,70,JP,Desktop
2025-09-19T10:25:39.000Z,/products,GET,200,107,US,Mobile
2025-09-19T10:27:24.000Z,/products,GET,200,132,IN,Mobile
2025-09-19T10:28:25.000Z,/cart,GET,200,70,DE,Desktop
2025-09-19T10:28:47.000Z,/account,GET,200,80,JP,Desktop
2025-09-19T10:30:42.000Z,/,GET,200,74,IN,Mobile
2025-09-19T10:31:48.000Z,/account,GET,200,82,GB,Desktop
2025-09-19T10:31:59.000Z,/search,GET,200,101,BR,Desktop
2025-09-19T10:32:20.000Z,/search,GET,200,186,US,Tablet
2025-09-19T10:34:16.000Z,/,GET,200,39,FR,Mobile
2025-09-19T10:34:22.000Z,/search,GET,200,203,US,Desktop
2025-09-19T10:36:14.000Z,/cart,GET,200,50,US,Mobile
2025-09-19T10:38:08.000Z,/account,GET,200,48,DE,Mobile
2025-09-19T10:39:20.000Z,/products/:id,GET,200,58,JP,Desktop
2025-09-19T10:40:45.000Z,/search,GET,200,100,CA,Mobile
2025-09-19T10:42:03.000Z,/,GET,200,123,US,Mobile
2025-09-19T10:44:03.000Z,/products,GET,200,156,IN,Desktop
2025-09-19T10:47:19.000Z,/search,GET,200,130,CA,Mobile
2025-09-19T10:47:59.000Z,/account,GET,200,110,BR,Desktop
2025-09-19T10:49:35.000Z,/products,GET,200,120,FR,Mobile
2025-09-19T10:52:29.000Z,/products/:id,GET,200,73,US,Desktop
2025-09-19T10:52:38.000Z,/products,GET,200,74,FR,Mobile
2025-09-19T10:58:34.000Z,/,GET,200,84,US,Desktop
2025-09-19T10:58:35.000Z,/,GET,200,30,FR,Desktop
2025-09-19T11:00:39.000Z,/products,GET,200,36,GB,Desktop
2025-09-19T11:00:53.000Z,/products,GET,200,65,US,Desktop
2025-09-19T11:04:34.000Z,/products/:id,GET,200,86,GB,Mobile
2025-09-19T11:05:15.000Z,/cart,GET,200,49,JP,Desktop
2025-09-19T11:05:20.000Z,/products/:id,GET,200,35,US,Mobile
2025-09-19T11:05:21.000Z,/,GET,500,67,FR,Mobile
2025-09-19T11:06:07.000Z,/products,GET,200,121,IN,Desktop
2025-09-19T11:06:52.000Z,/products,GET,200,105,US,Mobile
2025-09-19T11:09:11.000Z,/search,GET,200,131,US,Mobile
2025-09-19T11:09:59.000Z,/api/checkout,POST,200,238,IN,Mobile
2025-09-19T11:14:47.000Z,/products,GET,200,58,GB,Desktop
2025-09-19T11:16:18.000Z,/products/:id,GET,200,52,US,Desktop
2025-09-19T11:18:54.000Z,/products,GET,200,63,US,Mobile
2025-09-19T11:20:47.000Z,/products/:id,GET,200,42,FR,Mobile
2025-09-19T11:21:37.000Z,/search,GET,200,237,DE,Mobile
2025-09-19T11:22:34.000Z,/,GET,200,81,US,Desktop
2025-09-19T11:23:34.000Z,/products/:id,GET,200,51,US,Desktop
2025-09-19T11:24:11.000Z,/api/checkout,POST,200,264,US,Mobile
2025-09-19T11:24:36.000Z,/account,GET,200,57,IN,Desktop
2025-09-19T11:24:41.000Z,/search,GET,200,74,JP,Tablet
2025-09-19T11:24:56.000Z,/products,GET,200,114,FR,Desktop
2025-09-19T11:27:16.000Z,/search,GET,200,175,US,Mobile
2025-09-19T11:28:34.000Z,/cart,GET,200,68,DE,Mobile
2025-09-19T11:29:13.000Z,/search,GET,200,161,US,Desktop
2025-09-19T11:29:14.000Z,/search,GET,200,200,JP,Mobile
2025-09-19T11:30:02.000Z,/cart,GET,200,50,DE,Desktop
2025-09-19T11:30:25.000Z,/,GET,200,43,US,Mobile
2025-09-19T11:32:08.000Z,/products,GET,404,82,US,Desktop
2025-09-19T11:37:25.000Z,/products/:id,GET,401,67,DE,Mobile
2025-09-19T11:38:23.000Z,/,GET,200,42,GB,Desktop
2025-09-19T11:38:38.000Z,/cart,GET,200,17,IN,Mobile
2025-09-19T11:45:57.000Z,/,GET,200,30,US,Mobile
2025-09-19T11:46:02.000Z,/products,GET,200,52,GB,Desktop
2025-09-19T11:48:06.000Z,/,GET,200,82,CA,Desktop
2025-09-19T11:49:28.000Z,/search,GET,200,223,US,Desktop
2025-09-19T11:50:28.000Z,/cart,GET,200,104,US,Desktop
2025-09-19T11:51:08.000Z,/products,GET,200,154,US,Desktop
2025-09-19T11:53:55.000Z,/api/checkout,POST,200,298,DE,Desktop
2025-09-19T11:54:20.000Z,/products,GET,200,118,CA,Desktop
2025-09-19T11:54:37.000Z,/products,GET,200,72,US,Mobile
2025-09-19T11:57:47.000Z,/search,GET,404,100,GB,Mobile
2025-09-19T11:59:00.000Z,/api/checkout,POST,200,190,US,Desktop
2025-09-19T11:59:48.000Z,/products,GET,200,36,US,Mobile
2025-09-19T12:01:27.000Z,/cart,GET,200,62,DE,Desktop
2025-09-19T12:02:18.000Z,/products,GET,200,66,DE,Mobile
2025-09-19T12:05:40.000Z,/,GET,200,34,DE,Desktop
2025-09-19T12:11:35.000Z,/api/checkout,POST,200,265,US,Mobile
2025-09-19T12:12:05.000Z,/api/cart,POST,200,45,GB,Desktop
2025-09-19T12:13:02.000Z,/products,GET,404,79,US,Mobile
2025-09-19T12:13:55.000Z,/,GET,200,49,DE,Mobile
2025-09-19T12:15:16.000Z,/,GET,200,78,US,Desktop
2025-09-19T12:17:21.000Z,/,GET,200,63,US,Mobile
2025-09-19T12:18:00.000Z,/products/:id,GET,304,43,US,Mobile
2025-09-19T12:20:12.000Z,/products/:id,GET,200,38,GB,Mobile
2025-09-19T12:23:17.000Z,/products/:id,GET,200,111,IN,Mobile
2025-09-19T12:23:38.000Z,/,GET,200,48,JP,Mobile
2025-09-19T12:25:48.000Z,/products,GET,200,90,IN,Desktop
2025-09-19T12:30:04.000Z,/products/:id,GET,200,125,US,Desktop
2025-09-19T12:30:36.000Z,/api/checkout,POST,200,181,US,Desktop
2025-09-19T12:31:13.000Z,/products/:id,GET,200,60,US,Mobile
2025-09-19T12:32:17.000Z,/search,GET,200,232,FR,Mobile
2025-09-19T12:33:32.000Z,/,GET,200,95,US,Desktop
2025-09-19T12:34:12.000Z,/search,GET,200,122,US,Mobile
2025-09-19T12:34:42.000Z,/cart,GET,200,94,GB,Desktop
2025-09-19T12:37:06.000Z,/products,GET,304,227,CA,Desktop
2025-09-19T12:39:16.000Z,/,GET,200,72,US,Mobile
2025-09-19T12:41:17.000Z,/,GET,200,32,JP,Desktop
2025-09-19T12:45:12.000Z,/search,GET,200,96,IN,Desktop
2025-09-19T12:46:49.000Z,/cart,GET,200,31,US,Tablet
2025-09-19T12:52:45.000Z,/search,GET,200,115,IN,Desktop
2025-09-19T12:53:21.000Z,/api/cart,POST,200,51,CA,Desktop
2025-09-19T12:54:26.000Z,/api/cart,POST,200,42,IN,Mobile
2025-09-19T12:58:31.000Z,/products/:id,GET,200,65,US,Mobile
2025-09-19T13:01:32.000Z,/,GET,200,51,JP,Mobile
2025-09-19T13:04:44.000Z,/products/:id,GET,200,77,US,Desktop
2025-09-19T13:09:29.000Z,/,GET,200,43,BR,Mobile
2025-09-19T13:11:53.000Z,/products,GET,200,53,JP,Tablet
2025-09-19T13:12:24.000Z,/,GET,304,30,US,Desktop
2025-09-19T13:13:16.000Z,/,GET,200,33,FR,Desktop
2025-09-19T13:13:48.000Z,/cart,GET,200,44,US,Mobile
2025-09-19T13:15:24.000Z,/products,GET,200,78,US,Desktop
2025-09-19T13:16:14.000Z,/,GET,200,103,CA,Desktop
2025-09-19T13:17:09.000Z,/,GET,200,54,US,Tablet
2025-09-19T13:17:48.000Z,/api/cart,POST,200,72,CA,Mobile
2025-09-19T13:20:56.000Z,/products/:id,GET,200,67,CA,Mobile
2025-09-19T13:21:12.000Z,/products/:id,GET,404,142,US,Mobile
2025-09-19T13:21:40.000Z,/products,GET,200,66,BR,Desktop
2025-09-19T13:23:03.000Z,/search,GET,200,235,US,Desktop
2025-09-19T13:23:48.000Z,/products,GET,200,102,DE,Mobile
2025-09-19T13:25:59.000Z,/cart,GET,200,64,DE,Mobile
2025-09-19T13:27:47.000Z,/products,GET,200,101,US,Desktop
2025-09-19T13:28:03.000Z,/account,GET,200,32,US,Desktop
2025-09-19T13:29:22.000Z,/cart,GET,200,56,GB,Mobile
2025-09-19T13:33:17.000Z,/products/:id,GET,200,68,US,Mobile
2025-09-19T13:33:21.000Z,/cart,GET,200,52,DE,Desktop
2025-09-19T13:36:46.000Z,/api/checkout,POST,200,271,US,Desktop
2025-09-19T13:37:56.000Z,/cart,GET,200,72,BR,Mobile
2025-09-19T13:38:03.000Z,/,GET,200,82,US,Desktop
2025-09-19T13:40:22.000Z,/search,GET,200,202,US,Desktop
2025-09-19T13:41:26.000Z,/products,GET,200,111,IN,Tablet
2025-09-19T13:43:22.000Z,/search,GET,200,63,GB,Mobile
2025-09-19T13:44:43.000Z,/,GET,200,17,US,Mobile
2025-09-19T13:49:40.000Z,/cart,GET,200,105,US,Mobile
2025-09-19T13:49:48.000Z,/,GET,200,31,US,Mobile
2025-09-19T13:51:56.000Z,/search,GET,200,54,US,Mobile
2025-09-19T13:52:35.000Z,/products,GET,401,68,US,Mobile
2025-09-19T13:53:39.000Z,/,GET,200,63,GB,Tablet
2025-09-19T13:53:41.000Z,/,GET,200,28,CA,Mobile
2025-09-19T13:54:25.000Z,/,GET,200,42,US,Mobile
2025-09-19T13:56:51.000Z,/products,GET,200,113,JP,Desktop
2025-09-19T13:57:22.000Z,/products/:id,GET,200,69,US,Desktop
2025-09-19T14:00:43.000Z,/api/cart,POST,200,133,FR,Mobile
2025-09-19T14:00:53.000Z,/api/checkout,POST,200,201,IN,Desktop
2025-09-19T14:07:40.000Z,/api/cart,POST,200,138,JP,Mobile
2025-09-19T14:08:41.000Z,/,GET,200,78,CA,Desktop
2025-09-19T14:10:21.000Z,/api/cart,POST,200,137,US,Mobile
2025-09-19T14:15:23.000Z,/,GET,200,54,US,Mobile
2025-09-19T14:16:03.000Z,/cart,GET,200,41,FR,Mobile
2025-09-19T14:18:15.000Z,/products,GET,200,147,IN,Desktop
2025-09-19T14:20:04.000Z,/,GET,200,57,CA,Mobile
2025-09-19T14:20:15.000Z,/search,GET,200,71,US,Mobile
2025-09-19T14:20:32.000Z,/cart,GET,200,34,IN,Desktop
2025-09-19T14:20:39.000Z,/products,GET,200,68,IN,Desktop
2025-09-19T14:23:43.000Z,/,GET,200,71,DE,Desktop
2025-09-19T14:27:59.000Z,/account,GET,200,91,FR,Tablet
2025-09-19T14:36:26.000Z,/,GET,200,24,CA,Mobile
2025-09-19T14:40:20.000Z,/products,GET,200,76,US,Mobile
2025-09-19T14:45:05.000Z,/,GET,200,41,JP,Desktop
2025-09-19T14:52:18.000Z,/products/:id,GET,404,65,JP,Desktop
2025-09-19T15:02:38.000Z,/cart,GET,200,43,FR,Mobile
2025-09-19T15:05:56.000Z,/api/checkout,POST,200,190,US,Desktop
2025-09-19T15:08:15.000Z,/search,GET,200,82,IN,Tablet
2025-09-19T15:08:34.000Z,/products/:id,GET,200,59,BR,Desktop
2025-09-19T15:09:56.000Z,/search,GET,200,134,DE,Mobile
2025-09-19T15:10:44.000Z,/products,GET,200,86,FR,Desktop
2025-09-19T15:13:29.000Z,/api/checkout,POST,200,171,US,Mobile
2025-09-19T15:15:13.000Z,/products,GET,200,74,US,Desktop
2025-09-19T15:16:28.000Z,/,GET,200,45,BR,Mobile
2025-09-19T15:18:26.000Z,/products,GET,404,108,BR,Mobile
2025-09-19T15:19:37.000Z,/products/:id,GET,200,67,JP,Mobile
2025-09-19T15:20:11.000Z,/products,GET,200,74,FR,Tablet
2025-09-19T15:28:07.000Z,/,GET,200,80,US,Desktop
2025-09-19T15:32:44.000Z,/,GET,200,75,CA,Desktop
2025-09-19T15:32:59.000Z,/api/cart,POST,200,120,JP,Mobile
2025-09-19T15:33:10.000Z,/products,GET,200,116,US,Desktop
2025-09-19T15:39:21.000Z,/api/cart,POST,200,56,DE,Mobile
2025-09-19T15:40:46.000Z,/api/cart,POST,200,67,FR,Mobile
2025-09-19T15:41:48.000Z,/products/:id,GET,200,73,US,Desktop
2025-09-19T15:44:41.000Z,/,GET,200,35,DE,Desktop
2025-09-19T15:46:09.000Z,/products,GET,200,108,US,Desktop
2025-09-19T15:47:18.000Z,/,GET,200,31,US,Mobile
2025-09-19T15:50:02.000Z,/products/:id,GET,200,60,GB,Desktop
2025-09-19T16:02:08.000Z,/api/cart,POST,200,67,CA,Mobile
2025-09-19T16:02:34.000Z,/products,GET,200,96,JP,Desktop
2025-09-19T16:03:25.000Z,/,GET,200,40,CA,Mobile
2025-09-19T16:07:30.000Z,/products,GET,200,189,US,Desktop
2025-09-19T16:10:46.000Z,/,GET,304,59,DE,Mobile
2025-09-19T16:10:48.000Z,/,GET,200,66,IN,Desktop
2025-09-19T16:12:47.000Z,/products/:id,GET,200,38,GB,Tablet
2025-09-19T16:15:56.000Z,/products/:id,GET,200,110,BR,Mobile
2025-09-19T16:18:19.000Z,/search,GET,200,214,DE,Desktop
2025-09-19T16:20:15.000Z,/,GET,200,47,US,Tablet
2025-09-19T16:24:22.000Z,/cart,GET,200,39,DE,Desktop
2025-09-19T16:24:27.000Z,/products/:id,GET,200,50,GB,Mobile
2025-09-19T16:28:17.000Z,/products,GET,200,148,GB,Desktop
2025-09-19T16:28:27.000Z,/,GET,200,25,US,Mobile
2025-09-19T16:29:01.000Z,/products,GET,200,43,US,Mobile
2025-09-19T16:30:29.000Z,/cart,GET,200,46,US,Mobile
2025-09-19T16:31:49.000Z,/api/cart,POST,200,21,IN,Mobile
2025-09-19T16:36:18.000Z,/,GET,200,70,US,Desktop
2025-09-19T16:41:13.000Z,/api/cart,POST,200,153,US,Mobile
2025-09-19T16:41:14.000Z,/api/checkout,POST,200,133,JP,Desktop
2025-09-19T16:41:53.000Z,/search,GET,200,156,US,Desktop
2025-09-19T16:46:57.000Z,/products,GET,200,55,US,Mobile
2025-09-19T16:48:40.000Z,/products/:id,GET,200,19,US,Desktop
2025-09-19T16:49:33.000Z,/,GET,200,36,IN,Desktop
2025-09-19T16:50:29.000Z,/products,GET,200,66,BR,Mobile
2025-09-19T16:53:15.000Z,/,GET,200,41,FR,Desktop
2025-09-19T16:53:44.000Z,/search,GET,200,274,DE,Mobile
2025-09-19T16:54:47.000Z,/,GET,200,50,CA,Mobile
2025-09-19T16:55:35.000Z,/,GET,200,66,CA,Desktop
2025-09-19T16:58:41.000Z,/,GET,200,30,DE,Desktop
2025-09-19T16:59:02.000Z,/,GET,200,60,IN,Desktop
2025-09-19T16:59:29.000Z,/products/:id,GET,200,76,US,Desktop
2025-09-19T16:59:37.000Z,/products,GET,200,123,JP,Desktop
2025-09-19T17:00:25.000Z,/,GET,200,95,CA,Mobile
2025-09-19T17:00:36.000Z,/products,GET,200,47,US,Desktop
2025-09-19T17:03:30.000Z,/,GET,200,86,US,Mobile
2025-09-19T17:09:29.000Z,/,GET,200,92,GB,Mobile
2025-09-19T17:10:32.000Z,/cart,GET,200,84,CA,Desktop
2025-09-19T17:11:37.000Z,/api/cart,POST,200,37,GB,Mobile
2025-09-19T17:12:14.000Z,/cart,GET,200,60,US,Mobile
2025-09-19T17:15:41.000Z,/account,GET,200,52,BR,Mobile
2025-09-19T17:16:52.000Z,/account,GET,200,64,GB,Mobile
2025-09-19T17:25:57.000Z,/products/:id,GET,200,77,US,Mobile
2025-09-19T17:26:08.000Z,/search,GET,200,213,JP,Mobile
2025-09-19T17:29:27.000Z,/,GET,200,35,US,Desktop
2025-09-19T17:30:10.000Z,/products,GET,200,63,US,Desktop
2025-09-19T17:30:21.000Z,/api/checkout,POST,200,282,CA,Desktop
2025-09-19T17:32:20.000Z,/,GET,200,13,US,Desktop
2025-09-19T17:36:17.000Z,/cart,GET,200,79,IN,Desktop
2025-09-19T17:36:33.000Z,/products,GET,200,128,US,Desktop
2025-09-19T17:44:25.000Z,/products/:id,GET,200,36,FR,Mobile
2025-09-19T17:49:03.000Z,/,GET,200,79,US,Desktop
2025-09-19T17:52:23.000Z,/,GET,200,54,IN,Mobile
2025-09-19T17:52:55.000Z,/search,GET,200,126,US,Mobile
2025-09-19T17:57:16.000Z,/products/:id,GET,200,72,DE,Desktop
2025-09-19T18:00:23.000Z,/cart,GET,200,94,FR,Mobile
2025-09-19T18:00:26.000Z,/account,GET,304,86,IN,Desktop
2025-09-19T18:00:51.000Z,/,GET,200,29,US,Desktop
2025-09-19T18:00:52.000Z,/,GET,200,41,JP,Mobile
2025-09-19T18:03:37.000Z,/search,GET,200,156,US,Mobile
2025-09-19T18:06:11.000Z,/account,GET,200,83,JP,Mobile
2025-09-19T18:06:28.000Z,/search,GET,200,91,BR,Mobile
2025-09-19T18:07:12.000Z,/api/cart,POST,200,52,FR,Desktop
2025-09-19T18:07:36.000Z,/search,GET,200,157,BR,Mobile
2025-09-19T18:18:38.000Z,/products,GET,200,52,US,Desktop
2025-09-19T18:24:36.000Z,/products,GET,200,48,GB,Mobile
2025-09-19T18:29:09.000Z,/products/:id,GET,200,73,BR,Mobile
2025-09-19T18:33:32.000Z,/search,GET,200,79,US,Desktop
2025-09-19T18:34:42.000Z,/search,GET,200,264,BR,Mobile
2025-09-19T18:37:24.000Z,/products,GET,200,132,JP,Mobile
2025-09-19T18:40:09.000Z,/products/:id,GET,200,116,US,Mobile
2025-09-19T18:40:45.000Z,/products/:id,GET,200,45,US,Desktop
2025-09-19T18:41:22.000Z,/cart,GET,200,93,CA,Desktop
2025-09-19T18:48:14.000Z,/products,GET,200,49,IN,Desktop
2025-09-19T18:53:46.000Z,/search,GET,200,294,IN,Desktop
2025-09-19T18:56:51.000Z,/api/checkout,POST,200,380,JP,Desktop
2025-09-19T19:02:14.000Z,/products/:id,GET,200,73,US,Mobile
2025-09-19T19:13:58.000Z,/,GET,200,42,BR,Mobile
2025-09-19T19:14:46.000Z,/api/cart,POST,200,81,US,Mobile
2025-09-19T19:17:56.000Z,/,GET,200,32,DE,Mobile
2025-09-19T19:18:18.000Z,/products/:id,GET,200,107,GB,Mobile
2025-09-19T19:20:09.000Z,/api/cart,POST,200,144,DE,Desktop
2025-09-19T19:24:58.000Z,/account,GET,200,36,GB,Mobile
2025-09-19T19:25:34.000Z,/,GET,200,50,JP,Mobile
2025-09-19T19:27:57.000Z,/products/:id,GET,200,90,US,Desktop
2025-09-19T19:30:55.000Z,/products/:id,GET,200,34,US,Desktop
2025-09-19T19:36:04.000Z,/products/:id,GET,200,123,IN,Mobile
2025-09-19T19:40:13.000Z,/api/checkout,POST,200,158,US,Desktop
2025-09-19T19:43:05.000Z,/,GET,200,103,US,Mobile
2025-09-19T19:44:02.000Z,/cart,GET,200,39,US,Desktop
2025-09-19T19:44:22.000Z,/products/:id,GET,200,44,CA,Mobile
2025-09-19T19:44:23.000Z,/,GET,200,75,BR,Desktop
2025-09-19T19:45:54.000Z,/cart,GET,304,51,US,Tablet
2025-09-19T19:57:20.000Z,/,GET,200,36,US,Mobile
2025-09-19T19:58:37.000Z,/products,GET,200,143,US,Mobile
2025-09-19T19:58:39.000Z,/,GET,200,50,JP,Mobile
2025-09-19T20:08:11.000Z,/products,GET,200,100,IN,Desktop
2025-09-19T20:09:22.000Z,/search,GET,200,150,DE,Mobile
2025-09-19T20:13:00.000Z,/products,GET,200,74,BR,Mobile
2025-09-19T20:15:22.000Z,/cart,GET,200,17,CA,Mobile
2025-09-19T20:27:27.000Z,/search,GET,200,99,DE,Desktop
2025-09-19T20:36:11.000Z,/products/:id,GET,200,61,US,Desktop
2025-09-19T20:41:04.000Z,/search,GET,200,81,US,Mobile
2025-09-19T20:46:15.000Z,/cart,GET,200,21,US,Mobile
2025-09-19T20:50:41.000Z,/,GET,200,46,FR,Mobile
2025-09-19T20:56:30.000Z,/products/:id,GET,500,66,US,Mobile
2025-09-19T20:56:51.000Z,/products,GET,200,62,DE,Mobile
2025-09-19T21:04:51.000Z,/products,GET,200,47,US,Desktop
2025-09-19T21:07:55.000Z,/api/cart,POST,200,167,US,Mobile
2025-09-19T21:22:07.000Z,/,GET,404,24,US,Mobile
2025-09-19T21:25:03.000Z,/api/cart,POST,200,126,US,Mobile
2025-09-19T21:29:54.000Z,/api/cart,POST,200,46,CA,Desktop
2025-09-19T21:46:26.000Z,/cart,GET,200,43,CA,Desktop
2025-09-19T21:48:30.000Z,/products/:id,GET,200,51,BR,Mobile
2025-09-19T21:49:45.000Z,/,GET,200,81,US,Mobile
2025-09-19T21:50:35.000Z,/products/:id,GET,200,31,US,Desktop
2025-09-19T21:51:12.000Z,/products/:id,GET,200,63,GB,Mobile
2025-09-19T22:04:52.000Z,/search,GET,200,147,US,Desktop
2025-09-19T22:17:05.000Z,/products/:id,GET,200,81,US,Mobile
2025-09-19T22:24:14.000Z,/,GET,200,41,IN,Desktop
2025-09-19T22:24:36.000Z,/,GET,200,82,IN,Mobile
2025-09-19T22:35:33.000Z,/api/checkout,POST,200,278,FR,Mobile
2025-09-19T22:36:44.000Z,/products,GET,200,135,BR,Mobile
2025-09-19T22:47:57.000Z,/products/:id,GET,200,52,IN,Desktop
2025-09-19T22:50:51.000Z,/,GET,200,25,CA,Desktop
2025-09-19T22:57:43.000Z,/cart,GET,200,48,US,Mobile
2025-09-19T23:01:13.000Z,/,GET,200,50,US,Desktop
2025-09-19T23:08:22.000Z,/products,GET,200,35,GB,Mobile
2025-09-19T23:12:41.000Z,/products/:id,GET,200,190,US,Desktop
2025-09-19T23:14:17.000Z,/,GET,200,27,JP,Mobile
2025-09-19T23:19:57.000Z,/,GET,200,103,GB,Desktop
2025-09-19T23:32:18.000Z,/,GET,200,33,US,Mobile
2025-09-19T23:34:51.000Z,/api/cart,POST,200,245,US,Desktop
2025-09-19T23:35:30.000Z,/,GET,200,53,US,Desktop
2025-09-19T23:42:27.000Z,/search,GET,200,311,DE,Desktop
2025-09-20T00:04:12.000Z,/,GET,200,47,GB,Desktop
2025-09-20T00:07:14.000Z,/products/:id,GET,200,133,US,Desktop
2025-09-20T00:11:47.000Z,/,GET,200,26,JP,Desktop
2025-09-20T00:12:51.000Z,/cart,GET,200,79,IN,Tablet
2025-09-20T00:12:54.000Z,/products/:id,GET,200,62,IN,Tablet
2025-09-20T00:12:59.000Z,/,GET,200,65,US,Mobile
2025-09-20T00:22:48.000Z,/,GET,200,87,US,Mobile
2025-09-20T00:24:01.000Z,/api/cart,POST,200,143,JP,Desktop
2025-09-20T00:25:28.000Z,/,GET,304,27,IN,Tablet
2025-09-20T00:35:51.000Z,/api/cart,POST,200,78,DE,Desktop
2025-09-20T00:40:37.000Z,/search,GET,404,95,US,Desktop
2025-09-20T00:41:04.000Z,/products,GET,200,98,CA,Mobile
2025-09-20T00:51:53.000Z,/,GET,200,34,US,Tablet
2025-09-20T00:51:57.000Z,/,GET,200,30,US,Mobile
2025-09-20T00:53:15.000Z,/account,GET,200,45,US,Desktop
2025-09-20T00:55:31.000Z,/products,GET,200,126,CA,Mobile
2025-09-20T01:06:02.000Z,/api/checkout,POST,200,371,DE,Mobile
2025-09-20T01:06:09.000Z,/search,GET,200,216,FR,Mobile
2025-09-20T01:11:50.000Z,/,GET,200,36,US,Desktop
2025-09-20T01:12:35.000Z,/products/:id,GET,200,43,US,Desktop
2025-09-20T01:13:33.000Z,/search,GET,200,177,US,Mobile
2025-09-20T01:17:44.000Z,/products/:id,GET,200,53,JP,Mobile
2025-09-20T01:22:13.000Z,/cart,GET,200,72,FR,Mobile
2025-09-20T01:22:31.000Z,/account,GET,200,68,US,Mobile
2025-09-20T01:24:13.000Z,/,GET,200,45,FR,Desktop
2025-09-20T01:32:15.000Z,/search,GET,200,66,US,Desktop
2025-09-20T01:34:20.000Z,/api/cart,POST,200,79,IN,Desktop
2025-09-20T01:39:54.000Z,/search,GET,200,181,GB,Mobile
2025-09-20T01:41:47.000Z,/,GET,304,28,DE,Mobile
2025-09-20T01:48:44.000Z,/search,GET,200,95,BR,Desktop
2025-09-20T01:52:03.000Z,/products/:id,GET,200,45,US,Mobile
2025-09-20T01:52:57.000Z,/products,GET,200,114,US,Desktop
2025-09-20T01:53:41.000Z,/products/:id,GET,200,73,DE,Mobile
2025-09-20T01:56:18.000Z,/products,GET,200,59,DE,Mobile
2025-09-20T02:04:54.000Z,/cart,GET,200,55,FR,Mobile
2025-09-20T02:05:42.000Z,/cart,GET,200,40,DE,Mobile
2025-09-20T02:23:17.000Z,/,GET,200,97,IN,Desktop
2025-09-20T02:25:43.000Z,/products/:id,GET,200,29,JP,Desktop
2025-09-20T02:27:12.000Z,/,GET,200,24,BR,Mobile
2025-09-20T02:31:08.000Z,/api/cart,POST,200,202,BR,Tablet
2025-09-20T02:40:49.000Z,/,GET,200,25,IN,Desktop
2025-09-20T02:41:42.000Z,/account,GET,304,77,JP,Mobile
2025-09-20T02:43:27.000Z,/products,GET,200,89,JP,Desktop
2025-09-20T02:47:09.000Z,/cart,GET,200,88,US,Desktop
2025-09-20T02:49:42.000Z,/search,GET,200,142,BR,Desktop
2025-09-20T02:53:21.000Z,/search,GET,200,141,US,Desktop
2025-09-20T02:55:04.000Z,/api/cart,POST,200,78,JP,Desktop
2025-09-20T03:01:15.000Z,/cart,GET,200,47,US,Mobile
2025-09-20T03:02:48.000Z,/products/:id,GET,200,57,BR,Mobile
2025-09-20T03:16:17.000Z,/products/:id,GET,200,19,JP,Desktop
2025-09-20T03:17:12.000Z,/search,GET,200,75,US,Desktop
2025-09-20T03:21:12.000Z,/api/checkout,POST,200,305,IN,Desktop
2025-09-20T03:26:24.000Z,/api/cart,POST,200,71,IN,Mobile
2025-09-20T03:30:56.000Z,/search,GET,200,214,IN,Desktop
2025-09-20T03:38:31.000Z,/,GET,200,56,US,Mobile
2025-09-20T03:39:52.000Z,/products/:id,GET,200,363,DE,Desktop
2025-09-20T03:40:06.000Z,/products,GET,200,136,IN,Desktop
2025-09-20T03:50:44.000Z,/,GET,200,69,IN,Desktop
2025-09-20T03:51:30.000Z,/products/:id,GET,200,74,US,Tablet
2025-09-20T03:57:38.000Z,/api/cart,POST,200,50,US,Mobile
2025-09-20T04:00:03.000Z,/search,GET,200,239,US,Desktop
2025-09-20T04:00:05.000Z,/products,GET,200,62,US,Mobile
2025-09-20T04:03:40.000Z,/api/checkout,POST,200,160,BR,Desktop
2025-09-20T04:04:25.000Z,/products/:id,GET,200,39,US,Desktop
2025-09-20T04:05:58.000Z,/,GET,200,56,US,Desktop
2025-09-20T04:11:12.000Z,/search,GET,200,461,CA,Desktop
2025-09-20T04:13:41.000Z,/search,GET,200,204,US,Desktop
2025-09-20T04:23:16.000Z,/cart,GET,200,58,JP,Mobile
2025-09-20T04:29:52.000Z,/products,GET,200,163,US,Tablet
2025-09-20T04:32:47.000Z,/,GET,200,31,IN,Desktop
2025-09-20T04:38:14.000Z,/products,GET,200,50,DE,Mobile
2025-09-20T04:39:13.000Z,/,GET,200,42,GB,Desktop
2025-09-20T04:40:00.000Z,/search,GET,404,97,US,Desktop
2025-09-20T04:43:32.000Z,/api/checkout,POST,200,198,CA,Desktop
2025-09-20T04:44:12.000Z,/products,GET,200,109,IN,Mobile
2025-09-20T04:46:20.000Z,/products,GET,200,72,GB,Desktop
2025-09-20T04:48:10.000Z,/cart,GET,200,28,CA,Mobile
2025-09-20T04:48:10.000Z,/products,GET,200,213,JP,Desktop
2025-09-20T04:52:45.000Z,/,GET,200,32,US,Mobile
2025-09-20T05:01:42.000Z,/products/:id,GET,404,62,US,Mobile
2025-09-20T05:02:45.000Z,/products,GET,200,93,BR,Tablet
2025-09-20T05:04:10.000Z,/api/cart,POST,200,65,CA,Mobile
2025-09-20T05:13:05.000Z,/search,GET,200,143,IN,Desktop
2025-09-20T05:16:03.000Z,/api/cart,POST,200,138,US,Desktop
2025-09-20T05:18:03.000Z,/account,GET,200,129,IN,Mobile
2025-09-20T05:22:32.000Z,/,GET,200,61,IN,Mobile
2025-09-20T05:24:10.000Z,/products,GET,200,141,US,Mobile
2025-09-20T05:27:17.000Z,/search,GET,200,139,BR,Desktop
2025-09-20T05:28:48.000Z,/search,GET,200,73,IN,Mobile
2025-09-20T05:33:57.000Z,/products,GET,200,129,US,Desktop
2025-09-20T05:34:30.000Z,/products/:id,GET,200,75,US,Tablet
2025-09-20T05:36:10.000Z,/products/:id,GET,200,100,US,Desktop
2025-09-20T05:37:28.000Z,/products,GET,200,91,CA,Desktop
2025-09-20T05:37:34.000Z,/search,GET,200,175,US,Desktop
2025-09-20T05:42:17.000Z,/api/cart,POST,200,171,US,Desktop
2025-09-20T05:43:29.000Z,/api/cart,POST,200,47,US,Mobile
2025-09-20T05:43:40.000Z,/products,GET,200,49,DE,Desktop
2025-09-20T05:46:01.000Z,/products/:id,GET,200,55,JP,Desktop
2025-09-20T05:46:41.000Z,/products,GET,200,74,IN,Mobile
2025-09-20T05:47:09.000Z,/cart,GET,200,59,CA,Desktop
2025-09-20T05:57:13.000Z,/,GET,200,45,JP,Desktop
2025-09-20T05:58:43.000Z,/products/:id,GET,200,15,IN,Desktop
2025-09-20T06:03:02.000Z,/products/:id,GET,200,46,IN,Desktop
2025-09-20T06:05:12.000Z,/products,GET,200,181,GB,Mobile
2025-09-20T06:12:50.000Z,/products,GET,200,73,US,Desktop
2025-09-20T06:21:10.000Z,/products,GET,200,65,IN,Mobile
2025-09-20T06:23:11.000Z,/products,GET,200,45,US,Tablet
2025-09-20T06:34:34.000Z,/products/:id,GET,200,49,CA,Desktop
2025-09-20T06:37:30.000Z,/products,GET,200,64,US,Mobile
2025-09-20T06:37:42.000Z,/products,GET,200,51,FR,Desktop
2025-09-20T06:38:49.000Z,/,GET,200,58,GB,Desktop
2025-09-20T06:46:15.000Z,/,GET,200,26,BR,Mobile
2025-09-20T06:57:36.000Z,/products/:id,GET,200,47,US,Desktop
2025-09-20T06:58:17.000Z,/api/checkout,POST,200,155,GB,Desktop
2025-09-20T07:02:43.000Z,/search,GET,200,185,IN,Desktop
2025-09-20T07:05:51.000Z,/products/:id,GET,200,120,BR,Desktop
2025-09-20T07:08:38.000Z,/cart,GET,200,55,DE,Desktop
2025-09-20T07:12:43.000Z,/products,GET,200,133,IN,Mobile
2025-09-20T07:14:30.000Z,/products/:id,GET,200,70,CA,Tablet
2025-09-20T07:19:44.000Z,/products,GET,404,98,IN,Desktop
2025-09-20T07:26:04.000Z,/account,GET,200,179,DE,Mobile
2025-09-20T07:27:22.000Z,/products,GET,200,94,IN,Mobile
2025-09-20T07:28:26.000Z,/cart,GET,200,115,DE,Mobile
2025-09-20T07:30:19.000Z,/,GET,200,22,JP,Desktop
2025-09-20T07:35:34.000Z,/api/cart,POST,200,61,DE,Mobile
2025-09-20T07:36:44.000Z,/,GET,200,35,CA,Desktop
2025-09-20T07:37:15.000Z,/api/cart,POST,200,75,US,Tablet
2025-09-20T07:39:56.000Z,/api/cart,POST,200,64,US,Desktop
2025-09-20T07:41:45.000Z,/,GET,200,35,GB,Mobile
2025-09-20T07:49:30.000Z,/account,GET,200,39,DE,Desktop
2025-09-20T07:50:37.000Z,/search,GET,200,112,US,Mobile
2025-09-20T07:56:32.000Z,/account,GET,200,48,CA,Desktop
2025-09-20T07:59:50.000Z,/,GET,200,25,JP,Mobile
2025-09-20T08:00:21.000Z,/api/cart,POST,200,51,US,Mobile
2025-09-20T08:03:29.000Z,/products,GET,200,100,GB,Mobile
2025-09-20T08:07:50.000Z,/api/cart,POST,200,157,DE,Desktop
2025-09-20T08:12:58.000Z,/,GET,200,51,US,Mobile
2025-09-20T08:16:24.000Z,/products,GET,200,98,US,Tablet
2025-09-20T08:21:33.000Z,/,GET,200,77,IN,Mobile
2025-09-20T08:23:23.000Z,/api/cart,POST,200,61,BR,Mobile
2025-09-20T08:24:16.000Z,/,GET,200,46,US,Desktop
2025-09-20T08:26:39.000Z,/account,GET,200,84,IN,Desktop
2025-09-20T08:26:56.000Z,/products/:id,GET,200,43,US,Mobile
2025-09-20T08:29:49.000Z,/,GET,200,31,GB,Desktop
2025-09-20T08:30:14.000Z,/products,GET,200,176,US,Mobile
2025-09-20T08:30:50.000Z,/,GET,200,81,GB,Mobile
2025-09-20T08:33:23.000Z,/products,GET,200,88,GB,Mobile
2025-09-20T08:38:16.000Z,/,GET,200,27,GB,Tablet
2025-09-20T08:41:51.000Z,/products/:id,GET,200,26,US,Mobile
2025-09-20T08:43:28.000Z,/search,GET,200,268,GB,Desktop
2025-09-20T08:45:55.000Z,/products/:id,GET,200,69,US,Desktop
2025-09-20T08:49:49.000Z,/products/:id,GET,200,71,US,Desktop
2025-09-20T08:50:29.000Z,/products/:id,GET,200,54,GB,Desktop
2025-09-20T08:52:01.000Z,/,GET,200,59,JP,Desktop
2025-09-20T08:52:49.000Z,/products,GET,304,133,IN,Desktop
2025-09-20T08:53:31.000Z,/api/checkout,POST,200,146,CA,Mobile
2025-09-20T08:53:34.000Z,/products,GET,200,88,IN,Desktop
2025-09-20T08:56:27.000Z,/,GET,200,74,US,Mobile
2025-09-20T08:56:58.000Z,/,GET,200,27,BR,Mobile
2025-09-20T09:00:56.000Z,/products/:id,GET,200,38,CA,Desktop
2025-09-20T09:01:48.000Z,/,GET,401,31,US,Mobile
2025-09-20T09:01:50.000Z,/cart,GET,200,42,CA,Mobile
2025-09-20T09:03:19.000Z,/api/cart,POST,200,120,DE,Desktop
2025-09-20T09:04:24.000Z,/,GET,200,27,CA,Desktop
2025-09-20T09:04:54.000Z,/products,GET,200,41,GB,Mobile
2025-09-20T09:05:06.000Z,/products,GET,200,34,US,Desktop
2025-09-20T09:06:38.000Z,/,GET,200,48,CA,Mobile
2025-09-20T09:06:41.000Z,/api/checkout,POST,200,297,US,Mobile
2025-09-20T09:08:00.000Z,/api/checkout,POST,200,360,US,Tablet
2025-09-20T09:08:07.000Z,/api/checkout,POST,200,460,GB,Tablet
2025-09-20T09:12:08.000Z,/,GET,200,41,BR,Mobile
2025-09-20T09:12:09.000Z,/products/:id,GET,200,44,CA,Mobile
2025-09-20T09:13:14.000Z,/,GET,200,28,CA,Mobile
2025-09-20T09:13:40.000Z,/cart,GET,200,45,BR,Desktop
2025-09-20T09:16:34.000Z,/search,GET,200,119,US,Desktop
2025-09-20T09:19:13.000Z,/,GET,200,39,CA,Desktop
2025-09-20T09:19:16.000Z,/account,GET,200,93,DE,Desktop
2025-09-20T09:19:52.000Z,/search,GET,200,251,JP,Mobile
2025-09-20T09:24:30.000Z,/search,GET,200,76,US,Mobile
2025-09-20T09:25:17.000Z,/,GET,200,36,US,Mobile
2025-09-20T09:26:42.000Z,/products/:id,GET,200,60,GB,Desktop
2025-09-20T09:30:30.000Z,/api/checkout,POST,200,191,DE,Tablet
2025-09-20T09:30:48.000Z,/products,GET,200,64,GB,Mobile
2025-09-20T09:33:02.000Z,/,GET,200,83,US,Tablet
2025-09-20T09:33:09.000Z,/search,GET,200,83,US,Mobile
2025-09-20T09:33:24.000Z,/api/checkout,POST,200,197,IN,Desktop
2025-09-20T09:37:02.000Z,/,GET,200,27,JP,Mobile
2025-09-20T09:38:56.000Z,/products/:id,GET,200,59,GB,Mobile
2025-09-20T09:45:39.000Z,/products,GET,200,65,JP,Desktop
2025-09-20T09:46:49.000Z,/api/checkout,POST,404,236,US,Mobile
2025-09-20T09:48:35.000Z,/,GET,200,44,US,Mobile
2025-09-20T09:52:02.000Z,/,GET,200,102,US,Desktop
2025-09-20T09:53:27.000Z,/,GET,200,18,US,Desktop
2025-09-20T09:59:37.000Z,/cart,GET,200,65,US,Desktop
2025-09-20T10:01:32.000Z,/cart,GET,404,89,IN,Mobile
2025-09-20T10:01:44.000Z,/products,GET,200,55,BR,Mobile
2025-09-20T10:03:36.000Z,/,GET,200,139,IN,Desktop
2025-09-20T10:06:00.000Z,/api/cart,POST,200,88,CA,Mobile
2025-09-20T10:06:48.000Z,/api/cart,POST,200,36,CA,Mobile
2025-09-20T10:08:32.000Z,/products/:id,GET,200,77,US,Desktop
2025-09-20T10:10:01.000Z,/,GET,500,68,BR,Desktop
2025-09-20T10:11:24.000Z,/products,GET,200,54,US,Mobile
2025-09-20T10:19:04.000Z,/,GET,200,86,FR,Mobile
2025-09-20T10:25:30.000Z,/search,GET,304,95,US,Desktop
2025-09-20T10:28:02.000Z,/api/checkout,POST,404,186,US,Desktop
2025-09-20T10:38:18.000Z,/cart,GET,200,57,US,Mobile
2025-09-20T10:39:52.000Z,/,GET,200,36,JP,Desktop
2025-09-20T10:39:55.000Z,/products/:id,GET,200,42,GB,Mobile
2025-09-20T10:40:55.000Z,/products/:id,GET,200,41,GB,Mobile
2025-09-20T10:46:56.000Z,/api/cart,POST,200,81,CA,Desktop
2025-09-20T10:47:58.000Z,/products,GET,200,112,IN,Mobile
2025-09-20T10:48:43.000Z,/,GET,200,75,US,Tablet
2025-09-20T10:51:19.000Z,/products,GET,200,77,DE,Desktop
2025-09-20T10:57:19.000Z,/products/:id,GET,200,41,US,Mobile
2025-09-20T11:00:10.000Z,/products/:id,GET,200,54,FR,Desktop
2025-09-20T11:00:47.000Z,/cart,GET,200,72,US,Desktop
2025-09-20T11:06:15.000Z,/,GET,200,55,US,Mobile
2025-09-20T11:07:42.000Z,/search,GET,200,163,CA,Mobile
2025-09-20T11:09:03.000Z,/,GET,200,62,US,Mobile
2025-09-20T11:11:42.000Z,/api/checkout,POST,200,480,CA,Desktop
2025-09-20T11:12:01.000Z,/products/:id,GET,200,20,US,Mobile
2025-09-20T11:13:12.000Z,/,GET,200,59,US,Mobile
2025-09-20T11:14:26.000Z,/search,GET,200,79,GB,Mobile
2025-09-20T11:16:10.000Z,/search,GET,200,143,BR,Mobile
2025-09-20T11:17:35.000Z,/cart,GET,200,51,BR,Desktop
2025-09-20T11:18:33.000Z,/api/checkout,POST,200,253,DE,Desktop
2025-09-20T11:24:55.000Z,/products,GET,200,123,US,Mobile
2025-09-20T11:27:27.000Z,/cart,GET,200,150,IN,Desktop
2025-09-20T11:27:44.000Z,/cart,GET,200,91,BR,Desktop
2025-09-20T11:30:54.000Z,/products/:id,GET,200,121,US,Mobile
2025-09-20T11:40:05.000Z,/,GET,200,82,JP,Tablet
2025-09-20T11:40:55.000Z,/products,GET,200,68,IN,Desktop
2025-09-20T11:41:52.000Z,/,GET,200,66,US,Desktop
2025-09-20T11:42:18.000Z,/api/cart,POST,200,71,US,Desktop
2025-09-20T11:42:38.000Z,/search,GET,200,123,CA,Mobile
2025-09-20T11:46:53.000Z,/,GET,200,60,DE,Mobile
2025-09-20T11:47:48.000Z,/cart,GET,200,45,US,Desktop
2025-09-20T11:49:15.000Z,/products/:id,GET,200,109,CA,Mobile
2025-09-20T11:57:59.000Z,/products,GET,200,108,US,Desktop
2025-09-20T12:00:00.000Z,/search,GET,200,225,IN,Mobile
2025-09-20T12:00:45.000Z,/,GET,200,84,JP,Mobile
2025-09-20T12:01:04.000Z,/,GET,200,41,US,Desktop
2025-09-20T12:01:16.000Z,/products/:id,GET,200,46,US,Mobile
2025-09-20T12:06:28.000Z,/products,GET,200,147,CA,Mobile
2025-09-20T12:08:51.000Z,/cart,GET,200,52,FR,Mobile
2025-09-20T12:10:25.000Z,/products/:id,GET,200,41,BR,Mobile
2025-09-20T12:10:36.000Z,/,GET,200,27,US,Mobile
2025-09-20T12:12:36.000Z,/api/checkout,POST,200,281,CA,Tablet
2025-09-20T12:13:53.000Z,/products,GET,200,78,JP,Mobile
2025-09-20T12:17:06.000Z,/search,GET,404,227,GB,Mobile
2025-09-20T12:18:17.000Z,/products,GET,200,83,JP,Mobile
2025-09-20T12:19:01.000Z,/,GET,200,45,US,Mobile
2025-09-20T12:19:01.000Z,/products,GET,200,66,CA,Mobile
2025-09-20T12:19:27.000Z,/search,GET,200,93,GB,Desktop
2025-09-20T12:26:33.000Z,/,GET,200,67,IN,Desktop
2025-09-20T12:31:12.000Z,/,GET,200,31,US,Mobile
2025-09-20T12:32:54.000Z,/,GET,401,38,IN,Mobile
2025-09-20T12:35:32.000Z,/search,GET,200,172,BR,Tablet
2025-09-20T12:40:33.000Z,/account,GET,200,38,GB,Mobile
2025-09-20T12:42:55.000Z,/api/cart,POST,500,49,IN,Mobile
2025-09-20T12:43:32.000Z,/search,GET,200,88,US,Desktop
2025-09-20T12:43:44.000Z,/,GET,404,53,US,Desktop
2025-09-20T12:47:00.000Z,/api/cart,POST,200,168,FR,Tablet
2025-09-20T12:47:52.000Z,/cart,GET,200,85,DE,Desktop
2025-09-20T12:51:03.000Z,/products,GET,200,38,US,Desktop
2025-09-20T12:51:20.000Z,/products/:id,GET,200,62,CA,Mobile
2025-09-20T12:53:09.000Z,/,GET,200,25,CA,Mobile
2025-09-20T12:56:02.000Z,/products,GET,200,132,JP,Desktop
2025-09-20T12:57:40.000Z,/,GET,200,44,US,Desktop
2025-09-20T13:04:24.000Z,/products,GET,200,91,CA,Desktop
2025-09-20T13:07:01.000Z,/api/checkout,POST,200,272,DE,Mobile
2025-09-20T13:17:16.000Z,/products,GET,200,37,US,Desktop
2025-09-20T13:20:28.000Z,/api/checkout,POST,200,445,FR,Mobile
2025-09-20T13:24:07.000Z,/api/checkout,POST,200,238,GB,Mobile
2025-09-20T13:26:34.000Z,/products,GET,200,96,IN,Desktop
2025-09-20T13:28:40.000Z,/products,GET,200,83,IN,Mobile
2025-09-20T13:29:10.000Z,/products/:id,GET,200,34,BR,Desktop
2025-09-20T13:33:21.000Z,/api/cart,POST,200,107,IN,Mobile
2025-09-20T13:34:28.000Z,/,GET,200,48,CA,Desktop
2025-09-20T13:34:56.000Z,/account,GET,200,105,US,Mobile
2025-09-20T13:37:15.000Z,/,GET,200,39,US,Desktop
2025-09-20T13:38:05.000Z,/api/checkout,POST,200,176,US,Mobile
2025-09-20T13:39:01.000Z,/products/:id,GET,200,142,BR,Desktop
2025-09-20T13:41:21.000Z,/api/cart,POST,200,78,GB,Desktop
2025-09-20T13:45:22.000Z,/products,GET,200,49,CA,Desktop
2025-09-20T13:46:17.000Z,/products,GET,200,121,JP,Mobile
2025-09-20T13:46:23.000Z,/,GET,200,23,CA,Mobile
2025-09-20T13:48:57.000Z,/,GET,200,27,FR,Desktop
2025-09-20T13:51:20.000Z,/,GET,200,107,IN,Tablet
2025-09-20T13:52:32.000Z,/search,GET,200,205,US,Desktop
2025-09-20T13:57:04.000Z,/search,GET,200,145,US,Desktop
2025-09-20T14:02:15.000Z,/search,GET,200,264,US,Desktop
2025-09-20T14:05:09.000Z,/,GET,200,42,IN,Desktop
2025-09-20T14:08:08.000Z,/products,GET,200,66,DE,Desktop
2025-09-20T14:11:18.000Z,/products,GET,200,59,US,Tablet
2025-09-20T14:15:09.000Z,/products,GET,200,57,US,Desktop
2025-09-20T14:15:15.000Z,/products/:id,GET,200,54,IN,Desktop
2025-09-20T14:15:50.000Z,/cart,GET,200,61,US,Desktop
2025-09-20T14:16:37.000Z,/products,GET,200,77,CA,Desktop
2025-09-20T14:19:41.000Z,/products/:id,GET,200,112,JP,Desktop
2025-09-20T14:20:00.000Z,/api/checkout,POST,200,293,US,Mobile
2025-09-20T14:23:16.000Z,/cart,GET,200,28,US,Mobile
2025-09-20T14:26:48.000Z,/api/cart,POST,200,51,US,Mobile
2025-09-20T14:27:42.000Z,/search,GET,200,333,CA,Mobile
2025-09-20T14:29:03.000Z,/,GET,200,31,JP,Desktop
2025-09-20T14:33:01.000Z,/,GET,500,36,FR,Mobile
2025-09-20T14:34:22.000Z,/products/:id,GET,200,41,IN,Desktop
2025-09-20T14:37:56.000Z,/,GET,200,43,CA,Mobile
2025-09-20T14:39:31.000Z,/,GET,200,78,US,Desktop
2025-09-20T14:42:06.000Z,/products,GET,200,75,US,Mobile
2025-09-20T14:42:49.000Z,/products/:id,GET,200,62,US,Desktop
2025-09-20T14:44:15.000Z,/api/checkout,POST,200,381,BR,Desktop
2025-09-20T14:50:24.000Z,/search,GET,200,156,US,Desktop
2025-09-20T14:52:28.000Z,/products/:id,GET,200,74,IN,Tablet
2025-09-20T14:52:41.000Z,/api/checkout,POST,200,149,US,Desktop
2025-09-20T14:56:51.000Z,/products,GET,200,91,US,Tablet
2025-09-20T14:58:24.000Z,/,GET,200,38,JP,Mobile
2025-09-20T15:02:19.000Z,/cart,GET,200,86,CA,Mobile
2025-09-20T15:02:53.000Z,/cart,GET,200,78,GB,Desktop
2025-09-20T15:15:28.000Z,/products,GET,200,73,IN,Desktop
2025-09-20T15:16:36.000Z,/products,GET,404,75,US,Mobile
2025-09-20T15:17:25.000Z,/cart,GET,200,44,US,Mobile
2025-09-20T15:19:05.000Z,/api/checkout,POST,200,220,GB,Desktop
2025-09-20T15:19:24.000Z,/,GET,200,80,CA,Desktop
2025-09-20T15:20:29.000Z,/products,GET,200,62,FR,Desktop
2025-09-20T15:24:38.000Z,/products,GET,200,102,GB,Mobile
2025-09-20T15:24:39.000Z,/search,GET,200,145,US,Mobile
2025-09-20T15:27:13.000Z,/products/:id,GET,200,108,GB,Mobile
2025-09-20T15:27:53.000Z,/products,GET,200,61,US,Mobile
2025-09-20T15:28:57.000Z,/products/:id,GET,200,27,US,Desktop
2025-09-20T15:31:28.000Z,/products/:id,GET,404,58,GB,Mobile
2025-09-20T15:37:20.000Z,/search,GET,200,136,CA,Desktop
2025-09-20T15:37:37.000Z,/account,GET,200,83,US,Mobile
2025-09-20T15:39:45.000Z,/products,GET,200,37,US,Mobile
2025-09-20T15:39:46.000Z,/account,GET,200,46,GB,Mobile
2025-09-20T15:41:55.000Z,/api/cart,POST,200,184,DE,Tablet
2025-09-20T15:44:15.000Z,/api/cart,POST,200,69,FR,Mobile
2025-09-20T15:46:14.000Z,/products/:id,GET,200,73,US,Mobile
2025-09-20T15:48:53.000Z,/api/cart,POST,200,149,IN,Mobile
2025-09-20T15:49:39.000Z,/search,GET,200,52,GB,Tablet
2025-09-20T15:52:04.000Z,/search,GET,200,100,US,Mobile
2025-09-20T15:52:18.000Z,/products/:id,GET,200,92,US,Desktop
2025-09-20T15:53:22.000Z,/,GET,200,39,GB,Mobile
2025-09-20T15:56:15.000Z,/,GET,200,23,US,Desktop
2025-09-20T15:58:11.000Z,/api/cart,POST,200,86,JP,Desktop
2025-09-20T15:58:37.000Z,/,GET,200,31,BR,Desktop
2025-09-20T15:59:58.000Z,/cart,GET,200,55,JP,Mobile
2025-09-20T16:00:05.000Z,/products,GET,200,133,DE,Desktop
2025-09-20T16:01:22.000Z,/api/checkout,POST,200,248,IN,Desktop
2025-09-20T16:03:23.000Z,/products,GET,200,77,US,Mobile
2025-09-20T16:05:21.000Z,/products/:id,GET,200,51,US,Mobile
2025-09-20T16:07:02.000Z,/cart,GET,200,59,CA,Mobile
2025-09-20T16:07:24.000Z,/products,GET,200,63,IN,Mobile
2025-09-20T16:08:02.000Z,/search,GET,200,155,US,Mobile
2025-09-20T16:08:03.000Z,/api/checkout,POST,200,129,IN,Mobile
2025-09-20T16:09:10.000Z,/,GET,200,55,BR,Mobile
2025-09-20T16:10:59.000Z,/search,GET,200,65,US,Mobile
2025-09-20T16:11:37.000Z,/products/:id,GET,200,69,US,Desktop
2025-09-20T16:14:40.000Z,/products/:id,GET,200,36,GB,Desktop
2025-09-20T16:14:59.000Z,/products,GET,200,44,US,Desktop
2025-09-20T16:21:09.000Z,/cart,GET,200,75,GB,Desktop
2025-09-20T16:23:10.000Z,/products,GET,200,190,GB,Mobile
2025-09-20T16:24:01.000Z,/,GET,200,45,FR,Mobile
2025-09-20T16:24:37.000Z,/api/checkout,POST,200,195,US,Tablet
2025-09-20T16:24:54.000Z,/,GET,304,44,US,Desktop
2025-09-20T16:26:52.000Z,/products,GET,200,71,JP,Tablet
2025-09-20T16:27:07.000Z,/search,GET,200,266,US,Mobile
2025-09-20T16:32:47.000Z,/api/checkout,POST,200,245,US,Desktop
2025-09-20T16:36:33.000Z,/cart,GET,200,83,US,Mobile
2025-09-20T16:39:06.000Z,/search,GET,200,88,GB,Tablet
2025-09-20T16:39:31.000Z,/search,GET,200,147,IN,Desktop
2025-09-20T16:39:59.000Z,/products,GET,200,102,GB,Desktop
2025-09-20T16:42:05.000Z,/products,GET,200,90,IN,Mobile
2025-09-20T16:42:24.000Z,/products/:id,GET,200,119,US,Desktop
2025-09-20T16:45:09.000Z,/products,GET,200,44,US,Desktop
2025-09-20T16:48:57.000Z,/,GET,200,35,DE,Desktop
2025-09-20T16:51:33.000Z,/account,GET,200,48,FR,Desktop
2025-09-20T16:55:07.000Z,/,GET,200,66,FR,Desktop
2025-09-20T16:55:28.000Z,/cart,GET,200,24,DE,Desktop
2025-09-20T16:57:03.000Z,/products,GET,200,175,US,Mobile
2025-09-20T16:59:13.000Z,/api/checkout,POST,200,287,US,Mobile
2025-09-20T17:01:40.000Z,/products/:id,GET,200,42,US,Desktop
2025-09-20T17:07:07.000Z,/api/checkout,POST,200,217,FR,Mobile
2025-09-20T17:09:59.000Z,/products,GET,200,117,US,Mobile
2025-09-20T17:17:52.000Z,/api/checkout,POST,200,266,BR,Mobile
2025-09-20T17:18:30.000Z,/search,GET,304,98,CA,Desktop
2025-09-20T17:19:07.000Z,/,GET,200,34,IN,Desktop
2025-09-20T17:20:59.000Z,/api/checkout,POST,200,173,BR,Desktop
2025-09-20T17:21:03.000Z,/,GET,200,96,US,Desktop
2025-09-20T17:23:41.000Z,/,GET,304,28,GB,Desktop
2025-09-20T17:29:41.000Z,/,GET,200,30,US,Desktop
2025-09-20T17:31:11.000Z,/search,GET,404,126,US,Desktop
2025-09-20T17:32:10.000Z,/products/:id,GET,200,94,BR,Mobile
2025-09-20T17:33:16.000Z,/,GET,200,52,IN,Desktop
2025-09-20T17:35:34.000Z,/products/:id,GET,200,43,US,Desktop
2025-09-20T17:39:42.000Z,/products,GET,200,102,US,Desktop
2025-09-20T17:41:06.000Z,/products/:id,GET,200,55,US,Mobile
2025-09-20T17:41:36.000Z,/,GET,200,52,US,Mobile
2025-09-20T17:43:38.000Z,/products/:id,GET,200,66,GB,Desktop
2025-09-20T17:46:22.000Z,/search,GET,200,96,US,Mobile
2025-09-20T17:51:32.000Z,/search,GET,200,207,JP,Mobile
2025-09-20T17:52:18.000Z,/products/:id,GET,200,46,IN,Mobile
2025-09-20T17:54:34.000Z,/cart,GET,200,172,IN,Mobile
2025-09-20T17:56:39.000Z,/products,GET,200,90,US,Mobile
2025-09-20T17:59:51.000Z,/,GET,200,39,US,Desktop
2025-09-20T18:02:17.000Z,/api/cart,POST,200,277,US,Mobile
2025-09-20T18:04:09.000Z,/,GET,200,40,IN,Desktop
2025-09-20T18:05:27.000Z,/search,GET,200,134,BR,Mobile
2025-09-20T18:07:38.000Z,/,GET,200,53,CA,Mobile
2025-09-20T18:07:38.000Z,/cart,GET,200,67,JP,Mobile
2025-09-20T18:16:01.000Z,/products,GET,200,60,DE,Tablet
2025-09-20T18:19:26.000Z,/products,GET,200,51,US,Mobile
2025-09-20T18:19:55.000Z,/products/:id,GET,200,35,JP,Mobile
2025-09-20T18:21:12.000Z,/cart,GET,200,38,FR,Mobile
2025-09-20T18:22:28.000Z,/products/:id,GET,200,37,JP,Mobile
2025-09-20T18:26:16.000Z,/,GET,200,73,CA,Desktop
2025-09-20T18:26:34.000Z,/products/:id,GET,200,64,DE,Mobile
2025-09-20T18:28:50.000Z,/search,GET,200,187,US,Mobile
2025-09-20T18:29:24.000Z,/cart,GET,200,77,DE,Desktop
2025-09-20T18:30:25.000Z,/cart,GET,200,54,US,Mobile
2025-09-20T18:33:08.000Z,/products,GET,200,94,GB,Desktop
2025-09-20T18:35:56.000Z,/products/:id,GET,200,56,FR,Desktop
2025-09-20T18:37:51.000Z,/products/:id,GET,401,55,US,Mobile
2025-09-20T18:40:20.000Z,/api/checkout,POST,200,283,IN,Desktop
2025-09-20T18:41:00.000Z,/search,GET,200,142,DE,Mobile
2025-09-20T18:42:44.000Z,/products/:id,GET,200,110,US,Mobile
2025-09-20T18:45:55.000Z,/search,GET,200,160,GB,Desktop
2025-09-20T18:47:09.000Z,/products,GET,200,107,BR,Mobile
2025-09-20T18:56:09.000Z,/api/cart,POST,200,53,US,Desktop
2025-09-20T18:59:18.000Z,/,GET,200,55,US,Desktop
2025-09-20T19:03:11.000Z,/api/cart,POST,200,124,US,Desktop
2025-09-20T19:05:32.000Z,/search,GET,200,191,US,Desktop
2025-09-20T19:06:20.000Z,/products/:id,GET,200,49,GB,Desktop
2025-09-20T19:16:41.000Z,/api/cart,POST,200,54,US,Mobile
2025-09-20T19:30:05.000Z,/products/:id,GET,404,70,US,Desktop
2025-09-20T19:35:39.000Z,/products/:id,GET,200,74,US,Desktop
2025-09-20T19:36:20.000Z,/products,GET,200,117,IN,Mobile
2025-09-20T19:39:02.000Z,/,GET,200,37,FR,Desktop
2025-09-20T19:47:16.000Z,/products,GET,200,115,US,Tablet
2025-09-20T19:53:16.000Z,/search,GET,200,200,US,Desktop
2025-09-20T20:04:01.000Z,/,GET,200,45,GB,Desktop
2025-09-20T20:09:44.000Z,/products,GET,200,54,US,Mobile
2025-09-20T20:10:24.000Z,/products/:id,GET,200,106,CA,Desktop
2025-09-20T20:13:09.000Z,/,GET,200,44,IN,Desktop
2025-09-20T20:15:09.000Z,/,GET,200,23,US,Desktop
2025-09-20T20:18:12.000Z,/,GET,200,28,US,Desktop
2025-09-20T20:27:57.000Z,/api/cart,POST,200,119,CA,Desktop
2025-09-20T20:28:36.000Z,/cart,GET,200,25,IN,Desktop
2025-09-20T20:29:46.000Z,/search,GET,200,58,US,Desktop
2025-09-20T20:30:32.000Z,/search,GET,200,108,JP,Mobile
2025-09-20T20:31:09.000Z,/search,GET,404,103,US,Desktop
2025-09-20T20:40:45.000Z,/cart,GET,200,40,GB,Desktop
2025-09-20T20:43:34.000Z,/products,GET,200,52,US,Desktop
2025-09-20T20:46:29.000Z,/products/:id,GET,200,88,JP,Mobile
2025-09-20T20:47:06.000Z,/search,GET,200,109,CA,Desktop
2025-09-20T20:55:08.000Z,/,GET,200,24,GB,Mobile
2025-09-20T20:57:42.000Z,/account,GET,200,69,US,Desktop
2025-09-20T21:07:22.000Z,/products/:id,GET,200,50,DE,Desktop
2025-09-20T21:10:38.000Z,/cart,GET,200,39,DE,Desktop
2025-09-20T21:13:35.000Z,/products/:id,GET,200,44,US,Mobile
2025-09-20T21:14:41.000Z,/products,GET,200,107,GB,Mobile
2025-09-20T21:19:08.000Z,/products,GET,200,46,US,Desktop
2025-09-20T21:19:50.000Z,/,GET,200,37,FR,Mobile
2025-09-20T21:33:28.000Z,/,GET,200,40,DE,Mobile
2025-09-20T21:34:47.000Z,/products/:id,GET,200,86,CA,Desktop
2025-09-20T21:35:45.000Z,/search,GET,200,68,JP,Desktop
2025-09-20T21:46:46.000Z,/cart,GET,200,94,IN,Desktop
2025-09-20T21:49:44.000Z,/products,GET,200,60,US,Mobile
2025-09-20T21:55:50.000Z,/search,GET,200,131,JP,Desktop
2025-09-20T22:02:32.000Z,/products,GET,200,54,JP,Mobile
2025-09-20T22:03:09.000Z,/,GET,200,43,CA,Mobile
2025-09-20T22:09:28.000Z,/api/cart,POST,200,115,IN,Mobile
2025-09-20T22:19:43.000Z,/account,GET,200,141,US,Mobile
2025-09-20T22:23:04.000Z,/products,GET,200,156,DE,Tablet
2025-09-20T22:23:28.000Z,/,GET,200,23,DE,Desktop
2025-09-20T22:42:20.000Z,/products/:id,GET,200,82,US,Mobile
2025-09-20T22:47:55.000Z,/,GET,200,82,IN,Desktop
2025-09-20T22:48:25.000Z,/products,GET,200,52,GB,Desktop
2025-09-20T22:54:40.000Z,/products,GET,200,139,CA,Desktop
2025-09-20T22:56:52.000Z,/products/:id,GET,200,44,IN,Mobile
2025-09-20T23:06:32.000Z,/cart,GET,200,46,GB,Desktop
2025-09-20T23:10:11.000Z,/account,GET,200,52,JP,Desktop
2025-09-20T23:13:10.000Z,/cart,GET,404,45,US,Mobile
2025-09-20T23:21:17.000Z,/products/:id,GET,200,86,BR,Mobile
2025-09-20T23:27:23.000Z,/api/cart,POST,200,68,IN,Desktop
2025-09-20T23:35:32.000Z,/,GET,200,29,CA,Mobile
2025-09-20T23:39:50.000Z,/search,GET,200,174,US,Desktop
2025-09-20T23:43:02.000Z,/cart,GET,200,29,CA,Desktop
2025-09-20T23:50:47.000Z,/search,GET,200,192,CA,Mobile
2025-09-21T00:04:30.000Z,/,GET,200,46,US,Mobile
2025-09-21T00:05:49.000Z,/,GET,200,35,US,Desktop
2025-09-21T00:27:35.000Z,/cart,GET,200,67,US,Mobile
2025-09-21T00:33:12.000Z,/api/checkout,POST,200,180,US,Desktop
2025-09-21T00:33:14.000Z,/,GET,404,66,CA,Mobile
2025-09-21T00:36:06.000Z,/products/:id,GET,200,76,DE,Mobile
2025-09-21T00:36:42.000Z,/products,GET,200,51,IN,Desktop
2025-09-21T00:37:53.000Z,/products,GET,200,110,US,Desktop
2025-09-21T00:44:01.000Z,/products/:id,GET,200,130,US,Mobile
2025-09-21T00:46:22.000Z,/,GET,200,32,FR,Mobile
2025-09-21T00:49:06.000Z,/products/:id,GET,200,65,GB,Mobile
2025-09-21T00:50:45.000Z,/api/checkout,POST,200,235,GB,Mobile
2025-09-21T00:57:14.000Z,/api/cart,POST,200,108,BR,Desktop
2025-09-21T01:09:01.000Z,/products,GET,200,106,US,Tablet
2025-09-21T01:09:15.000Z,/products/:id,GET,200,65,GB,Mobile
2025-09-21T01:09:31.000Z,/search,GET,200,123,BR,Desktop
2025-09-21T01:13:26.000Z,/api/cart,POST,200,173,US,Desktop
2025-09-21T01:17:02.000Z,/products,GET,200,87,US,Desktop
2025-09-21T01:17:52.000Z,/,GET,200,48,BR,Desktop
2025-09-21T01:24:52.000Z,/search,GET,200,227,GB,Tablet
2025-09-21T01:53:42.000Z,/api/checkout,POST,500,229,IN,Mobile
2025-09-21T02:03:31.000Z,/,GET,200,29,IN,Mobile
2025-09-21T02:09:26.000Z,/account,GET,200,77,US,Desktop
2025-09-21T02:10:09.000Z,/,GET,200,53,IN,Mobile
2025-09-21T02:12:47.000Z,/cart,GET,200,76,DE,Desktop
2025-09-21T02:16:10.000Z,/,GET,200,54,JP,Mobile
2025-09-21T02:18:39.000Z,/products,GET,200,55,DE,Tablet
2025-09-21T02:27:59.000Z,/products/:id,GET,200,31,BR,Desktop
2025-09-21T02:34:25.000Z,/search,GET,200,213,IN,Desktop
2025-09-21T02:35:11.000Z,/search,GET,200,92,CA,Desktop
2025-09-21T02:36:58.000Z,/products,GET,200,89,GB,Desktop
2025-09-21T02:39:52.000Z,/,GET,200,52,US,Desktop
2025-09-21T02:48:10.000Z,/search,GET,200,234,JP,Mobile
2025-09-21T02:57:52.000Z,/products/:id,GET,200,84,FR,Desktop
2025-09-21T02:59:47.000Z,/products/:id,GET,200,50,DE,Tablet
2025-09-21T03:05:16.000Z,/products,GET,200,60,JP,Mobile
2025-09-21T03:18:57.000Z,/products/:id,GET,200,74,DE,Desktop
2025-09-21T03:22:17.000Z,/cart,GET,200,87,IN,Mobile
2025-09-21T03:24:21.000Z,/api/cart,POST,200,78,US,Tablet
2025-09-21T03:36:42.000Z,/,GET,200,25,GB,Desktop
2025-09-21T03:39:20.000Z,/products,GET,200,48,GB,Mobile
2025-09-21T03:40:10.000Z,/search,GET,200,272,US,Mobile
2025-09-21T03:40:15.000Z,/products,GET,200,125,FR,Desktop
2025-09-21T03:43:26.000Z,/,GET,200,75,US,Desktop
2025-09-21T03:47:32.000Z,/products,GET,200,99,CA,Mobile
2025-09-21T03:48:55.000Z,/products/:id,GET,200,58,GB,Desktop
2025-09-21T04:05:20.000Z,/account,GET,200,56,US,Tablet
2025-09-21T04:09:30.000Z,/,GET,200,39,CA,Mobile
2025-09-21T04:10:49.000Z,/products/:id,GET,200,91,US,Mobile
2025-09-21T04:12:59.000Z,/products,GET,200,100,IN,Mobile
2025-09-21T04:13:00.000Z,/,GET,200,34,US,Desktop
2025-09-21T04:14:12.000Z,/products/:id,GET,200,43,DE,Desktop
2025-09-21T04:14:15.000Z,/products,GET,200,100,US,Desktop
2025-09-21T04:15:06.000Z,/cart,GET,200,85,FR,Desktop
2025-09-21T04:18:52.000Z,/api/cart,POST,200,153,US,Desktop
2025-09-21T04:22:36.000Z,/search,GET,200,112,US,Desktop
2025-09-21T04:23:11.000Z,/,GET,200,52,FR,Desktop
2025-09-21T04:25:00.000Z,/search,GET,200,89,US,Tablet
2025-09-21T04:33:19.000Z,/products,GET,200,188,FR,Mobile
2025-09-21T04:44:58.000Z,/cart,GET,200,62,GB,Mobile
2025-09-21T04:45:28.000Z,/products,GET,200,159,US,Mobile
2025-09-21T04:46:49.000Z,/products/:id,GET,200,68,US,Desktop
2025-09-21T04:47:23.000Z,/,GET,304,55,IN,Mobile
2025-09-21T04:47:49.000Z,/products/:id,GET,200,83,IN,Desktop
2025-09-21T04:50:59.000Z,/account,GET,200,96,US,Mobile
2025-09-21T04:57:35.000Z,/,GET,404,57,IN,Desktop
2025-09-21T04:58:51.000Z,/products,GET,200,99,US,Mobile
2025-09-21T05:00:15.000Z,/products,GET,200,70,CA,Desktop
2025-09-21T05:02:19.000Z,/search,GET,200,177,FR,Mobile
2025-09-21T05:02:27.000Z,/cart,GET,200,78,GB,Desktop
2025-09-21T05:08:25.000Z,/products,GET,200,111,DE,Tablet
2025-09-21T05:11:14.000Z,/,GET,200,56,IN,Desktop
2025-09-21T05:13:10.000Z,/search,GET,200,120,US,Mobile
2025-09-21T05:23:33.000Z,/cart,GET,200,43,IN,Desktop
2025-09-21T05:23:57.000Z,/products,GET,200,103,BR,Desktop
2025-09-21T05:32:32.000Z,/products,GET,200,102,GB,Desktop
2025-09-21T05:33:18.000Z,/,GET,200,70,US,Mobile
2025-09-21T05:36:54.000Z,/search,GET,200,53,US,Desktop
2025-09-21T05:38:04.000Z,/api/checkout,POST,200,120,DE,Mobile
2025-09-21T05:41:09.000Z,/,GET,200,48,FR,Tablet
2025-09-21T05:48:32.000Z,/api/checkout,POST,200,780,JP,Desktop
2025-09-21T05:51:43.000Z,/products/:id,GET,200,73,FR,Desktop
2025-09-21T05:54:59.000Z,/products/:id,GET,200,40,DE,Mobile
2025-09-21T05:55:43.000Z,/products/:id,GET,200,52,IN,Desktop
2025-09-21T05:56:43.000Z,/api/checkout,POST,200,228,US,Tablet
2025-09-21T05:57:26.000Z,/products,GET,200,219,US,Mobile
2025-09-21T06:00:34.000Z,/products/:id,GET,200,38,FR,Mobile
2025-09-21T06:02:18.000Z,/,GET,200,19,DE,Desktop
2025-09-21T06:05:38.000Z,/search,GET,200,108,US,Desktop
2025-09-21T06:07:48.000Z,/cart,GET,200,83,CA,Desktop
2025-09-21T06:21:40.000Z,/,GET,200,67,IN,Desktop
2025-09-21T06:31:04.000Z,/,GET,200,17,IN,Mobile
2025-09-21T06:33:51.000Z,/products,GET,200,100,IN,Desktop
2025-09-21T06:35:23.000Z,/api/cart,POST,200,132,US,Desktop
2025-09-21T06:37:32.000Z,/,GET,200,65,GB,Tablet
2025-09-21T06:44:08.000Z,/,GET,200,37,DE,Desktop
2025-09-21T06:48:45.000Z,/products,GET,200,35,US,Mobile
2025-09-21T06:48:50.000Z,/products,GET,200,89,US,Desktop
2025-09-21T06:54:15.000Z,/,GET,200,66,JP,Mobile
2025-09-21T06:58:43.000Z,/search,GET,200,133,GB,Desktop
2025-09-21T06:59:58.000Z,/,GET,200,64,JP,Desktop
2025-09-21T07:02:21.000Z,/products,GET,200,62,US,Desktop
2025-09-21T07:03:18.000Z,/products,GET,200,61,GB,Mobile
2025-09-21T07:09:44.000Z,/,GET,200,33,IN,Mobile
2025-09-21T07:10:06.000Z,/,GET,200,30,FR,Mobile
2025-09-21T07:13:14.000Z,/products/:id,GET,200,125,IN,Desktop
2025-09-21T07:14:43.000Z,/api/cart,POST,200,140,US,Desktop
2025-09-21T07:17:16.000Z,/products/:id,GET,200,43,CA,Desktop
2025-09-21T07:18:19.000Z,/products,GET,200,97,US,Desktop
2025-09-21T07:19:30.000Z,/products,GET,200,119,BR,Mobile
2025-09-21T07:21:10.000Z,/api/checkout,POST,200,347,IN,Desktop
2025-09-21T07:25:34.000Z,/search,GET,200,185,JP,Mobile
2025-09-21T07:26:40.000Z,/cart,GET,200,40,GB,Mobile
2025-09-21T07:29:26.000Z,/api/cart,POST,200,96,US,Desktop
2025-09-21T07:29:58.000Z,/,GET,200,60,US,Desktop
2025-09-21T07:33:55.000Z,/,GET,200,57,IN,Mobile
2025-09-21T07:34:38.000Z,/cart,GET,404,26,IN,Tablet
2025-09-21T07:34:48.000Z,/search,GET,200,93,US,Mobile
2025-09-21T07:38:25.000Z,/,GET,200,40,IN,Desktop
2025-09-21T07:48:14.000Z,/api/cart,POST,200,58,CA,Mobile
2025-09-21T07:49:17.000Z,/search,GET,200,89,US,Mobile
2025-09-21T07:52:36.000Z,/cart,GET,200,108,US,Mobile
2025-09-21T07:52:38.000Z,/api/checkout,POST,200,100,FR,Desktop
2025-09-21T07:53:45.000Z,/products/:id,GET,200,78,CA,Mobile
2025-09-21T07:56:38.000Z,/products,GET,200,53,GB,Mobile
2025-09-21T07:57:22.000Z,/account,GET,200,59,BR,Mobile
2025-09-21T07:57:31.000Z,/products/:id,GET,200,70,US,Desktop
2025-09-21T07:57:50.000Z,/,GET,200,42,JP,Mobile
2025-09-21T08:02:56.000Z,/search,GET,200,138,US,Desktop
2025-09-21T08:03:09.000Z,/cart,GET,200,35,DE,Tablet
2025-09-21T08:06:21.000Z,/products/:id,GET,404,137,US,Desktop
2025-09-21T08:07:31.000Z,/products/:id,GET,200,59,US,Mobile
2025-09-21T08:10:15.000Z,/api/cart,POST,200,230,US,Mobile
2025-09-21T08:17:07.000Z,/,GET,200,79,BR,Desktop
2025-09-21T08:17:22.000Z,/api/checkout,POST,200,497,FR,Mobile
2025-09-21T08:18:03.000Z,/,GET,200,55,CA,Mobile
2025-09-21T08:20:41.000Z,/search,GET,200,182,US,Desktop
2025-09-21T08:21:37.000Z,/account,GET,200,116,DE,Desktop
2025-09-21T08:27:48.000Z,/,GET,200,11,DE,Desktop
2025-09-21T08:29:04.000Z,/products,GET,200,55,US,Desktop
2025-09-21T08:33:16.000Z,/products,GET,200,62,GB,Mobile
2025-09-21T08:34:08.000Z,/,GET,200,43,US,Mobile
2025-09-21T08:34:26.000Z,/products,GET,200,102,IN,Mobile
2025-09-21T08:34:55.000Z,/api/checkout,POST,200,119,US,Desktop
2025-09-21T08:35:41.000Z,/products,GET,200,185,GB,Desktop
2025-09-21T08:40:53.000Z,/,GET,200,22,IN,Mobile
2025-09-21T08:41:49.000Z,/account,GET,200,103,US,Desktop
2025-09-21T08:43:31.000Z,/search,GET,200,127,US,Desktop
2025-09-21T08:46:18.000Z,/products,GET,200,91,US,Desktop
2025-09-21T08:47:26.000Z,/,GET,200,38,BR,Mobile
2025-09-21T08:48:38.000Z,/products/:id,GET,404,97,CA,Mobile
2025-09-21T08:52:07.000Z,/products/:id,GET,200,72,GB,Desktop
2025-09-21T08:52:33.000Z,/,GET,200,44,IN,Mobile
2025-09-21T08:52:49.000Z,/products/:id,GET,200,51,GB,Tablet
2025-09-21T08:55:52.000Z,/products/:id,GET,200,89,CA,Tablet
2025-09-21T09:00:53.000Z,/products,GET,200,105,IN,Desktop
2025-09-21T09:02:54.000Z,/cart,GET,200,45,US,Mobile
2025-09-21T09:10:46.000Z,/,GET,200,32,IN,Desktop
2025-09-21T09:16:34.000Z,/search,GET,200,244,IN,Desktop
2025-09-21T09:16:43.000Z,/api/checkout,POST,200,280,JP,Mobile
2025-09-21T09:22:53.000Z,/products,GET,200,114,US,Mobile
2025-09-21T09:25:28.000Z,/products/:id,GET,200,129,US,Mobile
2025-09-21T09:27:19.000Z,/products/:id,GET,200,61,GB,Mobile
2025-09-21T09:29:05.000Z,/products,GET,200,39,US,Mobile
2025-09-21T09:30:55.000Z,/products/:id,GET,200,90,IN,Mobile
2025-09-21T09:31:24.000Z,/search,GET,200,100,JP,Desktop
2025-09-21T09:34:17.000Z,/,GET,200,29,US,Mobile
2025-09-21T09:36:24.000Z,/,GET,200,85,US,Desktop
2025-09-21T09:40:13.000Z,/search,GET,200,205,US,Mobile
2025-09-21T09:42:11.000Z,/products/:id,GET,200,50,CA,Mobile
2025-09-21T09:50:01.000Z,/cart,GET,200,67,CA,Mobile
2025-09-21T09:50:06.000Z,/search,GET,200,165,CA,Mobile
2025-09-21T09:56:12.000Z,/products,GET,200,42,GB,Mobile
2025-09-21T09:57:40.000Z,/products/:id,GET,404,59,CA,Desktop
2025-09-21T10:00:23.000Z,/api/cart,POST,200,45,US,Desktop
2025-09-21T10:03:40.000Z,/cart,GET,200,104,CA,Mobile
2025-09-21T10:04:00.000Z,/,GET,200,36,IN,Mobile
2025-09-21T10:05:38.000Z,/,GET,200,81,GB,Mobile
2025-09-21T10:06:51.000Z,/products,GET,200,46,CA,Desktop
2025-09-21T10:06:58.000Z,/,GET,200,40,JP,Desktop
2025-09-21T10:07:20.000Z,/products,GET,200,152,US,Tablet
2025-09-21T10:08:39.000Z,/search,GET,200,100,US,Mobile
2025-09-21T10:09:38.000Z,/account,GET,200,41,GB,Mobile
2025-09-21T10:10:27.000Z,/search,GET,200,76,BR,Mobile
2025-09-21T10:16:07.000Z,/products/:id,GET,200,40,JP,Mobile
2025-09-21T10:16:35.000Z,/account,GET,200,67,IN,Desktop
2025-09-21T10:16:40.000Z,/products,GET,304,57,US,Mobile
2025-09-21T10:18:52.000Z,/,GET,200,45,GB,Mobile
2025-09-21T10:21:16.000Z,/products/:id,GET,200,53,US,Desktop
2025-09-21T10:25:35.000Z,/products/:id,GET,200,67,JP,Mobile
2025-09-21T10:27:52.000Z,/,GET,200,20,US,Mobile
2025-09-21T10:28:54.000Z,/,GET,200,24,US,Mobile
2025-09-21T10:31:25.000Z,/api/checkout,POST,200,390,US,Desktop
2025-09-21T10:32:19.000Z,/,GET,200,102,IN,Tablet
2025-09-21T10:33:34.000Z,/,GET,200,23,JP,Desktop
2025-09-21T10:33:43.000Z,/search,GET,200,146,US,Desktop
2025-09-21T10:45:56.000Z,/cart,GET,200,54,CA,Mobile
2025-09-21T10:47:46.000Z,/,GET,200,45,US,Desktop
2025-09-21T10:48:14.000Z,/,GET,200,48,GB,Mobile
2025-09-21T10:48:45.000Z,/products,GET,200,94,US,Tablet
2025-09-21T10:49:13.000Z,/api/checkout,POST,200,114,CA,Desktop
2025-09-21T10:59:23.000Z,/api/cart,POST,200,93,IN,Mobile
2025-09-21T10:59:39.000Z,/api/cart,POST,200,174,US,Mobile
2025-09-21T11:00:09.000Z,/api/cart,POST,200,79,US,Desktop
2025-09-21T11:03:30.000Z,/,GET,200,88,JP,Mobile
2025-09-21T11:04:01.000Z,/,GET,200,52,US,Desktop
2025-09-21T11:06:07.000Z,/cart,GET,200,48,US,Desktop
2025-09-21T11:07:06.000Z,/account,GET,200,81,IN,Mobile
2025-09-21T11:07:19.000Z,/,GET,200,25,DE,Desktop
2025-09-21T11:07:21.000Z,/cart,GET,200,75,IN,Mobile
2025-09-21T11:10:20.000Z,/products,GET,200,58,CA,Desktop
2025-09-21T11:10:48.000Z,/products,GET,200,164,US,Desktop
2025-09-21T11:13:37.000Z,/products,GET,200,79,US,Mobile
2025-09-21T11:14:51.000Z,/products/:id,GET,200,68,US,Mobile
2025-09-21T11:15:34.000Z,/,GET,404,56,IN,Desktop
2025-09-21T11:16:00.000Z,/,GET,200,16,CA,Mobile
2025-09-21T11:17:38.000Z,/,GET,304,108,JP,Desktop
2025-09-21T11:19:53.000Z,/products/:id,GET,200,110,CA,Desktop
2025-09-21T11:24:37.000Z,/,GET,200,78,US,Mobile
2025-09-21T11:27:08.000Z,/products,GET,200,44,US,Mobile
2025-09-21T11:27:41.000Z,/products/:id,GET,200,48,CA,Desktop
2025-09-21T11:31:53.000Z,/api/cart,POST,200,95,DE,Mobile
2025-09-21T11:32:27.000Z,/,GET,200,55,FR,Mobile
2025-09-21T11:34:16.000Z,/account,GET,200,52,US,Desktop
2025-09-21T11:36:59.000Z,/,GET,200,96,GB,Mobile
2025-09-21T11:37:52.000Z,/account,GET,401,205,US,Mobile
2025-09-21T11:39:14.000Z,/,GET,404,81,BR,Mobile
2025-09-21T11:39:21.000Z,/products/:id,GET,200,69,JP,Mobile
2025-09-21T11:40:19.000Z,/products/:id,GET,200,100,GB,Tablet
2025-09-21T11:41:54.000Z,/api/checkout,POST,200,303,US,Mobile
2025-09-21T11:43:57.000Z,/search,GET,200,145,GB,Desktop
2025-09-21T11:47:10.000Z,/products/:id,GET,200,113,US,Desktop
2025-09-21T11:47:45.000Z,/account,GET,200,32,JP,Mobile
2025-09-21T11:50:11.000Z,/cart,GET,200,28,BR,Mobile
2025-09-21T11:51:22.000Z,/products,GET,200,69,DE,Desktop
2025-09-21T11:54:33.000Z,/products,GET,200,35,IN,Mobile
2025-09-21T11:56:20.000Z,/,GET,200,61,FR,Desktop
2025-09-21T11:57:31.000Z,/search,GET,200,82,CA,Mobile
2025-09-21T12:02:16.000Z,/,GET,304,34,US,Desktop
2025-09-21T12:02:56.000Z,/,GET,304,53,FR,Desktop
2025-09-21T12:04:15.000Z,/cart,GET,200,53,BR,Mobile
2025-09-21T12:04:23.000Z,/search,GET,200,59,US,Mobile
2025-09-21T12:05:09.000Z,/products,GET,200,177,JP,Mobile
2025-09-21T12:05:17.000Z,/api/cart,POST,200,80,US,Desktop
2025-09-21T12:06:00.000Z,/products/:id,GET,200,25,DE,Mobile
2025-09-21T12:12:35.000Z,/api/cart,POST,404,153,FR,Desktop
2025-09-21T12:12:50.000Z,/api/cart,POST,200,122,JP,Mobile
2025-09-21T12:16:16.000Z,/account,GET,200,66,GB,Mobile
2025-09-21T12:24:35.000Z,/search,GET,200,180,CA,Tablet
2025-09-21T12:24:55.000Z,/products,GET,200,144,CA,Desktop
2025-09-21T12:25:42.000Z,/api/checkout,POST,200,204,IN,Mobile
2025-09-21T12:28:13.000Z,/,GET,200,55,CA,Desktop
2025-09-21T12:28:34.000Z,/products,GET,200,98,IN,Desktop
2025-09-21T12:32:49.000Z,/,GET,200,52,JP,Mobile
2025-09-21T12:34:20.000Z,/,GET,200,56,FR,Desktop
2025-09-21T12:36:40.000Z,/cart,GET,200,41,CA,Desktop
2025-09-21T12:39:16.000Z,/products/:id,GET,200,34,JP,Mobile
2025-09-21T12:41:35.000Z,/products/:id,GET,200,43,US,Mobile
2025-09-21T12:51:10.000Z,/,GET,200,50,GB,Desktop
2025-09-21T12:52:22.000Z,/cart,GET,200,76,US,Mobile
2025-09-21T12:55:08.000Z,/products/:id,GET,200,68,US,Mobile
2025-09-21T12:58:25.000Z,/products/:id,GET,200,127,JP,Mobile
2025-09-21T12:59:20.000Z,/search,GET,200,162,US,Desktop
2025-09-21T13:01:54.000Z,/api/checkout,POST,200,279,CA,Desktop
2025-09-21T13:03:30.000Z,/,GET,200,46,GB,Mobile
2025-09-21T13:08:46.000Z,/products/:id,GET,200,26,GB,Mobile
2025-09-21T13:09:02.000Z,/products/:id,GET,200,51,US,Desktop
2025-09-21T13:09:13.000Z,/api/cart,POST,200,51,CA,Desktop
2025-09-21T13:09:22.000Z,/,GET,200,60,IN,Mobile
2025-09-21T13:10:55.000Z,/cart,GET,200,50,BR,Desktop
2025-09-21T13:11:29.000Z,/products/:id,GET,200,27,JP,Mobile
2025-09-21T13:17:59.000Z,/account,GET,200,159,US,Desktop
2025-09-21T13:18:37.000Z,/products/:id,GET,200,39,FR,Desktop
2025-09-21T13:19:42.000Z,/cart,GET,200,43,US,Mobile
2025-09-21T13:20:15.000Z,/cart,GET,200,68,GB,Desktop
2025-09-21T13:24:55.000Z,/api/checkout,POST,200,202,DE,Mobile
2025-09-21T13:26:27.000Z,/,GET,200,25,US,Desktop
2025-09-21T13:27:20.000Z,/products,GET,200,58,IN,Mobile
2025-09-21T13:28:40.000Z,/,GET,200,78,US,Mobile
2025-09-21T13:29:52.000Z,/products/:id,GET,200,38,GB,Desktop
2025-09-21T13:36:31.000Z,/search,GET,200,197,US,Desktop
2025-09-21T13:45:27.000Z,/products,GET,200,133,US,Desktop
2025-09-21T13:46:15.000Z,/products/:id,GET,200,80,JP,Desktop
2025-09-21T13:47:24.000Z,/api/checkout,POST,200,374,FR,Desktop
2025-09-21T13:54:00.000Z,/,GET,200,45,US,Tablet
2025-09-21T13:55:51.000Z,/products,GET,404,60,IN,Desktop
2025-09-21T13:55:58.000Z,/products,GET,200,133,DE,Desktop
2025-09-21T13:57:56.000Z,/,GET,200,37,IN,Mobile
2025-09-21T13:58:33.000Z,/search,GET,200,169,US,Mobile
2025-09-21T13:58:52.000Z,/,GET,200,59,BR,Desktop
2025-09-21T14:03:04.000Z,/api/cart,POST,200,62,US,Mobile
2025-09-21T14:03:32.000Z,/products,GET,200,40,JP,Desktop
2025-09-21T14:04:58.000Z,/products/:id,GET,200,85,GB,Desktop
2025-09-21T14:10:06.000Z,/cart,GET,200,79,GB,Mobile
2025-09-21T14:13:11.000Z,/products/:id,GET,200,112,US,Mobile
2025-09-21T14:13:35.000Z,/search,GET,200,86,US,Desktop
2025-09-21T14:13:50.000Z,/products/:id,GET,200,72,FR,Desktop
2025-09-21T14:14:19.000Z,/products/:id,GET,200,92,JP,Mobile
2025-09-21T14:16:44.000Z,/,GET,200,36,CA,Desktop
2025-09-21T14:17:38.000Z,/account,GET,200,81,US,Desktop
2025-09-21T14:18:31.000Z,/products/:id,GET,200,81,FR,Desktop
2025-09-21T14:22:38.000Z,/account,GET,404,31,BR,Desktop
2025-09-21T14:28:50.000Z,/products,GET,200,96,IN,Desktop
2025-09-21T14:30:12.000Z,/cart,GET,200,99,US,Desktop
2025-09-21T14:31:08.000Z,/,GET,200,62,IN,Desktop
2025-09-21T14:32:28.000Z,/api/checkout,POST,200,142,FR,Desktop
2025-09-21T14:37:30.000Z,/products/:id,GET,200,81,US,Desktop
2025-09-21T14:38:34.000Z,/,GET,200,44,BR,Mobile
2025-09-21T14:42:04.000Z,/api/checkout,POST,200,239,IN,Mobile
2025-09-21T14:45:20.000Z,/api/cart,POST,200,126,CA,Desktop
2025-09-21T14:47:41.000Z,/products,GET,200,32,GB,Mobile
2025-09-21T14:47:45.000Z,/products/:id,GET,200,119,FR,Mobile
2025-09-21T14:50:32.000Z,/products/:id,GET,200,31,GB,Tablet
2025-09-21T14:52:45.000Z,/,GET,200,17,BR,Desktop
2025-09-21T14:53:09.000Z,/,GET,200,17,BR,Mobile
2025-09-21T14:55:45.000Z,/,GET,200,34,CA,Mobile
2025-09-21T14:56:15.000Z,/products/:id,GET,200,70,BR,Desktop
2025-09-21T14:57:48.000Z,/account,GET,200,94,GB,Desktop
2025-09-21T14:58:47.000Z,/search,GET,304,176,IN,Mobile
2025-09-21T14:59:15.000Z,/products,GET,200,77,BR,Mobile
2025-09-21T14:59:16.000Z,/api/cart,POST,200,66,US,Desktop
2025-09-21T15:10:12.000Z,/products/:id,GET,200,131,CA,Mobile
2025-09-21T15:12:58.000Z,/api/checkout,POST,200,130,IN,Desktop
2025-09-21T15:13:33.000Z,/products,GET,200,67,DE,Desktop
2025-09-21T15:15:07.000Z,/products/:id,GET,200,46,US,Mobile
2025-09-21T15:15:56.000Z,/cart,GET,200,46,US,Mobile
2025-09-21T15:17:05.000Z,/cart,GET,200,73,DE,Tablet
2025-09-21T15:24:31.000Z,/api/checkout,POST,200,133,CA,Desktop
2025-09-21T15:26:06.000Z,/cart,GET,200,37,IN,Mobile
2025-09-21T15:26:19.000Z,/products/:id,GET,200,53,US,Mobile
2025-09-21T15:27:46.000Z,/products/:id,GET,404,69,BR,Desktop
2025-09-21T15:28:44.000Z,/products,GET,200,94,JP,Tablet
2025-09-21T15:33:39.000Z,/products/:id,GET,200,51,US,Desktop
2025-09-21T15:35:15.000Z,/,GET,200,51,CA,Mobile
2025-09-21T15:35:54.000Z,/products/:id,GET,200,61,US,Mobile
2025-09-21T15:41:11.000Z,/api/cart,POST,200,138,CA,Mobile
2025-09-21T15:41:44.000Z,/cart,GET,200,57,FR,Mobile
2025-09-21T15:42:25.000Z,/cart,GET,200,37,US,Desktop
2025-09-21T15:44:18.000Z,/search,GET,200,212,US,Tablet
2025-09-21T15:45:16.000Z,/api/checkout,POST,200,265,CA,Tablet
2025-09-21T15:45:40.000Z,/account,GET,500,58,US,Desktop
2025-09-21T15:47:49.000Z,/products,GET,200,60,US,Mobile
2025-09-21T15:48:29.000Z,/products/:id,GET,200,61,US,Desktop
2025-09-21T15:49:34.000Z,/api/checkout,POST,200,98,CA,Mobile
2025-09-21T15:51:44.000Z,/products/:id,GET,200,28,CA,Desktop
2025-09-21T15:53:13.000Z,/,GET,304,43,US,Mobile
2025-09-21T15:56:26.000Z,/,GET,401,30,US,Desktop
2025-09-21T15:58:42.000Z,/cart,GET,200,70,IN,Desktop
2025-09-21T16:03:45.000Z,/products/:id,GET,200,65,JP,Desktop
2025-09-21T16:08:00.000Z,/api/cart,POST,200,133,US,Mobile
2025-09-21T16:09:48.000Z,/products/:id,GET,200,37,US,Mobile
2025-09-21T16:13:24.000Z,/search,GET,200,219,US,Mobile
2025-09-21T16:13:38.000Z,/products,GET,200,107,US,Mobile
2025-09-21T16:13:48.000Z,/api/cart,POST,404,118,CA,Mobile
2025-09-21T16:14:17.000Z,/,GET,200,56,CA,Mobile
2025-09-21T16:16:20.000Z,/,GET,200,38,US,Desktop
2025-09-21T16:17:40.000Z,/,GET,200,61,US,Mobile
2025-09-21T16:21:03.000Z,/products/:id,GET,200,70,US,Mobile
2025-09-21T16:23:23.000Z,/,GET,200,27,US,Desktop
2025-09-21T16:23:59.000Z,/,GET,200,73,GB,Desktop
2025-09-21T16:24:07.000Z,/products,GET,200,97,US,Desktop
2025-09-21T16:26:00.000Z,/,GET,200,37,US,Mobile
2025-09-21T16:26:03.000Z,/,GET,200,40,FR,Desktop
2025-09-21T16:28:48.000Z,/api/cart,POST,200,62,US,Mobile
2025-09-21T16:29:56.000Z,/products/:id,GET,200,96,IN,Mobile
2025-09-21T16:31:47.000Z,/api/checkout,POST,200,346,US,Mobile
2025-09-21T16:32:20.000Z,/api/cart,POST,200,90,IN,Desktop
2025-09-21T16:34:38.000Z,/,GET,200,21,US,Desktop
2025-09-21T16:37:37.000Z,/account,GET,200,35,FR,Mobile
2025-09-21T16:38:28.000Z,/products,GET,200,129,FR,Desktop
2025-09-21T16:39:30.000Z,/account,GET,200,53,JP,Mobile
2025-09-21T16:40:07.000Z,/products/:id,GET,200,66,BR,Mobile
2025-09-21T16:40:32.000Z,/cart,GET,200,38,BR,Desktop
2025-09-21T16:40:41.000Z,/,GET,200,34,US,Mobile
2025-09-21T16:45:42.000Z,/products/:id,GET,200,58,US,Mobile
2025-09-21T16:50:37.000Z,/products,GET,200,52,GB,Mobile
2025-09-21T16:53:38.000Z,/,GET,200,38,CA,Desktop
2025-09-21T16:54:52.000Z,/search,GET,200,149,BR,Mobile
2025-09-21T16:55:17.000Z,/,GET,200,55,US,Desktop
2025-09-21T16:55:42.000Z,/products,GET,200,70,IN,Mobile
2025-09-21T16:57:50.000Z,/products/:id,GET,200,28,BR,Mobile
2025-09-21T16:59:05.000Z,/api/cart,POST,200,74,DE,Desktop
2025-09-21T17:01:41.000Z,/api/cart,POST,200,46,IN,Desktop
2025-09-21T17:03:06.000Z,/api/cart,POST,200,84,JP,Mobile
2025-09-21T17:03:24.000Z,/products,GET,200,70,FR,Desktop
2025-09-21T17:09:53.000Z,/,GET,200,73,IN,Desktop
2025-09-21T17:10:08.000Z,/products/:id,GET,404,83,CA,Desktop
2025-09-21T17:13:52.000Z,/,GET,200,107,US,Tablet
2025-09-21T17:14:51.000Z,/cart,GET,200,57,IN,Mobile
2025-09-21T17:14:56.000Z,/api/cart,POST,304,42,DE,Mobile
2025-09-21T17:15:11.000Z,/,GET,200,25,BR,Desktop
2025-09-21T17:17:26.000Z,/products,GET,304,47,JP,Desktop
2025-09-21T17:20:44.000Z,/search,GET,200,273,CA,Mobile
2025-09-21T17:22:45.000Z,/cart,GET,200,53,IN,Mobile
2025-09-21T17:24:05.000Z,/products/:id,GET,200,52,US,Mobile
2025-09-21T17:35:45.000Z,/,GET,200,40,CA,Desktop
2025-09-21T17:42:14.000Z,/products,GET,200,81,DE,Desktop
2025-09-21T17:47:11.000Z,/products,GET,200,79,US,Mobile
2025-09-21T17:47:47.000Z,/products,GET,200,95,US,Desktop
2025-09-21T17:50:40.000Z,/,GET,200,9,JP,Mobile
2025-09-21T17:50:45.000Z,/products/:id,GET,200,48,BR,Mobile
2025-09-21T17:57:27.000Z,/search,GET,304,118,BR,Mobile
2025-09-21T17:58:23.000Z,/products/:id,GET,200,40,US,Mobile
2025-09-21T17:58:54.000Z,/cart,GET,200,44,JP,Desktop
2025-09-21T18:02:03.000Z,/products,GET,200,70,GB,Desktop
2025-09-21T18:04:07.000Z,/,GET,200,27,BR,Mobile
2025-09-21T18:15:30.000Z,/api/cart,POST,200,43,BR,Desktop
2025-09-21T18:15:55.000Z,/products,GET,200,46,IN,Tablet
2025-09-21T18:15:59.000Z,/api/cart,POST,200,227,FR,Desktop
2025-09-21T18:26:40.000Z,/products/:id,GET,200,66,BR,Mobile
2025-09-21T18:30:40.000Z,/,GET,200,44,JP,Desktop
2025-09-21T18:31:12.000Z,/cart,GET,200,48,CA,Desktop
2025-09-21T18:33:33.000Z,/,GET,200,41,US,Mobile
2025-09-21T18:35:16.000Z,/,GET,200,91,US,Desktop
2025-09-21T18:36:21.000Z,/api/cart,POST,200,224,FR,Mobile
2025-09-21T18:38:12.000Z,/search,GET,401,152,DE,Mobile
2025-09-21T18:39:00.000Z,/cart,GET,200,118,CA,Desktop
2025-09-21T18:43:02.000Z,/,GET,200,42,US,Mobile
2025-09-21T18:43:41.000Z,/api/checkout,POST,200,104,FR,Mobile
2025-09-21T18:46:38.000Z,/api/cart,POST,200,98,JP,Mobile
2025-09-21T18:48:43.000Z,/search,GET,200,119,GB,Desktop
2025-09-21T18:49:21.000Z,/products,GET,200,116,US,Desktop
2025-09-21T18:50:52.000Z,/,GET,200,81,GB,Mobile
2025-09-21T18:54:07.000Z,/products,GET,200,41,US,Desktop
2025-09-21T18:55:35.000Z,/,GET,200,12,US,Mobile
2025-09-21T19:04:16.000Z,/products,GET,200,90,US,Desktop
2025-09-21T19:08:26.000Z,/products/:id,GET,200,56,US,Desktop
2025-09-21T19:19:42.000Z,/api/checkout,POST,500,355,CA,Desktop
2025-09-21T19:22:54.000Z,/products/:id,GET,200,74,US,Mobile
2025-09-21T19:35:36.000Z,/,GET,200,33,JP,Mobile
2025-09-21T19:36:58.000Z,/,GET,200,44,GB,Mobile
2025-09-21T19:47:00.000Z,/api/checkout,POST,200,192,IN,Mobile
2025-09-21T19:48:23.000Z,/products/:id,GET,200,38,GB,Desktop
2025-09-21T19:51:50.000Z,/products/:id,GET,200,77,US,Desktop
2025-09-21T19:56:04.000Z,/products/:id,GET,200,137,IN,Mobile
2025-09-21T19:58:33.000Z,/search,GET,200,196,BR,Desktop
2025-09-21T20:00:28.000Z,/api/cart,POST,200,178,US,Desktop
2025-09-21T20:06:01.000Z,/products/:id,GET,200,44,FR,Desktop
2025-09-21T20:12:41.000Z,/products,GET,200,181,BR,Desktop
2025-09-21T20:16:18.000Z,/products,GET,200,122,FR,Desktop
2025-09-21T20:17:46.000Z,/,GET,200,32,US,Mobile
2025-09-21T20:20:58.000Z,/api/cart,POST,200,38,US,Mobile
2025-09-21T20:29:10.000Z,/search,GET,200,53,FR,Desktop
2025-09-21T20:29:59.000Z,/,GET,200,54,US,Desktop
2025-09-21T20:32:56.000Z,/search,GET,200,99,US,Desktop
2025-09-21T20:35:04.000Z,/,GET,200,47,GB,Desktop
2025-09-21T20:39:49.000Z,/account,GET,404,32,BR,Desktop
2025-09-21T20:42:47.000Z,/products/:id,GET,200,48,DE,Mobile
2025-09-21T20:46:08.000Z,/,GET,200,34,DE,Mobile
2025-09-21T20:48:39.000Z,/,GET,200,76,FR,Mobile
2025-09-21T20:51:17.000Z,/products,GET,200,128,CA,Mobile
2025-09-21T20:59:47.000Z,/,GET,200,74,US,Desktop
2025-09-21T20:59:58.000Z,/,GET,200,26,US,Desktop
2025-09-21T21:01:16.000Z,/search,GET,200,203,US,Mobile
2025-09-21T21:02:06.000Z,/,GET,200,54,US,Mobile
2025-09-21T21:03:02.000Z,/products/:id,GET,200,54,DE,Desktop
2025-09-21T21:05:34.000Z,/api/checkout,POST,200,219,IN,Mobile
2025-09-21T21:07:37.000Z,/api/checkout,POST,200,403,US,Desktop
2025-09-21T21:11:50.000Z,/cart,GET,200,65,GB,Mobile
2025-09-21T21:13:46.000Z,/api/cart,POST,200,107,CA,Desktop
2025-09-21T21:26:40.000Z,/products/:id,GET,200,47,CA,Mobile
2025-09-21T21:47:00.000Z,/api/checkout,POST,200,213,FR,Mobile
2025-09-21T21:49:56.000Z,/products,GET,200,52,IN,Desktop
2025-09-21T21:50:56.000Z,/products,GET,200,75,FR,Mobile
2025-09-21T21:52:09.000Z,/api/cart,POST,304,227,JP,Mobile
2025-09-21T21:55:15.000Z,/,GET,200,79,DE,Mobile
2025-09-21T21:56:30.000Z,/,GET,200,32,US,Mobile
2025-09-21T21:57:12.000Z,/products,GET,200,58,JP,Desktop
2025-09-21T22:17:19.000Z,/cart,GET,200,64,US,Desktop
2025-09-21T22:23:02.000Z,/api/cart,POST,200,104,US,Desktop
2025-09-21T22:25:08.000Z,/products/:id,GET,200,49,US,Desktop
2025-09-21T22:35:16.000Z,/,GET,200,98,GB,Desktop
2025-09-21T22:41:21.000Z,/api/checkout,POST,200,211,GB,Mobile
2025-09-21T22:43:14.000Z,/products/:id,GET,200,62,JP,Tablet
2025-09-21T22:45:32.000Z,/api/cart,POST,200,98,US,Mobile
2025-09-21T22:47:16.000Z,/products,GET,200,102,US,Tablet
2025-09-21T22:51:37.000Z,/cart,GET,200,98,FR,Desktop
2025-09-21T22:52:58.000Z,/products,GET,200,78,BR,Desktop
2025-09-21T22:54:15.000Z,/products,GET,200,95,US,Tablet
2025-09-21T23:25:36.000Z,/,GET,200,54,GB,Desktop
2025-09-21T23:27:05.000Z,/products/:id,GET,200,45,DE,Tablet
2025-09-21T23:31:34.000Z,/api/cart,POST,200,71,US,Mobile
2025-09-21T23:37:23.000Z,/search,GET,200,110,BR,Desktop
2025-09-21T23:39:12.000Z,/search,GET,200,55,GB,Mobile
2025-09-21T23:44:37.000Z,/account,GET,200,78,US,Desktop
2025-09-21T23:48:20.000Z,/,GET,200,33,GB,Mobile
2025-09-21T23:52:05.000Z,/,GET,200,42,BR,Desktop
2025-09-22T00:06:47.000Z,/products/:id,GET,200,51,US,Tablet
2025-09-22T00:13:22.000Z,/account,GET,200,91,US,Tablet
2025-09-22T00:17:00.000Z,/api/cart,POST,200,90,DE,Desktop
2025-09-22T00:19:13.000Z,/cart,GET,200,65,CA,Desktop
2025-09-22T00:23:50.000Z,/products,GET,200,103,US,Desktop
2025-09-22T00:24:03.000Z,/products/:id,GET,304,66,GB,Desktop
2025-09-22T00:39:02.000Z,/,GET,200,62,DE,Desktop
2025-09-22T00:50:29.000Z,/products/:id,GET,200,61,US,Tablet
2025-09-22T01:27:33.000Z,/,GET,200,26,IN,Mobile
2025-09-22T01:33:36.000Z,/,GET,200,56,GB,Desktop
2025-09-22T01:39:36.000Z,/products/:id,GET,200,50,US,Desktop
2025-09-22T01:40:04.000Z,/products/:id,GET,200,26,US,Mobile
2025-09-22T01:50:49.000Z,/,GET,200,60,GB,Desktop
2025-09-22T01:58:32.000Z,/cart,GET,200,76,FR,Desktop
2025-09-22T02:14:32.000Z,/products,GET,200,52,IN,Desktop
2025-09-22T02:18:56.000Z,/search,GET,200,80,CA,Desktop
2025-09-22T02:23:30.000Z,/,GET,200,46,US,Mobile
2025-09-22T02:23:35.000Z,/search,GET,200,106,FR,Mobile
2025-09-22T02:26:43.000Z,/products,GET,200,64,US,Mobile
2025-09-22T02:30:34.000Z,/api/cart,POST,200,116,FR,Tablet
2025-09-22T02:36:04.000Z,/products,GET,200,71,US,Mobile
2025-09-22T02:37:05.000Z,/search,GET,200,75,CA,Mobile
2025-09-22T02:45:24.000Z,/api/cart,POST,200,60,JP,Desktop
2025-09-22T02:46:45.000Z,/,GET,200,44,IN,Desktop
2025-09-22T02:47:03.000Z,/account,GET,200,95,US,Desktop
2025-09-22T02:53:01.000Z,/search,GET,401,195,CA,Desktop
2025-09-22T03:00:07.000Z,/products,GET,200,99,FR,Mobile
2025-09-22T03:03:46.000Z,/api/checkout,POST,200,132,FR,Mobile
2025-09-22T03:04:40.000Z,/search,GET,200,226,CA,Mobile
2025-09-22T03:04:45.000Z,/search,GET,200,412,FR,Desktop
2025-09-22T03:04:54.000Z,/search,GET,200,79,IN,Desktop
2025-09-22T03:05:48.000Z,/products/:id,GET,200,43,US,Tablet
2025-09-22T03:10:35.000Z,/products,GET,200,101,DE,Desktop
2025-09-22T03:18:10.000Z,/,GET,200,55,US,Desktop
2025-09-22T03:19:51.000Z,/products,GET,200,69,US,Mobile
2025-09-22T03:25:08.000Z,/,GET,200,73,US,Desktop
2025-09-22T03:28:20.000Z,/api/checkout,POST,200,338,IN,Mobile
2025-09-22T03:32:38.000Z,/products,GET,200,52,JP,Tablet
2025-09-22T03:35:57.000Z,/products,GET,200,54,BR,Desktop
2025-09-22T03:41:30.000Z,/products/:id,GET,200,51,US,Desktop
2025-09-22T03:47:06.000Z,/products/:id,GET,200,27,GB,Desktop
2025-09-22T03:47:14.000Z,/search,GET,200,137,US,Mobile
2025-09-22T03:47:20.000Z,/api/cart,POST,200,76,US,Desktop
2025-09-22T03:51:59.000Z,/products/:id,GET,200,33,US,Desktop
2025-09-22T03:57:50.000Z,/api/checkout,POST,200,141,US,Desktop
2025-09-22T04:08:34.000Z,/account,GET,200,73,US,Desktop
2025-09-22T04:13:06.000Z,/api/cart,POST,200,62,GB,Desktop
2025-09-22T04:17:25.000Z,/account,GET,200,67,US,Tablet
2025-09-22T04:18:12.000Z,/api/cart,POST,200,78,US,Mobile
2025-09-22T04:19:58.000Z,/products,GET,200,83,US,Mobile
2025-09-22T04:22:21.000Z,/search,GET,200,93,FR,Mobile
2025-09-22T04:23:29.000Z,/products/:id,GET,200,64,CA,Mobile
2025-09-22T04:27:13.000Z,/products/:id,GET,200,52,GB,Desktop
2025-09-22T04:31:48.000Z,/search,GET,200,114,JP,Tablet
2025-09-22T04:32:13.000Z,/api/cart,POST,200,78,DE,Desktop
2025-09-22T04:32:32.000Z,/cart,GET,200,51,IN,Mobile
2025-09-22T04:38:39.000Z,/products,GET,200,69,IN,Desktop
2025-09-22T04:44:53.000Z,/products,GET,200,87,US,Mobile
2025-09-22T04:48:48.000Z,/search,GET,200,188,JP,Desktop
2025-09-22T04:52:39.000Z,/products,GET,200,48,US,Desktop
2025-09-22T04:55:23.000Z,/cart,GET,200,27,US,Mobile
2025-09-22T05:01:40.000Z,/search,GET,200,322,US,Mobile
2025-09-22T05:12:23.000Z,/,GET,200,61,BR,Mobile
2025-09-22T05:15:59.000Z,/,GET,200,46,DE,Desktop
2025-09-22T05:22:44.000Z,/products/:id,GET,200,87,IN,Mobile
2025-09-22T05:23:47.000Z,/products,GET,200,87,DE,Desktop
2025-09-22T05:24:49.000Z,/products/:id,GET,200,67,US,Desktop
2025-09-22T05:26:01.000Z,/account,GET,200,114,US,Mobile
2025-09-22T05:27:45.000Z,/products/:id,GET,200,79,US,Desktop
2025-09-22T05:27:47.000Z,/account,GET,200,34,GB,Desktop
2025-09-22T05:29:11.000Z,/search,GET,200,273,US,Desktop
2025-09-22T05:29:23.000Z,/,GET,200,51,JP,Desktop
2025-09-22T05:29:41.000Z,/search,GET,200,117,IN,Desktop
2025-09-22T05:32:34.000Z,/search,GET,200,145,FR,Desktop
2025-09-22T05:32:50.000Z,/api/cart,POST,200,109,US,Mobile
2025-09-22T05:42:25.000Z,/account,GET,200,100,GB,Desktop
2025-09-22T05:44:40.000Z,/cart,GET,200,40,US,Mobile
2025-09-22T05:48:00.000Z,/search,GET,200,168,US,Mobile
2025-09-22T05:50:16.000Z,/products,GET,200,106,GB,Mobile
2025-09-22T05:52:31.000Z,/account,GET,200,89,US,Mobile
2025-09-22T05:55:10.000Z,/api/cart,POST,200,59,US,Tablet
2025-09-22T05:58:25.000Z,/search,GET,200,110,IN,Desktop
2025-09-22T05:59:08.000Z,/products,GET,200,68,US,Mobile
2025-09-22T06:01:06.000Z,/search,GET,200,124,IN,Mobile
2025-09-22T06:06:54.000Z,/account,GET,200,54,US,Mobile
2025-09-22T06:07:10.000Z,/,GET,200,53,US,Desktop
2025-09-22T06:08:00.000Z,/products,GET,200,75,US,Mobile
2025-09-22T06:09:48.000Z,/products,GET,200,32,DE,Desktop
2025-09-22T06:10:54.000Z,/,GET,200,50,JP,Desktop
2025-09-22T06:13:10.000Z,/search,GET,200,82,US,Mobile
2025-09-22T06:13:51.000Z,/api/checkout,POST,200,306,IN,Mobile
2025-09-22T06:14:32.000Z,/,GET,404,21,US,Mobile
2025-09-22T06:17:21.000Z,/api/cart,POST,200,166,US,Mobile
2025-09-22T06:24:37.000Z,/products/:id,GET,200,79,GB,Mobile
2025-09-22T06:25:19.000Z,/,GET,200,53,DE,Tablet
2025-09-22T06:35:41.000Z,/products/:id,GET,200,52,GB,Mobile
2025-09-22T06:36:19.000Z,/,GET,200,39,FR,Tablet
2025-09-22T06:37:58.000Z,/,GET,200,43,US,Desktop
2025-09-22T06:41:09.000Z,/search,GET,200,121,DE,Mobile
2025-09-22T06:44:03.000Z,/search,GET,200,114,FR,Desktop
2025-09-22T06:48:31.000Z,/products,GET,200,71,US,Mobile
2025-09-22T06:55:37.000Z,/products/:id,GET,200,92,DE,Desktop
2025-09-22T06:55:43.000Z,/,GET,200,22,US,Mobile
2025-09-22T07:00:56.000Z,/api/cart,POST,200,66,US,Mobile
2025-09-22T07:05:32.000Z,/products,GET,200,99,FR,Mobile
2025-09-22T07:05:34.000Z,/search,GET,200,192,US,Desktop
2025-09-22T07:06:02.000Z,/cart,GET,200,29,US,Desktop
2025-09-22T07:06:38.000Z,/api/checkout,POST,200,96,BR,Mobile
2025-09-22T07:07:12.000Z,/search,GET,200,138,JP,Mobile
2025-09-22T07:07:33.000Z,/,GET,200,125,CA,Mobile
2025-09-22T07:12:26.000Z,/products,GET,200,78,IN,Tablet
2025-09-22T07:16:12.000Z,/,GET,200,53,GB,Tablet
2025-09-22T07:18:22.000Z,/search,GET,200,118,DE,Mobile
2025-09-22T07:19:02.000Z,/search,GET,200,148,CA,Desktop
2025-09-22T07:19:50.000Z,/api/checkout,POST,200,236,US,Mobile
2025-09-22T07:21:44.000Z,/,GET,200,19,BR,Mobile
2025-09-22T07:22:57.000Z,/cart,GET,200,57,IN,Desktop
2025-09-22T07:24:53.000Z,/api/checkout,POST,200,328,BR,Mobile
2025-09-22T07:29:15.000Z,/products,GET,200,58,US,Desktop
2025-09-22T07:29:55.000Z,/search,GET,304,125,DE,Desktop
2025-09-22T07:30:08.000Z,/cart,GET,200,87,US,Tablet
2025-09-22T07:33:17.000Z,/,GET,200,99,FR,Mobile
2025-09-22T07:36:30.000Z,/,GET,200,26,FR,Mobile
2025-09-22T07:36:54.000Z,/cart,GET,200,69,US,Desktop
2025-09-22T07:40:49.000Z,/search,GET,200,113,US,Desktop
2025-09-22T07:41:06.000Z,/api/cart,POST,200,32,FR,Mobile
2025-09-22T07:41:21.000Z,/cart,GET,200,39,US,Desktop
2025-09-22T07:41:54.000Z,/search,GET,200,69,US,Desktop
2025-09-22T07:45:24.000Z,/products,GET,200,77,GB,Mobile
2025-09-22T07:46:30.000Z,/products,GET,200,92,US,Desktop
2025-09-22T07:48:13.000Z,/products/:id,GET,200,70,US,Mobile
2025-09-22T07:50:55.000Z,/search,GET,200,183,JP,Mobile
2025-09-22T07:53:55.000Z,/products,GET,200,76,IN,Desktop
2025-09-22T07:54:05.000Z,/search,GET,200,161,IN,Desktop
2025-09-22T07:55:26.000Z,/search,GET,200,162,CA,Desktop
2025-09-22T07:56:13.000Z,/,GET,200,108,US,Mobile
2025-09-22T07:57:24.000Z,/api/cart,POST,200,80,US,Desktop
2025-09-22T08:01:08.000Z,/products/:id,GET,200,38,JP,Mobile
2025-09-22T08:04:23.000Z,/api/checkout,POST,200,170,US,Desktop
2025-09-22T08:06:18.000Z,/api/checkout,POST,200,61,GB,Desktop
2025-09-22T08:12:37.000Z,/search,GET,200,159,US,Desktop
2025-09-22T08:13:52.000Z,/products,GET,304,114,US,Mobile
2025-09-22T08:19:00.000Z,/cart,GET,200,63,CA,Tablet
2025-09-22T08:23:59.000Z,/api/cart,POST,200,121,GB,Desktop
2025-09-22T08:27:16.000Z,/search,GET,200,80,GB,Desktop
2025-09-22T08:28:33.000Z,/api/cart,POST,200,59,US,Desktop
2025-09-22T08:35:15.000Z,/products,GET,200,144,US,Mobile
2025-09-22T08:35:25.000Z,/,GET,200,28,US,Desktop
2025-09-22T08:38:01.000Z,/api/cart,POST,200,128,FR,Mobile
2025-09-22T08:42:18.000Z,/search,GET,200,205,BR,Mobile
2025-09-22T08:43:55.000Z,/,GET,200,43,IN,Desktop
2025-09-22T08:48:09.000Z,/products/:id,GET,200,82,CA,Mobile
2025-09-22T08:53:19.000Z,/api/checkout,POST,200,264,US,Mobile
2025-09-22T08:54:38.000Z,/products,GET,200,53,BR,Mobile
2025-09-22T08:59:46.000Z,/,GET,200,36,BR,Desktop
2025-09-22T09:15:52.000Z,/,GET,200,44,US,Mobile
2025-09-22T09:16:43.000Z,/products/:id,GET,200,36,IN,Mobile
2025-09-22T09:17:23.000Z,/,GET,200,125,JP,Mobile
2025-09-22T09:18:12.000Z,/api/cart,POST,200,72,CA,Desktop
2025-09-22T09:22:41.000Z,/api/checkout,POST,200,438,US,Desktop
2025-09-22T09:24:49.000Z,/search,GET,200,105,BR,Mobile
2025-09-22T09:32:56.000Z,/cart,GET,304,19,FR,Desktop
2025-09-22T09:32:57.000Z,/,GET,200,116,GB,Tablet
2025-09-22T09:34:02.000Z,/,GET,200,63,US,Desktop
2025-09-22T09:35:37.000Z,/api/checkout,POST,200,284,FR,Desktop
2025-09-22T09:35:44.000Z,/products/:id,GET,200,50,JP,Mobile
2025-09-22T09:43:26.000Z,/products/:id,GET,200,123,CA,Tablet
2025-09-22T09:47:04.000Z,/,GET,200,50,US,Mobile
2025-09-22T09:48:53.000Z,/,GET,404,31,US,Mobile
2025-09-22T09:49:51.000Z,/api/cart,POST,200,131,IN,Mobile
2025-09-22T09:54:20.000Z,/products/:id,GET,200,31,US,Mobile
2025-09-22T09:57:25.000Z,/,GET,200,50,GB,Mobile
2025-09-22T09:59:24.000Z,/account,GET,404,80,US,Desktop
2025-09-22T10:07:45.000Z,/search,GET,200,186,US,Tablet
2025-09-22T10:13:27.000Z,/account,GET,200,239,US,Desktop
2025-09-22T10:14:29.000Z,/account,GET,200,103,GB,Desktop
2025-09-22T10:14:42.000Z,/products/:id,GET,200,96,BR,Mobile
2025-09-22T10:17:44.000Z,/products/:id,GET,200,76,US,Mobile
2025-09-22T10:19:54.000Z,/products,GET,200,34,US,Desktop
2025-09-22T10:20:22.000Z,/cart,GET,200,75,CA,Desktop
2025-09-22T10:21:01.000Z,/api/checkout,POST,200,377,US,Mobile
2025-09-22T10:25:50.000Z,/products/:id,GET,304,49,JP,Mobile
2025-09-22T10:26:01.000Z,/search,GET,200,104,FR,Desktop
2025-09-22T10:28:03.000Z,/,GET,200,17,BR,Desktop
2025-09-22T10:29:19.000Z,/,GET,200,42,GB,Desktop
2025-09-22T10:33:06.000Z,/products,GET,200,102,US,Mobile
2025-09-22T10:36:15.000Z,/,GET,200,38,US,Desktop
2025-09-22T10:36:18.000Z,/products/:id,GET,200,23,DE,Mobile
2025-09-22T10:36:20.000Z,/,GET,200,37,US,Mobile
2025-09-22T10:46:01.000Z,/cart,GET,200,34,US,Desktop
2025-09-22T10:53:14.000Z,/search,GET,200,88,CA,Mobile
2025-09-22T10:55:16.000Z,/search,GET,200,230,US,Mobile
2025-09-22T10:57:33.000Z,/products/:id,GET,200,37,US,Mobile
2025-09-22T11:03:04.000Z,/cart,GET,200,26,DE,Tablet
2025-09-22T11:03:57.000Z,/products/:id,GET,200,61,US,Mobile
2025-09-22T11:04:46.000Z,/products,GET,200,72,US,Mobile
2025-09-22T11:07:38.000Z,/,GET,500,35,BR,Mobile
2025-09-22T11:07:40.000Z,/account,GET,200,85,DE,Mobile
2025-09-22T11:09:32.000Z,/account,GET,200,38,CA,Mobile
2025-09-22T11:12:17.000Z,/products,GET,200,221,US,Desktop
2025-09-22T11:14:15.000Z,/,GET,200,32,US,Mobile
2025-09-22T11:16:16.000Z,/products,GET,200,101,US,Mobile
2025-09-22T11:17:54.000Z,/products/:id,GET,200,238,JP,Desktop
2025-09-22T11:18:37.000Z,/products,GET,200,50,IN,Mobile
2025-09-22T11:19:40.000Z,/api/cart,POST,200,133,FR,Desktop
2025-09-22T11:21:06.000Z,/products/:id,GET,200,112,BR,Mobile
2025-09-22T11:29:24.000Z,/,GET,200,52,FR,Desktop
2025-09-22T11:32:27.000Z,/api/checkout,POST,200,229,GB,Mobile
2025-09-22T11:36:29.000Z,/products/:id,GET,200,60,US,Mobile
2025-09-22T11:36:31.000Z,/products/:id,GET,200,36,GB,Tablet
2025-09-22T11:38:24.000Z,/products/:id,GET,200,124,FR,Desktop
2025-09-22T11:39:19.000Z,/products/:id,GET,200,69,DE,Mobile
2025-09-22T11:42:51.000Z,/,GET,200,53,IN,Mobile
2025-09-22T11:43:36.000Z,/search,GET,200,279,US,Mobile
2025-09-22T11:45:07.000Z,/products/:id,GET,200,100,IN,Mobile
2025-09-22T11:46:20.000Z,/api/cart,POST,200,57,US,Desktop
2025-09-22T11:46:43.000Z,/products,GET,200,63,DE,Desktop
2025-09-22T11:47:33.000Z,/products/:id,GET,200,26,GB,Mobile
2025-09-22T11:50:26.000Z,/products,GET,200,53,CA,Mobile
2025-09-22T11:56:48.000Z,/api/cart,POST,200,165,FR,Mobile
2025-09-22T11:59:50.000Z,/,GET,200,50,IN,Mobile
2025-09-22T12:03:07.000Z,/,GET,200,23,CA,Desktop
2025-09-22T12:03:21.000Z,/products,GET,200,123,US,Mobile
2025-09-22T12:08:24.000Z,/,GET,200,45,BR,Desktop
2025-09-22T12:08:39.000Z,/products/:id,GET,200,143,BR,Mobile
2025-09-22T12:11:50.000Z,/products/:id,GET,404,78,US,Desktop
2025-09-22T12:13:49.000Z,/,GET,200,19,BR,Mobile
2025-09-22T12:15:55.000Z,/products,GET,200,69,IN,Mobile
2025-09-22T12:16:09.000Z,/,GET,200,36,DE,Desktop
2025-09-22T12:17:27.000Z,/search,GET,200,211,GB,Mobile
2025-09-22T12:17:41.000Z,/products/:id,GET,200,62,US,Desktop
2025-09-22T12:24:03.000Z,/search,GET,404,113,JP,Mobile
2025-09-22T12:24:04.000Z,/products,GET,200,57,CA,Desktop
2025-09-22T12:24:31.000Z,/api/checkout,POST,200,307,IN,Mobile
2025-09-22T12:25:18.000Z,/products/:id,GET,200,30,GB,Desktop
2025-09-22T12:25:59.000Z,/cart,GET,200,60,US,Mobile
2025-09-22T12:26:10.000Z,/products,GET,404,80,JP,Desktop
2025-09-22T12:26:29.000Z,/api/cart,POST,200,94,US,Mobile
2025-09-22T12:27:44.000Z,/products,GET,200,95,CA,Mobile
2025-09-22T12:30:02.000Z,/,GET,200,111,DE,Mobile
2025-09-22T12:33:36.000Z,/cart,GET,200,67,US,Mobile
2025-09-22T12:33:40.000Z,/,GET,200,21,IN,Mobile
2025-09-22T12:34:13.000Z,/products,GET,404,102,US,Mobile
2025-09-22T12:37:20.000Z,/products/:id,GET,200,53,CA,Desktop
2025-09-22T12:38:01.000Z,/products/:id,GET,200,62,IN,Desktop
2025-09-22T12:39:54.000Z,/search,GET,200,160,JP,Mobile
2025-09-22T12:44:09.000Z,/,GET,200,58,DE,Mobile
2025-09-22T12:46:07.000Z,/products,GET,200,63,US,Desktop
2025-09-22T12:47:07.000Z,/,GET,401,104,GB,Desktop
2025-09-22T12:49:15.000Z,/search,GET,200,137,CA,Mobile
2025-09-22T12:54:08.000Z,/products/:id,GET,200,42,JP,Desktop
2025-09-22T12:59:08.000Z,/products,GET,200,93,CA,Desktop
2025-09-22T12:59:42.000Z,/products,GET,200,73,IN,Mobile
2025-09-22T13:02:01.000Z,/cart,GET,200,68,US,Desktop
2025-09-22T13:03:33.000Z,/,GET,200,61,IN,Desktop
2025-09-22T13:04:19.000Z,/products,GET,200,36,FR,Mobile
2025-09-22T13:06:19.000Z,/api/cart,POST,200,54,BR,Desktop
2025-09-22T13:06:58.000Z,/,GET,404,35,US,Mobile
2025-09-22T13:07:23.000Z,/products,GET,500,40,CA,Desktop
2025-09-22T13:14:19.000Z,/search,GET,200,245,US,Mobile
2025-09-22T13:16:28.000Z,/cart,GET,200,52,US,Desktop
2025-09-22T13:18:02.000Z,/,GET,200,37,US,Mobile
2025-09-22T13:20:20.000Z,/products,GET,200,74,JP,Desktop
2025-09-22T13:21:57.000Z,/,GET,200,29,FR,Tablet
2025-09-22T13:22:55.000Z,/products,GET,200,57,US,Mobile
2025-09-22T13:23:12.000Z,/api/cart,POST,200,49,JP,Desktop
2025-09-22T13:24:33.000Z,/search,GET,200,85,BR,Mobile
2025-09-22T13:26:38.000Z,/products,GET,200,117,US,Desktop
2025-09-22T13:32:17.000Z,/products/:id,GET,200,115,US,Mobile
2025-09-22T13:34:52.000Z,/,GET,200,23,FR,Mobile
2025-09-22T13:37:03.000Z,/cart,GET,304,77,JP,Mobile
2025-09-22T13:45:01.000Z,/search,GET,200,132,GB,Desktop
2025-09-22T13:45:13.000Z,/products/:id,GET,200,57,JP,Mobile
2025-09-22T13:54:02.000Z,/api/cart,POST,304,209,BR,Mobile
2025-09-22T13:56:14.000Z,/cart,GET,200,98,US,Tablet
2025-09-22T13:56:15.000Z,/products,GET,200,103,US,Desktop
2025-09-22T13:57:42.000Z,/,GET,200,77,DE,Mobile
2025-09-22T13:58:47.000Z,/products/:id,GET,200,64,IN,Desktop
2025-09-22T14:02:52.000Z,/,GET,200,39,IN,Mobile
2025-09-22T14:03:14.000Z,/search,GET,200,228,US,Mobile
2025-09-22T14:03:26.000Z,/products/:id,GET,200,47,US,Desktop
2025-09-22T14:03:40.000Z,/products,GET,200,47,US,Desktop
2025-09-22T14:05:44.000Z,/cart,GET,200,27,US,Mobile
2025-09-22T14:05:52.000Z,/products,GET,200,84,US,Desktop
2025-09-22T14:08:22.000Z,/account,GET,200,65,US,Mobile
2025-09-22T14:08:37.000Z,/search,GET,200,80,DE,Mobile
2025-09-22T14:11:30.000Z,/products,GET,200,60,FR,Desktop
2025-09-22T14:13:04.000Z,/products,GET,200,97,US,Mobile
2025-09-22T14:14:04.000Z,/products/:id,GET,200,74,US,Mobile
2025-09-22T14:15:40.000Z,/products,GET,200,50,DE,Desktop
2025-09-22T14:17:19.000Z,/api/checkout,POST,304,205,FR,Desktop
2025-09-22T14:19:16.000Z,/search,GET,200,154,US,Desktop
2025-09-22T14:20:22.000Z,/products,GET,200,164,IN,Mobile
2025-09-22T14:20:24.000Z,/,GET,200,55,CA,Desktop
2025-09-22T14:23:10.000Z,/products/:id,GET,200,67,US,Mobile
2025-09-22T14:23:19.000Z,/api/checkout,POST,200,270,US,Mobile
2025-09-22T14:30:27.000Z,/search,GET,200,42,BR,Desktop
2025-09-22T14:31:57.000Z,/products,GET,200,153,IN,Tablet
2025-09-22T14:39:05.000Z,/search,GET,200,122,JP,Desktop
2025-09-22T14:40:07.000Z,/products,GET,200,55,US,Mobile
2025-09-22T14:41:41.000Z,/products,GET,200,100,GB,Desktop
2025-09-22T14:41:53.000Z,/,GET,200,22,JP,Desktop
2025-09-22T14:46:04.000Z,/products/:id,GET,200,36,CA,Mobile
2025-09-22T14:46:25.000Z,/products/:id,GET,200,52,US,Desktop
2025-09-22T14:46:48.000Z,/,GET,200,46,US,Mobile
2025-09-22T14:52:15.000Z,/account,GET,200,53,IN,Mobile
2025-09-22T14:52:33.000Z,/products/:id,GET,200,117,JP,Desktop
2025-09-22T14:52:51.000Z,/products/:id,GET,200,40,JP,Desktop
2025-09-22T14:55:45.000Z,/products/:id,GET,200,57,US,Desktop
2025-09-22T15:02:16.000Z,/products/:id,GET,200,108,US,Mobile
2025-09-22T15:02:50.000Z,/api/checkout,POST,200,186,CA,Desktop
2025-09-22T15:03:42.000Z,/search,GET,200,156,GB,Mobile
2025-09-22T15:04:25.000Z,/api/cart,POST,200,46,IN,Mobile
2025-09-22T15:04:57.000Z,/api/cart,POST,200,88,JP,Mobile
2025-09-22T15:06:30.000Z,/account,GET,200,111,CA,Mobile
2025-09-22T15:06:35.000Z,/products,GET,200,112,IN,Mobile
2025-09-22T15:06:50.000Z,/search,GET,200,97,BR,Desktop
2025-09-22T15:08:05.000Z,/api/checkout,POST,200,347,DE,Mobile
2025-09-22T15:12:50.000Z,/account,GET,200,49,FR,Tablet
2025-09-22T15:14:50.000Z,/,GET,200,53,GB,Desktop
2025-09-22T15:15:44.000Z,/products/:id,GET,200,49,JP,Mobile
2025-09-22T15:19:59.000Z,/products/:id,GET,200,88,FR,Mobile
2025-09-22T15:21:45.000Z,/,GET,200,40,CA,Desktop
2025-09-22T15:23:18.000Z,/account,GET,200,68,FR,Desktop
2025-09-22T15:24:22.000Z,/api/cart,POST,200,69,DE,Desktop
2025-09-22T15:34:46.000Z,/products/:id,GET,200,23,US,Desktop
2025-09-22T15:35:59.000Z,/products,GET,200,60,FR,Desktop
2025-09-22T15:36:13.000Z,/products,GET,200,238,US,Desktop
2025-09-22T15:37:32.000Z,/,GET,200,58,US,Mobile
2025-09-22T15:39:30.000Z,/products,GET,200,40,GB,Mobile
2025-09-22T15:40:07.000Z,/products/:id,GET,200,82,US,Mobile
2025-09-22T15:42:23.000Z,/search,GET,200,83,GB,Mobile
2025-09-22T15:44:31.000Z,/products,GET,200,42,JP,Desktop
2025-09-22T15:45:00.000Z,/search,GET,200,219,CA,Desktop
2025-09-22T15:48:02.000Z,/,GET,200,54,US,Desktop
2025-09-22T15:48:31.000Z,/products,GET,200,50,US,Desktop
2025-09-22T15:50:08.000Z,/api/checkout,POST,200,345,JP,Mobile
2025-09-22T15:50:13.000Z,/api/cart,POST,200,86,CA,Mobile
2025-09-22T15:53:18.000Z,/products,GET,200,70,JP,Desktop
2025-09-22T16:03:07.000Z,/products/:id,GET,200,96,US,Tablet
2025-09-22T16:04:00.000Z,/,GET,200,25,DE,Desktop
2025-09-22T16:05:23.000Z,/products,GET,200,145,US,Mobile
2025-09-22T16:05:33.000Z,/,GET,304,22,FR,Mobile
2025-09-22T16:06:38.000Z,/products,GET,200,36,DE,Mobile
2025-09-22T16:08:41.000Z,/,GET,200,30,US,Mobile
2025-09-22T16:09:25.000Z,/products/:id,GET,200,48,US,Mobile
2025-09-22T16:09:39.000Z,/,GET,200,30,US,Desktop
2025-09-22T16:11:35.000Z,/api/cart,POST,200,31,DE,Mobile
2025-09-22T16:20:24.000Z,/,GET,200,87,US,Mobile
2025-09-22T16:26:47.000Z,/products/:id,GET,200,56,US,Mobile
2025-09-22T16:28:50.000Z,/api/cart,POST,200,107,DE,Desktop
2025-09-22T16:30:32.000Z,/products,GET,200,257,US,Desktop
2025-09-22T16:35:40.000Z,/,GET,200,33,BR,Desktop
2025-09-22T16:40:07.000Z,/,GET,200,34,JP,Mobile
2025-09-22T16:42:52.000Z,/api/checkout,POST,200,370,US,Desktop
2025-09-22T16:43:06.000Z,/cart,GET,404,58,IN,Mobile
2025-09-22T16:46:45.000Z,/products/:id,GET,200,97,US,Desktop
2025-09-22T16:46:52.000Z,/products/:id,GET,200,50,US,Desktop
2025-09-22T16:48:00.000Z,/api/checkout,POST,200,205,CA,Desktop
2025-09-22T16:48:08.000Z,/,GET,200,39,US,Desktop
2025-09-22T16:49:42.000Z,/products,GET,200,120,US,Desktop
2025-09-22T16:51:12.000Z,/api/checkout,POST,200,231,CA,Desktop
2025-09-22T16:51:28.000Z,/api/cart,POST,404,77,US,Desktop
2025-09-22T16:51:29.000Z,/products/:id,GET,200,58,US,Desktop
2025-09-22T16:52:42.000Z,/,GET,200,39,US,Desktop
2025-09-22T16:57:34.000Z,/account,GET,200,79,JP,Mobile
2025-09-22T16:58:00.000Z,/products,GET,200,199,FR,Desktop
2025-09-22T16:59:19.000Z,/search,GET,200,77,IN,Mobile
2025-09-22T17:07:39.000Z,/,GET,500,27,JP,Desktop
2025-09-22T17:07:40.000Z,/products,GET,200,74,JP,Mobile
2025-09-22T17:10:10.000Z,/search,GET,200,206,IN,Mobile
2025-09-22T17:16:41.000Z,/api/checkout,POST,200,154,US,Mobile
2025-09-22T17:19:59.000Z,/search,GET,200,150,GB,Desktop
2025-09-22T17:20:52.000Z,/search,GET,200,111,US,Mobile
2025-09-22T17:22:05.000Z,/,GET,304,19,FR,Mobile
2025-09-22T17:24:57.000Z,/,GET,200,94,BR,Mobile
2025-09-22T17:26:23.000Z,/products/:id,GET,200,75,DE,Mobile
2025-09-22T17:28:00.000Z,/products,GET,200,64,GB,Desktop
2025-09-22T17:29:04.000Z,/search,GET,200,210,DE,Mobile
2025-09-22T17:29:54.000Z,/products/:id,GET,200,48,US,Desktop
2025-09-22T17:35:04.000Z,/,GET,200,101,CA,Tablet
2025-09-22T17:42:47.000Z,/products/:id,GET,200,50,US,Desktop
2025-09-22T17:45:42.000Z,/products/:id,GET,200,48,DE,Desktop
2025-09-22T17:47:48.000Z,/search,GET,200,166,US,Mobile
2025-09-22T17:55:09.000Z,/products/:id,GET,200,35,US,Mobile
2025-09-22T17:55:31.000Z,/products,GET,200,39,US,Mobile
2025-09-22T17:59:26.000Z,/cart,GET,200,98,JP,Mobile
2025-09-22T17:59:53.000Z,/,GET,200,21,BR,Mobile
2025-09-22T18:02:24.000Z,/products/:id,GET,200,50,JP,Mobile
2025-09-22T18:04:18.000Z,/,GET,200,107,US,Mobile
2025-09-22T18:05:12.000Z,/,GET,200,134,GB,Mobile
2025-09-22T18:11:10.000Z,/products/:id,GET,200,83,CA,Mobile
2025-09-22T18:12:30.000Z,/products/:id,GET,200,36,DE,Desktop
2025-09-22T18:16:42.000Z,/products,GET,304,85,US,Mobile
2025-09-22T18:20:04.000Z,/account,GET,200,88,US,Mobile
2025-09-22T18:23:00.000Z,/account,GET,200,85,US,Mobile
2025-09-22T18:24:18.000Z,/products,GET,200,111,GB,Tablet
2025-09-22T18:27:00.000Z,/products/:id,GET,200,35,FR,Mobile
2025-09-22T18:27:57.000Z,/search,GET,200,94,US,Desktop
2025-09-22T18:31:56.000Z,/products/:id,GET,200,42,DE,Mobile
2025-09-22T18:42:08.000Z,/,GET,200,39,GB,Mobile
2025-09-22T18:42:21.000Z,/products/:id,GET,200,116,GB,Mobile
2025-09-22T18:45:19.000Z,/products/:id,GET,200,42,JP,Mobile
2025-09-22T18:47:02.000Z,/cart,GET,200,32,CA,Mobile
2025-09-22T18:49:55.000Z,/,GET,200,68,US,Mobile
2025-09-22T19:03:17.000Z,/products/:id,GET,200,94,US,Desktop
2025-09-22T19:05:56.000Z,/products/:id,GET,200,118,GB,Desktop
2025-09-22T19:07:19.000Z,/products,GET,200,139,IN,Mobile
2025-09-22T19:14:17.000Z,/search,GET,200,246,US,Mobile
2025-09-22T19:14:41.000Z,/products/:id,GET,200,64,DE,Desktop
2025-09-22T19:16:55.000Z,/api/checkout,POST,200,223,FR,Tablet
2025-09-22T19:17:47.000Z,/products/:id,GET,200,69,JP,Mobile
2025-09-22T19:18:03.000Z,/,GET,200,52,DE,Desktop
2025-09-22T19:22:24.000Z,/products/:id,GET,200,49,US,Desktop
2025-09-22T19:25:27.000Z,/products/:id,GET,200,43,US,Tablet
2025-09-22T19:28:30.000Z,/products/:id,GET,200,21,US,Desktop
2025-09-22T19:30:45.000Z,/products,GET,200,102,FR,Desktop
2025-09-22T19:57:03.000Z,/products/:id,GET,200,44,JP,Desktop
2025-09-22T19:59:10.000Z,/products/:id,GET,200,35,US,Desktop
2025-09-22T20:06:15.000Z,/products/:id,GET,200,60,IN,Mobile
2025-09-22T20:09:07.000Z,/products/:id,GET,200,71,US,Mobile
2025-09-22T20:16:21.000Z,/api/checkout,POST,200,301,US,Desktop
2025-09-22T20:29:51.000Z,/api/checkout,POST,200,267,US,Desktop
2025-09-22T20:30:46.000Z,/search,GET,200,135,US,Mobile
2025-09-22T20:34:34.000Z,/products/:id,GET,304,66,US,Mobile
2025-09-22T20:36:05.000Z,/search,GET,200,148,DE,Mobile
2025-09-22T20:37:16.000Z,/products/:id,GET,200,54,CA,Desktop
2025-09-22T20:43:20.000Z,/products,GET,200,60,DE,Mobile
2025-09-22T20:48:04.000Z,/products/:id,GET,200,73,FR,Desktop
2025-09-22T20:54:02.000Z,/products/:id,GET,200,68,US,Desktop
2025-09-22T20:56:26.000Z,/api/checkout,POST,200,208,BR,Mobile
2025-09-22T21:02:22.000Z,/cart,GET,200,56,DE,Tablet
2025-09-22T21:17:22.000Z,/cart,GET,200,101,DE,Mobile
2025-09-22T21:23:06.000Z,/search,GET,401,223,FR,Desktop
2025-09-22T21:26:07.000Z,/search,GET,200,210,FR,Desktop
2025-09-22T21:42:46.000Z,/search,GET,200,123,CA,Mobile
2025-09-22T21:44:34.000Z,/products,GET,200,43,IN,Desktop
2025-09-22T21:46:48.000Z,/api/cart,POST,200,120,FR,Mobile
2025-09-22T21:59:55.000Z,/,GET,200,45,US,Desktop
2025-09-22T22:04:16.000Z,/search,GET,200,165,US,Desktop
2025-09-22T22:04:37.000Z,/api/cart,POST,200,78,US,Desktop
2025-09-22T22:08:23.000Z,/api/cart,POST,200,106,FR,Desktop
2025-09-22T22:09:03.000Z,/search,GET,200,258,US,Mobile
2025-09-22T22:19:39.000Z,/,GET,200,61,US,Desktop
2025-09-22T22:22:07.000Z,/products/:id,GET,200,67,GB,Mobile
2025-09-22T22:22:58.000Z,/,GET,304,24,GB,Mobile
2025-09-22T22:29:11.000Z,/products/:id,GET,200,63,BR,Mobile
2025-09-22T22:34:46.000Z,/products/:id,GET,200,76,US,Tablet
2025-09-22T22:40:10.000Z,/account,GET,200,74,US,Mobile
2025-09-22T22:41:38.000Z,/api/cart,POST,200,107,DE,Desktop
2025-09-22T22:44:23.000Z,/products/:id,GET,304,82,DE,Mobile
2025-09-22T22:50:51.000Z,/api/checkout,POST,200,316,IN,Mobile
2025-09-22T22:51:07.000Z,/products,GET,200,64,US,Mobile
2025-09-22T22:55:36.000Z,/account,GET,200,55,IN,Desktop
2025-09-22T23:08:39.000Z,/search,GET,200,103,JP,Mobile
2025-09-22T23:18:57.000Z,/products,GET,200,101,FR,Mobile
2025-09-22T23:24:27.000Z,/api/checkout,POST,200,208,US,Mobile
2025-09-22T23:25:24.000Z,/cart,GET,200,78,FR,Mobile
2025-09-22T23:44:40.000Z,/api/cart,POST,200,154,BR,Mobile
2025-09-22T23:49:56.000Z,/,GET,200,44,BR,Tablet
2025-09-23T00:01:00.000Z,/api/checkout,POST,200,302,IN,Mobile
2025-09-23T00:03:49.000Z,/products/:id,GET,200,39,IN,Mobile
2025-09-23T00:07:13.000Z,/products,GET,200,54,CA,Desktop
2025-09-23T00:12:05.000Z,/products,GET,200,105,US,Desktop
2025-09-23T00:15:49.000Z,/products,GET,304,110,US,Mobile
2025-09-23T00:20:07.000Z,/products,GET,200,37,GB,Desktop
2025-09-23T00:21:11.000Z,/api/checkout,POST,200,207,IN,Desktop
2025-09-23T00:21:18.000Z,/products,GET,200,35,DE,Desktop
2025-09-23T00:32:08.000Z,/api/cart,POST,200,163,US,Desktop
2025-09-23T00:41:20.000Z,/products/:id,GET,200,51,CA,Desktop
2025-09-23T00:55:21.000Z,/products,GET,200,100,JP,Mobile
2025-09-23T00:58:19.000Z,/api/checkout,POST,200,380,US,Desktop
2025-09-23T01:02:30.000Z,/products,GET,200,77,US,Desktop
2025-09-23T01:04:52.000Z,/api/cart,POST,200,98,GB,Desktop
2025-09-23T01:09:36.000Z,/account,GET,200,88,US,Desktop
2025-09-23T01:10:15.000Z,/api/checkout,POST,200,636,US,Desktop
2025-09-23T01:26:12.000Z,/,GET,304,38,BR,Desktop
2025-09-23T01:26:13.000Z,/api/cart,POST,200,112,US,Mobile
2025-09-23T01:29:42.000Z,/products,GET,200,58,US,Desktop
2025-09-23T01:32:55.000Z,/,GET,200,39,CA,Mobile
2025-09-23T01:32:58.000Z,/products,GET,200,103,FR,Desktop
2025-09-23T01:33:53.000Z,/,GET,200,79,GB,Desktop
2025-09-23T01:44:13.000Z,/products,GET,200,172,US,Desktop
2025-09-23T01:46:44.000Z,/,GET,200,52,IN,Desktop
2025-09-23T01:54:40.000Z,/search,GET,200,97,US,Mobile
2025-09-23T02:00:33.000Z,/,GET,200,62,CA,Mobile
2025-09-23T02:06:00.000Z,/cart,GET,200,46,US,Mobile
2025-09-23T02:06:52.000Z,/cart,GET,200,44,IN,Mobile
2025-09-23T02:11:15.000Z,/products,GET,200,83,US,Desktop
2025-09-23T02:20:17.000Z,/products,GET,200,44,US,Desktop
2025-09-23T02:22:25.000Z,/,GET,200,107,DE,Desktop
2025-09-23T02:23:10.000Z,/,GET,200,31,US,Desktop
2025-09-23T02:27:11.000Z,/products,GET,200,67,DE,Tablet
2025-09-23T02:31:35.000Z,/products,GET,200,49,US,Desktop
2025-09-23T02:34:52.000Z,/api/checkout,POST,200,111,CA,Desktop
2025-09-23T02:35:04.000Z,/products,GET,200,154,GB,Tablet
2025-09-23T02:38:32.000Z,/api/cart,POST,200,50,DE,Mobile
2025-09-23T02:44:42.000Z,/api/checkout,POST,200,319,FR,Tablet
2025-09-23T02:48:32.000Z,/products/:id,GET,200,38,GB,Mobile
2025-09-23T02:52:58.000Z,/,GET,200,40,US,Desktop
2025-09-23T02:53:44.000Z,/,GET,200,45,US,Desktop
2025-09-23T02:55:25.000Z,/search,GET,200,121,FR,Mobile
2025-09-23T03:04:32.000Z,/api/cart,POST,200,35,US,Mobile
2025-09-23T03:06:06.000Z,/,GET,200,71,GB,Mobile
2025-09-23T03:07:19.000Z,/,GET,200,58,GB,Desktop
2025-09-23T03:07:44.000Z,/account,GET,200,54,FR,Desktop
2025-09-23T03:11:33.000Z,/products/:id,GET,200,29,US,Mobile
2025-09-23T03:19:56.000Z,/api/checkout,POST,200,164,US,Desktop
2025-09-23T03:20:49.000Z,/,GET,200,39,DE,Desktop
2025-09-23T03:22:36.000Z,/api/cart,POST,200,53,GB,Mobile
2025-09-23T03:22:45.000Z,/,GET,200,45,IN,Desktop
2025-09-23T03:23:16.000Z,/search,GET,200,190,GB,Desktop
2025-09-23T03:56:29.000Z,/products,GET,200,93,US,Mobile
2025-09-23T03:57:21.000Z,/api/cart,POST,200,64,IN,Desktop
2025-09-23T04:01:10.000Z,/products,GET,200,88,GB,Mobile
2025-09-23T04:10:09.000Z,/account,GET,200,40,GB,Desktop
2025-09-23T04:10:39.000Z,/api/checkout,POST,200,302,US,Desktop
2025-09-23T04:22:11.000Z,/products/:id,GET,200,69,GB,Tablet
2025-09-23T04:22:56.000Z,/api/cart,POST,200,114,IN,Desktop
2025-09-23T04:23:37.000Z,/,GET,200,48,IN,Mobile
2025-09-23T04:25:10.000Z,/,GET,200,39,DE,Desktop
2025-09-23T04:27:47.000Z,/,GET,200,43,US,Desktop
2025-09-23T04:28:09.000Z,/products/:id,GET,200,103,BR,Desktop
2025-09-23T04:30:23.000Z,/search,GET,200,88,US,Mobile
2025-09-23T04:36:34.000Z,/products/:id,GET,200,60,US,Mobile
2025-09-23T04:37:22.000Z,/cart,GET,200,35,US,Desktop
2025-09-23T04:41:23.000Z,/products,GET,200,43,US,Mobile
2025-09-23T04:55:22.000Z,/search,GET,200,146,BR,Mobile
2025-09-23T04:59:41.000Z,/,GET,404,76,GB,Mobile
2025-09-23T05:00:15.000Z,/products,GET,200,86,DE,Desktop
2025-09-23T05:03:32.000Z,/search,GET,200,245,US,Desktop
2025-09-23T05:11:13.000Z,/search,GET,200,112,FR,Mobile
2025-09-23T05:11:23.000Z,/,GET,200,43,GB,Mobile
2025-09-23T05:13:41.000Z,/cart,GET,200,37,US,Desktop
2025-09-23T05:14:32.000Z,/cart,GET,200,49,FR,Mobile
2025-09-23T05:16:06.000Z,/cart,GET,200,14,FR,Mobile
2025-09-23T05:18:52.000Z,/products/:id,GET,200,66,IN,Desktop
2025-09-23T05:24:19.000Z,/products/:id,GET,200,62,DE,Tablet
2025-09-23T05:35:13.000Z,/account,GET,304,130,US,Desktop
2025-09-23T05:35:31.000Z,/,GET,200,59,US,Mobile
2025-09-23T05:37:03.000Z,/api/cart,POST,200,141,JP,Tablet
2025-09-23T05:37:52.000Z,/api/checkout,POST,200,170,GB,Desktop
2025-09-23T05:42:20.000Z,/search,GET,500,137,IN,Mobile
2025-09-23T05:43:34.000Z,/cart,GET,200,30,US,Tablet
2025-09-23T05:45:13.000Z,/cart,GET,200,43,FR,Desktop
2025-09-23T05:46:42.000Z,/search,GET,200,115,BR,Tablet
2025-09-23T05:53:45.000Z,/account,GET,200,52,DE,Mobile
2025-09-23T05:54:35.000Z,/,GET,200,55,US,Desktop
2025-09-23T06:00:46.000Z,/,GET,200,60,IN,Desktop
2025-09-23T06:03:50.000Z,/products/:id,GET,200,106,FR,Mobile
2025-09-23T06:04:53.000Z,/api/checkout,POST,200,308,FR,Desktop
2025-09-23T06:06:27.000Z,/,GET,200,40,IN,Mobile
2025-09-23T06:10:07.000Z,/search,GET,200,134,GB,Mobile
2025-09-23T06:11:23.000Z,/products/:id,GET,200,49,DE,Mobile
2025-09-23T06:19:36.000Z,/products/:id,GET,200,39,US,Tablet
2025-09-23T06:20:01.000Z,/products/:id,GET,200,109,US,Desktop
2025-09-23T06:20:55.000Z,/,GET,404,48,CA,Tablet
2025-09-23T06:33:34.000Z,/account,GET,200,64,JP,Mobile
2025-09-23T06:38:32.000Z,/,GET,200,41,US,Mobile
2025-09-23T06:39:11.000Z,/,GET,200,54,GB,Tablet
2025-09-23T06:41:21.000Z,/products,GET,200,141,US,Mobile
2025-09-23T06:41:45.000Z,/search,GET,200,174,IN,Desktop
2025-09-23T06:41:48.000Z,/products/:id,GET,200,45,US,Mobile
2025-09-23T06:43:04.000Z,/products,GET,200,87,CA,Mobile
2025-09-23T06:43:10.000Z,/products/:id,GET,200,77,JP,Desktop
2025-09-23T06:44:12.000Z,/,GET,200,26,US,Desktop
2025-09-23T06:44:34.000Z,/,GET,200,66,US,Mobile
2025-09-23T06:44:45.000Z,/products,GET,200,73,FR,Desktop
2025-09-23T06:45:12.000Z,/products,GET,200,46,IN,Desktop
2025-09-23T06:49:39.000Z,/products,GET,200,54,IN,Mobile
2025-09-23T06:49:52.000Z,/products/:id,GET,404,59,US,Desktop
2025-09-23T06:55:34.000Z,/,GET,200,28,US,Desktop
2025-09-23T07:04:14.000Z,/products/:id,GET,200,74,CA,Mobile
2025-09-23T07:04:56.000Z,/api/cart,POST,200,130,GB,Desktop
2025-09-23T07:10:45.000Z,/products/:id,GET,200,137,IN,Desktop
2025-09-23T07:11:58.000Z,/,GET,200,49,DE,Mobile
2025-09-23T07:13:50.000Z,/api/cart,POST,200,73,JP,Tablet
2025-09-23T07:15:23.000Z,/api/cart,POST,401,96,US,Desktop
2025-09-23T07:16:12.000Z,/account,GET,200,102,JP,Mobile
2025-09-23T07:16:35.000Z,/account,GET,200,51,IN,Desktop
2025-09-23T07:22:57.000Z,/api/cart,POST,404,92,JP,Mobile
2025-09-23T07:28:44.000Z,/,GET,200,36,IN,Desktop
2025-09-23T07:32:28.000Z,/,GET,200,34,DE,Mobile
2025-09-23T07:32:41.000Z,/search,GET,200,151,FR,Desktop
2025-09-23T07:36:41.000Z,/api/checkout,POST,200,184,DE,Mobile
2025-09-23T07:37:19.000Z,/products,GET,200,30,DE,Mobile
2025-09-23T07:37:20.000Z,/account,GET,200,42,US,Mobile
2025-09-23T07:37:35.000Z,/products,GET,200,89,US,Mobile
2025-09-23T07:39:07.000Z,/,GET,200,31,US,Desktop
2025-09-23T07:43:18.000Z,/,GET,200,39,BR,Mobile
2025-09-23T07:45:01.000Z,/search,GET,200,98,US,Desktop
2025-09-23T07:48:16.000Z,/,GET,200,62,GB,Mobile
2025-09-23T07:49:31.000Z,/api/cart,POST,200,60,BR,Tablet
2025-09-23T07:51:43.000Z,/search,GET,200,142,GB,Tablet
2025-09-23T07:53:48.000Z,/cart,GET,500,101,CA,Desktop
2025-09-23T07:55:11.000Z,/cart,GET,200,61,US,Desktop
2025-09-23T07:57:21.000Z,/products,GET,200,64,IN,Desktop
2025-09-23T07:58:17.000Z,/products/:id,GET,200,103,BR,Desktop
2025-09-23T08:02:44.000Z,/products,GET,200,133,GB,Mobile
2025-09-23T08:02:53.000Z,/cart,GET,500,79,CA,Mobile
2025-09-23T08:05:36.000Z,/cart,GET,200,26,JP,Desktop
2025-09-23T08:06:20.000Z,/cart,GET,200,90,US,Desktop
2025-09-23T08:13:10.000Z,/,GET,200,89,FR,Desktop
2025-09-23T08:14:56.000Z,/api/checkout,POST,200,171,IN,Mobile
2025-09-23T08:16:17.000Z,/,GET,200,96,DE,Mobile
2025-09-23T08:16:25.000Z,/products,GET,200,54,DE,Desktop
2025-09-23T08:19:30.000Z,/cart,GET,200,131,IN,Mobile
2025-09-23T08:21:46.000Z,/,GET,200,44,DE,Tablet
2025-09-23T08:25:07.000Z,/,GET,200,83,BR,Mobile
2025-09-23T08:25:20.000Z,/cart,GET,200,50,CA,Desktop
2025-09-23T08:27:10.000Z,/products,GET,200,75,IN,Mobile
2025-09-23T08:28:29.000Z,/products,GET,200,50,GB,Mobile
2025-09-23T08:29:27.000Z,/api/cart,POST,200,91,DE,Mobile
2025-09-23T08:31:18.000Z,/products,GET,200,64,US,Desktop
2025-09-23T08:33:11.000Z,/,GET,200,32,CA,Mobile
2025-09-23T08:34:08.000Z,/search,GET,200,100,IN,Desktop
2025-09-23T08:38:51.000Z,/products/:id,GET,200,42,US,Mobile
2025-09-23T08:39:51.000Z,/cart,GET,200,55,US,Desktop
2025-09-23T08:43:10.000Z,/products,GET,200,86,US,Desktop
2025-09-23T08:43:49.000Z,/products,GET,200,63,JP,Mobile
2025-09-23T08:44:06.000Z,/cart,GET,200,72,US,Mobile
2025-09-23T08:44:46.000Z,/cart,GET,200,131,FR,Desktop
2025-09-23T08:45:06.000Z,/account,GET,200,59,GB,Desktop
2025-09-23T08:45:51.000Z,/cart,GET,200,83,US,Desktop
2025-09-23T08:47:01.000Z,/products/:id,GET,200,63,US,Mobile
2025-09-23T08:48:23.000Z,/search,GET,200,211,BR,Desktop
2025-09-23T08:48:42.000Z,/products/:id,GET,200,107,US,Desktop
2025-09-23T08:53:43.000Z,/cart,GET,200,40,JP,Tablet
2025-09-23T08:55:35.000Z,/,GET,200,35,US,Desktop
2025-09-23T08:59:56.000Z,/api/checkout,POST,200,186,JP,Desktop
2025-09-23T09:02:47.000Z,/,GET,200,32,IN,Mobile
2025-09-23T09:03:20.000Z,/,GET,200,51,DE,Mobile
2025-09-23T09:07:53.000Z,/,GET,200,41,GB,Desktop
2025-09-23T09:11:08.000Z,/api/checkout,POST,200,120,US,Mobile
2025-09-23T09:11:39.000Z,/,GET,200,64,US,Mobile
2025-09-23T09:11:46.000Z,/products,GET,200,59,FR,Desktop
2025-09-23T09:12:18.000Z,/api/cart,POST,404,120,CA,Desktop
2025-09-23T09:16:28.000Z,/search,GET,200,146,FR,Tablet
2025-09-23T09:20:30.000Z,/,GET,200,38,GB,Desktop
2025-09-23T09:21:17.000Z,/,GET,200,50,US,Desktop
2025-09-23T09:24:01.000Z,/cart,GET,200,60,FR,Desktop
2025-09-23T09:25:17.000Z,/,GET,200,61,GB,Desktop
2025-09-23T09:25:53.000Z,/,GET,200,54,US,Desktop
2025-09-23T09:26:37.000Z,/cart,GET,200,90,CA,Desktop
2025-09-23T09:28:10.000Z,/search,GET,404,196,US,Desktop
2025-09-23T09:33:39.000Z,/search,GET,200,101,US,Desktop
2025-09-23T09:35:24.000Z,/products/:id,GET,200,196,CA,Mobile
2025-09-23T09:40:42.000Z,/,GET,200,54,FR,Mobile
2025-09-23T09:43:25.000Z,/,GET,200,39,GB,Mobile
2025-09-23T09:45:56.000Z,/cart,GET,200,39,US,Mobile
2025-09-23T09:45:58.000Z,/products,GET,200,79,US,Desktop
2025-09-23T09:46:25.000Z,/,GET,200,36,US,Mobile
2025-09-23T09:47:13.000Z,/,GET,200,38,FR,Mobile
2025-09-23T09:51:18.000Z,/search,GET,200,164,IN,Mobile
2025-09-23T09:53:56.000Z,/api/cart,POST,200,66,GB,Mobile
2025-09-23T09:54:38.000Z,/search,GET,200,137,CA,Desktop
2025-09-23T09:56:37.000Z,/products,GET,200,109,CA,Desktop
2025-09-23T09:57:01.000Z,/products,GET,200,66,JP,Desktop
2025-09-23T09:57:09.000Z,/products,GET,200,38,US,Desktop
2025-09-23T09:59:04.000Z,/,GET,200,21,DE,Desktop
2025-09-23T09:59:11.000Z,/products,GET,200,74,FR,Mobile
2025-09-23T09:59:26.000Z,/api/cart,POST,404,69,US,Tablet
2025-09-23T10:01:04.000Z,/api/cart,POST,200,120,BR,Desktop
2025-09-23T10:03:22.000Z,/,GET,200,33,GB,Desktop
2025-09-23T10:03:38.000Z,/cart,GET,200,48,US,Mobile
2025-09-23T10:03:49.000Z,/products,GET,200,96,CA,Tablet
2025-09-23T10:03:58.000Z,/search,GET,200,210,FR,Desktop
2025-09-23T10:08:31.000Z,/api/checkout,POST,200,321,US,Mobile
2025-09-23T10:09:55.000Z,/account,GET,200,55,IN,Desktop
2025-09-23T10:11:02.000Z,/api/checkout,POST,304,282,US,Desktop
2025-09-23T10:12:58.000Z,/,GET,200,43,US,Desktop
2025-09-23T10:13:04.000Z,/products,GET,200,107,BR,Mobile
2025-09-23T10:15:29.000Z,/products,GET,200,87,DE,Desktop
2025-09-23T10:15:29.000Z,/api/cart,POST,200,192,US,Mobile
2025-09-23T10:16:53.000Z,/,GET,200,58,DE,Desktop
2025-09-23T10:17:01.000Z,/cart,GET,200,53,IN,Desktop
2025-09-23T10:19:31.000Z,/search,GET,200,233,US,Mobile
2025-09-23T10:21:49.000Z,/,GET,200,44,BR,Mobile
2025-09-23T10:22:49.000Z,/,GET,200,46,DE,Mobile
2025-09-23T10:27:56.000Z,/,GET,304,46,US,Mobile
2025-09-23T10:32:18.000Z,/api/cart,POST,200,77,CA,Desktop
2025-09-23T10:34:12.000Z,/,GET,200,54,CA,Desktop
2025-09-23T10:39:09.000Z,/products,GET,200,98,US,Desktop
2025-09-23T10:41:05.000Z,/products/:id,GET,200,132,DE,Desktop
2025-09-23T10:44:07.000Z,/api/checkout,POST,200,213,FR,Desktop
2025-09-23T10:44:59.000Z,/api/checkout,POST,200,331,GB,Desktop
2025-09-23T10:45:55.000Z,/products/:id,GET,200,33,GB,Desktop
2025-09-23T10:50:22.000Z,/products/:id,GET,200,64,IN,Mobile
2025-09-23T10:54:08.000Z,/products/:id,GET,200,83,US,Desktop
2025-09-23T10:57:47.000Z,/products/:id,GET,200,72,CA,Desktop
2025-09-23T10:58:33.000Z,/products,GET,200,68,BR,Mobile
2025-09-23T11:00:57.000Z,/,GET,200,46,CA,Mobile
2025-09-23T11:02:23.000Z,/api/checkout,POST,200,350,CA,Desktop
2025-09-23T11:05:50.000Z,/products/:id,GET,200,65,US,Tablet
2025-09-23T11:06:03.000Z,/account,GET,200,81,US,Desktop
2025-09-23T11:07:38.000Z,/api/checkout,POST,200,152,BR,Mobile
2025-09-23T11:08:11.000Z,/,GET,200,55,JP,Mobile
2025-09-23T11:10:20.000Z,/cart,GET,200,26,US,Desktop
2025-09-23T11:11:58.000Z,/,GET,200,38,IN,Mobile
2025-09-23T11:13:27.000Z,/cart,GET,200,64,GB,Desktop
2025-09-23T11:16:35.000Z,/account,GET,200,50,BR,Desktop
2025-09-23T11:16:46.000Z,/search,GET,200,59,US,Desktop
2025-09-23T11:17:38.000Z,/search,GET,200,96,CA,Mobile
2025-09-23T11:18:00.000Z,/products/:id,GET,200,47,US,Desktop
2025-09-23T11:19:15.000Z,/products,GET,200,108,JP,Desktop
2025-09-23T11:21:43.000Z,/api/cart,POST,200,40,US,Desktop
2025-09-23T11:25:26.000Z,/products,GET,200,212,FR,Desktop
2025-09-23T11:25:49.000Z,/,GET,200,44,BR,Mobile
2025-09-23T11:27:35.000Z,/,GET,200,28,US,Mobile
2025-09-23T11:27:48.000Z,/search,GET,200,133,DE,Mobile
2025-09-23T11:28:49.000Z,/cart,GET,200,39,GB,Desktop
2025-09-23T11:29:00.000Z,/account,GET,200,69,BR,Tablet
2025-09-23T11:31:13.000Z,/products/:id,GET,200,95,IN,Mobile
2025-09-23T11:32:15.000Z,/products/:id,GET,200,43,CA,Tablet
2025-09-23T11:34:35.000Z,/products,GET,200,28,US,Mobile
2025-09-23T11:35:48.000Z,/,GET,200,44,DE,Desktop
2025-09-23T11:35:49.000Z,/search,GET,404,172,FR,Mobile
2025-09-23T11:37:46.000Z,/,GET,200,61,JP,Desktop
2025-09-23T11:42:14.000Z,/products/:id,GET,200,45,CA,Mobile
2025-09-23T11:48:13.000Z,/products/:id,GET,200,84,US,Mobile
2025-09-23T11:50:13.000Z,/products/:id,GET,200,59,US,Mobile
2025-09-23T11:54:48.000Z,/cart,GET,200,27,CA,Desktop
2025-09-23T12:01:16.000Z,/products,GET,200,84,BR,Mobile
2025-09-23T12:01:16.000Z,/api/cart,POST,200,90,US,Desktop
2025-09-23T12:01:31.000Z,/products,GET,200,74,DE,Desktop
2025-09-23T12:02:10.000Z,/account,GET,200,100,FR,Mobile
2025-09-23T12:10:08.000Z,/products,GET,200,56,JP,Desktop
2025-09-23T12:10:34.000Z,/,GET,200,47,JP,Mobile
2025-09-23T12:10:41.000Z,/products/:id,GET,200,66,CA,Desktop
2025-09-23T12:12:42.000Z,/,GET,200,52,US,Desktop
2025-09-23T12:13:54.000Z,/api/checkout,POST,200,212,US,Mobile
2025-09-23T12:19:20.000Z,/api/cart,POST,200,114,DE,Mobile
2025-09-23T12:21:26.000Z,/search,GET,404,160,CA,Desktop
2025-09-23T12:21:30.000Z,/,GET,200,10,CA,Mobile
2025-09-23T12:21:37.000Z,/api/checkout,POST,200,244,IN,Mobile
2025-09-23T12:29:19.000Z,/products/:id,GET,200,62,US,Desktop
2025-09-23T12:30:11.000Z,/,GET,200,41,DE,Desktop
2025-09-23T12:31:00.000Z,/,GET,304,36,US,Mobile
2025-09-23T12:31:56.000Z,/api/cart,POST,200,94,US,Mobile
2025-09-23T12:34:09.000Z,/cart,GET,200,55,FR,Mobile
2025-09-23T12:34:58.000Z,/,GET,200,35,JP,Mobile
2025-09-23T12:35:12.000Z,/products/:id,GET,200,97,BR,Desktop
2025-09-23T12:37:07.000Z,/search,GET,200,249,GB,Mobile
2025-09-23T12:41:59.000Z,/,GET,200,54,US,Mobile
2025-09-23T12:42:11.000Z,/,GET,200,23,DE,Desktop
2025-09-23T12:50:28.000Z,/search,GET,200,205,BR,Desktop
2025-09-23T12:51:20.000Z,/api/cart,POST,200,67,JP,Mobile
2025-09-23T12:53:42.000Z,/,GET,404,69,US,Desktop
2025-09-23T12:56:46.000Z,/products/:id,GET,200,105,GB,Desktop
2025-09-23T12:57:15.000Z,/api/checkout,POST,200,87,US,Desktop
2025-09-23T12:58:37.000Z,/api/checkout,POST,200,191,US,Desktop
2025-09-23T13:01:42.000Z,/products,GET,200,30,DE,Desktop
2025-09-23T13:02:25.000Z,/search,GET,200,147,BR,Desktop
2025-09-23T13:02:39.000Z,/products/:id,GET,200,24,US,Mobile
2025-09-23T13:03:51.000Z,/cart,GET,200,37,CA,Desktop
2025-09-23T13:05:43.000Z,/products,GET,404,80,US,Mobile
2025-09-23T13:05:50.000Z,/products/:id,GET,200,44,GB,Desktop
2025-09-23T13:07:02.000Z,/products/:id,GET,200,67,CA,Desktop
2025-09-23T13:09:26.000Z,/products,GET,200,63,US,Mobile
2025-09-23T13:09:38.000Z,/api/checkout,POST,200,192,US,Tablet
2025-09-23T13:10:54.000Z,/products,GET,200,85,US,Desktop
2025-09-23T13:14:26.000Z,/products,GET,200,108,GB,Mobile
2025-09-23T13:15:23.000Z,/search,GET,200,269,CA,Mobile
2025-09-23T13:16:18.000Z,/search,GET,200,181,DE,Mobile
2025-09-23T13:17:00.000Z,/,GET,200,58,GB,Tablet
2025-09-23T13:18:55.000Z,/api/checkout,POST,200,171,BR,Mobile
2025-09-23T13:21:43.000Z,/search,GET,200,204,IN,Mobile
2025-09-23T13:23:39.000Z,/api/cart,POST,200,78,DE,Mobile
2025-09-23T13:23:47.000Z,/api/checkout,POST,200,298,US,Desktop
2025-09-23T13:25:05.000Z,/products,GET,200,131,IN,Desktop
2025-09-23T13:25:53.000Z,/cart,GET,304,71,FR,Desktop
2025-09-23T13:27:35.000Z,/products/:id,GET,200,61,FR,Desktop
2025-09-23T13:27:43.000Z,/,GET,200,64,US,Desktop
2025-09-23T13:28:04.000Z,/,GET,200,13,IN,Mobile
2025-09-23T13:29:26.000Z,/products,GET,200,56,US,Mobile
2025-09-23T13:33:16.000Z,/cart,GET,200,105,US,Tablet
2025-09-23T13:33:36.000Z,/cart,GET,200,95,FR,Mobile
2025-09-23T13:34:27.000Z,/cart,GET,200,62,DE,Mobile
2025-09-23T13:36:51.000Z,/products,GET,200,149,US,Mobile
2025-09-23T13:37:09.000Z,/,GET,200,44,US,Mobile
2025-09-23T13:37:45.000Z,/api/checkout,POST,200,798,CA,Mobile
2025-09-23T13:39:39.000Z,/cart,GET,404,46,IN,Mobile
2025-09-23T13:40:22.000Z,/,GET,200,72,CA,Desktop
2025-09-23T13:44:49.000Z,/,GET,200,27,BR,Desktop
2025-09-23T13:46:39.000Z,/search,GET,200,82,IN,Desktop
2025-09-23T13:48:59.000Z,/products/:id,GET,200,75,FR,Desktop
2025-09-23T13:51:31.000Z,/products,GET,200,64,GB,Desktop
2025-09-23T13:52:53.000Z,/search,GET,200,182,JP,Desktop
2025-09-23T13:54:48.000Z,/products,GET,200,66,JP,Desktop
2025-09-23T13:59:45.000Z,/cart,GET,200,66,US,Mobile
2025-09-23T14:00:35.000Z,/api/cart,POST,200,58,US,Desktop
2025-09-23T14:03:59.000Z,/products/:id,GET,200,39,CA,Desktop
2025-09-23T14:04:21.000Z,/,GET,200,62,DE,Mobile
2025-09-23T14:07:11.000Z,/products/:id,GET,200,86,US,Desktop
2025-09-23T14:08:02.000Z,/products,GET,304,32,US,Mobile
2025-09-23T14:08:34.000Z,/products,GET,200,73,DE,Desktop
2025-09-23T14:08:38.000Z,/cart,GET,200,61,US,Mobile
2025-09-23T14:08:40.000Z,/products,GET,200,269,IN,Desktop
2025-09-23T14:09:58.000Z,/products,GET,200,165,GB,Mobile
2025-09-23T14:12:38.000Z,/cart,GET,200,68,JP,Tablet
2025-09-23T14:13:34.000Z,/,GET,200,117,US,Desktop
2025-09-23T14:17:09.000Z,/,GET,200,38,US,Desktop
2025-09-23T14:17:27.000Z,/products/:id,GET,200,50,US,Tablet
2025-09-23T14:19:21.000Z,/products,GET,200,66,US,Desktop
2025-09-23T14:22:19.000Z,/,GET,200,101,GB,Desktop
2025-09-23T14:22:31.000Z,/products/:id,GET,200,63,CA,Mobile
2025-09-23T14:26:45.000Z,/,GET,200,52,GB,Mobile
2025-09-23T14:30:22.000Z,/products/:id,GET,200,64,DE,Mobile
2025-09-23T14:31:21.000Z,/,GET,200,45,GB,Mobile
2025-09-23T14:36:07.000Z,/products/:id,GET,200,101,CA,Desktop
2025-09-23T14:40:03.000Z,/,GET,404,38,IN,Desktop
2025-09-23T14:44:26.000Z,/products,GET,200,47,CA,Mobile
2025-09-23T14:47:37.000Z,/products,GET,304,111,US,Mobile
2025-09-23T14:49:18.000Z,/products/:id,GET,200,103,FR,Mobile
2025-09-23T14:54:24.000Z,/products,GET,200,67,US,Desktop
2025-09-23T14:54:54.000Z,/cart,GET,200,77,DE,Desktop
2025-09-23T14:56:16.000Z,/products/:id,GET,200,101,BR,Desktop
2025-09-23T15:00:03.000Z,/products,GET,200,95,JP,Mobile
2025-09-23T15:00:23.000Z,/api/checkout,POST,200,188,FR,Mobile
2025-09-23T15:05:11.000Z,/api/cart,POST,200,109,IN,Mobile
2025-09-23T15:06:09.000Z,/api/checkout,POST,404,234,IN,Mobile
2025-09-23T15:06:29.000Z,/products/:id,GET,200,29,IN,Desktop
2025-09-23T15:14:14.000Z,/products/:id,GET,200,49,US,Tablet
2025-09-23T15:15:36.000Z,/,GET,200,41,BR,Mobile
2025-09-23T15:17:59.000Z,/api/checkout,POST,200,260,IN,Desktop
2025-09-23T15:18:15.000Z,/search,GET,200,82,US,Desktop
2025-09-23T15:18:15.000Z,/products,GET,200,120,US,Desktop
2025-09-23T15:20:15.000Z,/,GET,200,70,US,Mobile
2025-09-23T15:23:12.000Z,/account,GET,200,41,IN,Desktop
2025-09-23T15:26:25.000Z,/products/:id,GET,200,32,CA,Tablet
2025-09-23T15:29:23.000Z,/,GET,200,44,DE,Mobile
2025-09-23T15:29:25.000Z,/products/:id,GET,200,50,IN,Desktop
2025-09-23T15:30:27.000Z,/products,GET,200,74,IN,Desktop
2025-09-23T15:30:52.000Z,/products/:id,GET,200,75,US,Desktop
2025-09-23T15:35:09.000Z,/,GET,200,35,GB,Mobile
2025-09-23T15:36:57.000Z,/api/cart,POST,200,94,FR,Mobile
2025-09-23T15:37:37.000Z,/products/:id,GET,200,84,US,Mobile
2025-09-23T15:38:52.000Z,/cart,GET,200,34,CA,Mobile
2025-09-23T15:39:20.000Z,/api/cart,POST,200,75,GB,Desktop
2025-09-23T15:41:26.000Z,/api/cart,POST,304,102,JP,Mobile
2025-09-23T15:43:29.000Z,/products,GET,200,105,IN,Desktop
2025-09-23T15:43:30.000Z,/products,GET,200,72,BR,Mobile
2025-09-23T15:46:05.000Z,/search,GET,200,152,GB,Tablet
2025-09-23T15:46:34.000Z,/products,GET,200,52,BR,Desktop
2025-09-23T15:46:36.000Z,/products/:id,GET,200,145,JP,Mobile
2025-09-23T15:52:12.000Z,/cart,GET,200,19,US,Tablet
2025-09-23T15:55:27.000Z,/cart,GET,304,55,US,Tablet
2025-09-23T15:56:38.000Z,/products,GET,200,98,US,Mobile
2025-09-23T15:56:44.000Z,/products/:id,GET,200,60,US,Desktop
2025-09-23T15:59:24.000Z,/products/:id,GET,200,96,US,Mobile
2025-09-23T16:03:36.000Z,/,GET,200,46,CA,Mobile
2025-09-23T16:14:17.000Z,/products,GET,200,126,JP,Desktop
2025-09-23T16:15:45.000Z,/,GET,304,39,FR,Mobile
2025-09-23T16:16:16.000Z,/products,GET,304,207,US,Mobile
2025-09-23T16:18:04.000Z,/api/cart,POST,200,73,IN,Desktop
2025-09-23T16:19:41.000Z,/api/cart,POST,200,241,DE,Mobile
2025-09-23T16:20:55.000Z,/search,GET,200,165,CA,Desktop
2025-09-23T16:23:55.000Z,/cart,GET,200,106,DE,Desktop
2025-09-23T16:26:35.000Z,/products,GET,200,63,US,Desktop
2025-09-23T16:30:29.000Z,/cart,GET,200,99,IN,Mobile
2025-09-23T16:33:36.000Z,/account,GET,200,111,JP,Desktop
2025-09-23T16:34:59.000Z,/api/cart,POST,200,113,FR,Desktop
2025-09-23T16:35:15.000Z,/api/checkout,POST,200,461,US,Desktop
2025-09-23T16:36:08.000Z,/,GET,200,33,IN,Mobile
2025-09-23T16:41:43.000Z,/products/:id,GET,200,67,CA,Desktop
2025-09-23T16:42:06.000Z,/,GET,200,32,BR,Desktop
2025-09-23T16:42:08.000Z,/products/:id,GET,200,66,IN,Mobile
2025-09-23T16:44:51.000Z,/api/checkout,POST,200,473,US,Mobile
2025-09-23T16:47:35.000Z,/api/cart,POST,200,63,US,Tablet
2025-09-23T16:50:01.000Z,/api/cart,POST,200,66,CA,Desktop
2025-09-23T16:51:58.000Z,/,GET,200,51,IN,Desktop
2025-09-23T16:58:05.000Z,/,GET,200,59,US,Desktop
2025-09-23T16:58:12.000Z,/search,GET,200,160,JP,Mobile
2025-09-23T17:02:35.000Z,/products/:id,GET,200,49,GB,Mobile
2025-09-23T17:03:44.000Z,/search,GET,200,110,FR,Mobile
2025-09-23T17:04:35.000Z,/products,GET,200,107,IN,Mobile
2025-09-23T17:06:50.000Z,/account,GET,200,102,GB,Mobile
2025-09-23T17:07:28.000Z,/products,GET,200,65,US,Tablet
2025-09-23T17:10:28.000Z,/,GET,200,64,GB,Mobile
2025-09-23T17:12:35.000Z,/products/:id,GET,200,90,JP,Mobile
2025-09-23T17:13:36.000Z,/cart,GET,200,32,US,Tablet
2025-09-23T17:13:55.000Z,/,GET,404,79,US,Mobile
2025-09-23T17:19:15.000Z,/search,GET,200,131,US,Mobile
2025-09-23T17:24:56.000Z,/products,GET,200,73,JP,Desktop
2025-09-23T17:24:57.000Z,/api/checkout,POST,200,206,US,Mobile
2025-09-23T17:25:44.000Z,/,GET,200,85,IN,Desktop
2025-09-23T17:25:47.000Z,/products/:id,GET,200,79,CA,Tablet
2025-09-23T17:27:15.000Z,/products/:id,GET,200,104,DE,Mobile
2025-09-23T17:31:27.000Z,/products/:id,GET,200,109,US,Desktop
2025-09-23T17:33:57.000Z,/products/:id,GET,200,50,GB,Mobile
2025-09-23T17:40:07.000Z,/,GET,200,47,DE,Desktop
2025-09-23T17:43:38.000Z,/search,GET,200,129,DE,Desktop
2025-09-23T17:44:52.000Z,/api/checkout,POST,200,209,BR,Desktop
2025-09-23T17:45:18.000Z,/products,GET,200,79,US,Desktop
2025-09-23T17:48:00.000Z,/products,GET,304,97,US,Mobile
2025-09-23T17:51:21.000Z,/,GET,304,35,US,Mobile
2025-09-23T17:52:47.000Z,/products/:id,GET,200,101,US,Tablet
2025-09-23T17:54:16.000Z,/products,GET,200,68,JP,Desktop
2025-09-23T17:55:20.000Z,/search,GET,200,280,IN,Desktop
2025-09-23T17:56:23.000Z,/api/cart,POST,200,82,BR,Mobile
2025-09-23T18:02:01.000Z,/,GET,200,77,IN,Mobile
2025-09-23T18:02:32.000Z,/search,GET,200,100,US,Desktop
2025-09-23T18:04:16.000Z,/products/:id,GET,200,47,DE,Desktop
2025-09-23T18:06:40.000Z,/products,GET,200,102,CA,Mobile
2025-09-23T18:11:36.000Z,/products/:id,GET,200,59,US,Mobile
2025-09-23T18:12:14.000Z,/products,GET,200,144,DE,Mobile
2025-09-23T18:12:46.000Z,/account,GET,200,63,IN,Mobile
2025-09-23T18:18:10.000Z,/,GET,200,46,JP,Desktop
2025-09-23T18:19:16.000Z,/products/:id,GET,404,73,IN,Desktop
2025-09-23T18:23:06.000Z,/cart,GET,200,50,US,Desktop
2025-09-23T18:27:48.000Z,/products,GET,200,57,IN,Mobile
2025-09-23T18:27:55.000Z,/products/:id,GET,200,94,GB,Mobile
2025-09-23T18:29:31.000Z,/products,GET,200,113,IN,Mobile
2025-09-23T18:30:37.000Z,/search,GET,200,128,US,Mobile
2025-09-23T18:35:24.000Z,/cart,GET,200,40,US,Desktop
2025-09-23T18:36:59.000Z,/cart,GET,401,40,US,Mobile
2025-09-23T18:39:17.000Z,/,GET,200,20,US,Desktop
2025-09-23T18:40:00.000Z,/,GET,404,51,IN,Desktop
2025-09-23T18:45:45.000Z,/products/:id,GET,200,43,US,Desktop
2025-09-23T18:48:11.000Z,/cart,GET,200,38,IN,Desktop
2025-09-23T18:51:16.000Z,/,GET,200,27,DE,Desktop
2025-09-23T18:52:44.000Z,/api/cart,POST,200,90,US,Mobile
2025-09-23T18:55:18.000Z,/,GET,200,59,DE,Mobile
2025-09-23T19:01:37.000Z,/products/:id,GET,200,47,JP,Mobile
2025-09-23T19:01:53.000Z,/products,GET,200,85,US,Mobile
2025-09-23T19:02:59.000Z,/products,GET,200,104,FR,Mobile
2025-09-23T19:03:07.000Z,/products/:id,GET,200,72,US,Desktop
2025-09-23T19:08:35.000Z,/,GET,200,30,IN,Desktop
2025-09-23T19:15:37.000Z,/cart,GET,200,43,FR,Desktop
2025-09-23T19:18:41.000Z,/account,GET,200,124,US,Mobile
2025-09-23T19:21:58.000Z,/,GET,200,85,BR,Desktop
2025-09-23T19:24:17.000Z,/products,GET,200,95,US,Mobile
2025-09-23T19:31:35.000Z,/,GET,200,91,US,Desktop
2025-09-23T19:41:55.000Z,/products/:id,GET,200,36,FR,Mobile
2025-09-23T19:43:31.000Z,/products/:id,GET,200,33,US,Mobile
2025-09-23T19:44:26.000Z,/products,GET,200,210,CA,Mobile
2025-09-23T19:46:28.000Z,/,GET,200,13,DE,Mobile
2025-09-23T19:46:34.000Z,/api/checkout,POST,200,439,GB,Desktop
2025-09-23T19:49:31.000Z,/,GET,200,89,JP,Mobile
2025-09-23T19:55:48.000Z,/,GET,200,31,US,Mobile
2025-09-23T19:58:36.000Z,/api/cart,POST,200,122,US,Mobile
2025-09-23T20:04:02.000Z,/,GET,200,24,US,Desktop
2025-09-23T20:09:18.000Z,/api/checkout,POST,200,180,JP,Mobile
2025-09-23T20:11:44.000Z,/,GET,200,57,DE,Mobile
2025-09-23T20:16:26.000Z,/api/cart,POST,200,33,US,Mobile
2025-09-23T20:20:27.000Z,/products,GET,200,53,IN,Mobile
2025-09-23T20:24:51.000Z,/search,GET,200,167,US,Desktop
2025-09-23T20:31:20.000Z,/cart,GET,200,82,DE,Mobile
2025-09-23T20:38:23.000Z,/,GET,200,88,BR,Tablet
2025-09-23T20:39:27.000Z,/products/:id,GET,200,89,BR,Mobile
2025-09-23T20:42:11.000Z,/api/checkout,POST,200,312,IN,Desktop
2025-09-23T20:45:54.000Z,/api/checkout,POST,200,232,US,Mobile
2025-09-23T20:52:51.000Z,/products,GET,200,96,US,Desktop
2025-09-23T21:01:08.000Z,/products,GET,200,135,JP,Mobile
2025-09-23T21:05:41.000Z,/,GET,200,57,US,Mobile
2025-09-23T21:06:03.000Z,/cart,GET,404,57,GB,Desktop
2025-09-23T21:17:24.000Z,/api/checkout,POST,200,130,US,Desktop
2025-09-23T21:19:46.000Z,/,GET,200,39,IN,Mobile
2025-09-23T21:20:21.000Z,/api/checkout,POST,304,232,DE,Mobile
2025-09-23T21:22:55.000Z,/api/checkout,POST,304,199,DE,Mobile
2025-09-23T21:29:14.000Z,/cart,GET,200,52,DE,Desktop
2025-09-23T21:32:59.000Z,/products,GET,200,80,US,Desktop
2025-09-23T21:38:14.000Z,/api/checkout,POST,200,333,US,Desktop
2025-09-23T21:43:03.000Z,/api/cart,POST,200,77,IN,Tablet
2025-09-23T21:47:02.000Z,/search,GET,200,155,FR,Mobile
2025-09-23T21:47:09.000Z,/products,GET,200,80,US,Desktop
2025-09-23T21:49:12.000Z,/products/:id,GET,200,33,US,Mobile
2025-09-23T21:50:40.000Z,/,GET,200,48,CA,Mobile
2025-09-23T21:51:29.000Z,/search,GET,200,169,DE,Desktop
2025-09-23T21:55:30.000Z,/api/checkout,POST,200,453,GB,Desktop
2025-09-23T22:05:12.000Z,/,GET,200,43,FR,Desktop
2025-09-23T22:07:20.000Z,/,GET,200,72,US,Mobile
2025-09-23T22:08:32.000Z,/,GET,404,68,BR,Desktop
2025-09-23T22:10:53.000Z,/products,GET,200,28,FR,Desktop
2025-09-23T22:13:36.000Z,/,GET,200,25,FR,Desktop
2025-09-23T22:13:46.000Z,/,GET,304,52,GB,Desktop
2025-09-23T22:15:42.000Z,/products,GET,200,198,FR,Mobile
2025-09-23T22:17:51.000Z,/cart,GET,200,42,US,Mobile
2025-09-23T22:19:20.000Z,/api/checkout,POST,200,295,JP,Mobile
2025-09-23T22:32:35.000Z,/api/cart,POST,200,53,US,Desktop
2025-09-23T22:41:09.000Z,/products,GET,200,93,BR,Mobile
2025-09-23T22:42:27.000Z,/,GET,200,38,GB,Desktop
2025-09-23T22:51:54.000Z,/products,GET,200,151,GB,Desktop
2025-09-23T23:14:06.000Z,/api/cart,POST,200,101,US,Mobile
2025-09-23T23:14:48.000Z,/,GET,200,40,IN,Mobile
2025-09-23T23:15:07.000Z,/products,GET,200,120,JP,Mobile
2025-09-23T23:15:35.000Z,/products,GET,200,110,US,Desktop
2025-09-23T23:18:08.000Z,/search,GET,200,495,CA,Desktop
2025-09-23T23:18:23.000Z,/,GET,200,40,US,Desktop
2025-09-23T23:31:06.000Z,/cart,GET,200,44,DE,Mobile
2025-09-23T23:34:01.000Z,/products,GET,200,69,US,Mobile
2025-09-23T23:45:24.000Z,/account,GET,200,231,JP,Desktop
2025-09-23T23:46:44.000Z,/search,GET,200,72,GB,Desktop
2025-09-23T23:52:21.000Z,/products/:id,GET,200,67,DE,Desktop
2025-09-23T23:57:14.000Z,/products/:id,GET,200,53,US,Mobile
2025-09-23T23:57:23.000Z,/account,GET,304,49,US,Mobile
2025-09-23T23:59:02.000Z,/products,GET,200,163,US,Desktop
2025-09-24T00:00:17.000Z,/,GET,200,45,BR,Desktop
2025-09-24T00:06:30.000Z,/products/:id,GET,200,57,US,Mobile
2025-09-24T00:07:40.000Z,/products/:id,GET,200,70,US,Desktop
2025-09-24T00:15:41.000Z,/products/:id,GET,200,51,DE,Desktop
2025-09-24T00:32:17.000Z,/account,GET,200,118,IN,Mobile
2025-09-24T00:34:48.000Z,/api/checkout,POST,200,216,FR,Desktop
2025-09-24T00:51:41.000Z,/products/:id,GET,200,113,US,Mobile
2025-09-24T01:02:38.000Z,/api/checkout,POST,200,132,US,Desktop
2025-09-24T01:07:08.000Z,/api/cart,POST,200,104,DE,Mobile
2025-09-24T01:10:40.000Z,/products,GET,200,109,US,Mobile
2025-09-24T01:11:10.000Z,/api/checkout,POST,200,159,DE,Desktop
2025-09-24T01:27:43.000Z,/,GET,200,42,GB,Mobile
2025-09-24T01:27:46.000Z,/,GET,200,35,DE,Mobile
2025-09-24T01:41:36.000Z,/search,GET,404,150,CA,Mobile
2025-09-24T01:42:37.000Z,/products,GET,200,142,US,Desktop
2025-09-24T01:45:02.000Z,/search,GET,200,103,US,Mobile
2025-09-24T01:45:31.000Z,/products/:id,GET,200,109,CA,Mobile
2025-09-24T01:48:32.000Z,/products,GET,200,80,IN,Desktop
2025-09-24T01:53:25.000Z,/,GET,200,39,US,Desktop
2025-09-24T01:54:00.000Z,/products/:id,GET,200,50,US,Mobile
2025-09-24T01:55:11.000Z,/api/cart,POST,200,207,DE,Tablet
2025-09-24T01:58:43.000Z,/products,GET,200,112,CA,Desktop
2025-09-24T02:01:38.000Z,/,GET,200,137,DE,Mobile
2025-09-24T02:01:52.000Z,/products/:id,GET,200,82,GB,Mobile
2025-09-24T02:02:10.000Z,/search,GET,200,128,GB,Mobile
2025-09-24T02:03:51.000Z,/products,GET,200,164,CA,Desktop
2025-09-24T02:07:39.000Z,/api/cart,POST,200,94,US,Desktop
2025-09-24T02:19:35.000Z,/api/cart,POST,200,39,IN,Tablet
2025-09-24T02:20:18.000Z,/search,GET,200,139,BR,Desktop
2025-09-24T02:26:40.000Z,/cart,GET,200,60,US,Tablet
2025-09-24T02:27:25.000Z,/api/cart,POST,200,83,GB,Mobile
2025-09-24T02:37:44.000Z,/,GET,200,35,US,Desktop
2025-09-24T02:38:37.000Z,/search,GET,200,182,GB,Desktop
2025-09-24T02:41:08.000Z,/products,GET,200,112,US,Mobile
2025-09-24T02:48:32.000Z,/products,GET,200,135,IN,Mobile
2025-09-24T02:50:53.000Z,/products/:id,GET,200,57,US,Mobile
2025-09-24T02:51:16.000Z,/products/:id,GET,200,136,US,Desktop
2025-09-24T02:58:40.000Z,/search,GET,200,108,US,Desktop
2025-09-24T03:00:51.000Z,/products,GET,200,87,US,Mobile
2025-09-24T03:01:06.000Z,/products,GET,200,199,US,Mobile
2025-09-24T03:05:15.000Z,/,GET,200,26,IN,Desktop
2025-09-24T03:06:34.000Z,/,GET,200,65,CA,Desktop
2025-09-24T03:06:52.000Z,/,GET,200,96,CA,Mobile
2025-09-24T03:16:37.000Z,/,GET,200,23,US,Tablet
2025-09-24T03:39:24.000Z,/,GET,200,86,US,Mobile
2025-09-24T03:40:50.000Z,/api/checkout,POST,200,186,GB,Mobile
2025-09-24T03:44:22.000Z,/products,GET,404,61,US,Mobile
2025-09-24T03:53:08.000Z,/products/:id,GET,200,87,IN,Mobile
2025-09-24T03:54:00.000Z,/,GET,200,43,BR,Mobile
2025-09-24T03:58:15.000Z,/,GET,200,67,GB,Mobile
2025-09-24T04:00:18.000Z,/search,GET,200,171,DE,Mobile
2025-09-24T04:06:10.000Z,/products,GET,200,45,JP,Desktop
2025-09-24T04:16:34.000Z,/cart,GET,200,129,DE,Desktop
2025-09-24T04:29:27.000Z,/,GET,200,48,US,Mobile
2025-09-24T04:30:01.000Z,/products,GET,200,94,US,Desktop
2025-09-24T04:31:58.000Z,/products,GET,200,110,CA,Desktop
2025-09-24T04:38:03.000Z,/products,GET,200,40,US,Mobile
2025-09-24T04:50:45.000Z,/cart,GET,200,65,US,Desktop
2025-09-24T04:51:48.000Z,/,GET,200,25,FR,Tablet
2025-09-24T04:56:52.000Z,/products,GET,200,97,BR,Desktop
2025-09-24T04:56:52.000Z,/search,GET,200,142,DE,Mobile
2025-09-24T04:56:56.000Z,/cart,GET,304,94,US,Mobile
2025-09-24T04:57:33.000Z,/,GET,200,46,CA,Mobile
2025-09-24T05:02:45.000Z,/api/checkout,POST,200,165,GB,Desktop
2025-09-24T05:14:03.000Z,/cart,GET,200,64,FR,Tablet
2025-09-24T05:15:15.000Z,/products,GET,200,103,FR,Mobile
2025-09-24T05:15:23.000Z,/cart,GET,200,50,US,Desktop
2025-09-24T05:16:50.000Z,/,GET,200,22,FR,Desktop
2025-09-24T05:23:49.000Z,/cart,GET,200,62,BR,Mobile
2025-09-24T05:25:11.000Z,/cart,GET,200,38,US,Mobile
2025-09-24T05:30:18.000Z,/products,GET,200,69,GB,Mobile
2025-09-24T05:31:20.000Z,/api/checkout,POST,200,188,GB,Desktop
2025-09-24T05:38:50.000Z,/search,GET,404,140,US,Desktop
2025-09-24T05:39:11.000Z,/products,GET,200,52,CA,Mobile
2025-09-24T05:40:20.000Z,/search,GET,200,184,JP,Mobile
2025-09-24T05:41:25.000Z,/cart,GET,200,49,GB,Mobile
2025-09-24T05:48:34.000Z,/cart,GET,200,119,JP,Desktop
2025-09-24T05:48:40.000Z,/search,GET,304,311,BR,Mobile
2025-09-24T05:50:11.000Z,/account,GET,200,111,US,Desktop
2025-09-24T05:52:49.000Z,/products,GET,200,101,FR,Desktop
2025-09-24T05:54:46.000Z,/api/cart,POST,304,146,GB,Desktop
2025-09-24T05:55:15.000Z,/account,GET,200,95,FR,Desktop
2025-09-24T06:03:59.000Z,/products/:id,GET,200,50,JP,Tablet
2025-09-24T06:07:26.000Z,/search,GET,200,96,US,Desktop
2025-09-24T06:12:03.000Z,/api/cart,POST,200,135,GB,Tablet
2025-09-24T06:12:57.000Z,/cart,GET,200,29,FR,Desktop
2025-09-24T06:13:35.000Z,/api/checkout,POST,200,355,CA,Mobile
2025-09-24T06:19:37.000Z,/,GET,200,39,CA,Mobile
2025-09-24T06:23:03.000Z,/,GET,200,75,JP,Mobile
2025-09-24T06:28:42.000Z,/products/:id,GET,200,28,US,Desktop
2025-09-24T06:28:46.000Z,/products/:id,GET,200,46,US,Desktop
2025-09-24T06:30:39.000Z,/api/cart,POST,401,100,JP,Mobile
2025-09-24T06:32:13.000Z,/,GET,200,61,GB,Mobile
2025-09-24T06:35:29.000Z,/,GET,200,62,IN,Mobile
2025-09-24T06:44:04.000Z,/search,GET,200,126,DE,Desktop
2025-09-24T06:44:24.000Z,/api/checkout,POST,200,183,IN,Mobile
2025-09-24T06:45:00.000Z,/products/:id,GET,200,63,DE,Mobile
2025-09-24T06:51:31.000Z,/api/checkout,POST,200,185,FR,Desktop
2025-09-24T06:58:13.000Z,/,GET,200,66,US,Mobile
2025-09-24T07:00:56.000Z,/products,GET,200,68,IN,Mobile
2025-09-24T07:03:06.000Z,/products,GET,200,92,CA,Tablet
2025-09-24T07:06:52.000Z,/search,GET,200,198,FR,Desktop
2025-09-24T07:08:52.000Z,/search,GET,200,130,US,Desktop
2025-09-24T07:13:51.000Z,/search,GET,200,153,BR,Mobile
2025-09-24T07:14:36.000Z,/search,GET,200,136,BR,Mobile
2025-09-24T07:21:17.000Z,/cart,GET,200,33,JP,Tablet
2025-09-24T07:22:05.000Z,/products/:id,GET,200,135,GB,Mobile
2025-09-24T07:24:23.000Z,/products/:id,GET,200,56,FR,Mobile
2025-09-24T07:26:44.000Z,/search,GET,200,60,JP,Mobile
2025-09-24T07:28:00.000Z,/,GET,200,23,JP,Desktop
2025-09-24T07:28:31.000Z,/search,GET,200,199,US,Desktop
2025-09-24T07:29:54.000Z,/products/:id,GET,200,80,US,Desktop
2025-09-24T07:30:06.000Z,/search,GET,200,85,DE,Desktop
2025-09-24T07:30:39.000Z,/cart,GET,200,99,CA,Mobile
2025-09-24T07:33:27.000Z,/products/:id,GET,200,132,IN,Desktop
2025-09-24T07:36:55.000Z,/account,GET,200,58,US,Mobile
2025-09-24T07:37:00.000Z,/products,GET,200,60,US,Mobile
2025-09-24T07:38:24.000Z,/api/checkout,POST,200,361,US,Desktop
2025-09-24T07:39:56.000Z,/products/:id,GET,200,188,US,Mobile
2025-09-24T07:39:58.000Z,/api/cart,POST,200,119,FR,Desktop
2025-09-24T07:49:16.000Z,/api/checkout,POST,200,122,JP,Mobile
2025-09-24T07:51:24.000Z,/search,GET,200,186,US,Desktop
2025-09-24T07:52:16.000Z,/,GET,200,40,FR,Mobile
2025-09-24T07:52:54.000Z,/api/checkout,POST,200,145,US,Mobile
2025-09-24T07:54:33.000Z,/cart,GET,200,33,IN,Mobile
2025-09-24T07:56:35.000Z,/products,GET,200,175,US,Tablet
2025-09-24T07:56:35.000Z,/cart,GET,404,45,GB,Desktop
2025-09-24T08:01:21.000Z,/,GET,200,40,US,Mobile
2025-09-24T08:01:59.000Z,/products,GET,200,130,CA,Desktop
2025-09-24T08:06:05.000Z,/search,GET,200,78,IN,Desktop
2025-09-24T08:06:13.000Z,/api/cart,POST,200,69,US,Mobile
2025-09-24T08:07:50.000Z,/products/:id,GET,200,74,FR,Tablet
2025-09-24T08:08:19.000Z,/products,GET,200,297,US,Mobile
2025-09-24T08:11:00.000Z,/,GET,200,44,IN,Desktop
2025-09-24T08:16:31.000Z,/products,GET,200,93,US,Desktop
2025-09-24T08:19:09.000Z,/,GET,200,51,US,Desktop
2025-09-24T08:21:20.000Z,/cart,GET,200,72,IN,Mobile
2025-09-24T08:22:20.000Z,/products/:id,GET,200,65,JP,Mobile
2025-09-24T08:25:56.000Z,/products,GET,200,78,IN,Desktop
2025-09-24T08:29:43.000Z,/products/:id,GET,200,67,DE,Mobile
2025-09-24T08:33:38.000Z,/products/:id,GET,200,116,CA,Mobile
2025-09-24T08:35:05.000Z,/,GET,200,30,IN,Desktop
2025-09-24T08:35:13.000Z,/products,GET,200,130,US,Mobile
2025-09-24T08:35:45.000Z,/products,GET,200,121,JP,Mobile
2025-09-24T08:36:12.000Z,/products/:id,GET,200,40,US,Mobile
2025-09-24T08:36:43.000Z,/products,GET,200,94,US,Mobile
2025-09-24T08:36:57.000Z,/,GET,200,47,CA,Mobile
2025-09-24T08:38:21.000Z,/search,GET,200,126,FR,Desktop
2025-09-24T08:39:28.000Z,/api/checkout,POST,200,144,FR,Mobile
2025-09-24T08:41:48.000Z,/products/:id,GET,200,58,FR,Mobile
2025-09-24T08:42:55.000Z,/search,GET,200,173,US,Mobile
2025-09-24T08:43:46.000Z,/,GET,200,52,US,Mobile
2025-09-24T08:45:31.000Z,/,GET,200,38,DE,Mobile
2025-09-24T08:49:35.000Z,/,GET,200,49,BR,Desktop
2025-09-24T08:57:59.000Z,/search,GET,200,112,US,Mobile
2025-09-24T08:58:41.000Z,/search,GET,200,185,US,Mobile
2025-09-24T09:03:15.000Z,/products,GET,200,122,JP,Mobile
2025-09-24T09:05:47.000Z,/cart,GET,200,33,JP,Desktop
2025-09-24T09:06:12.000Z,/products/:id,GET,200,105,US,Mobile
2025-09-24T09:07:36.000Z,/,GET,200,134,FR,Desktop
2025-09-24T09:07:41.000Z,/products/:id,GET,200,28,US,Desktop
2025-09-24T09:08:51.000Z,/products/:id,GET,401,30,US,Mobile
2025-09-24T09:10:11.000Z,/api/checkout,POST,200,340,CA,Desktop
2025-09-24T09:13:48.000Z,/products,GET,304,80,GB,Mobile
2025-09-24T09:15:52.000Z,/products,GET,200,36,DE,Desktop
2025-09-24T09:17:06.000Z,/,GET,200,74,CA,Mobile
2025-09-24T09:18:00.000Z,/products,GET,200,91,US,Desktop
2025-09-24T09:24:46.000Z,/products,GET,200,86,GB,Desktop
2025-09-24T09:25:54.000Z,/search,GET,200,177,IN,Desktop
2025-09-24T09:29:01.000Z,/cart,GET,200,25,IN,Mobile
2025-09-24T09:32:22.000Z,/,GET,200,44,DE,Desktop
2025-09-24T09:33:16.000Z,/cart,GET,200,64,US,Mobile
2025-09-24T09:37:39.000Z,/products/:id,GET,200,79,BR,Mobile
2025-09-24T09:41:58.000Z,/,GET,200,38,US,Mobile
2025-09-24T09:44:42.000Z,/,GET,200,24,US,Desktop
2025-09-24T09:48:12.000Z,/cart,GET,200,75,IN,Desktop
2025-09-24T09:52:36.000Z,/products/:id,GET,200,73,GB,Mobile
2025-09-24T09:55:10.000Z,/products,GET,200,86,US,Desktop
2025-09-24T09:55:13.000Z,/products,GET,200,63,IN,Desktop
2025-09-24T10:01:40.000Z,/search,GET,200,328,BR,Mobile
2025-09-24T10:02:45.000Z,/products/:id,GET,200,62,US,Mobile
2025-09-24T10:08:03.000Z,/api/cart,POST,200,135,GB,Desktop
2025-09-24T10:08:35.000Z,/,GET,200,87,IN,Tablet
2025-09-24T10:08:39.000Z,/,GET,200,84,US,Mobile
2025-09-24T10:09:10.000Z,/,GET,200,59,FR,Desktop
2025-09-24T10:09:31.000Z,/search,GET,200,87,US,Desktop
2025-09-24T10:13:57.000Z,/search,GET,200,205,CA,Mobile
2025-09-24T10:14:43.000Z,/api/cart,POST,200,68,FR,Mobile
2025-09-24T10:15:22.000Z,/api/cart,POST,200,198,US,Desktop
2025-09-24T10:16:50.000Z,/search,GET,200,188,JP,Tablet
2025-09-24T10:22:38.000Z,/products/:id,GET,200,43,IN,Mobile
2025-09-24T10:23:54.000Z,/products/:id,GET,200,23,US,Mobile
2025-09-24T10:25:16.000Z,/,GET,200,31,FR,Mobile
2025-09-24T10:27:58.000Z,/search,GET,200,67,IN,Mobile
2025-09-24T10:29:22.000Z,/products,GET,200,146,DE,Desktop
2025-09-24T10:30:17.000Z,/api/checkout,POST,200,236,US,Desktop
2025-09-24T10:30:51.000Z,/cart,GET,200,109,CA,Desktop
2025-09-24T10:36:15.000Z,/products/:id,GET,200,64,DE,Mobile
2025-09-24T10:38:13.000Z,/,GET,200,75,IN,Mobile
2025-09-24T10:45:06.000Z,/,GET,200,36,US,Desktop
2025-09-24T10:45:30.000Z,/api/checkout,POST,200,180,US,Desktop
2025-09-24T10:45:35.000Z,/,GET,200,66,GB,Mobile
2025-09-24T10:47:42.000Z,/products/:id,GET,200,57,JP,Mobile
2025-09-24T10:49:43.000Z,/,GET,200,23,JP,Desktop
2025-09-24T10:55:20.000Z,/products/:id,GET,200,58,IN,Mobile
2025-09-24T11:08:00.000Z,/api/cart,POST,200,78,IN,Desktop
2025-09-24T11:08:34.000Z,/products,GET,200,96,GB,Desktop
2025-09-24T11:08:37.000Z,/search,GET,200,165,US,Desktop
2025-09-24T11:09:12.000Z,/,GET,200,42,GB,Mobile
2025-09-24T11:18:27.000Z,/api/cart,POST,200,147,DE,Mobile
2025-09-24T11:19:42.000Z,/products/:id,GET,200,91,US,Mobile
2025-09-24T11:21:26.000Z,/products/:id,GET,200,66,US,Mobile
2025-09-24T11:23:03.000Z,/cart,GET,200,56,US,Desktop
2025-09-24T11:23:07.000Z,/products,GET,200,111,FR,Mobile
2025-09-24T11:24:32.000Z,/products,GET,200,121,GB,Mobile
2025-09-24T11:24:37.000Z,/,GET,200,25,DE,Mobile
2025-09-24T11:25:35.000Z,/api/checkout,POST,200,209,US,Desktop
2025-09-24T11:28:32.000Z,/,GET,200,55,FR,Desktop
2025-09-24T11:29:27.000Z,/api/cart,POST,200,231,US,Mobile
2025-09-24T11:33:00.000Z,/cart,GET,200,87,US,Mobile
2025-09-24T11:33:52.000Z,/,GET,200,27,BR,Desktop
2025-09-24T11:37:59.000Z,/api/cart,POST,200,114,US,Mobile
2025-09-24T11:48:29.000Z,/,GET,200,26,FR,Mobile
2025-09-24T11:49:29.000Z,/products,GET,200,139,DE,Mobile
2025-09-24T11:49:58.000Z,/products/:id,GET,200,97,BR,Mobile
2025-09-24T11:50:29.000Z,/cart,GET,200,77,CA,Desktop
2025-09-24T11:52:25.000Z,/cart,GET,200,37,US,Mobile
2025-09-24T11:54:02.000Z,/products/:id,GET,200,39,US,Mobile
2025-09-24T11:54:18.000Z,/products,GET,200,120,CA,Desktop
2025-09-24T11:55:07.000Z,/products,GET,200,108,FR,Desktop
2025-09-24T11:56:23.000Z,/,GET,200,79,US,Mobile
2025-09-24T11:56:55.000Z,/,GET,200,45,US,Desktop
2025-09-24T11:57:20.000Z,/,GET,200,33,US,Desktop
2025-09-24T11:58:40.000Z,/products,GET,200,62,US,Desktop
2025-09-24T12:00:48.000Z,/products,GET,200,82,JP,Desktop
2025-09-24T12:03:50.000Z,/products,GET,200,59,DE,Desktop
2025-09-24T12:03:51.000Z,/cart,GET,404,33,FR,Mobile
2025-09-24T12:05:11.000Z,/products,GET,304,77,DE,Desktop
2025-09-24T12:07:01.000Z,/products/:id,GET,200,57,BR,Mobile
2025-09-24T12:07:29.000Z,/cart,GET,200,38,BR,Mobile
2025-09-24T12:10:37.000Z,/products,GET,200,105,US,Desktop
2025-09-24T12:11:50.000Z,/cart,GET,200,76,US,Desktop
2025-09-24T12:12:28.000Z,/cart,GET,304,60,US,Desktop
2025-09-24T12:12:45.000Z,/,GET,200,40,GB,Mobile
2025-09-24T12:13:31.000Z,/search,GET,200,127,US,Desktop
2025-09-24T12:15:30.000Z,/api/cart,POST,200,81,US,Desktop
2025-09-24T12:17:40.000Z,/search,GET,200,323,DE,Tablet
2025-09-24T12:17:49.000Z,/api/cart,POST,200,62,US,Desktop
2025-09-24T12:25:18.000Z,/api/cart,POST,200,93,FR,Desktop
2025-09-24T12:25:30.000Z,/products,GET,200,48,CA,Mobile
2025-09-24T12:26:37.000Z,/products/:id,GET,200,113,IN,Mobile
2025-09-24T12:31:08.000Z,/api/cart,POST,200,85,US,Mobile
2025-09-24T12:33:25.000Z,/products,GET,200,101,FR,Desktop
2025-09-24T12:41:17.000Z,/api/checkout,POST,200,369,CA,Mobile
2025-09-24T12:42:43.000Z,/,GET,200,47,US,Desktop
2025-09-24T12:43:39.000Z,/products/:id,GET,200,38,US,Desktop
2025-09-24T12:48:03.000Z,/,GET,200,41,US,Desktop
2025-09-24T12:51:34.000Z,/,GET,200,43,US,Desktop
2025-09-24T12:52:31.000Z,/products,GET,200,126,IN,Desktop
2025-09-24T12:54:31.000Z,/,GET,200,69,CA,Desktop
2025-09-24T12:56:22.000Z,/products,GET,200,184,US,Desktop
2025-09-24T12:57:37.000Z,/search,GET,200,126,JP,Mobile
2025-09-24T12:58:23.000Z,/products/:id,GET,200,95,CA,Mobile
2025-09-24T12:58:37.000Z,/products/:id,GET,200,20,US,Desktop
2025-09-24T13:00:52.000Z,/,GET,200,25,IN,Desktop
2025-09-24T13:02:04.000Z,/,GET,200,46,JP,Mobile
2025-09-24T13:02:08.000Z,/,GET,200,56,JP,Mobile
2025-09-24T13:03:43.000Z,/,GET,200,30,BR,Tablet
2025-09-24T13:05:37.000Z,/products,GET,200,71,JP,Desktop
2025-09-24T13:08:24.000Z,/,GET,200,33,JP,Mobile
2025-09-24T13:10:43.000Z,/,GET,200,29,CA,Tablet
2025-09-24T13:11:07.000Z,/search,GET,200,250,GB,Desktop
2025-09-24T13:16:39.000Z,/,GET,200,71,JP,Desktop
2025-09-24T13:18:46.000Z,/products/:id,GET,200,63,US,Desktop
2025-09-24T13:19:35.000Z,/,GET,200,79,US,Desktop
2025-09-24T13:21:20.000Z,/api/checkout,POST,200,161,IN,Mobile
2025-09-24T13:21:52.000Z,/search,GET,200,118,FR,Desktop
2025-09-24T13:22:53.000Z,/products/:id,GET,200,68,GB,Mobile
2025-09-24T13:22:55.000Z,/api/cart,POST,200,112,US,Mobile
2025-09-24T13:23:29.000Z,/products/:id,GET,200,67,BR,Mobile
2025-09-24T13:25:01.000Z,/products,GET,200,89,GB,Desktop
2025-09-24T13:27:33.000Z,/products,GET,200,78,JP,Mobile
2025-09-24T13:35:14.000Z,/,GET,200,45,US,Desktop
2025-09-24T13:36:52.000Z,/products,GET,200,91,IN,Mobile
2025-09-24T13:42:57.000Z,/,GET,200,69,GB,Desktop
2025-09-24T13:46:30.000Z,/products/:id,GET,200,73,US,Desktop
2025-09-24T13:48:15.000Z,/cart,GET,200,70,US,Desktop
2025-09-24T13:52:32.000Z,/cart,GET,200,71,BR,Mobile
2025-09-24T13:59:15.000Z,/products,GET,200,77,US,Mobile
2025-09-24T14:02:05.000Z,/,GET,200,29,JP,Mobile
2025-09-24T14:02:20.000Z,/products/:id,GET,304,52,CA,Desktop
2025-09-24T14:03:17.000Z,/cart,GET,200,66,US,Mobile
2025-09-24T14:04:01.000Z,/products,GET,304,89,US,Desktop
2025-09-24T14:06:33.000Z,/account,GET,200,120,FR,Tablet
2025-09-24T14:07:28.000Z,/,GET,200,53,IN,Mobile
2025-09-24T14:10:40.000Z,/api/checkout,POST,200,497,IN,Tablet
2025-09-24T14:13:49.000Z,/,GET,200,67,IN,Mobile
2025-09-24T14:15:57.000Z,/search,GET,200,121,US,Desktop
2025-09-24T14:16:52.000Z,/search,GET,200,201,FR,Mobile
2025-09-24T14:16:53.000Z,/search,GET,200,85,CA,Mobile
2025-09-24T14:18:57.000Z,/products/:id,GET,200,37,FR,Desktop
2025-09-24T14:22:59.000Z,/,GET,200,52,DE,Desktop
2025-09-24T14:24:00.000Z,/products/:id,GET,200,69,GB,Desktop
2025-09-24T14:25:39.000Z,/products,GET,200,93,GB,Mobile
2025-09-24T14:28:59.000Z,/,GET,200,38,US,Mobile
2025-09-24T14:29:11.000Z,/api/checkout,POST,200,141,US,Mobile
2025-09-24T14:34:56.000Z,/products/:id,GET,200,47,BR,Mobile
2025-09-24T14:35:00.000Z,/,GET,200,44,JP,Desktop
2025-09-24T14:41:27.000Z,/products,GET,200,141,IN,Desktop
2025-09-24T14:41:32.000Z,/,GET,304,60,US,Desktop
2025-09-24T14:42:06.000Z,/search,GET,304,107,US,Tablet
2025-09-24T14:45:13.000Z,/products/:id,GET,200,30,FR,Desktop
2025-09-24T14:45:31.000Z,/search,GET,200,174,US,Desktop
2025-09-24T14:45:33.000Z,/api/checkout,POST,200,216,BR,Desktop
2025-09-24T14:50:14.000Z,/products,GET,200,128,US,Mobile
2025-09-24T14:50:51.000Z,/products,GET,200,89,IN,Desktop
2025-09-24T14:51:27.000Z,/cart,GET,200,32,DE,Mobile
2025-09-24T14:56:08.000Z,/api/checkout,POST,200,226,JP,Desktop
2025-09-24T14:57:37.000Z,/cart,GET,200,45,JP,Desktop
2025-09-24T14:58:49.000Z,/,GET,200,36,GB,Mobile
2025-09-24T14:59:50.000Z,/,GET,200,37,CA,Mobile
2025-09-24T15:01:33.000Z,/search,GET,200,169,BR,Desktop
2025-09-24T15:13:00.000Z,/api/checkout,POST,200,87,US,Mobile
2025-09-24T15:15:08.000Z,/,GET,200,30,CA,Desktop
2025-09-24T15:18:41.000Z,/products/:id,GET,200,54,US,Mobile
2025-09-24T15:19:01.000Z,/search,GET,200,175,US,Desktop
2025-09-24T15:33:19.000Z,/,GET,200,68,DE,Desktop
2025-09-24T15:34:04.000Z,/products,GET,200,58,IN,Mobile
2025-09-24T15:36:28.000Z,/api/checkout,POST,200,196,DE,Mobile
2025-09-24T15:40:39.000Z,/,GET,200,66,CA,Desktop
2025-09-24T15:42:33.000Z,/products,GET,200,63,US,Mobile
2025-09-24T15:46:07.000Z,/,GET,200,30,IN,Mobile
2025-09-24T15:47:09.000Z,/search,GET,200,219,US,Tablet
2025-09-24T15:47:14.000Z,/products,GET,200,104,US,Mobile
2025-09-24T15:47:22.000Z,/products/:id,GET,404,47,US,Mobile
2025-09-24T15:57:06.000Z,/api/checkout,POST,200,325,DE,Mobile
2025-09-24T16:02:37.000Z,/products/:id,GET,200,101,GB,Mobile
2025-09-24T16:09:04.000Z,/products/:id,GET,200,39,IN,Mobile
2025-09-24T16:14:41.000Z,/api/checkout,POST,200,338,US,Mobile
2025-09-24T16:15:41.000Z,/,GET,200,66,IN,Mobile
2025-09-24T16:20:51.000Z,/products/:id,GET,200,73,US,Mobile
2025-09-24T16:21:14.000Z,/products,GET,200,86,FR,Desktop
2025-09-24T16:22:22.000Z,/,GET,200,20,US,Mobile
2025-09-24T16:28:32.000Z,/account,GET,200,86,US,Desktop
2025-09-24T16:29:19.000Z,/products/:id,GET,200,38,US,Mobile
2025-09-24T16:29:20.000Z,/api/cart,POST,200,95,JP,Desktop
2025-09-24T16:32:28.000Z,/,GET,200,54,US,Desktop
2025-09-24T16:36:41.000Z,/products,GET,304,42,CA,Desktop
2025-09-24T16:37:13.000Z,/products,GET,200,78,CA,Desktop
2025-09-24T16:39:50.000Z,/products,GET,404,85,JP,Mobile
2025-09-24T16:46:19.000Z,/search,GET,304,91,US,Mobile
2025-09-24T16:50:11.000Z,/,GET,401,29,US,Mobile
2025-09-24T16:50:25.000Z,/products,GET,200,65,US,Desktop
2025-09-24T16:52:42.000Z,/search,GET,200,117,US,Mobile
2025-09-24T16:52:46.000Z,/,GET,304,58,FR,Mobile
2025-09-24T16:53:15.000Z,/products,GET,200,57,JP,Mobile
2025-09-24T16:55:21.000Z,/products,GET,304,124,IN,Tablet
2025-09-24T17:02:01.000Z,/products/:id,GET,200,40,JP,Desktop
2025-09-24T17:02:04.000Z,/api/cart,POST,200,85,CA,Mobile
2025-09-24T17:02:33.000Z,/api/cart,POST,200,32,US,Mobile
2025-09-24T17:07:43.000Z,/products,GET,200,146,FR,Desktop
2025-09-24T17:09:08.000Z,/products,GET,404,77,CA,Desktop
2025-09-24T17:13:59.000Z,/,GET,200,45,US,Desktop
2025-09-24T17:17:38.000Z,/api/cart,POST,200,87,CA,Mobile
2025-09-24T17:21:32.000Z,/search,GET,200,213,GB,Desktop
2025-09-24T17:21:43.000Z,/api/checkout,POST,200,186,US,Tablet
2025-09-24T17:22:48.000Z,/cart,GET,200,108,US,Desktop
2025-09-24T17:28:18.000Z,/products,GET,200,54,FR,Mobile
2025-09-24T17:29:55.000Z,/,GET,200,54,BR,Desktop
2025-09-24T17:38:53.000Z,/,GET,200,32,US,Mobile
2025-09-24T17:43:46.000Z,/products/:id,GET,200,52,GB,Desktop
2025-09-24T17:45:01.000Z,/products/:id,GET,200,27,US,Desktop
2025-09-24T17:45:22.000Z,/search,GET,404,85,DE,Desktop
2025-09-24T17:50:36.000Z,/cart,GET,200,70,JP,Desktop
2025-09-24T17:57:30.000Z,/,GET,200,72,US,Mobile
2025-09-24T18:01:22.000Z,/account,GET,200,88,BR,Mobile
2025-09-24T18:09:03.000Z,/products/:id,GET,200,78,US,Desktop
2025-09-24T18:09:35.000Z,/products/:id,GET,200,121,GB,Mobile
2025-09-24T18:10:29.000Z,/products,GET,200,109,US,Mobile
2025-09-24T18:17:46.000Z,/,GET,404,46,US,Desktop
2025-09-24T18:19:56.000Z,/,GET,200,45,GB,Mobile
2025-09-24T18:20:58.000Z,/,GET,200,47,GB,Mobile
2025-09-24T18:22:14.000Z,/account,GET,200,46,JP,Desktop
2025-09-24T18:22:28.000Z,/search,GET,200,123,GB,Mobile
2025-09-24T18:23:31.000Z,/,GET,200,44,US,Mobile
2025-09-24T18:40:12.000Z,/,GET,200,159,GB,Desktop
2025-09-24T18:43:05.000Z,/products,GET,200,29,GB,Mobile
2025-09-24T18:43:28.000Z,/account,GET,200,105,JP,Desktop
2025-09-24T18:48:02.000Z,/,GET,200,53,US,Desktop
2025-09-24T18:48:51.000Z,/,GET,200,32,FR,Desktop
2025-09-24T18:51:33.000Z,/,GET,401,85,US,Mobile
2025-09-24T18:52:45.000Z,/,GET,200,47,FR,Desktop
2025-09-24T18:53:32.000Z,/products/:id,GET,200,49,CA,Desktop
2025-09-24T18:55:36.000Z,/products/:id,GET,200,69,US,Desktop
2025-09-24T18:58:20.000Z,/api/cart,POST,200,63,US,Mobile
2025-09-24T18:59:25.000Z,/cart,GET,200,91,DE,Desktop
2025-09-24T18:59:49.000Z,/products/:id,GET,200,42,GB,Mobile
2025-09-24T19:01:40.000Z,/,GET,200,62,US,Mobile
2025-09-24T19:04:49.000Z,/search,GET,404,249,US,Tablet
2025-09-24T19:09:09.000Z,/account,GET,200,39,GB,Desktop
2025-09-24T19:10:53.000Z,/,GET,200,41,US,Mobile
2025-09-24T19:11:47.000Z,/api/checkout,POST,200,464,IN,Desktop
2025-09-24T19:14:07.000Z,/api/cart,POST,200,98,IN,Desktop
2025-09-24T19:18:20.000Z,/products,GET,200,90,IN,Mobile
2025-09-24T19:20:48.000Z,/search,GET,200,92,CA,Mobile
2025-09-24T19:26:17.000Z,/products,GET,200,37,US,Mobile
2025-09-24T19:38:18.000Z,/products,GET,200,114,IN,Desktop
2025-09-24T19:38:27.000Z,/search,GET,401,147,FR,Desktop
2025-09-24T19:39:24.000Z,/products,GET,200,109,US,Mobile
2025-09-24T19:39:40.000Z,/cart,GET,304,163,US,Desktop
2025-09-24T19:41:59.000Z,/products,GET,404,165,US,Desktop
2025-09-24T19:48:05.000Z,/,GET,200,79,IN,Desktop
2025-09-24T19:51:06.000Z,/products,GET,200,37,BR,Mobile
2025-09-24T19:56:14.000Z,/cart,GET,200,45,IN,Mobile
2025-09-24T19:59:18.000Z,/api/cart,POST,200,95,GB,Mobile
2025-09-24T20:06:32.000Z,/products,GET,200,79,JP,Desktop
2025-09-24T20:14:10.000Z,/api/cart,POST,200,41,US,Desktop
2025-09-24T20:17:08.000Z,/cart,GET,200,35,GB,Desktop
2025-09-24T20:28:01.000Z,/products,GET,200,85,US,Desktop
2025-09-24T20:28:48.000Z,/products/:id,GET,200,24,JP,Mobile
2025-09-24T20:30:51.000Z,/products,GET,200,45,US,Desktop
2025-09-24T20:33:16.000Z,/account,GET,200,90,BR,Desktop
2025-09-24T20:41:05.000Z,/api/checkout,POST,200,145,FR,Mobile
2025-09-24T20:42:09.000Z,/api/checkout,POST,200,115,GB,Tablet
2025-09-24T20:45:47.000Z,/products,GET,200,112,JP,Desktop
2025-09-24T20:50:37.000Z,/account,GET,200,130,JP,Desktop
2025-09-24T20:59:43.000Z,/products,GET,200,47,FR,Desktop
2025-09-24T20:59:53.000Z,/products/:id,GET,404,40,IN,Mobile
2025-09-24T21:00:12.000Z,/,GET,200,37,DE,Mobile
2025-09-24T21:02:04.000Z,/api/cart,POST,200,90,FR,Desktop
2025-09-24T21:04:33.000Z,/,GET,200,43,BR,Desktop
2025-09-24T21:05:06.000Z,/search,GET,200,138,US,Mobile
2025-09-24T21:08:10.000Z,/,GET,200,76,US,Desktop
2025-09-24T21:08:28.000Z,/products/:id,GET,200,71,IN,Desktop
2025-09-24T21:25:29.000Z,/products/:id,GET,200,75,IN,Desktop
2025-09-24T21:33:31.000Z,/products,GET,200,81,JP,Desktop
2025-09-24T21:34:48.000Z,/api/checkout,POST,200,147,FR,Mobile
2025-09-24T21:35:35.000Z,/products,GET,200,81,GB,Mobile
2025-09-24T21:40:06.000Z,/,GET,200,58,CA,Mobile
2025-09-24T21:59:27.000Z,/search,GET,200,145,US,Mobile
2025-09-24T22:01:22.000Z,/,GET,200,57,DE,Mobile
2025-09-24T22:14:37.000Z,/search,GET,200,129,GB,Mobile
2025-09-24T22:17:58.000Z,/search,GET,200,54,US,Desktop
2025-09-24T22:23:56.000Z,/products/:id,GET,200,64,FR,Desktop
2025-09-24T22:26:24.000Z,/products/:id,GET,200,71,GB,Mobile
2025-09-24T22:32:32.000Z,/api/cart,POST,200,144,BR,Desktop
2025-09-24T22:33:01.000Z,/,GET,200,46,US,Mobile
2025-09-24T22:37:34.000Z,/products/:id,GET,200,132,IN,Mobile
2025-09-24T22:42:40.000Z,/products/:id,GET,200,98,CA,Mobile
2025-09-24T22:46:01.000Z,/cart,GET,200,33,JP,Mobile
2025-09-24T22:52:15.000Z,/products,GET,200,65,IN,Desktop
2025-09-24T22:54:47.000Z,/products,GET,304,94,IN,Mobile
2025-09-24T23:01:42.000Z,/search,GET,304,189,US,Mobile
2025-09-24T23:05:07.000Z,/products/:id,GET,200,53,IN,Tablet
2025-09-24T23:07:17.000Z,/,GET,200,52,JP,Desktop
2025-09-24T23:09:54.000Z,/products,GET,200,67,BR,Mobile
2025-09-24T23:10:00.000Z,/products/:id,GET,200,61,FR,Desktop
2025-09-24T23:13:32.000Z,/products,GET,200,58,IN,Desktop
2025-09-24T23:29:44.000Z,/search,GET,200,92,US,Mobile
2025-09-24T23:32:21.000Z,/,GET,200,40,CA,Mobile
2025-09-24T23:39:53.000Z,/cart,GET,200,25,IN,Desktop
2025-09-24T23:44:21.000Z,/api/cart,POST,200,92,FR,Mobile
2025-09-24T23:55:54.000Z,/,GET,200,25,US,Desktop
2025-09-25T00:04:01.000Z,/,GET,200,44,FR,Desktop
2025-09-25T00:17:13.000Z,/account,GET,200,39,IN,Tablet
2025-09-25T00:25:21.000Z,/products,GET,200,125,US,Mobile
2025-09-25T00:25:38.000Z,/products/:id,GET,200,100,JP,Mobile
2025-09-25T00:33:52.000Z,/,GET,404,45,GB,Desktop
2025-09-25T00:34:01.000Z,/products/:id,GET,200,48,US,Desktop
2025-09-25T00:39:29.000Z,/api/checkout,POST,200,188,IN,Mobile
2025-09-25T00:40:47.000Z,/api/cart,POST,200,120,US,Desktop
2025-09-25T00:44:12.000Z,/cart,GET,200,24,US,Desktop
2025-09-25T00:50:27.000Z,/api/checkout,POST,200,123,US,Mobile
2025-09-25T01:08:08.000Z,/,GET,200,28,US,Desktop
2025-09-25T01:08:13.000Z,/products/:id,GET,304,46,GB,Desktop
2025-09-25T01:09:25.000Z,/,GET,200,34,DE,Mobile
2025-09-25T01:14:21.000Z,/products,GET,200,46,US,Desktop
2025-09-25T01:17:16.000Z,/api/cart,POST,200,61,DE,Desktop
2025-09-25T01:21:11.000Z,/products,GET,200,92,US,Mobile
2025-09-25T01:26:21.000Z,/products/:id,GET,200,77,DE,Desktop
2025-09-25T01:28:17.000Z,/,GET,200,32,FR,Mobile
2025-09-25T01:37:33.000Z,/,GET,200,40,US,Mobile
2025-09-25T01:44:12.000Z,/products/:id,GET,200,36,FR,Desktop
2025-09-25T01:44:56.000Z,/search,GET,200,174,US,Mobile
2025-09-25T01:46:36.000Z,/api/cart,POST,404,112,IN,Mobile
2025-09-25T02:08:11.000Z,/products/:id,GET,200,63,US,Desktop
2025-09-25T02:10:08.000Z,/products,GET,200,147,CA,Mobile
2025-09-25T02:14:12.000Z,/,GET,200,64,IN,Mobile
2025-09-25T02:16:05.000Z,/products/:id,GET,200,40,DE,Mobile
2025-09-25T02:18:46.000Z,/products,GET,200,55,US,Desktop
2025-09-25T02:39:30.000Z,/products/:id,GET,200,57,FR,Mobile
2025-09-25T02:40:34.000Z,/products,GET,401,79,IN,Tablet
2025-09-25T02:54:57.000Z,/account,GET,200,75,US,Mobile
2025-09-25T02:55:38.000Z,/,GET,200,56,IN,Desktop
2025-09-25T02:57:45.000Z,/products/:id,GET,200,46,US,Mobile
2025-09-25T02:57:57.000Z,/api/checkout,POST,200,132,US,Mobile
2025-09-25T02:58:05.000Z,/,GET,200,38,US,Desktop
2025-09-25T03:04:48.000Z,/,GET,200,44,IN,Mobile
2025-09-25T03:10:05.000Z,/products,GET,200,95,CA,Mobile
2025-09-25T03:18:17.000Z,/api/cart,POST,200,133,US,Tablet
2025-09-25T03:18:57.000Z,/products,GET,200,138,US,Tablet
2025-09-25T03:22:11.000Z,/,GET,200,33,IN,Mobile
2025-09-25T03:25:43.000Z,/products/:id,GET,200,132,JP,Desktop
2025-09-25T03:29:47.000Z,/,GET,200,32,GB,Mobile
2025-09-25T03:30:45.000Z,/,GET,200,36,CA,Desktop
2025-09-25T03:33:37.000Z,/products,GET,200,72,GB,Mobile
2025-09-25T03:33:47.000Z,/cart,GET,200,45,US,Desktop
2025-09-25T03:45:21.000Z,/,GET,404,41,JP,Mobile
2025-09-25T03:45:27.000Z,/search,GET,200,69,GB,Desktop
2025-09-25T03:47:07.000Z,/,GET,200,30,DE,Desktop
2025-09-25T03:57:15.000Z,/,GET,200,54,US,Mobile
2025-09-25T03:59:47.000Z,/search,GET,200,152,GB,Mobile
2025-09-25T04:02:39.000Z,/cart,GET,200,75,US,Desktop
2025-09-25T04:08:39.000Z,/search,GET,200,120,JP,Mobile
2025-09-25T04:09:04.000Z,/api/cart,POST,200,128,US,Desktop
2025-09-25T04:12:24.000Z,/account,GET,200,59,IN,Desktop
2025-09-25T04:15:45.000Z,/products/:id,GET,200,40,CA,Mobile
2025-09-25T04:32:21.000Z,/products,GET,200,78,GB,Desktop
2025-09-25T04:34:46.000Z,/api/checkout,POST,200,215,US,Desktop
2025-09-25T04:35:51.000Z,/,GET,200,65,GB,Mobile
2025-09-25T04:39:41.000Z,/api/checkout,POST,200,321,FR,Mobile
2025-09-25T04:41:25.000Z,/,GET,404,41,IN,Mobile
2025-09-25T04:41:34.000Z,/api/cart,POST,200,98,JP,Desktop
2025-09-25T04:43:07.000Z,/products/:id,GET,200,34,US,Mobile
2025-09-25T04:45:37.000Z,/search,GET,200,663,IN,Desktop
2025-09-25T04:47:47.000Z,/,GET,404,76,US,Desktop
2025-09-25T04:47:50.000Z,/search,GET,200,81,CA,Desktop
2025-09-25T04:47:58.000Z,/api/cart,POST,200,90,US,Mobile
2025-09-25T04:49:15.000Z,/account,GET,200,46,GB,Mobile
2025-09-25T04:53:12.000Z,/products,GET,200,144,CA,Tablet
2025-09-25T04:54:05.000Z,/cart,GET,200,38,US,Desktop
2025-09-25T05:01:04.000Z,/products/:id,GET,200,131,DE,Mobile
2025-09-25T05:05:53.000Z,/products,GET,200,81,JP,Mobile
2025-09-25T05:06:16.000Z,/api/cart,POST,200,61,DE,Mobile
2025-09-25T05:09:15.000Z,/products,GET,200,201,IN,Desktop
2025-09-25T05:10:36.000Z,/cart,GET,200,103,US,Mobile
2025-09-25T05:18:32.000Z,/cart,GET,200,43,CA,Desktop
2025-09-25T05:24:08.000Z,/api/cart,POST,200,54,IN,Desktop
2025-09-25T05:25:05.000Z,/account,GET,200,182,BR,Desktop
2025-09-25T05:26:25.000Z,/,GET,404,26,FR,Desktop
2025-09-25T05:27:18.000Z,/search,GET,200,82,DE,Desktop
2025-09-25T05:28:51.000Z,/api/cart,POST,404,63,US,Mobile
2025-09-25T05:33:56.000Z,/products/:id,GET,200,22,GB,Desktop
2025-09-25T05:36:17.000Z,/cart,GET,200,54,FR,Desktop
2025-09-25T05:39:05.000Z,/products/:id,GET,200,35,US,Mobile
2025-09-25T05:41:06.000Z,/account,GET,200,77,JP,Mobile
2025-09-25T05:47:17.000Z,/cart,GET,200,70,US,Mobile
2025-09-25T05:49:57.000Z,/products,GET,200,128,IN,Desktop
2025-09-25T05:58:25.000Z,/cart,GET,200,43,FR,Mobile
2025-09-25T06:02:45.000Z,/products/:id,GET,200,46,IN,Tablet
2025-09-25T06:06:33.000Z,/account,GET,200,57,BR,Mobile
2025-09-25T06:08:56.000Z,/products,GET,200,67,BR,Mobile
2025-09-25T06:21:21.000Z,/products/:id,GET,200,44,JP,Mobile
2025-09-25T06:27:05.000Z,/search,GET,200,99,US,Mobile
2025-09-25T06:28:35.000Z,/products,GET,200,117,GB,Desktop
2025-09-25T06:35:01.000Z,/,GET,200,35,US,Mobile
2025-09-25T06:40:30.000Z,/products/:id,GET,200,88,JP,Desktop
2025-09-25T06:44:55.000Z,/products,GET,200,239,US,Desktop
2025-09-25T06:47:54.000Z,/products/:id,GET,200,72,DE,Desktop
2025-09-25T06:51:59.000Z,/cart,GET,200,41,US,Desktop
2025-09-25T06:54:42.000Z,/search,GET,200,191,US,Mobile
2025-09-25T06:56:42.000Z,/products,GET,404,233,IN,Mobile
2025-09-25T07:02:25.000Z,/products,GET,200,72,US,Tablet
2025-09-25T07:02:33.000Z,/products/:id,GET,200,67,US,Mobile
2025-09-25T07:03:08.000Z,/api/checkout,POST,200,310,US,Mobile
2025-09-25T07:03:18.000Z,/search,GET,200,130,US,Desktop
2025-09-25T07:03:32.000Z,/api/cart,POST,200,201,DE,Desktop
2025-09-25T07:04:26.000Z,/products/:id,GET,200,75,JP,Mobile
2025-09-25T07:08:23.000Z,/,GET,200,52,DE,Mobile
2025-09-25T07:11:17.000Z,/,GET,200,28,US,Mobile
2025-09-25T07:11:25.000Z,/products/:id,GET,200,70,CA,Desktop
2025-09-25T07:12:09.000Z,/search,GET,200,114,JP,Desktop
2025-09-25T07:18:11.000Z,/cart,GET,404,49,IN,Mobile
2025-09-25T07:18:29.000Z,/cart,GET,200,75,US,Desktop
2025-09-25T07:19:37.000Z,/,GET,200,16,FR,Desktop
2025-09-25T07:24:09.000Z,/,GET,200,72,US,Desktop
2025-09-25T07:24:56.000Z,/products/:id,GET,200,125,US,Tablet
2025-09-25T07:27:17.000Z,/api/checkout,POST,200,106,GB,Tablet
2025-09-25T07:32:58.000Z,/search,GET,200,86,US,Mobile
2025-09-25T07:38:28.000Z,/api/cart,POST,200,113,US,Mobile
2025-09-25T07:40:27.000Z,/cart,GET,200,78,US,Desktop
2025-09-25T07:47:38.000Z,/search,GET,200,99,JP,Desktop
2025-09-25T07:55:45.000Z,/api/cart,POST,200,103,US,Tablet
2025-09-25T08:03:22.000Z,/,GET,200,27,US,Desktop
2025-09-25T08:06:21.000Z,/products,GET,200,150,IN,Mobile
2025-09-25T08:12:41.000Z,/products/:id,GET,200,68,IN,Desktop
2025-09-25T08:13:59.000Z,/,GET,200,16,GB,Mobile
2025-09-25T08:16:11.000Z,/products/:id,GET,200,71,FR,Mobile
2025-09-25T08:16:51.000Z,/products,GET,200,88,IN,Mobile
2025-09-25T08:23:23.000Z,/products,GET,200,96,US,Desktop
2025-09-25T08:23:28.000Z,/search,GET,200,199,US,Desktop
2025-09-25T08:27:36.000Z,/products,GET,200,59,FR,Mobile
2025-09-25T08:28:42.000Z,/cart,GET,200,34,US,Mobile
2025-09-25T08:30:24.000Z,/,GET,200,38,US,Mobile
2025-09-25T08:30:29.000Z,/products,GET,200,95,BR,Desktop
2025-09-25T08:30:46.000Z,/cart,GET,200,73,CA,Desktop
2025-09-25T08:31:32.000Z,/account,GET,200,46,FR,Desktop
2025-09-25T08:35:22.000Z,/cart,GET,200,32,JP,Desktop
2025-09-25T08:37:54.000Z,/search,GET,200,91,US,Mobile
2025-09-25T08:40:34.000Z,/,GET,200,26,US,Mobile
2025-09-25T08:41:47.000Z,/cart,GET,200,72,BR,Desktop
2025-09-25T08:42:30.000Z,/products,GET,200,40,BR,Mobile
2025-09-25T08:44:06.000Z,/,GET,200,64,JP,Mobile
2025-09-25T08:46:59.000Z,/,GET,200,34,GB,Mobile
2025-09-25T08:58:30.000Z,/products/:id,GET,200,45,US,Mobile
2025-09-25T09:01:02.000Z,/search,GET,200,183,DE,Tablet
2025-09-25T09:01:24.000Z,/products,GET,200,51,JP,Desktop
2025-09-25T09:01:25.000Z,/cart,GET,200,15,IN,Mobile
2025-09-25T09:06:28.000Z,/,GET,304,64,US,Desktop
2025-09-25T09:06:56.000Z,/products,GET,200,88,JP,Desktop
2025-09-25T09:07:03.000Z,/account,GET,500,65,GB,Mobile
2025-09-25T09:07:16.000Z,/search,GET,200,223,CA,Desktop
2025-09-25T09:07:53.000Z,/products,GET,200,103,US,Desktop
2025-09-25T09:09:30.000Z,/,GET,200,37,US,Mobile
2025-09-25T09:13:29.000Z,/products,GET,200,63,DE,Desktop
2025-09-25T09:14:29.000Z,/products,GET,200,51,US,Desktop
2025-09-25T09:14:29.000Z,/products,GET,200,57,CA,Desktop
2025-09-25T09:14:37.000Z,/api/cart,POST,200,56,US,Mobile
2025-09-25T09:16:04.000Z,/products,GET,200,82,US,Mobile
2025-09-25T09:19:32.000Z,/products,GET,200,87,US,Desktop
2025-09-25T09:20:46.000Z,/api/cart,POST,200,80,DE,Desktop
2025-09-25T09:23:36.000Z,/cart,GET,200,51,US,Desktop
2025-09-25T09:24:09.000Z,/api/cart,POST,200,62,GB,Desktop
2025-09-25T09:27:54.000Z,/products/:id,GET,200,22,FR,Desktop
2025-09-25T09:32:30.000Z,/search,GET,200,228,JP,Mobile
2025-09-25T09:36:57.000Z,/api/checkout,POST,200,310,US,Desktop
2025-09-25T09:43:57.000Z,/products/:id,GET,200,128,DE,Desktop
2025-09-25T09:45:16.000Z,/search,GET,200,172,US,Mobile
2025-09-25T09:45:40.000Z,/products/:id,GET,200,74,FR,Mobile
2025-09-25T09:47:21.000Z,/,GET,200,60,BR,Mobile
2025-09-25T09:49:08.000Z,/,GET,200,54,GB,Desktop
2025-09-25T09:52:42.000Z,/products,GET,200,57,JP,Mobile
2025-09-25T09:54:02.000Z,/search,GET,200,221,IN,Desktop
2025-09-25T09:56:08.000Z,/api/checkout,POST,200,118,GB,Mobile
2025-09-25T09:57:12.000Z,/account,GET,200,35,US,Desktop
2025-09-25T09:59:45.000Z,/products,GET,200,184,IN,Tablet
2025-09-25T10:00:08.000Z,/products/:id,GET,200,80,JP,Mobile
2025-09-25T10:00:09.000Z,/products,GET,200,48,JP,Mobile
2025-09-25T10:03:37.000Z,/api/cart,POST,200,93,US,Tablet
2025-09-25T10:07:18.000Z,/cart,GET,200,57,DE,Mobile
2025-09-25T10:09:18.000Z,/cart,GET,200,47,US,Mobile
2025-09-25T10:10:21.000Z,/products,GET,200,111,CA,Tablet
2025-09-25T10:10:27.000Z,/api/checkout,POST,200,264,US,Desktop
2025-09-25T10:10:52.000Z,/products/:id,GET,200,73,DE,Desktop
2025-09-25T10:13:36.000Z,/api/checkout,POST,200,466,DE,Desktop
2025-09-25T10:15:38.000Z,/cart,GET,200,39,US,Desktop
2025-09-25T10:20:18.000Z,/search,GET,200,83,US,Mobile
2025-09-25T10:26:43.000Z,/products/:id,GET,200,37,GB,Desktop
2025-09-25T10:32:56.000Z,/products,GET,200,112,CA,Mobile
2025-09-25T10:33:40.000Z,/products,GET,200,133,IN,Tablet
2025-09-25T10:35:44.000Z,/,GET,200,38,JP,Mobile
2025-09-25T10:39:15.000Z,/,GET,200,48,CA,Mobile
2025-09-25T10:41:48.000Z,/products/:id,GET,401,121,US,Mobile
2025-09-25T10:44:57.000Z,/products/:id,GET,200,51,US,Desktop
2025-09-25T10:45:09.000Z,/cart,GET,200,82,US,Mobile
2025-09-25T10:46:01.000Z,/,GET,200,25,US,Tablet
2025-09-25T10:49:16.000Z,/cart,GET,200,101,FR,Mobile
2025-09-25T10:49:46.000Z,/,GET,200,27,IN,Desktop
2025-09-25T10:50:04.000Z,/api/cart,POST,200,115,IN,Mobile
2025-09-25T10:54:52.000Z,/,GET,200,68,IN,Desktop
2025-09-25T10:55:51.000Z,/api/checkout,POST,200,221,GB,Desktop
2025-09-25T10:56:28.000Z,/,GET,404,17,GB,Mobile
2025-09-25T10:59:57.000Z,/products,GET,200,36,BR,Desktop
2025-09-25T11:08:22.000Z,/products/:id,GET,200,54,US,Mobile
2025-09-25T11:13:51.000Z,/products/:id,GET,200,45,JP,Desktop
2025-09-25T11:14:16.000Z,/,GET,200,48,IN,Desktop
2025-09-25T11:15:48.000Z,/search,GET,200,215,US,Desktop
2025-09-25T11:21:19.000Z,/products,GET,200,47,CA,Mobile
2025-09-25T11:23:14.000Z,/cart,GET,200,74,CA,Mobile
2025-09-25T11:25:59.000Z,/,GET,200,43,US,Mobile
2025-09-25T11:26:56.000Z,/,GET,200,66,BR,Desktop
2025-09-25T11:29:32.000Z,/products,GET,304,54,GB,Mobile
2025-09-25T11:35:08.000Z,/search,GET,200,77,GB,Desktop
2025-09-25T11:36:47.000Z,/api/cart,POST,304,81,JP,Desktop
2025-09-25T11:40:17.000Z,/cart,GET,200,67,US,Desktop
2025-09-25T11:43:27.000Z,/api/cart,POST,304,72,CA,Mobile
2025-09-25T11:44:09.000Z,/search,GET,200,80,FR,Desktop
2025-09-25T11:47:54.000Z,/,GET,200,50,FR,Desktop
2025-09-25T11:50:12.000Z,/products/:id,GET,304,36,US,Mobile
2025-09-25T11:53:06.000Z,/,GET,200,32,US,Desktop
2025-09-25T12:03:40.000Z,/search,GET,200,208,IN,Desktop
2025-09-25T12:05:51.000Z,/products/:id,GET,200,69,US,Desktop
2025-09-25T12:14:07.000Z,/search,GET,304,78,CA,Mobile
2025-09-25T12:14:40.000Z,/cart,GET,200,37,GB,Desktop
2025-09-25T12:14:46.000Z,/api/cart,POST,200,85,US,Desktop
2025-09-25T12:17:14.000Z,/,GET,200,51,IN,Mobile
2025-09-25T12:19:04.000Z,/account,GET,200,85,GB,Desktop
2025-09-25T12:24:01.000Z,/api/checkout,POST,200,403,US,Mobile
2025-09-25T12:25:14.000Z,/account,GET,200,104,IN,Mobile
2025-09-25T12:26:07.000Z,/,GET,200,67,JP,Mobile
2025-09-25T12:28:08.000Z,/,GET,200,74,US,Mobile
2025-09-25T12:29:39.000Z,/,GET,200,29,US,Mobile
2025-09-25T12:29:44.000Z,/api/checkout,POST,200,128,IN,Desktop
2025-09-25T12:34:28.000Z,/,GET,200,30,US,Desktop
2025-09-25T12:37:47.000Z,/,GET,200,79,US,Desktop
2025-09-25T12:38:16.000Z,/,GET,200,40,US,Desktop
2025-09-25T12:38:21.000Z,/cart,GET,200,42,US,Mobile
2025-09-25T12:38:55.000Z,/,GET,200,33,BR,Desktop
2025-09-25T12:39:25.000Z,/products/:id,GET,200,28,US,Desktop
2025-09-25T12:44:28.000Z,/products/:id,GET,200,96,US,Mobile
2025-09-25T12:45:24.000Z,/products,GET,200,42,JP,Mobile
2025-09-25T12:46:12.000Z,/api/cart,POST,200,168,IN,Desktop
2025-09-25T12:48:11.000Z,/,GET,200,33,IN,Mobile
2025-09-25T12:51:03.000Z,/,GET,200,51,IN,Desktop
2025-09-25T12:51:30.000Z,/api/checkout,POST,200,148,US,Desktop
2025-09-25T12:53:53.000Z,/search,GET,200,73,DE,Mobile
2025-09-25T12:55:10.000Z,/products/:id,GET,200,76,US,Desktop
2025-09-25T12:56:10.000Z,/api/cart,POST,200,117,IN,Desktop
2025-09-25T12:56:20.000Z,/products,GET,200,62,GB,Mobile
2025-09-25T12:56:29.000Z,/account,GET,200,38,DE,Mobile
2025-09-25T12:57:45.000Z,/,GET,200,47,US,Mobile
2025-09-25T12:59:40.000Z,/products/:id,GET,200,114,JP,Desktop
2025-09-25T13:00:07.000Z,/,GET,200,48,US,Mobile
2025-09-25T13:04:55.000Z,/products,GET,200,76,CA,Desktop
2025-09-25T13:08:26.000Z,/products,GET,200,106,IN,Tablet
2025-09-25T13:08:36.000Z,/products,GET,200,64,US,Desktop
2025-09-25T13:10:49.000Z,/products,GET,200,103,FR,Desktop
2025-09-25T13:11:34.000Z,/products,GET,200,87,US,Desktop
2025-09-25T13:12:00.000Z,/products,GET,200,185,FR,Mobile
2025-09-25T13:12:17.000Z,/products/:id,GET,200,34,US,Mobile
2025-09-25T13:12:45.000Z,/,GET,404,41,IN,Desktop
2025-09-25T13:13:06.000Z,/api/checkout,POST,200,155,US,Desktop
2025-09-25T13:20:02.000Z,/search,GET,200,133,US,Desktop
2025-09-25T13:25:26.000Z,/api/checkout,POST,200,170,JP,Mobile
2025-09-25T13:30:16.000Z,/products,GET,404,89,BR,Desktop
2025-09-25T13:31:41.000Z,/products,GET,200,209,FR,Desktop
2025-09-25T13:33:09.000Z,/api/cart,POST,200,81,IN,Desktop
2025-09-25T13:34:27.000Z,/account,GET,200,49,FR,Mobile
2025-09-25T13:41:55.000Z,/products,GET,200,63,CA,Desktop
2025-09-25T13:42:45.000Z,/api/cart,POST,200,115,BR,Mobile
2025-09-25T13:42:54.000Z,/cart,GET,404,49,US,Mobile
2025-09-25T13:43:22.000Z,/products,GET,200,218,IN,Desktop
2025-09-25T13:46:24.000Z,/products,GET,200,202,JP,Desktop
2025-09-25T13:49:46.000Z,/api/checkout,POST,200,234,US,Mobile
2025-09-25T13:54:18.000Z,/api/cart,POST,200,98,BR,Tablet
2025-09-25T13:58:48.000Z,/products,GET,200,109,GB,Desktop
2025-09-25T13:59:39.000Z,/products,GET,200,70,DE,Desktop
2025-09-25T14:01:27.000Z,/products,GET,200,52,GB,Desktop
2025-09-25T14:04:06.000Z,/api/cart,POST,200,76,CA,Mobile
2025-09-25T14:04:45.000Z,/api/checkout,POST,200,334,JP,Mobile
2025-09-25T14:05:12.000Z,/products,GET,200,90,FR,Desktop
2025-09-25T14:06:50.000Z,/cart,GET,304,80,JP,Mobile
2025-09-25T14:08:46.000Z,/products/:id,GET,200,123,CA,Mobile
2025-09-25T14:08:58.000Z,/api/checkout,POST,200,456,GB,Mobile
2025-09-25T14:09:56.000Z,/search,GET,200,175,IN,Desktop
2025-09-25T14:12:18.000Z,/search,GET,500,161,FR,Desktop
2025-09-25T14:13:20.000Z,/api/cart,POST,200,98,FR,Desktop
2025-09-25T14:16:25.000Z,/search,GET,200,121,DE,Mobile
2025-09-25T14:16:47.000Z,/products/:id,GET,200,170,JP,Mobile
2025-09-25T14:17:38.000Z,/api/cart,POST,200,53,US,Desktop
2025-09-25T14:20:00.000Z,/products,GET,200,75,GB,Desktop
2025-09-25T14:21:36.000Z,/api/checkout,POST,200,165,DE,Desktop
2025-09-25T14:21:59.000Z,/products/:id,GET,200,87,BR,Mobile
2025-09-25T14:23:55.000Z,/products,GET,200,108,IN,Mobile
2025-09-25T14:27:05.000Z,/cart,GET,200,63,IN,Mobile
2025-09-25T14:29:35.000Z,/,GET,200,91,US,Desktop
2025-09-25T14:30:25.000Z,/,GET,200,35,FR,Desktop
2025-09-25T14:32:30.000Z,/cart,GET,200,53,DE,Desktop
2025-09-25T14:38:42.000Z,/products,GET,200,173,US,Desktop
2025-09-25T14:39:11.000Z,/products,GET,200,71,CA,Mobile
2025-09-25T14:41:43.000Z,/cart,GET,200,64,US,Desktop
2025-09-25T14:46:38.000Z,/api/checkout,POST,200,244,US,Mobile
2025-09-25T14:47:16.000Z,/search,GET,200,173,US,Desktop
2025-09-25T14:54:06.000Z,/api/cart,POST,200,75,FR,Desktop
2025-09-25T14:54:49.000Z,/,GET,200,48,US,Desktop
2025-09-25T14:55:49.000Z,/,GET,200,50,GB,Desktop
2025-09-25T14:55:51.000Z,/products,GET,200,142,GB,Desktop
2025-09-25T14:57:34.000Z,/search,GET,200,68,IN,Mobile
2025-09-25T14:58:20.000Z,/search,GET,200,137,CA,Desktop
2025-09-25T14:58:54.000Z,/products,GET,200,47,US,Mobile
2025-09-25T15:00:44.000Z,/products/:id,GET,200,35,BR,Desktop
2025-09-25T15:05:11.000Z,/,GET,200,23,US,Mobile
2025-09-25T15:06:53.000Z,/products,GET,200,148,FR,Desktop
2025-09-25T15:07:06.000Z,/,GET,200,32,US,Mobile
2025-09-25T15:12:40.000Z,/account,GET,200,188,CA,Mobile
2025-09-25T15:14:25.000Z,/api/cart,POST,200,92,US,Desktop
2025-09-25T15:16:27.000Z,/api/checkout,POST,200,72,IN,Mobile
2025-09-25T15:18:26.000Z,/cart,GET,200,39,FR,Desktop
2025-09-25T15:21:46.000Z,/cart,GET,200,137,BR,Mobile
2025-09-25T15:24:55.000Z,/products,GET,200,168,US,Mobile
2025-09-25T15:24:58.000Z,/products/:id,GET,200,35,US,Desktop
2025-09-25T15:25:30.000Z,/products,GET,200,32,US,Desktop
2025-09-25T15:27:21.000Z,/api/checkout,POST,200,230,FR,Tablet
2025-09-25T15:30:20.000Z,/products,GET,200,61,US,Mobile
2025-09-25T15:31:26.000Z,/cart,GET,200,54,BR,Desktop
2025-09-25T15:38:00.000Z,/,GET,200,34,US,Desktop
2025-09-25T15:40:02.000Z,/,GET,200,79,BR,Mobile
2025-09-25T15:41:27.000Z,/products,GET,200,139,BR,Mobile
2025-09-25T15:41:28.000Z,/products/:id,GET,200,67,US,Mobile
2025-09-25T15:41:39.000Z,/,GET,200,44,CA,Mobile
2025-09-25T15:48:21.000Z,/products/:id,GET,200,59,US,Mobile
2025-09-25T15:51:32.000Z,/,GET,200,33,GB,Desktop
2025-09-25T15:53:19.000Z,/products/:id,GET,200,65,DE,Desktop
2025-09-25T15:54:38.000Z,/products/:id,GET,200,59,DE,Mobile
2025-09-25T15:57:58.000Z,/api/checkout,POST,200,356,US,Mobile
2025-09-25T15:58:26.000Z,/products,GET,200,145,CA,Desktop
2025-09-25T15:59:26.000Z,/products,GET,200,41,US,Desktop
2025-09-25T15:59:26.000Z,/products,GET,200,140,CA,Mobile
2025-09-25T15:59:41.000Z,/,GET,200,61,FR,Mobile
2025-09-25T16:03:08.000Z,/,GET,200,101,US,Desktop
2025-09-25T16:05:49.000Z,/,GET,200,43,IN,Desktop
2025-09-25T16:08:21.000Z,/products/:id,GET,200,102,US,Mobile
2025-09-25T16:14:00.000Z,/cart,GET,200,32,FR,Mobile
2025-09-25T16:14:02.000Z,/,GET,200,87,DE,Desktop
2025-09-25T16:14:19.000Z,/search,GET,200,104,IN,Tablet
2025-09-25T16:20:40.000Z,/search,GET,200,203,JP,Mobile
2025-09-25T16:23:38.000Z,/search,GET,200,120,DE,Mobile
2025-09-25T16:24:07.000Z,/products,GET,200,69,IN,Desktop
2025-09-25T16:24:40.000Z,/search,GET,200,109,IN,Mobile
2025-09-25T16:25:28.000Z,/products/:id,GET,200,151,CA,Desktop
2025-09-25T16:27:55.000Z,/,GET,200,24,BR,Mobile
2025-09-25T16:30:05.000Z,/account,GET,200,78,US,Mobile
2025-09-25T16:30:45.000Z,/,GET,200,28,US,Mobile
2025-09-25T16:37:26.000Z,/,GET,200,21,CA,Mobile
2025-09-25T16:38:09.000Z,/api/checkout,POST,200,210,US,Mobile
2025-09-25T16:38:29.000Z,/products/:id,GET,200,35,US,Desktop
2025-09-25T16:40:15.000Z,/search,GET,200,294,US,Desktop
2025-09-25T16:40:30.000Z,/,GET,200,52,CA,Mobile
2025-09-25T16:42:21.000Z,/products/:id,GET,200,39,IN,Mobile
2025-09-25T16:43:15.000Z,/search,GET,200,119,BR,Mobile
2025-09-25T16:47:39.000Z,/api/cart,POST,200,98,FR,Mobile
2025-09-25T16:51:54.000Z,/cart,GET,500,104,US,Desktop
2025-09-25T16:53:28.000Z,/,GET,200,33,CA,Desktop
2025-09-25T16:56:46.000Z,/,GET,404,50,US,Mobile
2025-09-25T16:57:14.000Z,/account,GET,401,39,JP,Desktop
2025-09-25T17:00:21.000Z,/api/cart,POST,401,85,US,Mobile
2025-09-25T17:06:45.000Z,/products,GET,200,111,JP,Desktop
2025-09-25T17:10:28.000Z,/search,GET,200,174,JP,Mobile
2025-09-25T17:12:33.000Z,/products/:id,GET,200,28,DE,Mobile
2025-09-25T17:14:29.000Z,/products,GET,200,139,CA,Tablet
2025-09-25T17:16:56.000Z,/,GET,404,33,US,Mobile
2025-09-25T17:19:01.000Z,/,GET,200,31,US,Desktop
2025-09-25T17:22:18.000Z,/cart,GET,200,58,IN,Desktop
2025-09-25T17:24:39.000Z,/products/:id,GET,200,74,IN,Mobile
2025-09-25T17:27:12.000Z,/products,GET,200,47,GB,Mobile
2025-09-25T17:28:14.000Z,/products/:id,GET,304,66,CA,Desktop
2025-09-25T17:30:39.000Z,/,GET,200,38,US,Mobile
2025-09-25T17:31:23.000Z,/products,GET,200,89,FR,Mobile
2025-09-25T17:31:41.000Z,/products/:id,GET,404,47,CA,Mobile
2025-09-25T17:39:34.000Z,/products/:id,GET,200,47,US,Desktop
2025-09-25T17:45:51.000Z,/products,GET,200,140,US,Desktop
2025-09-25T17:51:05.000Z,/account,GET,200,45,BR,Mobile
2025-09-25T17:51:40.000Z,/products/:id,GET,200,59,US,Tablet
2025-09-25T17:55:18.000Z,/api/checkout,POST,200,89,DE,Mobile
2025-09-25T18:00:51.000Z,/,GET,200,46,DE,Mobile
2025-09-25T18:06:33.000Z,/api/checkout,POST,200,345,US,Mobile
2025-09-25T18:10:19.000Z,/products,GET,200,66,US,Tablet
2025-09-25T18:12:08.000Z,/,GET,200,28,US,Mobile
2025-09-25T18:18:45.000Z,/,GET,200,20,JP,Desktop
2025-09-25T18:19:26.000Z,/cart,GET,200,117,US,Desktop
2025-09-25T18:19:58.000Z,/,GET,200,62,US,Desktop
2025-09-25T18:21:12.000Z,/cart,GET,200,50,CA,Desktop
2025-09-25T18:25:02.000Z,/,GET,200,51,US,Desktop
2025-09-25T18:25:30.000Z,/cart,GET,200,39,IN,Desktop
2025-09-25T18:27:34.000Z,/products,GET,200,36,CA,Desktop
2025-09-25T18:27:44.000Z,/,GET,200,37,US,Mobile
2025-09-25T18:30:20.000Z,/,GET,404,53,DE,Mobile
2025-09-25T18:30:49.000Z,/products,GET,404,60,IN,Desktop
2025-09-25T18:34:50.000Z,/cart,GET,200,43,JP,Tablet
2025-09-25T18:43:46.000Z,/search,GET,200,115,JP,Mobile
2025-09-25T18:43:59.000Z,/,GET,200,49,US,Mobile
2025-09-25T18:45:36.000Z,/search,GET,200,271,US,Mobile
2025-09-25T18:48:01.000Z,/products/:id,GET,200,41,CA,Mobile
2025-09-25T18:49:26.000Z,/search,GET,200,142,IN,Desktop
2025-09-25T18:52:39.000Z,/api/cart,POST,200,71,IN,Desktop
2025-09-25T18:58:23.000Z,/,GET,200,45,US,Mobile
2025-09-25T18:59:50.000Z,/api/checkout,POST,200,234,IN,Mobile
2025-09-25T19:01:39.000Z,/products/:id,GET,200,66,CA,Mobile
2025-09-25T19:02:20.000Z,/api/checkout,POST,200,205,GB,Desktop
2025-09-25T19:04:50.000Z,/products/:id,GET,200,59,GB,Mobile
2025-09-25T19:10:22.000Z,/,GET,200,42,GB,Mobile
2025-09-25T19:12:05.000Z,/products/:id,GET,200,74,IN,Desktop
2025-09-25T19:12:23.000Z,/,GET,200,62,IN,Desktop
2025-09-25T19:12:24.000Z,/cart,GET,200,35,CA,Tablet
2025-09-25T19:12:44.000Z,/api/cart,POST,200,55,GB,Desktop
2025-09-25T19:24:14.000Z,/products,GET,200,52,BR,Desktop
2025-09-25T19:28:49.000Z,/,GET,200,57,CA,Mobile
2025-09-25T19:36:15.000Z,/cart,GET,200,27,CA,Mobile
2025-09-25T19:38:04.000Z,/products,GET,200,84,IN,Mobile
2025-09-25T19:38:11.000Z,/,GET,200,53,US,Mobile
2025-09-25T19:41:42.000Z,/products,GET,200,146,IN,Desktop
2025-09-25T19:42:37.000Z,/products,GET,200,90,US,Mobile
2025-09-25T19:44:13.000Z,/products/:id,GET,200,165,GB,Mobile
2025-09-25T19:48:23.000Z,/account,GET,200,49,CA,Desktop
2025-09-25T19:48:38.000Z,/,GET,200,57,US,Tablet
2025-09-25T19:55:49.000Z,/products/:id,GET,200,39,US,Desktop
2025-09-25T19:56:20.000Z,/cart,GET,200,54,US,Desktop
2025-09-25T20:00:30.000Z,/products,GET,200,115,US,Mobile
2025-09-25T20:02:06.000Z,/products/:id,GET,200,57,BR,Mobile
2025-09-25T20:04:24.000Z,/api/checkout,POST,200,395,BR,Mobile
2025-09-25T20:06:19.000Z,/products/:id,GET,200,34,DE,Mobile
2025-09-25T20:11:53.000Z,/search,GET,200,121,JP,Desktop
2025-09-25T20:12:07.000Z,/products,GET,200,91,US,Desktop
2025-09-25T20:19:04.000Z,/products,GET,200,35,US,Mobile
2025-09-25T20:29:32.000Z,/cart,GET,200,64,US,Desktop
2025-09-25T20:30:25.000Z,/api/cart,POST,200,155,GB,Desktop
2025-09-25T20:30:31.000Z,/,GET,200,53,BR,Tablet
2025-09-25T20:32:06.000Z,/,GET,200,48,US,Desktop
2025-09-25T20:33:09.000Z,/products,GET,200,119,IN,Desktop
2025-09-25T20:35:45.000Z,/api/cart,POST,401,59,GB,Desktop
2025-09-25T20:41:49.000Z,/,GET,200,34,US,Mobile
2025-09-25T20:42:01.000Z,/products,GET,200,79,DE,Mobile
2025-09-25T20:47:35.000Z,/,GET,200,68,US,Desktop
2025-09-25T20:57:48.000Z,/,GET,304,51,DE,Mobile
2025-09-25T21:10:20.000Z,/,GET,200,31,IN,Desktop
2025-09-25T21:17:39.000Z,/products/:id,GET,200,108,CA,Desktop
2025-09-25T21:17:46.000Z,/api/checkout,POST,404,204,GB,Mobile
2025-09-25T21:24:06.000Z,/products/:id,GET,200,112,DE,Desktop
2025-09-25T21:31:28.000Z,/,GET,200,173,US,Mobile
2025-09-25T21:38:42.000Z,/api/cart,POST,200,107,GB,Desktop
2025-09-25T21:39:33.000Z,/products,GET,200,85,CA,Desktop
2025-09-25T21:42:55.000Z,/products,GET,200,139,BR,Desktop
2025-09-25T21:43:53.000Z,/,GET,200,64,CA,Desktop
2025-09-25T21:46:05.000Z,/,GET,200,51,FR,Desktop
2025-09-25T21:51:20.000Z,/api/checkout,POST,200,268,US,Desktop
2025-09-25T21:51:38.000Z,/cart,GET,200,40,US,Mobile
2025-09-25T21:55:43.000Z,/,GET,200,47,FR,Mobile
2025-09-25T22:04:50.000Z,/,GET,200,46,US,Mobile
2025-09-25T22:14:12.000Z,/products/:id,GET,200,53,US,Desktop
2025-09-25T22:32:44.000Z,/api/cart,POST,304,37,US,Desktop
2025-09-25T22:39:59.000Z,/,GET,200,45,IN,Mobile
2025-09-25T22:48:36.000Z,/,GET,200,57,IN,Desktop
2025-09-25T22:54:19.000Z,/products/:id,GET,200,75,FR,Desktop
2025-09-25T23:00:49.000Z,/,GET,200,39,DE,Mobile
2025-09-25T23:02:43.000Z,/,GET,200,22,DE,Desktop
2025-09-25T23:06:17.000Z,/products,GET,200,106,CA,Mobile
2025-09-25T23:08:15.000Z,/api/cart,POST,200,77,CA,Desktop
2025-09-25T23:11:36.000Z,/products/:id,GET,200,77,FR,Mobile
2025-09-25T23:19:38.000Z,/,GET,401,51,US,Mobile
2025-09-25T23:23:38.000Z,/,GET,200,51,US,Desktop
2025-09-25T23:24:12.000Z,/products,GET,404,49,IN,Mobile
2025-09-25T23:24:20.000Z,/,GET,200,36,JP,Mobile
2025-09-25T23:28:52.000Z,/account,GET,200,45,US,Desktop
2025-09-25T23:29:31.000Z,/api/checkout,POST,200,359,FR,Tablet
2025-09-25T23:32:15.000Z,/products/:id,GET,500,36,FR,Tablet
2025-09-25T23:39:56.000Z,/products/:id,GET,200,100,US,Mobile
2025-09-25T23:41:49.000Z,/search,GET,200,108,US,Desktop
2025-09-25T23:42:55.000Z,/search,GET,200,248,IN,Desktop
2025-09-25T23:44:50.000Z,/search,GET,200,139,DE,Desktop
2025-09-25T23:53:09.000Z,/products/:id,GET,200,82,US,Desktop
2025-09-26T00:00:00.000Z,/search,GET,200,201,GB,Mobile
2025-09-26T00:06:10.000Z,/search,GET,200,79,US,Mobile
2025-09-26T00:17:51.000Z,/api/checkout,POST,200,356,US,Desktop
2025-09-26T00:26:14.000Z,/products,GET,200,32,IN,Desktop
2025-09-26T00:28:12.000Z,/products/:id,GET,200,132,FR,Mobile
2025-09-26T00:40:29.000Z,/cart,GET,200,47,DE,Desktop
2025-09-26T00:40:59.000Z,/search,GET,200,167,IN,Mobile
2025-09-26T00:46:50.000Z,/,GET,200,76,CA,Mobile
2025-09-26T00:49:29.000Z,/products/:id,GET,200,109,IN,Mobile
2025-09-26T00:50:47.000Z,/account,GET,200,74,FR,Desktop
2025-09-26T00:54:00.000Z,/search,GET,200,119,US,Desktop
2025-09-26T01:01:08.000Z,/api/cart,POST,200,183,IN,Mobile
2025-09-26T01:09:42.000Z,/,GET,200,109,US,Desktop
2025-09-26T01:17:57.000Z,/api/checkout,POST,200,525,GB,Mobile
2025-09-26T01:20:37.000Z,/products/:id,GET,200,89,IN,Desktop
2025-09-26T01:22:17.000Z,/search,GET,200,140,IN,Desktop
2025-09-26T01:23:10.000Z,/cart,GET,200,48,CA,Mobile
2025-09-26T01:35:23.000Z,/api/checkout,POST,200,654,IN,Mobile
2025-09-26T01:37:27.000Z,/,GET,200,57,GB,Mobile
2025-09-26T01:38:29.000Z,/cart,GET,200,55,IN,Desktop
2025-09-26T01:39:09.000Z,/api/cart,POST,200,109,CA,Mobile
2025-09-26T01:46:45.000Z,/products,GET,200,82,US,Tablet
2025-09-26T01:46:49.000Z,/products/:id,GET,200,69,FR,Tablet
2025-09-26T01:52:43.000Z,/products,GET,200,54,FR,Desktop
2025-09-26T01:53:08.000Z,/cart,GET,200,49,BR,Desktop
2025-09-26T01:55:04.000Z,/api/checkout,POST,200,136,FR,Mobile
2025-09-26T01:58:11.000Z,/products,GET,200,129,US,Desktop
2025-09-26T01:58:44.000Z,/products/:id,GET,200,109,JP,Desktop
2025-09-26T02:00:23.000Z,/products,GET,200,117,DE,Mobile
2025-09-26T02:12:32.000Z,/products/:id,GET,200,68,US,Mobile
2025-09-26T02:16:28.000Z,/,GET,200,57,US,Desktop
2025-09-26T02:18:57.000Z,/search,GET,200,280,GB,Desktop
2025-09-26T02:28:45.000Z,/,GET,200,66,FR,Tablet
2025-09-26T02:31:42.000Z,/api/checkout,POST,200,186,GB,Mobile
2025-09-26T02:39:25.000Z,/search,GET,200,177,US,Mobile
2025-09-26T02:46:56.000Z,/products,GET,200,141,DE,Mobile
2025-09-26T02:58:41.000Z,/,GET,200,26,IN,Desktop
2025-09-26T03:17:03.000Z,/products/:id,GET,200,36,IN,Mobile
2025-09-26T03:21:10.000Z,/search,GET,200,218,US,Mobile
2025-09-26T03:21:20.000Z,/,GET,200,16,GB,Mobile
2025-09-26T03:26:22.000Z,/search,GET,200,136,US,Mobile
2025-09-26T03:28:38.000Z,/products,GET,200,38,JP,Desktop
2025-09-26T03:30:24.000Z,/search,GET,200,62,GB,Mobile
2025-09-26T03:36:52.000Z,/search,GET,200,138,US,Mobile
2025-09-26T03:39:07.000Z,/products,GET,200,176,FR,Desktop
2025-09-26T03:40:21.000Z,/api/checkout,POST,200,233,GB,Desktop
2025-09-26T03:48:19.000Z,/,GET,304,77,JP,Tablet
2025-09-26T03:49:56.000Z,/products,GET,200,100,CA,Mobile
2025-09-26T03:50:56.000Z,/,GET,304,49,IN,Mobile
2025-09-26T03:52:36.000Z,/,GET,200,41,DE,Mobile
2025-09-26T04:00:40.000Z,/products/:id,GET,200,62,JP,Desktop
2025-09-26T04:00:41.000Z,/search,GET,200,138,GB,Mobile
2025-09-26T04:01:52.000Z,/search,GET,200,207,US,Desktop
2025-09-26T04:06:58.000Z,/products/:id,GET,200,79,CA,Desktop
2025-09-26T04:07:26.000Z,/products/:id,GET,200,110,FR,Mobile
2025-09-26T04:11:06.000Z,/products/:id,GET,200,40,DE,Desktop
2025-09-26T04:11:07.000Z,/search,GET,200,126,US,Mobile
2025-09-26T04:14:38.000Z,/products,GET,200,79,US,Mobile
2025-09-26T04:15:23.000Z,/,GET,200,24,GB,Desktop
2025-09-26T04:22:07.000Z,/api/checkout,POST,200,353,JP,Mobile
2025-09-26T04:34:57.000Z,/api/cart,POST,304,54,BR,Mobile
2025-09-26T04:37:12.000Z,/api/checkout,POST,200,133,IN,Desktop
2025-09-26T04:40:12.000Z,/products/:id,GET,200,32,IN,Tablet
2025-09-26T04:41:29.000Z,/search,GET,200,178,FR,Desktop
2025-09-26T04:43:14.000Z,/api/cart,POST,200,87,JP,Desktop
2025-09-26T04:43:27.000Z,/products/:id,GET,200,65,JP,Mobile
2025-09-26T04:46:39.000Z,/search,GET,200,92,US,Tablet
2025-09-26T04:48:24.000Z,/cart,GET,200,48,US,Desktop
2025-09-26T04:49:58.000Z,/products,GET,200,97,JP,Desktop
2025-09-26T04:57:41.000Z,/cart,GET,200,61,US,Desktop
2025-09-26T04:58:43.000Z,/account,GET,304,81,FR,Mobile
2025-09-26T04:59:06.000Z,/,GET,200,42,JP,Desktop
2025-09-26T04:59:20.000Z,/cart,GET,200,67,JP,Mobile
2025-09-26T04:59:27.000Z,/products/:id,GET,200,32,US,Mobile
2025-09-26T05:05:10.000Z,/products/:id,GET,200,48,DE,Desktop
2025-09-26T05:07:18.000Z,/api/cart,POST,200,51,BR,Mobile
2025-09-26T05:10:59.000Z,/,GET,200,56,DE,Tablet
2025-09-26T05:11:39.000Z,/search,GET,200,68,US,Tablet
2025-09-26T05:12:29.000Z,/,GET,200,47,US,Mobile
2025-09-26T05:13:27.000Z,/products,GET,200,103,GB,Mobile
2025-09-26T05:14:38.000Z,/products,GET,200,73,FR,Desktop
2025-09-26T05:14:46.000Z,/api/checkout,POST,200,124,IN,Mobile
2025-09-26T05:18:14.000Z,/products/:id,GET,200,131,DE,Mobile
2025-09-26T05:25:00.000Z,/api/cart,POST,200,128,US,Mobile
2025-09-26T05:28:06.000Z,/,GET,200,85,GB,Mobile
2025-09-26T05:29:40.000Z,/products,GET,200,61,CA,Desktop
2025-09-26T05:33:20.000Z,/,GET,200,92,IN,Desktop
2025-09-26T05:34:54.000Z,/products/:id,GET,304,54,IN,Desktop
2025-09-26T05:39:25.000Z,/api/cart,POST,200,60,DE,Mobile
2025-09-26T05:41:44.000Z,/search,GET,200,432,JP,Desktop
2025-09-26T05:44:58.000Z,/products/:id,GET,200,49,DE,Desktop
2025-09-26T05:49:54.000Z,/api/cart,POST,200,51,US,Mobile
2025-09-26T05:50:46.000Z,/api/checkout,POST,200,194,GB,Mobile
2025-09-26T05:52:05.000Z,/api/cart,POST,200,57,US,Desktop
2025-09-26T05:58:29.000Z,/search,GET,200,155,CA,Mobile
2025-09-26T05:59:43.000Z,/,GET,404,28,DE,Desktop
2025-09-26T06:03:53.000Z,/search,GET,200,136,GB,Mobile
2025-09-26T06:05:06.000Z,/products/:id,GET,200,160,CA,Desktop
2025-09-26T06:06:09.000Z,/,GET,200,33,JP,Desktop
2025-09-26T06:09:37.000Z,/,GET,200,22,US,Desktop
2025-09-26T06:10:54.000Z,/search,GET,200,167,CA,Mobile
2025-09-26T06:11:24.000Z,/api/cart,POST,200,64,US,Mobile
2025-09-26T06:13:57.000Z,/products/:id,GET,200,40,GB,Mobile
2025-09-26T06:18:46.000Z,/search,GET,200,98,US,Mobile
2025-09-26T06:20:07.000Z,/products,GET,200,99,IN,Desktop
2025-09-26T06:28:52.000Z,/products/:id,GET,200,23,DE,Mobile
2025-09-26T06:29:01.000Z,/products,GET,200,85,BR,Desktop
2025-09-26T06:32:14.000Z,/products,GET,200,66,IN,Desktop
2025-09-26T06:37:07.000Z,/cart,GET,200,62,DE,Desktop
2025-09-26T06:44:11.000Z,/products,GET,200,95,GB,Desktop
2025-09-26T06:47:15.000Z,/search,GET,200,235,DE,Mobile
2025-09-26T06:48:43.000Z,/products,GET,200,90,US,Desktop
2025-09-26T06:49:04.000Z,/search,GET,200,146,FR,Mobile
2025-09-26T06:50:52.000Z,/cart,GET,200,71,IN,Mobile
2025-09-26T06:52:30.000Z,/search,GET,304,117,US,Desktop
2025-09-26T06:54:18.000Z,/products,GET,200,56,IN,Mobile
2025-09-26T06:55:09.000Z,/products/:id,GET,200,62,US,Mobile
2025-09-26T07:00:09.000Z,/search,GET,200,88,US,Desktop
2025-09-26T07:03:39.000Z,/,GET,200,34,US,Mobile
2025-09-26T07:04:27.000Z,/api/checkout,POST,200,168,CA,Desktop
2025-09-26T07:04:43.000Z,/products/:id,GET,200,64,GB,Desktop
2025-09-26T07:05:41.000Z,/,GET,200,43,DE,Desktop
2025-09-26T07:06:29.000Z,/api/cart,POST,200,128,IN,Mobile
2025-09-26T07:12:09.000Z,/api/cart,POST,200,116,US,Mobile
2025-09-26T07:20:07.000Z,/search,GET,200,191,US,Mobile
2025-09-26T07:21:05.000Z,/api/cart,POST,200,141,US,Mobile
2025-09-26T07:21:50.000Z,/api/cart,POST,200,88,FR,Mobile
2025-09-26T07:23:15.000Z,/,GET,200,17,BR,Mobile
2025-09-26T07:29:23.000Z,/products,GET,200,126,US,Desktop
2025-09-26T07:32:06.000Z,/search,GET,200,221,US,Desktop
2025-09-26T07:37:46.000Z,/cart,GET,200,79,GB,Desktop
2025-09-26T07:41:21.000Z,/search,GET,200,259,US,Desktop
2025-09-26T07:42:24.000Z,/api/cart,POST,200,121,US,Mobile
2025-09-26T07:43:42.000Z,/,GET,200,56,DE,Mobile
2025-09-26T07:47:02.000Z,/search,GET,200,193,CA,Mobile
2025-09-26T07:48:12.000Z,/search,GET,200,253,IN,Mobile
2025-09-26T07:52:41.000Z,/cart,GET,200,68,IN,Desktop
2025-09-26T07:56:02.000Z,/cart,GET,200,43,US,Desktop
2025-09-26T07:56:42.000Z,/search,GET,200,71,US,Tablet
2025-09-26T07:58:03.000Z,/api/cart,POST,200,140,US,Desktop
2025-09-26T07:58:43.000Z,/products/:id,GET,200,36,US,Desktop
2025-09-26T07:59:20.000Z,/products,GET,200,103,US,Mobile
2025-09-26T08:00:48.000Z,/products/:id,GET,200,114,FR,Mobile
2025-09-26T08:03:38.000Z,/products,GET,200,130,US,Desktop
2025-09-26T08:04:40.000Z,/search,GET,200,123,DE,Desktop
2025-09-26T08:05:35.000Z,/,GET,200,35,DE,Mobile
2025-09-26T08:06:35.000Z,/products/:id,GET,200,30,US,Desktop
2025-09-26T08:06:55.000Z,/products,GET,200,31,US,Mobile
2025-09-26T08:07:16.000Z,/,GET,200,49,GB,Desktop
2025-09-26T08:08:04.000Z,/products,GET,200,51,GB,Desktop
2025-09-26T08:11:16.000Z,/api/checkout,POST,200,147,JP,Mobile
2025-09-26T08:14:55.000Z,/search,GET,200,102,JP,Desktop
2025-09-26T08:15:53.000Z,/account,GET,200,67,CA,Mobile
2025-09-26T08:17:20.000Z,/,GET,200,39,US,Desktop
2025-09-26T08:20:20.000Z,/api/cart,POST,200,68,FR,Desktop
2025-09-26T08:21:43.000Z,/products/:id,GET,200,39,BR,Mobile
2025-09-26T08:24:06.000Z,/products/:id,GET,200,60,GB,Mobile
2025-09-26T08:29:32.000Z,/api/checkout,POST,200,211,BR,Mobile
2025-09-26T08:30:49.000Z,/products,GET,200,120,CA,Mobile
2025-09-26T08:31:37.000Z,/api/checkout,POST,404,486,FR,Mobile
2025-09-26T08:33:20.000Z,/api/cart,POST,200,161,JP,Desktop
2025-09-26T08:37:45.000Z,/api/checkout,POST,200,383,BR,Desktop
2025-09-26T08:38:18.000Z,/search,GET,200,206,US,Mobile
2025-09-26T08:40:10.000Z,/,GET,200,44,CA,Mobile
2025-09-26T08:43:16.000Z,/api/checkout,POST,500,243,US,Mobile
2025-09-26T08:43:56.000Z,/cart,GET,404,63,US,Desktop
2025-09-26T08:45:20.000Z,/products/:id,GET,200,54,GB,Tablet
2025-09-26T08:49:03.000Z,/products/:id,GET,200,64,US,Desktop
2025-09-26T08:50:27.000Z,/,GET,200,27,CA,Desktop
2025-09-26T08:55:17.000Z,/,GET,200,50,US,Desktop
2025-09-26T09:01:01.000Z,/cart,GET,200,38,US,Mobile
2025-09-26T09:04:24.000Z,/account,GET,200,50,GB,Desktop
2025-09-26T09:05:37.000Z,/account,GET,200,112,JP,Desktop
2025-09-26T09:10:50.000Z,/api/checkout,POST,200,254,US,Desktop
2025-09-26T09:15:07.000Z,/,GET,200,72,IN,Desktop
2025-09-26T09:15:21.000Z,/,GET,200,50,US,Tablet
2025-09-26T09:15:41.000Z,/api/cart,POST,200,164,GB,Mobile
2025-09-26T09:17:52.000Z,/api/checkout,POST,200,133,US,Desktop
2025-09-26T09:19:07.000Z,/products,GET,200,79,US,Tablet
2025-09-26T09:20:03.000Z,/,GET,200,32,US,Tablet
2025-09-26T09:21:12.000Z,/api/cart,POST,200,127,DE,Mobile
2025-09-26T09:22:51.000Z,/search,GET,200,225,US,Desktop
2025-09-26T09:23:42.000Z,/products,GET,200,85,IN,Desktop
2025-09-26T09:26:29.000Z,/products/:id,GET,200,29,JP,Desktop
2025-09-26T09:26:57.000Z,/search,GET,200,118,US,Mobile
2025-09-26T09:30:43.000Z,/,GET,200,51,DE,Mobile
2025-09-26T09:32:49.000Z,/products/:id,GET,200,91,CA,Mobile
2025-09-26T09:33:09.000Z,/products,GET,200,67,IN,Mobile
2025-09-26T09:34:15.000Z,/,GET,200,106,CA,Desktop
2025-09-26T09:46:21.000Z,/,GET,200,58,CA,Desktop
2025-09-26T09:48:15.000Z,/products,GET,200,61,BR,Desktop
2025-09-26T09:49:02.000Z,/products,GET,200,45,US,Desktop
2025-09-26T09:49:14.000Z,/api/checkout,POST,200,372,US,Desktop
2025-09-26T09:50:09.000Z,/products/:id,GET,200,66,US,Tablet
2025-09-26T09:51:18.000Z,/search,GET,200,180,US,Mobile
2025-09-26T09:53:53.000Z,/api/checkout,POST,200,193,BR,Mobile
2025-09-26T09:54:27.000Z,/products,GET,200,41,IN,Mobile
2025-09-26T09:55:11.000Z,/api/cart,POST,200,116,US,Mobile
2025-09-26T10:05:43.000Z,/,GET,200,13,US,Desktop
2025-09-26T10:11:24.000Z,/,GET,200,97,US,Mobile
2025-09-26T10:15:46.000Z,/cart,GET,200,59,US,Mobile
2025-09-26T10:16:55.000Z,/,GET,200,42,BR,Desktop
2025-09-26T10:17:59.000Z,/,GET,200,30,GB,Mobile
2025-09-26T10:21:12.000Z,/account,GET,200,67,FR,Desktop
2025-09-26T10:23:49.000Z,/products,GET,200,85,IN,Mobile
2025-09-26T10:30:26.000Z,/,GET,200,40,US,Desktop
2025-09-26T10:30:46.000Z,/products,GET,200,37,US,Desktop
2025-09-26T10:34:17.000Z,/cart,GET,200,86,FR,Mobile
2025-09-26T10:34:46.000Z,/api/checkout,POST,200,314,US,Mobile
2025-09-26T10:40:05.000Z,/products,GET,401,57,US,Mobile
2025-09-26T10:40:23.000Z,/,GET,200,19,US,Mobile
2025-09-26T10:41:16.000Z,/,GET,200,79,DE,Mobile
2025-09-26T10:41:59.000Z,/cart,GET,200,51,IN,Desktop
2025-09-26T10:42:36.000Z,/cart,GET,200,73,BR,Mobile
2025-09-26T10:44:06.000Z,/search,GET,404,234,JP,Mobile
2025-09-26T10:50:13.000Z,/search,GET,200,212,US,Desktop
2025-09-26T10:50:51.000Z,/search,GET,200,205,GB,Mobile
2025-09-26T10:52:38.000Z,/,GET,200,30,JP,Mobile
2025-09-26T10:53:36.000Z,/api/cart,POST,200,107,FR,Desktop
2025-09-26T10:53:57.000Z,/,GET,200,71,GB,Desktop
2025-09-26T10:54:01.000Z,/products,GET,200,38,CA,Mobile
2025-09-26T10:55:48.000Z,/products,GET,200,186,US,Mobile
2025-09-26T11:02:18.000Z,/products,GET,200,86,US,Mobile
2025-09-26T11:06:24.000Z,/cart,GET,200,64,CA,Tablet
2025-09-26T11:07:29.000Z,/,GET,200,23,FR,Mobile
2025-09-26T11:07:59.000Z,/,GET,200,26,FR,Desktop
2025-09-26T11:09:54.000Z,/search,GET,200,183,US,Desktop
2025-09-26T11:11:12.000Z,/search,GET,200,112,US,Desktop
2025-09-26T11:12:57.000Z,/products/:id,GET,200,53,US,Mobile
2025-09-26T11:14:36.000Z,/products,GET,200,92,US,Mobile
2025-09-26T11:16:48.000Z,/,GET,200,59,DE,Desktop
2025-09-26T11:17:39.000Z,/products,GET,200,91,IN,Mobile
2025-09-26T11:19:57.000Z,/search,GET,200,74,US,Desktop
2025-09-26T11:21:47.000Z,/search,GET,404,58,US,Mobile
2025-09-26T11:23:22.000Z,/products/:id,GET,200,42,IN,Desktop
2025-09-26T11:24:53.000Z,/products/:id,GET,200,24,US,Mobile
2025-09-26T11:26:20.000Z,/,GET,304,37,DE,Desktop
2025-09-26T11:27:47.000Z,/account,GET,200,77,US,Desktop
2025-09-26T11:28:14.000Z,/api/cart,POST,200,91,CA,Mobile
2025-09-26T11:29:27.000Z,/products,GET,200,90,CA,Tablet
2025-09-26T11:30:17.000Z,/,GET,200,30,CA,Desktop
2025-09-26T11:34:07.000Z,/search,GET,200,106,US,Mobile
2025-09-26T11:34:57.000Z,/products,GET,200,53,US,Mobile
2025-09-26T11:36:00.000Z,/cart,GET,200,56,US,Mobile
2025-09-26T11:38:43.000Z,/cart,GET,200,37,US,Desktop
2025-09-26T11:39:01.000Z,/api/cart,POST,200,59,IN,Mobile
2025-09-26T11:40:45.000Z,/api/cart,POST,200,137,GB,Tablet
2025-09-26T11:41:22.000Z,/products/:id,GET,404,113,JP,Desktop
2025-09-26T11:42:08.000Z,/,GET,200,59,GB,Desktop
2025-09-26T11:45:45.000Z,/products/:id,GET,200,63,US,Desktop
2025-09-26T11:48:16.000Z,/,GET,200,196,IN,Desktop
2025-09-26T11:51:08.000Z,/products/:id,GET,200,83,IN,Mobile
2025-09-26T11:51:10.000Z,/,GET,200,42,US,Mobile
2025-09-26T11:52:23.000Z,/products/:id,GET,200,19,CA,Tablet
2025-09-26T11:53:37.000Z,/,GET,200,30,IN,Mobile
2025-09-26T11:55:38.000Z,/,GET,200,32,IN,Desktop
2025-09-26T11:56:25.000Z,/cart,GET,200,55,CA,Tablet
2025-09-26T11:57:28.000Z,/products,GET,200,102,US,Desktop
2025-09-26T11:58:04.000Z,/,GET,200,48,JP,Mobile
2025-09-26T11:58:29.000Z,/products/:id,GET,200,59,US,Desktop
2025-09-26T12:02:36.000Z,/products/:id,GET,200,90,DE,Mobile
2025-09-26T12:03:40.000Z,/search,GET,200,113,CA,Desktop
2025-09-26T12:04:54.000Z,/products/:id,GET,200,33,FR,Mobile
2025-09-26T12:08:05.000Z,/products,GET,200,55,IN,Desktop
2025-09-26T12:10:38.000Z,/search,GET,200,87,DE,Desktop
2025-09-26T12:11:21.000Z,/products,GET,200,55,GB,Desktop
2025-09-26T12:11:50.000Z,/products/:id,GET,200,48,GB,Mobile
2025-09-26T12:12:20.000Z,/products,GET,200,46,US,Mobile
2025-09-26T12:14:29.000Z,/cart,GET,200,32,US,Desktop
2025-09-26T12:14:36.000Z,/,GET,200,86,US,Mobile
2025-09-26T12:24:25.000Z,/cart,GET,404,52,US,Desktop
2025-09-26T12:24:27.000Z,/api/checkout,POST,200,75,US,Mobile
2025-09-26T12:25:06.000Z,/,GET,404,56,CA,Mobile
2025-09-26T12:26:42.000Z,/api/cart,POST,200,142,CA,Mobile
2025-09-26T12:27:06.000Z,/,GET,200,55,GB,Mobile
2025-09-26T12:29:16.000Z,/search,GET,200,262,IN,Mobile
2025-09-26T12:32:09.000Z,/,GET,200,19,FR,Mobile
2025-09-26T12:32:14.000Z,/products/:id,GET,200,33,GB,Desktop
2025-09-26T12:34:11.000Z,/products,GET,200,120,GB,Desktop
2025-09-26T12:34:35.000Z,/cart,GET,200,62,US,Desktop
2025-09-26T12:34:38.000Z,/products,GET,200,59,DE,Desktop
2025-09-26T12:36:26.000Z,/products/:id,GET,200,86,IN,Tablet
2025-09-26T12:40:27.000Z,/search,GET,200,140,US,Desktop
2025-09-26T12:49:49.000Z,/products,GET,200,80,JP,Desktop
2025-09-26T12:54:26.000Z,/account,GET,200,35,US,Desktop
2025-09-26T12:55:07.000Z,/products,GET,200,140,BR,Mobile
2025-09-26T12:55:31.000Z,/products/:id,GET,200,52,GB,Mobile
2025-09-26T12:57:30.000Z,/account,GET,200,77,US,Desktop
2025-09-26T13:02:28.000Z,/products,GET,200,91,US,Desktop
2025-09-26T13:03:36.000Z,/,GET,200,52,JP,Mobile
2025-09-26T13:04:23.000Z,/,GET,200,28,US,Desktop
2025-09-26T13:06:09.000Z,/cart,GET,200,65,US,Desktop
2025-09-26T13:06:15.000Z,/products/:id,GET,200,98,IN,Desktop
2025-09-26T13:06:56.000Z,/products/:id,GET,200,78,FR,Mobile
2025-09-26T13:07:25.000Z,/,GET,200,73,US,Mobile
2025-09-26T13:08:11.000Z,/api/checkout,POST,200,194,US,Mobile
2025-09-26T13:09:05.000Z,/,GET,200,41,US,Tablet
2025-09-26T13:18:10.000Z,/cart,GET,200,38,JP,Desktop
2025-09-26T13:18:35.000Z,/search,GET,200,181,FR,Mobile
2025-09-26T13:19:28.000Z,/account,GET,200,112,US,Desktop
2025-09-26T13:20:28.000Z,/products,GET,200,181,FR,Mobile
2025-09-26T13:24:24.000Z,/products/:id,GET,200,45,US,Desktop
2025-09-26T13:26:59.000Z,/products,GET,200,125,DE,Mobile
2025-09-26T13:28:07.000Z,/search,GET,200,248,US,Desktop
2025-09-26T13:30:28.000Z,/search,GET,200,136,FR,Mobile
2025-09-26T13:32:17.000Z,/products/:id,GET,200,58,FR,Mobile
2025-09-26T13:32:27.000Z,/,GET,200,62,DE,Desktop
2025-09-26T13:32:46.000Z,/products/:id,GET,200,24,JP,Desktop
2025-09-26T13:33:28.000Z,/,GET,200,52,CA,Tablet
2025-09-26T13:33:38.000Z,/products,GET,200,244,IN,Tablet
2025-09-26T13:36:21.000Z,/account,GET,200,95,CA,Tablet
2025-09-26T13:37:03.000Z,/api/checkout,POST,200,283,US,Desktop
2025-09-26T13:41:23.000Z,/api/cart,POST,200,57,FR,Desktop
2025-09-26T13:44:40.000Z,/,GET,200,57,GB,Desktop
2025-09-26T13:46:39.000Z,/api/checkout,POST,200,421,US,Desktop
2025-09-26T13:48:11.000Z,/products/:id,GET,200,33,BR,Desktop
2025-09-26T13:48:50.000Z,/search,GET,200,162,GB,Desktop
2025-09-26T13:48:59.000Z,/products/:id,GET,200,45,FR,Mobile
2025-09-26T13:50:35.000Z,/products,GET,200,56,CA,Desktop
2025-09-26T13:53:10.000Z,/,GET,200,34,IN,Desktop
2025-09-26T13:53:43.000Z,/,GET,200,40,JP,Tablet
2025-09-26T13:56:18.000Z,/cart,GET,200,57,BR,Desktop
2025-09-26T14:00:23.000Z,/products,GET,200,66,CA,Desktop
2025-09-26T14:03:32.000Z,/api/cart,POST,200,152,US,Desktop
2025-09-26T14:11:08.000Z,/products/:id,GET,200,111,US,Desktop
2025-09-26T14:20:13.000Z,/cart,GET,304,78,CA,Mobile
2025-09-26T14:24:44.000Z,/products,GET,304,58,FR,Mobile
2025-09-26T14:25:35.000Z,/products,GET,200,71,CA,Desktop
2025-09-26T14:25:37.000Z,/,GET,200,52,JP,Mobile
2025-09-26T14:27:15.000Z,/cart,GET,200,32,DE,Mobile
2025-09-26T14:29:37.000Z,/cart,GET,200,41,GB,Mobile
2025-09-26T14:31:26.000Z,/cart,GET,200,80,US,Mobile
2025-09-26T14:37:14.000Z,/api/checkout,POST,200,288,JP,Mobile
2025-09-26T14:38:06.000Z,/products,GET,200,73,US,Desktop
2025-09-26T14:39:57.000Z,/products,GET,200,73,CA,Desktop
2025-09-26T14:41:38.000Z,/cart,GET,304,40,IN,Mobile
2025-09-26T14:42:03.000Z,/api/cart,POST,404,75,US,Mobile
2025-09-26T14:42:41.000Z,/api/checkout,POST,200,513,US,Desktop
2025-09-26T14:44:17.000Z,/products/:id,GET,200,59,CA,Desktop
2025-09-26T14:47:06.000Z,/products,GET,200,116,US,Tablet
2025-09-26T14:48:45.000Z,/,GET,200,70,US,Desktop
2025-09-26T14:52:13.000Z,/search,GET,200,55,IN,Mobile
2025-09-26T14:54:14.000Z,/,GET,304,22,GB,Mobile
2025-09-26T14:56:58.000Z,/cart,GET,200,47,US,Mobile
2025-09-26T14:57:22.000Z,/products/:id,GET,200,55,DE,Desktop
2025-09-26T15:03:10.000Z,/products/:id,GET,200,204,CA,Mobile
2025-09-26T15:10:11.000Z,/api/cart,POST,200,166,US,Desktop
2025-09-26T15:10:28.000Z,/products,GET,200,65,BR,Mobile
2025-09-26T15:12:40.000Z,/api/checkout,POST,200,201,CA,Mobile
2025-09-26T15:14:05.000Z,/search,GET,200,229,US,Mobile
2025-09-26T15:18:11.000Z,/products,GET,200,56,IN,Desktop
2025-09-26T15:23:15.000Z,/cart,GET,200,60,JP,Mobile
2025-09-26T15:24:48.000Z,/search,GET,200,280,FR,Desktop
2025-09-26T15:27:19.000Z,/api/checkout,POST,200,260,FR,Mobile
2025-09-26T15:32:28.000Z,/products/:id,GET,200,70,US,Mobile
2025-09-26T15:36:12.000Z,/,GET,200,29,FR,Mobile
2025-09-26T15:36:16.000Z,/api/cart,POST,200,108,GB,Mobile
2025-09-26T15:42:15.000Z,/products,GET,200,57,US,Mobile
2025-09-26T15:42:49.000Z,/,GET,200,71,IN,Tablet
2025-09-26T15:43:21.000Z,/,GET,200,47,BR,Mobile
2025-09-26T15:43:50.000Z,/cart,GET,200,68,US,Desktop
2025-09-26T15:51:06.000Z,/,GET,200,43,CA,Desktop
2025-09-26T15:54:49.000Z,/cart,GET,200,52,CA,Desktop
2025-09-26T15:55:31.000Z,/api/cart,POST,200,92,US,Mobile
2025-09-26T15:55:47.000Z,/,GET,200,74,CA,Desktop
2025-09-26T15:57:19.000Z,/search,GET,200,180,US,Desktop
2025-09-26T16:03:20.000Z,/api/cart,POST,200,87,US,Desktop
2025-09-26T16:03:24.000Z,/,GET,200,37,BR,Desktop
2025-09-26T16:08:21.000Z,/search,GET,200,112,IN,Tablet
2025-09-26T16:12:57.000Z,/,GET,200,58,GB,Desktop
2025-09-26T16:17:09.000Z,/api/cart,POST,200,58,US,Desktop
2025-09-26T16:21:00.000Z,/products/:id,GET,200,67,IN,Tablet
2025-09-26T16:21:42.000Z,/cart,GET,200,47,IN,Mobile
2025-09-26T16:25:31.000Z,/products,GET,200,102,IN,Desktop
2025-09-26T16:26:11.000Z,/products,GET,200,63,IN,Mobile
2025-09-26T16:26:54.000Z,/products/:id,GET,200,46,JP,Mobile
2025-09-26T16:28:41.000Z,/products,GET,200,73,JP,Mobile
2025-09-26T16:31:39.000Z,/search,GET,200,79,IN,Desktop
2025-09-26T16:33:40.000Z,/api/cart,POST,200,46,IN,Desktop
2025-09-26T16:37:43.000Z,/cart,GET,200,50,FR,Mobile
2025-09-26T16:38:42.000Z,/products,GET,200,59,US,Desktop
2025-09-26T16:38:54.000Z,/account,GET,200,61,GB,Desktop
2025-09-26T16:41:22.000Z,/search,GET,200,116,GB,Mobile
2025-09-26T16:47:27.000Z,/,GET,404,43,US,Desktop
2025-09-26T16:52:11.000Z,/,GET,200,58,DE,Desktop
2025-09-26T16:58:58.000Z,/products,GET,200,122,US,Mobile
2025-09-26T17:05:45.000Z,/,GET,200,82,GB,Desktop
2025-09-26T17:07:35.000Z,/,GET,200,33,DE,Tablet
2025-09-26T17:08:40.000Z,/,GET,200,35,DE,Desktop
2025-09-26T17:09:56.000Z,/products,GET,200,95,FR,Mobile
2025-09-26T17:10:24.000Z,/api/cart,POST,200,68,US,Mobile
2025-09-26T17:10:27.000Z,/products,GET,200,133,FR,Desktop
2025-09-26T17:12:57.000Z,/cart,GET,200,21,IN,Mobile
2025-09-26T17:15:11.000Z,/,GET,200,60,US,Desktop
2025-09-26T17:15:48.000Z,/cart,GET,200,54,JP,Desktop
2025-09-26T17:20:50.000Z,/products/:id,GET,200,62,DE,Mobile
2025-09-26T17:23:28.000Z,/products,GET,200,81,US,Desktop
2025-09-26T17:33:22.000Z,/products,GET,200,87,GB,Desktop
2025-09-26T17:37:03.000Z,/account,GET,200,49,JP,Desktop
2025-09-26T17:37:09.000Z,/search,GET,200,134,CA,Desktop
2025-09-26T17:44:28.000Z,/products/:id,GET,200,33,IN,Mobile
2025-09-26T17:45:52.000Z,/products,GET,200,49,CA,Desktop
2025-09-26T18:03:27.000Z,/,GET,200,24,US,Desktop
2025-09-26T18:04:55.000Z,/,GET,200,48,JP,Mobile
2025-09-26T18:21:36.000Z,/,GET,200,51,US,Mobile
2025-09-26T18:22:17.000Z,/search,GET,200,69,US,Mobile
2025-09-26T18:25:12.000Z,/products,GET,200,49,GB,Tablet
2025-09-26T18:25:48.000Z,/products/:id,GET,200,62,GB,Tablet
2025-09-26T18:33:37.000Z,/cart,GET,200,57,US,Mobile
2025-09-26T18:35:24.000Z,/cart,GET,200,104,GB,Desktop
2025-09-26T18:35:25.000Z,/products/:id,GET,200,90,US,Mobile
2025-09-26T18:36:12.000Z,/account,GET,200,48,IN,Desktop
2025-09-26T18:36:54.000Z,/search,GET,200,90,US,Desktop
2025-09-26T18:37:00.000Z,/products,GET,200,48,CA,Desktop
2025-09-26T18:38:25.000Z,/cart,GET,200,68,DE,Mobile
2025-09-26T18:42:46.000Z,/,GET,200,45,FR,Desktop
2025-09-26T18:44:46.000Z,/products/:id,GET,200,44,US,Mobile
2025-09-26T19:00:45.000Z,/search,GET,200,187,IN,Mobile
2025-09-26T19:04:09.000Z,/api/cart,POST,200,43,US,Mobile
2025-09-26T19:06:38.000Z,/products,GET,200,83,DE,Mobile
2025-09-26T19:08:54.000Z,/,GET,401,93,US,Mobile
2025-09-26T19:09:19.000Z,/,GET,200,179,CA,Desktop
2025-09-26T19:09:40.000Z,/products,GET,200,190,US,Desktop
2025-09-26T19:15:47.000Z,/search,GET,200,114,IN,Mobile
2025-09-26T19:19:09.000Z,/products,GET,200,132,US,Mobile
2025-09-26T19:19:15.000Z,/products/:id,GET,200,92,US,Mobile
2025-09-26T19:21:59.000Z,/api/cart,POST,200,35,GB,Desktop
2025-09-26T19:23:11.000Z,/products/:id,GET,200,85,IN,Mobile
2025-09-26T19:26:14.000Z,/,GET,200,43,US,Desktop
2025-09-26T19:27:45.000Z,/products/:id,GET,200,69,BR,Desktop
2025-09-26T19:29:05.000Z,/products/:id,GET,200,46,FR,Mobile
2025-09-26T19:38:27.000Z,/,GET,200,61,CA,Desktop
2025-09-26T19:39:38.000Z,/search,GET,200,117,IN,Mobile
2025-09-26T19:42:19.000Z,/products,GET,200,73,IN,Desktop
2025-09-26T19:44:06.000Z,/,GET,200,45,US,Desktop
2025-09-26T19:58:25.000Z,/,GET,200,35,DE,Desktop
2025-09-26T20:08:37.000Z,/,GET,200,31,GB,Desktop
2025-09-26T20:20:08.000Z,/,GET,200,85,DE,Tablet
2025-09-26T20:28:55.000Z,/,GET,200,47,GB,Mobile
2025-09-26T20:29:52.000Z,/search,GET,200,104,US,Mobile
2025-09-26T20:33:33.000Z,/products/:id,GET,200,61,BR,Mobile
2025-09-26T20:35:41.000Z,/products/:id,GET,200,65,US,Desktop
2025-09-26T20:36:17.000Z,/products,GET,200,81,GB,Desktop
2025-09-26T20:39:39.000Z,/,GET,200,27,BR,Mobile
2025-09-26T20:40:10.000Z,/,GET,200,48,BR,Desktop
2025-09-26T20:47:28.000Z,/products/:id,GET,200,42,JP,Mobile
2025-09-26T20:51:10.000Z,/cart,GET,200,61,BR,Desktop
2025-09-26T20:54:59.000Z,/,GET,200,25,GB,Desktop
2025-09-26T20:56:26.000Z,/search,GET,200,135,FR,Mobile
2025-09-26T20:58:36.000Z,/cart,GET,200,87,US,Desktop
2025-09-26T20:59:13.000Z,/account,GET,200,68,US,Mobile
2025-09-26T21:06:17.000Z,/account,GET,200,81,IN,Mobile
2025-09-26T21:12:45.000Z,/products,GET,200,80,US,Mobile
2025-09-26T21:12:54.000Z,/products,GET,200,73,DE,Tablet
2025-09-26T21:20:07.000Z,/products/:id,GET,200,92,JP,Desktop
2025-09-26T21:21:05.000Z,/cart,GET,304,60,IN,Desktop
2025-09-26T21:23:13.000Z,/search,GET,200,157,US,Desktop
2025-09-26T21:23:49.000Z,/account,GET,200,55,IN,Mobile
2025-09-26T21:24:28.000Z,/products/:id,GET,200,45,US,Mobile
2025-09-26T21:25:54.000Z,/api/cart,POST,200,113,US,Desktop
2025-09-26T21:29:14.000Z,/,GET,200,26,US,Mobile
2025-09-26T21:33:38.000Z,/products,GET,200,61,GB,Desktop
2025-09-26T21:36:10.000Z,/products/:id,GET,200,44,IN,Desktop
2025-09-26T21:39:59.000Z,/products,GET,200,137,DE,Mobile
2025-09-26T21:41:06.000Z,/products/:id,GET,200,85,DE,Desktop
2025-09-26T21:51:51.000Z,/products/:id,GET,200,48,GB,Mobile
2025-09-26T21:52:26.000Z,/products,GET,200,47,DE,Desktop
2025-09-26T22:03:33.000Z,/,GET,200,27,US,Mobile
2025-09-26T22:03:58.000Z,/cart,GET,200,67,IN,Mobile
2025-09-26T22:13:24.000Z,/products,GET,200,62,US,Desktop
2025-09-26T22:17:31.000Z,/api/cart,POST,200,107,JP,Desktop
2025-09-26T22:23:03.000Z,/,GET,200,56,US,Mobile
2025-09-26T22:23:13.000Z,/search,GET,200,192,DE,Mobile
2025-09-26T22:25:00.000Z,/search,GET,200,130,FR,Desktop
2025-09-26T22:27:04.000Z,/cart,GET,200,69,IN,Desktop
2025-09-26T22:30:27.000Z,/products/:id,GET,200,18,IN,Mobile
2025-09-26T22:36:35.000Z,/search,GET,200,74,US,Desktop
2025-09-26T22:40:15.000Z,/products/:id,GET,200,124,DE,Desktop
2025-09-26T23:09:59.000Z,/search,GET,200,103,BR,Desktop
2025-09-26T23:20:50.000Z,/products/:id,GET,200,74,IN,Mobile
2025-09-26T23:30:23.000Z,/products/:id,GET,200,56,DE,Desktop
2025-09-26T23:36:43.000Z,/products,GET,200,90,IN,Desktop
2025-09-26T23:41:14.000Z,/api/checkout,POST,200,199,JP,Desktop
2025-09-26T23:52:38.000Z,/products,GET,200,72,US,Mobile
2025-09-27T00:04:28.000Z,/,GET,200,60,US,Mobile
2025-09-27T00:07:45.000Z,/api/cart,POST,200,122,US,Desktop
2025-09-27T00:08:29.000Z,/products/:id,GET,200,34,US,Mobile
2025-09-27T00:08:39.000Z,/products/:id,GET,404,58,CA,Desktop
2025-09-27T00:13:57.000Z,/products/:id,GET,200,49,US,Desktop
2025-09-27T00:14:05.000Z,/search,GET,200,134,US,Tablet
2025-09-27T00:16:16.000Z,/,GET,404,74,US,Mobile
2025-09-27T00:24:09.000Z,/,GET,200,56,CA,Mobile
2025-09-27T00:33:00.000Z,/,GET,200,66,IN,Desktop
2025-09-27T00:39:20.000Z,/products/:id,GET,404,82,US,Mobile
2025-09-27T00:40:59.000Z,/api/checkout,POST,200,116,US,Desktop
2025-09-27T00:42:12.000Z,/products/:id,GET,200,66,JP,Mobile
2025-09-27T00:43:25.000Z,/products,GET,200,78,IN,Desktop
2025-09-27T00:44:42.000Z,/products,GET,200,53,BR,Desktop
2025-09-27T00:49:22.000Z,/products/:id,GET,200,25,US,Mobile
2025-09-27T00:53:55.000Z,/products,GET,200,120,CA,Desktop
2025-09-27T00:59:24.000Z,/,GET,200,26,US,Mobile
2025-09-27T01:04:10.000Z,/products/:id,GET,200,45,DE,Mobile
2025-09-27T01:06:31.000Z,/search,GET,200,180,IN,Mobile
2025-09-27T01:09:18.000Z,/,GET,200,52,BR,Mobile
2025-09-27T01:14:05.000Z,/products,GET,200,129,BR,Tablet
2025-09-27T01:15:07.000Z,/products,GET,200,103,BR,Mobile
2025-09-27T01:18:29.000Z,/,GET,304,85,US,Desktop
2025-09-27T01:24:04.000Z,/products/:id,GET,200,53,BR,Desktop
2025-09-27T01:28:30.000Z,/products,GET,200,41,US,Mobile
2025-09-27T01:34:36.000Z,/products,GET,200,299,US,Mobile
2025-09-27T01:34:41.000Z,/products/:id,GET,200,115,IN,Tablet
2025-09-27T01:38:39.000Z,/cart,GET,200,58,GB,Desktop
2025-09-27T01:46:42.000Z,/,GET,200,77,US,Mobile
2025-09-27T01:48:21.000Z,/products/:id,GET,404,51,US,Desktop
2025-09-27T01:52:03.000Z,/search,GET,200,109,US,Mobile
2025-09-27T01:52:18.000Z,/,GET,200,35,US,Mobile
2025-09-27T01:53:24.000Z,/cart,GET,200,156,JP,Mobile
2025-09-27T02:03:01.000Z,/products/:id,GET,200,43,BR,Desktop
2025-09-27T02:03:07.000Z,/products/:id,GET,404,55,GB,Mobile
2025-09-27T02:03:10.000Z,/api/cart,POST,200,79,JP,Mobile
2025-09-27T02:09:10.000Z,/products/:id,GET,200,51,US,Mobile
2025-09-27T02:10:53.000Z,/search,GET,200,213,US,Desktop
2025-09-27T02:19:43.000Z,/account,GET,304,48,FR,Desktop
2025-09-27T02:25:17.000Z,/api/cart,POST,200,60,US,Desktop
2025-09-27T02:26:53.000Z,/api/checkout,POST,200,548,US,Desktop
2025-09-27T02:31:02.000Z,/,GET,200,86,US,Desktop
2025-09-27T02:31:46.000Z,/,GET,200,45,DE,Desktop
2025-09-27T02:33:54.000Z,/cart,GET,200,48,BR,Mobile
2025-09-27T02:42:55.000Z,/,GET,200,62,DE,Desktop
2025-09-27T02:50:17.000Z,/products/:id,GET,200,53,DE,Mobile
2025-09-27T03:03:17.000Z,/products/:id,GET,200,51,US,Desktop
2025-09-27T03:08:02.000Z,/account,GET,200,41,IN,Desktop
2025-09-27T03:12:55.000Z,/products/:id,GET,200,54,FR,Desktop
2025-09-27T03:14:56.000Z,/account,GET,200,154,FR,Mobile
2025-09-27T03:15:40.000Z,/,GET,304,86,CA,Desktop
2025-09-27T03:24:44.000Z,/products,GET,200,87,IN,Mobile
2025-09-27T03:25:46.000Z,/products,GET,200,48,IN,Desktop
2025-09-27T03:29:10.000Z,/account,GET,200,64,JP,Desktop
2025-09-27T03:44:42.000Z,/products/:id,GET,200,141,JP,Desktop
2025-09-27T03:53:53.000Z,/search,GET,200,158,US,Desktop
2025-09-27T04:00:24.000Z,/,GET,200,28,DE,Desktop
2025-09-27T04:00:49.000Z,/products/:id,GET,200,77,US,Mobile
2025-09-27T04:05:03.000Z,/cart,GET,200,39,BR,Mobile
2025-09-27T04:07:20.000Z,/products/:id,GET,200,52,US,Mobile
2025-09-27T04:08:26.000Z,/,GET,404,33,CA,Desktop
2025-09-27T04:08:29.000Z,/search,GET,200,140,US,Mobile
2025-09-27T04:11:35.000Z,/,GET,200,37,JP,Mobile
2025-09-27T04:23:19.000Z,/api/checkout,POST,200,344,DE,Mobile
2025-09-27T04:33:15.000Z,/api/checkout,POST,200,180,JP,Tablet
2025-09-27T04:34:09.000Z,/products/:id,GET,200,103,IN,Desktop
2025-09-27T04:42:46.000Z,/api/cart,POST,200,105,GB,Desktop
2025-09-27T04:43:34.000Z,/products/:id,GET,200,131,CA,Mobile
2025-09-27T04:46:23.000Z,/products,GET,200,114,GB,Mobile
2025-09-27T04:46:33.000Z,/products,GET,404,47,GB,Mobile
2025-09-27T04:51:01.000Z,/cart,GET,304,60,GB,Mobile
2025-09-27T04:52:55.000Z,/products,GET,200,54,CA,Mobile
2025-09-27T04:53:05.000Z,/,GET,404,69,FR,Desktop
2025-09-27T04:58:09.000Z,/account,GET,200,56,US,Desktop
2025-09-27T04:59:18.000Z,/,GET,200,52,US,Mobile
2025-09-27T04:59:36.000Z,/cart,GET,200,55,IN,Mobile
2025-09-27T05:02:00.000Z,/products/:id,GET,200,94,DE,Mobile
2025-09-27T05:03:41.000Z,/api/checkout,POST,200,201,JP,Desktop
2025-09-27T05:06:26.000Z,/products,GET,200,95,US,Desktop
2025-09-27T05:11:32.000Z,/products,GET,200,44,US,Mobile
2025-09-27T05:12:09.000Z,/api/checkout,POST,200,322,DE,Mobile
2025-09-27T05:14:09.000Z,/cart,GET,200,31,US,Mobile
2025-09-27T05:16:12.000Z,/api/cart,POST,200,87,US,Desktop
2025-09-27T05:18:21.000Z,/,GET,200,77,BR,Desktop
2025-09-27T05:28:30.000Z,/products,GET,200,82,JP,Desktop
2025-09-27T05:31:50.000Z,/,GET,200,27,GB,Mobile
2025-09-27T05:39:59.000Z,/api/cart,POST,200,135,GB,Mobile
2025-09-27T05:44:25.000Z,/products/:id,GET,200,22,US,Tablet
2025-09-27T05:47:52.000Z,/,GET,200,21,IN,Desktop
2025-09-27T05:49:10.000Z,/products/:id,GET,200,94,CA,Desktop
2025-09-27T05:53:27.000Z,/,GET,200,66,US,Mobile
2025-09-27T05:55:44.000Z,/products,GET,200,106,GB,Desktop
2025-09-27T05:59:14.000Z,/products/:id,GET,200,52,US,Desktop
2025-09-27T06:03:52.000Z,/,GET,200,27,CA,Desktop
2025-09-27T06:09:15.000Z,/products,GET,200,78,GB,Mobile
2025-09-27T06:10:32.000Z,/products/:id,GET,200,72,GB,Desktop
2025-09-27T06:10:32.000Z,/products/:id,GET,200,37,FR,Mobile
2025-09-27T06:13:21.000Z,/cart,GET,404,84,FR,Desktop
2025-09-27T06:15:44.000Z,/products/:id,GET,200,38,CA,Desktop
2025-09-27T06:17:42.000Z,/api/cart,POST,200,111,US,Desktop
2025-09-27T06:18:22.000Z,/cart,GET,200,48,US,Desktop
2025-09-27T06:19:24.000Z,/,GET,200,73,JP,Desktop
2025-09-27T06:21:42.000Z,/search,GET,200,49,CA,Mobile
2025-09-27T06:22:14.000Z,/,GET,200,37,GB,Desktop
2025-09-27T06:22:44.000Z,/products,GET,200,152,IN,Mobile
2025-09-27T06:22:49.000Z,/search,GET,500,118,JP,Tablet
2025-09-27T06:23:57.000Z,/api/checkout,POST,200,261,US,Mobile
2025-09-27T06:27:13.000Z,/,GET,200,90,IN,Desktop
2025-09-27T06:28:00.000Z,/,GET,200,51,US,Mobile
2025-09-27T06:31:21.000Z,/products,GET,200,66,BR,Mobile
2025-09-27T06:32:21.000Z,/products/:id,GET,200,48,GB,Desktop
2025-09-27T06:37:26.000Z,/,GET,200,48,US,Desktop
2025-09-27T06:39:48.000Z,/search,GET,304,206,CA,Desktop
2025-09-27T06:40:52.000Z,/,GET,200,47,US,Mobile
2025-09-27T06:41:16.000Z,/,GET,200,32,US,Desktop
2025-09-27T06:54:01.000Z,/cart,GET,200,40,DE,Tablet
2025-09-27T06:56:52.000Z,/products/:id,GET,200,50,BR,Tablet
2025-09-27T06:59:28.000Z,/products,GET,200,73,US,Mobile
2025-09-27T07:06:09.000Z,/products,GET,200,65,GB,Desktop
2025-09-27T07:15:37.000Z,/cart,GET,200,56,US,Desktop
2025-09-27T07:16:05.000Z,/products,GET,304,47,US,Desktop
2025-09-27T07:17:14.000Z,/products/:id,GET,200,35,GB,Mobile
2025-09-27T07:22:26.000Z,/api/cart,POST,200,134,IN,Desktop
2025-09-27T07:29:35.000Z,/search,GET,200,232,CA,Mobile
2025-09-27T07:32:14.000Z,/api/cart,POST,200,144,DE,Mobile
2025-09-27T07:33:05.000Z,/,GET,200,36,DE,Mobile
2025-09-27T07:34:11.000Z,/products/:id,GET,404,43,US,Desktop
2025-09-27T07:44:19.000Z,/products/:id,GET,200,21,US,Desktop
2025-09-27T07:53:13.000Z,/,GET,200,53,GB,Mobile
2025-09-27T07:53:40.000Z,/products/:id,GET,200,43,GB,Mobile
2025-09-27T07:53:46.000Z,/products/:id,GET,200,105,US,Mobile
2025-09-27T07:54:58.000Z,/api/cart,POST,200,108,JP,Desktop
2025-09-27T07:57:07.000Z,/cart,GET,200,92,US,Mobile
2025-09-27T07:57:52.000Z,/api/checkout,POST,200,107,US,Mobile
2025-09-27T07:59:32.000Z,/products,GET,200,117,US,Mobile
2025-09-27T08:00:06.000Z,/products,GET,200,58,US,Mobile
2025-09-27T08:01:13.000Z,/search,GET,200,46,US,Desktop
2025-09-27T08:03:09.000Z,/,GET,200,22,US,Mobile
2025-09-27T08:05:03.000Z,/products/:id,GET,200,83,JP,Desktop
2025-09-27T08:05:06.000Z,/products,GET,200,76,IN,Mobile
2025-09-27T08:06:09.000Z,/products/:id,GET,404,110,US,Mobile
2025-09-27T08:06:36.000Z,/,GET,200,45,IN,Tablet
2025-09-27T08:06:50.000Z,/api/cart,POST,200,103,GB,Mobile
2025-09-27T08:10:09.000Z,/,GET,200,23,US,Desktop
2025-09-27T08:12:01.000Z,/api/cart,POST,200,185,IN,Desktop
2025-09-27T08:13:16.000Z,/products/:id,GET,200,75,IN,Tablet
2025-09-27T08:17:16.000Z,/,GET,200,40,FR,Mobile
2025-09-27T08:18:00.000Z,/products/:id,GET,200,88,US,Desktop
2025-09-27T08:21:11.000Z,/search,GET,200,178,DE,Desktop
2025-09-27T08:22:44.000Z,/search,GET,304,200,US,Mobile
2025-09-27T08:24:36.000Z,/account,GET,200,82,CA,Desktop
2025-09-27T08:25:45.000Z,/account,GET,200,64,CA,Mobile
2025-09-27T08:26:38.000Z,/cart,GET,200,48,GB,Tablet
2025-09-27T08:27:26.000Z,/search,GET,200,171,CA,Tablet
2025-09-27T08:28:27.000Z,/api/checkout,POST,200,238,US,Desktop
2025-09-27T08:28:37.000Z,/cart,GET,200,86,FR,Tablet
2025-09-27T08:38:37.000Z,/,GET,200,48,US,Tablet
2025-09-27T08:38:45.000Z,/products,GET,200,144,US,Desktop
2025-09-27T08:41:17.000Z,/products,GET,200,115,US,Desktop
2025-09-27T08:41:24.000Z,/products/:id,GET,200,86,IN,Desktop
2025-09-27T08:42:24.000Z,/products/:id,GET,200,99,US,Desktop
2025-09-27T08:44:21.000Z,/,GET,200,40,GB,Tablet
2025-09-27T08:45:02.000Z,/products/:id,GET,200,77,US,Mobile
2025-09-27T08:45:52.000Z,/account,GET,200,28,US,Mobile
2025-09-27T08:47:18.000Z,/,GET,200,23,BR,Tablet
2025-09-27T08:47:28.000Z,/search,GET,200,157,US,Mobile
2025-09-27T08:48:06.000Z,/search,GET,200,213,US,Mobile
2025-09-27T08:50:51.000Z,/search,GET,200,309,US,Mobile
2025-09-27T08:57:06.000Z,/api/cart,POST,200,78,FR,Mobile
2025-09-27T08:57:18.000Z,/,GET,200,53,US,Mobile
2025-09-27T09:02:30.000Z,/,GET,200,42,IN,Desktop
2025-09-27T09:03:15.000Z,/api/cart,POST,200,91,FR,Desktop
2025-09-27T09:05:15.000Z,/,GET,200,53,US,Mobile
2025-09-27T09:07:38.000Z,/search,GET,200,201,US,Mobile
2025-09-27T09:08:17.000Z,/products,GET,200,85,BR,Tablet
2025-09-27T09:09:27.000Z,/api/checkout,POST,200,152,US,Desktop
2025-09-27T09:11:32.000Z,/search,GET,404,140,DE,Tablet
2025-09-27T09:12:31.000Z,/products/:id,GET,200,45,JP,Desktop
2025-09-27T09:14:04.000Z,/cart,GET,200,38,GB,Mobile
2025-09-27T09:14:34.000Z,/,GET,200,26,IN,Tablet
2025-09-27T09:16:22.000Z,/products/:id,GET,200,49,US,Mobile
2025-09-27T09:17:20.000Z,/cart,GET,304,51,GB,Desktop
2025-09-27T09:19:31.000Z,/products/:id,GET,200,27,GB,Desktop
2025-09-27T09:20:32.000Z,/products/:id,GET,200,47,IN,Desktop
2025-09-27T09:20:52.000Z,/search,GET,200,210,US,Desktop
2025-09-27T09:27:00.000Z,/search,GET,200,142,US,Desktop
2025-09-27T09:27:44.000Z,/products/:id,GET,200,79,DE,Desktop
2025-09-27T09:31:02.000Z,/search,GET,200,79,US,Desktop
2025-09-27T09:31:35.000Z,/search,GET,200,248,IN,Mobile
2025-09-27T09:31:57.000Z,/products,GET,200,225,DE,Desktop
2025-09-27T09:35:36.000Z,/,GET,200,22,US,Desktop
2025-09-27T09:36:33.000Z,/api/cart,POST,304,107,GB,Tablet
2025-09-27T09:37:01.000Z,/api/cart,POST,200,91,BR,Desktop
2025-09-27T09:37:14.000Z,/,GET,200,21,US,Mobile
2025-09-27T09:37:18.000Z,/products,GET,200,78,US,Desktop
2025-09-27T09:42:48.000Z,/api/checkout,POST,200,301,DE,Mobile
2025-09-27T09:43:42.000Z,/products/:id,GET,200,102,JP,Desktop
2025-09-27T09:47:10.000Z,/products,GET,200,113,JP,Mobile
2025-09-27T09:49:31.000Z,/products,GET,200,52,FR,Mobile
2025-09-27T09:50:09.000Z,/cart,GET,200,117,US,Mobile
2025-09-27T09:53:08.000Z,/search,GET,200,146,US,Desktop
2025-09-27T10:01:21.000Z,/cart,GET,200,63,GB,Desktop
2025-09-27T10:01:30.000Z,/cart,GET,200,63,IN,Mobile
2025-09-27T10:04:00.000Z,/,GET,200,27,US,Desktop
2025-09-27T10:05:56.000Z,/api/checkout,POST,200,287,DE,Mobile
2025-09-27T10:13:50.000Z,/search,GET,200,190,US,Desktop
2025-09-27T10:14:36.000Z,/cart,GET,200,52,DE,Desktop
2025-09-27T10:18:12.000Z,/search,GET,200,170,GB,Mobile
2025-09-27T10:18:52.000Z,/account,GET,404,29,US,Mobile
2025-09-27T10:24:26.000Z,/,GET,200,76,US,Mobile
2025-09-27T10:25:04.000Z,/products,GET,200,68,US,Mobile
2025-09-27T10:33:18.000Z,/cart,GET,200,52,US,Desktop
2025-09-27T10:33:32.000Z,/products/:id,GET,200,109,US,Desktop
2025-09-27T10:33:47.000Z,/search,GET,200,86,DE,Mobile
2025-09-27T10:34:44.000Z,/api/checkout,POST,200,401,FR,Mobile
2025-09-27T10:36:09.000Z,/products/:id,GET,200,61,US,Desktop
2025-09-27T10:37:03.000Z,/cart,GET,200,34,CA,Mobile
2025-09-27T10:37:21.000Z,/,GET,200,25,CA,Mobile
2025-09-27T10:40:31.000Z,/account,GET,200,61,US,Mobile
2025-09-27T10:41:27.000Z,/,GET,200,18,US,Desktop
2025-09-27T10:41:57.000Z,/,GET,200,65,JP,Mobile
2025-09-27T10:42:11.000Z,/,GET,200,23,US,Desktop
2025-09-27T10:42:14.000Z,/api/checkout,POST,200,812,IN,Mobile
2025-09-27T10:44:50.000Z,/api/cart,POST,200,70,CA,Desktop
2025-09-27T10:47:04.000Z,/account,GET,200,142,CA,Desktop
2025-09-27T10:47:28.000Z,/search,GET,200,96,CA,Mobile
2025-09-27T10:48:32.000Z,/products/:id,GET,200,49,DE,Desktop
2025-09-27T10:50:48.000Z,/cart,GET,200,120,FR,Desktop
2025-09-27T10:57:29.000Z,/products/:id,GET,200,44,US,Desktop
2025-09-27T11:00:23.000Z,/products,GET,200,25,CA,Mobile
2025-09-27T11:00:35.000Z,/cart,GET,200,119,DE,Mobile
2025-09-27T11:07:08.000Z,/products/:id,GET,200,81,CA,Desktop
2025-09-27T11:08:07.000Z,/api/cart,POST,200,155,GB,Desktop
2025-09-27T11:08:20.000Z,/cart,GET,200,88,IN,Desktop
2025-09-27T11:16:28.000Z,/products/:id,GET,401,44,BR,Mobile
2025-09-27T11:17:14.000Z,/,GET,200,67,BR,Desktop
2025-09-27T11:17:54.000Z,/,GET,200,49,GB,Mobile
2025-09-27T11:19:10.000Z,/account,GET,200,107,US,Mobile
2025-09-27T11:19:54.000Z,/api/cart,POST,200,68,GB,Mobile
2025-09-27T11:21:46.000Z,/products/:id,GET,200,90,IN,Tablet
2025-09-27T11:21:52.000Z,/products,GET,200,105,US,Desktop
2025-09-27T11:26:03.000Z,/products,GET,304,184,GB,Mobile
2025-09-27T11:26:47.000Z,/cart,GET,200,34,CA,Desktop
2025-09-27T11:27:10.000Z,/products/:id,GET,200,88,DE,Desktop
2025-09-27T11:29:27.000Z,/products,GET,200,96,DE,Tablet
2025-09-27T11:30:46.000Z,/,GET,200,22,IN,Desktop
2025-09-27T11:33:06.000Z,/products,GET,200,51,IN,Mobile
2025-09-27T11:40:11.000Z,/account,GET,200,85,IN,Desktop
2025-09-27T11:40:31.000Z,/cart,GET,200,45,IN,Desktop
2025-09-27T11:44:05.000Z,/,GET,200,69,US,Mobile
2025-09-27T11:44:21.000Z,/search,GET,200,331,BR,Desktop
2025-09-27T11:45:01.000Z,/api/cart,POST,200,76,BR,Desktop
2025-09-27T11:53:32.000Z,/products,GET,200,54,GB,Mobile
2025-09-27T11:53:58.000Z,/,GET,200,36,GB,Mobile
2025-09-27T11:56:00.000Z,/products,GET,200,116,IN,Desktop
2025-09-27T11:57:20.000Z,/products,GET,200,73,BR,Desktop
2025-09-27T11:57:34.000Z,/products,GET,200,76,JP,Tablet
2025-09-27T11:58:24.000Z,/search,GET,200,190,CA,Tablet
2025-09-27T11:59:57.000Z,/products/:id,GET,200,41,GB,Mobile
2025-09-27T12:00:42.000Z,/search,GET,200,120,US,Desktop
2025-09-27T12:05:22.000Z,/search,GET,200,121,US,Mobile
2025-09-27T12:07:08.000Z,/,GET,200,30,JP,Mobile
2025-09-27T12:09:11.000Z,/products,GET,304,65,GB,Desktop
2025-09-27T12:10:59.000Z,/cart,GET,200,51,GB,Mobile
2025-09-27T12:12:04.000Z,/products,GET,200,81,US,Tablet
2025-09-27T12:12:05.000Z,/products,GET,200,106,US,Mobile
2025-09-27T12:12:29.000Z,/products,GET,200,98,BR,Mobile
2025-09-27T12:13:50.000Z,/products/:id,GET,200,111,DE,Tablet
2025-09-27T12:16:13.000Z,/api/cart,POST,200,157,US,Tablet
2025-09-27T12:17:02.000Z,/api/cart,POST,200,139,IN,Mobile
2025-09-27T12:19:44.000Z,/products,GET,200,105,US,Desktop
2025-09-27T12:21:57.000Z,/,GET,200,81,US,Desktop
2025-09-27T12:22:55.000Z,/products/:id,GET,200,87,DE,Desktop
2025-09-27T12:24:36.000Z,/api/checkout,POST,200,111,FR,Tablet
2025-09-27T12:24:48.000Z,/products,GET,200,67,GB,Mobile
2025-09-27T12:25:07.000Z,/cart,GET,200,44,US,Desktop
2025-09-27T12:26:05.000Z,/products/:id,GET,200,84,US,Desktop
2025-09-27T12:27:06.000Z,/products,GET,304,75,DE,Desktop
2025-09-27T12:27:21.000Z,/products,GET,200,46,US,Desktop
2025-09-27T12:27:29.000Z,/,GET,200,29,GB,Mobile
2025-09-27T12:28:47.000Z,/api/cart,POST,200,55,IN,Desktop
2025-09-27T12:28:52.000Z,/search,GET,200,120,US,Desktop
2025-09-27T12:28:52.000Z,/products,GET,404,68,DE,Desktop
2025-09-27T12:28:54.000Z,/products/:id,GET,304,68,FR,Tablet
2025-09-27T12:30:02.000Z,/products,GET,200,84,DE,Desktop
2025-09-27T12:31:31.000Z,/cart,GET,200,75,CA,Mobile
2025-09-27T12:32:50.000Z,/products/:id,GET,200,48,FR,Mobile
2025-09-27T12:35:52.000Z,/api/checkout,POST,200,62,JP,Mobile
2025-09-27T12:36:34.000Z,/search,GET,200,64,CA,Desktop
2025-09-27T12:36:38.000Z,/cart,GET,200,63,US,Mobile
2025-09-27T12:36:51.000Z,/products,GET,304,60,FR,Tablet
2025-09-27T12:37:29.000Z,/account,GET,200,40,US,Mobile
2025-09-27T12:39:33.000Z,/api/cart,POST,200,63,US,Desktop
2025-09-27T12:40:18.000Z,/,GET,200,24,US,Tablet
2025-09-27T12:42:01.000Z,/,GET,200,33,BR,Mobile
2025-09-27T12:44:52.000Z,/products/:id,GET,200,49,CA,Mobile
2025-09-27T12:47:33.000Z,/,GET,200,29,BR,Mobile
2025-09-27T12:57:44.000Z,/api/cart,POST,200,58,US,Mobile
2025-09-27T12:58:38.000Z,/products,GET,200,202,CA,Desktop
2025-09-27T12:58:59.000Z,/products/:id,GET,200,27,JP,Desktop
2025-09-27T12:59:05.000Z,/products/:id,GET,200,65,US,Tablet
2025-09-27T13:01:28.000Z,/cart,GET,200,63,FR,Desktop
2025-09-27T13:06:45.000Z,/,GET,200,19,IN,Mobile
2025-09-27T13:10:23.000Z,/,GET,200,41,CA,Desktop
2025-09-27T13:10:44.000Z,/search,GET,200,67,US,Desktop
2025-09-27T13:11:22.000Z,/,GET,200,47,FR,Desktop
2025-09-27T13:13:14.000Z,/products/:id,GET,200,33,CA,Desktop
2025-09-27T13:13:25.000Z,/api/cart,POST,200,81,FR,Desktop
2025-09-27T13:13:43.000Z,/products,GET,200,26,FR,Mobile
2025-09-27T13:18:35.000Z,/,GET,200,70,US,Desktop
2025-09-27T13:18:55.000Z,/search,GET,200,112,IN,Mobile
2025-09-27T13:20:11.000Z,/products/:id,GET,200,112,CA,Desktop
2025-09-27T13:21:55.000Z,/products/:id,GET,200,78,US,Desktop
2025-09-27T13:25:05.000Z,/cart,GET,200,181,US,Mobile
2025-09-27T13:25:08.000Z,/api/checkout,POST,200,333,FR,Tablet
2025-09-27T13:25:35.000Z,/api/checkout,POST,200,413,US,Desktop
2025-09-27T13:30:30.000Z,/products/:id,GET,200,76,JP,Desktop
2025-09-27T13:32:45.000Z,/search,GET,200,79,US,Desktop
2025-09-27T13:33:06.000Z,/api/cart,POST,200,123,IN,Desktop
2025-09-27T13:34:10.000Z,/api/checkout,POST,200,132,US,Mobile
2025-09-27T13:34:51.000Z,/products/:id,GET,404,93,US,Desktop
2025-09-27T13:34:54.000Z,/products,GET,200,75,CA,Mobile
2025-09-27T13:39:23.000Z,/cart,GET,200,65,IN,Desktop
2025-09-27T13:39:32.000Z,/cart,GET,401,32,GB,Desktop
2025-09-27T13:40:53.000Z,/products/:id,GET,200,22,US,Desktop
2025-09-27T13:45:16.000Z,/,GET,304,29,US,Mobile
2025-09-27T13:46:52.000Z,/cart,GET,200,58,US,Tablet
2025-09-27T13:50:42.000Z,/cart,GET,200,77,US,Mobile
2025-09-27T13:52:29.000Z,/,GET,200,19,JP,Desktop
2025-09-27T13:58:18.000Z,/products,GET,200,162,IN,Desktop
2025-09-27T13:58:58.000Z,/account,GET,200,65,US,Desktop
2025-09-27T14:00:06.000Z,/search,GET,200,195,DE,Mobile
2025-09-27T14:01:21.000Z,/products,GET,200,60,GB,Desktop
2025-09-27T14:02:29.000Z,/products/:id,GET,200,27,CA,Tablet
2025-09-27T14:07:15.000Z,/products,GET,200,54,US,Mobile
2025-09-27T14:07:31.000Z,/,GET,200,27,FR,Tablet
2025-09-27T14:08:30.000Z,/cart,GET,200,32,JP,Mobile
2025-09-27T14:11:32.000Z,/,GET,200,48,JP,Mobile
2025-09-27T14:11:51.000Z,/search,GET,200,282,US,Desktop
2025-09-27T14:15:26.000Z,/account,GET,200,69,GB,Mobile
2025-09-27T14:15:27.000Z,/api/checkout,POST,200,132,CA,Desktop
2025-09-27T14:15:50.000Z,/,GET,200,41,IN,Desktop
2025-09-27T14:18:09.000Z,/search,GET,200,162,JP,Tablet
2025-09-27T14:20:32.000Z,/products,GET,304,98,DE,Desktop
2025-09-27T14:21:01.000Z,/products,GET,200,68,JP,Mobile
2025-09-27T14:23:42.000Z,/products,GET,200,55,GB,Mobile
2025-09-27T14:26:15.000Z,/cart,GET,200,43,US,Desktop
2025-09-27T14:26:44.000Z,/products/:id,GET,200,49,CA,Desktop
2025-09-27T14:27:06.000Z,/products/:id,GET,200,56,US,Mobile
2025-09-27T14:28:38.000Z,/api/checkout,POST,200,301,US,Mobile
2025-09-27T14:30:53.000Z,/,GET,200,30,JP,Tablet
2025-09-27T14:32:29.000Z,/search,GET,200,155,US,Mobile
2025-09-27T14:34:05.000Z,/products/:id,GET,200,51,GB,Mobile
2025-09-27T14:34:56.000Z,/account,GET,200,43,US,Desktop
2025-09-27T14:35:45.000Z,/products,GET,200,81,US,Desktop
2025-09-27T14:37:33.000Z,/products,GET,200,113,US,Mobile
2025-09-27T14:39:19.000Z,/,GET,200,39,GB,Mobile
2025-09-27T14:40:54.000Z,/,GET,200,44,IN,Mobile
2025-09-27T14:42:34.000Z,/search,GET,200,309,US,Mobile
2025-09-27T14:43:43.000Z,/api/checkout,POST,200,95,DE,Mobile
2025-09-27T14:45:02.000Z,/cart,GET,200,43,CA,Desktop
2025-09-27T14:46:34.000Z,/,GET,200,31,FR,Desktop
2025-09-27T14:50:10.000Z,/products,GET,200,88,JP,Tablet
2025-09-27T14:51:13.000Z,/search,GET,200,114,FR,Tablet
2025-09-27T14:54:49.000Z,/products,GET,200,33,BR,Tablet
2025-09-27T14:57:54.000Z,/api/cart,POST,200,105,BR,Mobile
2025-09-27T15:00:04.000Z,/products/:id,GET,200,62,JP,Mobile
2025-09-27T15:01:34.000Z,/products,GET,200,57,US,Desktop
2025-09-27T15:02:52.000Z,/account,GET,200,43,US,Mobile
2025-09-27T15:03:58.000Z,/products,GET,200,85,FR,Mobile
2025-09-27T15:06:16.000Z,/api/cart,POST,200,87,CA,Desktop
2025-09-27T15:08:06.000Z,/api/cart,POST,200,53,IN,Desktop
2025-09-27T15:12:16.000Z,/products/:id,GET,200,62,US,Desktop
2025-09-27T15:13:32.000Z,/,GET,200,42,IN,Tablet
2025-09-27T15:15:09.000Z,/,GET,401,38,US,Desktop
2025-09-27T15:21:04.000Z,/api/checkout,POST,200,139,US,Desktop
2025-09-27T15:27:46.000Z,/,GET,200,18,GB,Desktop
2025-09-27T15:30:03.000Z,/products/:id,GET,200,44,IN,Desktop
2025-09-27T15:30:28.000Z,/account,GET,200,119,DE,Desktop
2025-09-27T15:32:14.000Z,/products,GET,200,78,IN,Desktop
2025-09-27T15:35:18.000Z,/products,GET,200,70,IN,Desktop
2025-09-27T15:35:25.000Z,/,GET,200,34,US,Tablet
2025-09-27T15:43:46.000Z,/api/cart,POST,200,79,IN,Tablet
2025-09-27T15:46:09.000Z,/,GET,200,79,US,Mobile
2025-09-27T15:46:29.000Z,/cart,GET,200,70,CA,Mobile
2025-09-27T15:50:36.000Z,/api/cart,POST,200,179,IN,Desktop
2025-09-27T15:53:18.000Z,/api/cart,POST,200,134,GB,Desktop
2025-09-27T15:53:33.000Z,/,GET,200,28,IN,Desktop
2025-09-27T15:54:37.000Z,/api/checkout,POST,200,179,US,Desktop
2025-09-27T15:55:59.000Z,/products,GET,200,52,CA,Mobile
2025-09-27T15:56:26.000Z,/,GET,200,72,IN,Desktop
2025-09-27T15:56:58.000Z,/products/:id,GET,200,63,GB,Desktop
2025-09-27T15:58:38.000Z,/products,GET,200,60,GB,Desktop
2025-09-27T16:00:02.000Z,/products/:id,GET,200,66,US,Mobile
2025-09-27T16:07:59.000Z,/cart,GET,200,91,GB,Mobile
2025-09-27T16:10:59.000Z,/products,GET,200,79,IN,Tablet
2025-09-27T16:14:17.000Z,/products,GET,200,158,BR,Desktop
2025-09-27T16:15:21.000Z,/,GET,200,82,BR,Mobile
2025-09-27T16:18:46.000Z,/products,GET,200,60,FR,Mobile
2025-09-27T16:27:08.000Z,/,GET,200,44,US,Desktop
2025-09-27T16:27:14.000Z,/api/cart,POST,404,44,GB,Tablet
2025-09-27T16:32:41.000Z,/products/:id,GET,200,56,BR,Desktop
2025-09-27T16:34:01.000Z,/products,GET,200,114,DE,Mobile
2025-09-27T16:34:19.000Z,/products,GET,200,130,CA,Mobile
2025-09-27T16:36:11.000Z,/search,GET,200,231,CA,Mobile
2025-09-27T16:37:30.000Z,/,GET,304,36,CA,Desktop
2025-09-27T16:39:05.000Z,/,GET,200,33,BR,Mobile
2025-09-27T16:42:03.000Z,/search,GET,200,151,US,Desktop
2025-09-27T16:43:08.000Z,/,GET,404,31,GB,Mobile
2025-09-27T16:47:03.000Z,/,GET,200,61,IN,Desktop
2025-09-27T16:48:55.000Z,/cart,GET,200,55,DE,Desktop
2025-09-27T16:51:19.000Z,/products/:id,GET,200,60,JP,Mobile
2025-09-27T16:51:49.000Z,/api/cart,POST,200,158,US,Desktop
2025-09-27T16:54:12.000Z,/products/:id,GET,200,38,JP,Mobile
2025-09-27T16:55:05.000Z,/,GET,304,35,DE,Desktop
2025-09-27T16:55:40.000Z,/cart,GET,200,26,US,Desktop
2025-09-27T17:01:36.000Z,/,GET,200,96,US,Tablet
2025-09-27T17:04:07.000Z,/,GET,200,36,DE,Mobile
2025-09-27T17:06:18.000Z,/products,GET,200,148,US,Desktop
2025-09-27T17:12:27.000Z,/cart,GET,404,59,US,Mobile
2025-09-27T17:13:34.000Z,/search,GET,200,262,US,Mobile
2025-09-27T17:21:39.000Z,/,GET,200,48,US,Mobile
2025-09-27T17:22:53.000Z,/,GET,200,80,US,Desktop
2025-09-27T17:25:34.000Z,/products,GET,200,87,US,Desktop
2025-09-27T17:25:52.000Z,/account,GET,200,139,US,Mobile
2025-09-27T17:31:01.000Z,/,GET,200,117,BR,Mobile
2025-09-27T17:35:52.000Z,/search,GET,200,223,US,Mobile
2025-09-27T17:37:34.000Z,/search,GET,200,95,IN,Mobile
2025-09-27T18:01:38.000Z,/,GET,200,32,US,Tablet
2025-09-27T18:02:28.000Z,/search,GET,304,84,US,Desktop
2025-09-27T18:04:34.000Z,/search,GET,200,101,US,Mobile
2025-09-27T18:05:17.000Z,/products,GET,200,167,US,Mobile
2025-09-27T18:10:50.000Z,/cart,GET,200,79,US,Mobile
2025-09-27T18:11:56.000Z,/products,GET,200,47,IN,Desktop
2025-09-27T18:13:31.000Z,/,GET,200,54,JP,Desktop
2025-09-27T18:19:13.000Z,/,GET,200,34,GB,Desktop
2025-09-27T18:19:19.000Z,/products,GET,200,119,BR,Desktop
2025-09-27T18:24:02.000Z,/api/cart,POST,200,107,US,Desktop
2025-09-27T18:29:48.000Z,/products/:id,GET,200,168,GB,Desktop
2025-09-27T18:30:49.000Z,/products/:id,GET,200,75,IN,Desktop
2025-09-27T18:35:07.000Z,/api/cart,POST,200,70,GB,Mobile
2025-09-27T18:40:08.000Z,/api/checkout,POST,200,118,GB,Desktop
2025-09-27T18:40:45.000Z,/search,GET,200,141,BR,Mobile
2025-09-27T18:42:50.000Z,/cart,GET,200,40,US,Mobile
2025-09-27T18:48:46.000Z,/products/:id,GET,200,67,US,Desktop
2025-09-27T18:49:32.000Z,/,GET,500,30,GB,Mobile
2025-09-27T18:49:54.000Z,/products/:id,GET,200,97,JP,Desktop
2025-09-27T18:50:02.000Z,/,GET,200,65,US,Desktop
2025-09-27T18:54:27.000Z,/,GET,200,56,FR,Mobile
2025-09-27T19:01:12.000Z,/cart,GET,200,70,IN,Desktop
2025-09-27T19:06:08.000Z,/products,GET,200,53,JP,Mobile
2025-09-27T19:08:09.000Z,/products,GET,200,129,DE,Mobile
2025-09-27T19:15:00.000Z,/cart,GET,200,24,CA,Tablet
2025-09-27T19:18:57.000Z,/products/:id,GET,304,50,IN,Mobile
2025-09-27T19:21:14.000Z,/api/cart,POST,200,95,US,Desktop
2025-09-27T19:21:39.000Z,/search,GET,200,122,DE,Desktop
2025-09-27T19:27:45.000Z,/,GET,200,59,FR,Mobile
2025-09-27T19:28:10.000Z,/search,GET,401,56,IN,Mobile
2025-09-27T19:29:01.000Z,/search,GET,200,146,GB,Mobile
2025-09-27T19:29:07.000Z,/products/:id,GET,200,50,GB,Mobile
2025-09-27T19:29:51.000Z,/products,GET,404,49,FR,Mobile
2025-09-27T19:29:54.000Z,/products,GET,200,48,US,Mobile
2025-09-27T19:31:11.000Z,/api/checkout,POST,200,524,US,Desktop
2025-09-27T19:34:19.000Z,/products,GET,200,57,US,Desktop
2025-09-27T19:35:24.000Z,/products/:id,GET,200,55,CA,Mobile
2025-09-27T19:46:45.000Z,/search,GET,200,92,CA,Desktop
2025-09-27T19:49:31.000Z,/cart,GET,200,86,US,Mobile
2025-09-27T19:49:36.000Z,/products/:id,GET,200,56,US,Desktop
2025-09-27T19:51:41.000Z,/products/:id,GET,200,94,IN,Desktop
2025-09-27T19:53:58.000Z,/cart,GET,200,37,US,Mobile
2025-09-27T20:03:45.000Z,/cart,GET,200,106,IN,Desktop
2025-09-27T20:08:38.000Z,/products/:id,GET,404,26,US,Desktop
2025-09-27T20:18:29.000Z,/products/:id,GET,200,87,US,Desktop
2025-09-27T20:21:30.000Z,/products/:id,GET,200,59,US,Mobile
2025-09-27T20:24:19.000Z,/,GET,200,85,BR,Mobile
2025-09-27T20:31:37.000Z,/,GET,200,15,FR,Mobile
2025-09-27T20:33:20.000Z,/,GET,200,31,IN,Desktop
2025-09-27T20:33:23.000Z,/cart,GET,200,61,FR,Desktop
2025-09-27T20:35:38.000Z,/,GET,200,72,FR,Mobile
2025-09-27T20:36:34.000Z,/api/cart,POST,200,59,US,Desktop
2025-09-27T20:40:14.000Z,/products,GET,200,95,US,Mobile
2025-09-27T20:52:36.000Z,/search,GET,200,83,US,Desktop
2025-09-27T20:55:02.000Z,/products,GET,200,126,JP,Mobile
2025-09-27T20:56:03.000Z,/products,GET,200,175,IN,Desktop
2025-09-27T20:57:09.000Z,/,GET,200,60,DE,Desktop
2025-09-27T21:03:29.000Z,/,GET,200,68,US,Mobile
2025-09-27T21:11:03.000Z,/api/checkout,POST,200,264,US,Mobile
2025-09-27T21:11:26.000Z,/,GET,200,41,FR,Desktop
2025-09-27T21:20:51.000Z,/api/checkout,POST,200,360,US,Desktop
2025-09-27T21:28:08.000Z,/cart,GET,200,46,CA,Desktop
2025-09-27T21:28:38.000Z,/products/:id,GET,200,38,US,Desktop
2025-09-27T21:30:25.000Z,/products/:id,GET,401,103,US,Mobile
2025-09-27T21:30:39.000Z,/,GET,200,77,IN,Tablet
2025-09-27T21:40:19.000Z,/products,GET,200,83,FR,Desktop
2025-09-27T21:46:04.000Z,/products,GET,200,51,US,Desktop
2025-09-27T21:47:11.000Z,/cart,GET,404,75,DE,Desktop
2025-09-27T21:49:35.000Z,/products,GET,200,39,BR,Mobile
2025-09-27T21:55:41.000Z,/search,GET,200,112,CA,Mobile
2025-09-27T21:59:58.000Z,/,GET,200,36,CA,Mobile
2025-09-27T22:06:23.000Z,/products/:id,GET,200,61,IN,Mobile
2025-09-27T22:10:08.000Z,/search,GET,200,86,DE,Mobile
2025-09-27T22:14:14.000Z,/search,GET,200,96,US,Mobile
2025-09-27T22:14:48.000Z,/,GET,200,61,BR,Mobile
2025-09-27T22:16:05.000Z,/products,GET,200,83,US,Mobile
2025-09-27T22:16:13.000Z,/,GET,200,29,GB,Mobile
2025-09-27T22:28:58.000Z,/,GET,200,53,DE,Mobile
2025-09-27T22:31:12.000Z,/,GET,200,26,CA,Mobile
2025-09-27T22:34:00.000Z,/cart,GET,200,76,US,Desktop
2025-09-27T22:36:45.000Z,/products,GET,200,67,DE,Desktop
2025-09-27T22:39:00.000Z,/products/:id,GET,200,75,US,Mobile
2025-09-27T22:43:56.000Z,/products/:id,GET,200,44,BR,Mobile
2025-09-27T22:44:03.000Z,/api/cart,POST,200,44,US,Desktop
2025-09-27T22:47:57.000Z,/cart,GET,200,101,CA,Mobile
2025-09-27T22:48:36.000Z,/products,GET,200,153,US,Desktop
2025-09-27T22:52:00.000Z,/,GET,200,59,CA,Desktop
2025-09-27T22:59:51.000Z,/products/:id,GET,200,81,BR,Mobile
2025-09-27T23:01:47.000Z,/products/:id,GET,200,25,US,Desktop
2025-09-27T23:08:20.000Z,/api/cart,POST,200,95,US,Desktop
2025-09-27T23:11:37.000Z,/api/cart,POST,200,70,US,Mobile
2025-09-27T23:14:14.000Z,/account,GET,304,126,US,Desktop
2025-09-27T23:23:10.000Z,/products,GET,200,86,US,Mobile
2025-09-27T23:24:01.000Z,/products,GET,200,78,FR,Mobile
2025-09-27T23:26:37.000Z,/products/:id,GET,200,56,FR,Tablet
2025-09-27T23:40:42.000Z,/cart,GET,200,46,GB,Desktop
2025-09-27T23:40:53.000Z,/,GET,200,71,CA,Desktop
2025-09-27T23:41:00.000Z,/account,GET,200,35,CA,Desktop
2025-09-27T23:47:04.000Z,/api/cart,POST,200,54,IN,Desktop
2025-09-27T23:48:46.000Z,/api/checkout,POST,200,372,GB,Desktop
2025-09-27T23:50:19.000Z,/products/:id,GET,200,43,US,Mobile
2025-09-27T23:54:50.000Z,/products/:id,GET,200,54,IN,Mobile
2025-09-27T23:55:31.000Z,/search,GET,200,142,FR,Tablet
2025-09-28T00:15:59.000Z,/api/checkout,POST,200,292,DE,Mobile
2025-09-28T00:16:52.000Z,/products,GET,200,66,GB,Mobile
2025-09-28T00:19:35.000Z,/search,GET,200,186,IN,Desktop
2025-09-28T00:24:01.000Z,/products,GET,200,80,US,Mobile
2025-09-28T00:33:11.000Z,/products,GET,200,39,US,Desktop
2025-09-28T00:36:28.000Z,/account,GET,200,139,CA,Mobile
2025-09-28T00:50:16.000Z,/products,GET,200,100,US,Desktop
2025-09-28T00:53:11.000Z,/products,GET,200,171,FR,Desktop
2025-09-28T01:03:53.000Z,/products,GET,200,61,IN,Mobile
2025-09-28T01:20:12.000Z,/,GET,304,25,US,Desktop
2025-09-28T01:20:17.000Z,/,GET,200,58,CA,Mobile
2025-09-28T01:27:30.000Z,/,GET,200,65,US,Desktop
2025-09-28T01:31:51.000Z,/,GET,200,49,CA,Desktop
2025-09-28T01:34:54.000Z,/,GET,200,56,US,Tablet
2025-09-28T01:35:52.000Z,/,GET,200,93,US,Desktop
2025-09-28T01:39:43.000Z,/products/:id,GET,200,64,JP,Tablet
2025-09-28T01:41:11.000Z,/api/cart,POST,200,152,DE,Desktop
2025-09-28T01:41:13.000Z,/products/:id,GET,200,75,BR,Desktop
2025-09-28T01:44:22.000Z,/products/:id,GET,200,68,US,Mobile
2025-09-28T01:46:14.000Z,/,GET,200,97,IN,Mobile
2025-09-28T01:52:05.000Z,/products,GET,200,56,US,Mobile
2025-09-28T01:54:48.000Z,/search,GET,200,110,US,Mobile
2025-09-28T01:59:16.000Z,/cart,GET,200,25,DE,Desktop
2025-09-28T02:04:36.000Z,/products,GET,200,110,GB,Desktop
2025-09-28T02:05:13.000Z,/account,GET,200,117,US,Desktop
2025-09-28T02:10:58.000Z,/,GET,200,31,CA,Desktop
2025-09-28T02:12:07.000Z,/api/cart,POST,200,142,FR,Desktop
2025-09-28T02:19:31.000Z,/cart,GET,200,58,JP,Mobile
2025-09-28T02:22:06.000Z,/search,GET,200,81,GB,Mobile
2025-09-28T02:23:39.000Z,/,GET,200,14,US,Desktop
2025-09-28T02:27:46.000Z,/,GET,200,55,BR,Desktop
2025-09-28T02:29:08.000Z,/products/:id,GET,200,84,US,Mobile
2025-09-28T02:30:24.000Z,/,GET,200,30,FR,Desktop
2025-09-28T02:38:04.000Z,/account,GET,200,37,IN,Mobile
2025-09-28T02:48:20.000Z,/search,GET,200,125,CA,Desktop
2025-09-28T02:50:41.000Z,/products,GET,200,164,US,Desktop
2025-09-28T02:52:10.000Z,/products,GET,200,107,DE,Desktop
2025-09-28T02:55:52.000Z,/cart,GET,200,105,US,Desktop
2025-09-28T03:03:48.000Z,/,GET,200,27,GB,Mobile
2025-09-28T03:13:50.000Z,/products,GET,200,44,DE,Desktop
2025-09-28T03:19:19.000Z,/account,GET,200,120,IN,Tablet
2025-09-28T03:30:15.000Z,/cart,GET,200,40,US,Mobile
2025-09-28T03:40:19.000Z,/,GET,200,73,US,Mobile
2025-09-28T03:45:56.000Z,/api/cart,POST,304,92,JP,Desktop
2025-09-28T03:47:29.000Z,/search,GET,200,93,IN,Desktop
2025-09-28T03:50:36.000Z,/products/:id,GET,200,79,JP,Mobile
2025-09-28T03:51:45.000Z,/,GET,200,19,US,Desktop
2025-09-28T03:54:01.000Z,/search,GET,200,248,GB,Mobile
2025-09-28T03:59:23.000Z,/,GET,200,46,GB,Mobile
2025-09-28T04:08:37.000Z,/,GET,200,73,BR,Desktop
2025-09-28T04:08:47.000Z,/products,GET,200,76,DE,Desktop
2025-09-28T04:25:59.000Z,/api/cart,POST,200,121,DE,Desktop
2025-09-28T04:26:18.000Z,/search,GET,200,93,US,Desktop
2025-09-28T04:26:53.000Z,/,GET,200,57,FR,Mobile
2025-09-28T04:35:57.000Z,/api/cart,POST,200,98,US,Mobile
2025-09-28T04:36:59.000Z,/products,GET,304,85,BR,Desktop
2025-09-28T04:37:58.000Z,/,GET,401,42,JP,Mobile
2025-09-28T04:40:27.000Z,/api/checkout,POST,200,453,IN,Mobile
2025-09-28T04:46:54.000Z,/products,GET,404,74,US,Desktop
2025-09-28T04:47:12.000Z,/,GET,200,41,IN,Tablet
2025-09-28T04:52:39.000Z,/cart,GET,200,52,IN,Desktop
2025-09-28T04:54:07.000Z,/search,GET,200,48,FR,Desktop
2025-09-28T04:56:55.000Z,/,GET,200,56,US,Desktop
2025-09-28T04:58:15.000Z,/api/cart,POST,200,129,JP,Desktop
2025-09-28T05:02:26.000Z,/cart,GET,200,27,IN,Mobile
2025-09-28T05:07:00.000Z,/products/:id,GET,200,62,FR,Mobile
2025-09-28T05:12:03.000Z,/,GET,200,65,US,Desktop
2025-09-28T05:18:15.000Z,/products,GET,404,247,BR,Desktop
2025-09-28T05:20:20.000Z,/products,GET,200,125,JP,Mobile
2025-09-28T05:20:22.000Z,/search,GET,200,193,US,Desktop
2025-09-28T05:23:33.000Z,/,GET,200,29,US,Desktop
2025-09-28T05:36:33.000Z,/products,GET,404,72,IN,Mobile
2025-09-28T05:39:41.000Z,/products/:id,GET,200,94,IN,Desktop
2025-09-28T05:40:32.000Z,/cart,GET,200,82,US,Desktop
2025-09-28T05:42:20.000Z,/api/cart,POST,200,101,US,Desktop
2025-09-28T05:42:59.000Z,/cart,GET,200,64,FR,Desktop
2025-09-28T05:44:42.000Z,/,GET,200,40,JP,Mobile
2025-09-28T05:45:56.000Z,/api/cart,POST,200,78,FR,Desktop
2025-09-28T05:49:47.000Z,/products,GET,304,62,JP,Mobile
2025-09-28T05:56:03.000Z,/products,GET,200,110,US,Desktop
2025-09-28T05:56:44.000Z,/products,GET,200,104,CA,Mobile
2025-09-28T06:00:40.000Z,/api/checkout,POST,200,339,FR,Mobile
2025-09-28T06:04:25.000Z,/products,GET,200,145,US,Desktop
2025-09-28T06:04:57.000Z,/account,GET,200,47,BR,Desktop
2025-09-28T06:05:40.000Z,/account,GET,200,101,CA,Desktop
2025-09-28T06:06:41.000Z,/products,GET,200,41,JP,Mobile
2025-09-28T06:11:21.000Z,/,GET,200,60,US,Desktop
2025-09-28T06:13:28.000Z,/api/cart,POST,200,111,US,Mobile
2025-09-28T06:13:36.000Z,/,GET,200,71,FR,Mobile
2025-09-28T06:27:31.000Z,/,GET,200,70,DE,Desktop
2025-09-28T06:27:59.000Z,/products/:id,GET,200,109,US,Mobile
2025-09-28T06:30:23.000Z,/products,GET,200,59,GB,Desktop
2025-09-28T06:33:36.000Z,/cart,GET,200,44,US,Mobile
2025-09-28T06:34:46.000Z,/api/checkout,POST,200,160,DE,Desktop
2025-09-28T06:37:54.000Z,/products/:id,GET,200,60,BR,Desktop
2025-09-28T06:43:24.000Z,/products,GET,200,83,DE,Desktop
2025-09-28T06:44:04.000Z,/search,GET,200,107,US,Desktop
2025-09-28T07:00:11.000Z,/,GET,200,98,IN,Desktop
2025-09-28T07:06:15.000Z,/,GET,200,84,US,Mobile
2025-09-28T07:06:37.000Z,/api/cart,POST,200,163,US,Mobile
2025-09-28T07:06:54.000Z,/search,GET,200,186,US,Tablet
2025-09-28T07:08:07.000Z,/api/cart,POST,200,184,CA,Desktop
2025-09-28T07:09:44.000Z,/search,GET,200,253,JP,Desktop
2025-09-28T07:13:19.000Z,/products/:id,GET,200,101,IN,Mobile
2025-09-28T07:14:18.000Z,/api/cart,POST,200,99,US,Desktop
2025-09-28T07:21:26.000Z,/api/checkout,POST,200,142,FR,Mobile
2025-09-28T07:22:05.000Z,/products,GET,200,94,GB,Desktop
2025-09-28T07:22:18.000Z,/api/cart,POST,304,109,US,Desktop
2025-09-28T07:29:55.000Z,/account,GET,200,49,CA,Desktop
2025-09-28T07:30:44.000Z,/search,GET,200,129,US,Mobile
2025-09-28T07:35:05.000Z,/search,GET,200,85,JP,Mobile
2025-09-28T07:38:31.000Z,/products/:id,GET,200,36,CA,Mobile
2025-09-28T07:40:15.000Z,/,GET,200,62,CA,Desktop
2025-09-28T07:40:45.000Z,/products,GET,404,107,US,Desktop
2025-09-28T07:41:46.000Z,/products,GET,200,90,FR,Mobile
2025-09-28T07:41:59.000Z,/products/:id,GET,200,147,CA,Desktop
2025-09-28T07:42:11.000Z,/products/:id,GET,200,92,CA,Mobile
2025-09-28T07:45:20.000Z,/search,GET,200,177,IN,Desktop
2025-09-28T07:46:33.000Z,/,GET,200,47,IN,Mobile
2025-09-28T07:48:48.000Z,/api/checkout,POST,200,356,IN,Mobile
2025-09-28T07:52:36.000Z,/products,GET,200,107,GB,Desktop
2025-09-28T07:54:42.000Z,/,GET,200,29,US,Desktop
2025-09-28T07:57:43.000Z,/products,GET,200,74,US,Desktop
2025-09-28T08:00:41.000Z,/products,GET,200,150,US,Desktop
2025-09-28T08:00:53.000Z,/products,GET,200,58,JP,Desktop
2025-09-28T08:06:49.000Z,/,GET,200,58,US,Desktop
2025-09-28T08:08:03.000Z,/products,GET,200,174,JP,Mobile
2025-09-28T08:11:28.000Z,/search,GET,200,147,US,Desktop
2025-09-28T08:13:37.000Z,/cart,GET,200,59,GB,Desktop
2025-09-28T08:13:47.000Z,/api/cart,POST,200,100,GB,Desktop
2025-09-28T08:14:13.000Z,/api/checkout,POST,200,328,IN,Desktop
2025-09-28T08:15:50.000Z,/products/:id,GET,200,51,US,Desktop
2025-09-28T08:16:59.000Z,/cart,GET,200,88,DE,Tablet
2025-09-28T08:20:07.000Z,/,GET,200,45,US,Mobile
2025-09-28T08:24:08.000Z,/cart,GET,200,67,GB,Desktop
2025-09-28T08:38:49.000Z,/products/:id,GET,200,51,US,Desktop
2025-09-28T08:39:44.000Z,/products,GET,200,118,IN,Mobile
2025-09-28T08:43:54.000Z,/products/:id,GET,200,28,IN,Mobile
2025-09-28T08:50:34.000Z,/cart,GET,200,62,JP,Tablet
2025-09-28T08:52:27.000Z,/,GET,200,45,US,Mobile
2025-09-28T08:56:00.000Z,/search,GET,200,87,CA,Desktop
2025-09-28T08:58:21.000Z,/,GET,200,35,US,Mobile
2025-09-28T09:06:12.000Z,/products,GET,200,111,US,Tablet
2025-09-28T09:11:29.000Z,/products,GET,200,31,US,Desktop
2025-09-28T09:11:39.000Z,/account,GET,200,59,US,Mobile
2025-09-28T09:11:46.000Z,/,GET,200,15,FR,Desktop
2025-09-28T09:14:20.000Z,/search,GET,200,104,BR,Mobile
2025-09-28T09:15:02.000Z,/products/:id,GET,200,103,GB,Desktop
2025-09-28T09:16:05.000Z,/,GET,200,61,GB,Desktop
2025-09-28T09:17:12.000Z,/,GET,200,28,GB,Desktop
2025-09-28T09:21:55.000Z,/api/cart,POST,200,104,US,Mobile
2025-09-28T09:22:52.000Z,/,GET,200,50,US,Desktop
2025-09-28T09:25:18.000Z,/products/:id,GET,200,47,JP,Mobile
2025-09-28T09:27:10.000Z,/,GET,200,35,CA,Desktop
2025-09-28T09:28:51.000Z,/search,GET,200,56,US,Desktop
2025-09-28T09:31:29.000Z,/search,GET,200,73,DE,Desktop
2025-09-28T09:35:19.000Z,/api/cart,POST,200,49,IN,Mobile
2025-09-28T09:38:08.000Z,/products,GET,200,74,DE,Desktop
2025-09-28T09:46:46.000Z,/products/:id,GET,200,78,BR,Mobile
2025-09-28T09:51:27.000Z,/api/cart,POST,200,94,IN,Desktop
2025-09-28T09:51:44.000Z,/api/cart,POST,200,115,US,Desktop
2025-09-28T09:52:32.000Z,/products/:id,GET,200,71,IN,Mobile
2025-09-28T09:53:15.000Z,/products/:id,GET,200,41,FR,Mobile
2025-09-28T09:55:28.000Z,/,GET,200,50,US,Mobile
2025-09-28T09:58:50.000Z,/search,GET,200,75,US,Desktop
2025-09-28T10:00:36.000Z,/products,GET,304,40,FR,Mobile
2025-09-28T10:01:43.000Z,/search,GET,200,58,US,Mobile
2025-09-28T10:02:28.000Z,/,GET,404,55,BR,Mobile
2025-09-28T10:03:51.000Z,/,GET,200,53,DE,Tablet
2025-09-28T10:11:24.000Z,/products/:id,GET,200,59,US,Mobile
2025-09-28T10:14:51.000Z,/products,GET,200,94,US,Desktop
2025-09-28T10:16:35.000Z,/search,GET,404,196,GB,Mobile
2025-09-28T10:16:52.000Z,/account,GET,200,54,DE,Desktop
2025-09-28T10:17:35.000Z,/products,GET,304,35,DE,Desktop
2025-09-28T10:18:24.000Z,/api/cart,POST,200,138,CA,Desktop
2025-09-28T10:21:08.000Z,/api/checkout,POST,200,206,FR,Desktop
2025-09-28T10:22:22.000Z,/,GET,200,50,US,Desktop
2025-09-28T10:25:16.000Z,/products/:id,GET,200,79,IN,Mobile
2025-09-28T10:26:31.000Z,/search,GET,200,143,GB,Desktop
2025-09-28T10:33:53.000Z,/search,GET,200,134,US,Desktop
2025-09-28T10:34:41.000Z,/products,GET,200,87,DE,Desktop
2025-09-28T10:35:25.000Z,/products/:id,GET,200,59,US,Tablet
2025-09-28T10:42:07.000Z,/cart,GET,200,58,FR,Mobile
2025-09-28T10:43:29.000Z,/api/cart,POST,200,122,US,Desktop
2025-09-28T10:45:32.000Z,/cart,GET,200,101,FR,Desktop
2025-09-28T10:46:18.000Z,/products,GET,200,47,US,Desktop
2025-09-28T10:47:05.000Z,/cart,GET,200,83,BR,Mobile
2025-09-28T10:47:46.000Z,/products,GET,200,96,US,Mobile
2025-09-28T10:48:45.000Z,/products,GET,200,135,US,Desktop
2025-09-28T10:49:27.000Z,/cart,GET,200,23,IN,Mobile
2025-09-28T10:52:08.000Z,/,GET,200,79,US,Mobile
2025-09-28T10:52:17.000Z,/cart,GET,200,123,IN,Desktop
2025-09-28T10:52:34.000Z,/account,GET,200,50,US,Tablet
2025-09-28T10:53:45.000Z,/,GET,200,36,GB,Mobile
2025-09-28T10:56:58.000Z,/cart,GET,200,90,IN,Mobile
2025-09-28T11:00:56.000Z,/products/:id,GET,200,73,US,Desktop
2025-09-28T11:01:33.000Z,/search,GET,200,133,DE,Desktop
2025-09-28T11:03:59.000Z,/cart,GET,200,64,CA,Desktop
2025-09-28T11:06:21.000Z,/search,GET,200,175,US,Mobile
2025-09-28T11:09:11.000Z,/products,GET,200,133,GB,Desktop
2025-09-28T11:09:20.000Z,/products/:id,GET,200,80,US,Mobile
2025-09-28T11:17:55.000Z,/account,GET,304,124,GB,Desktop
2025-09-28T11:21:47.000Z,/products,GET,200,82,FR,Mobile
2025-09-28T11:25:57.000Z,/search,GET,200,169,US,Mobile
2025-09-28T11:27:15.000Z,/,GET,200,53,US,Mobile
2025-09-28T11:32:39.000Z,/products,GET,200,73,US,Tablet
2025-09-28T11:35:05.000Z,/cart,GET,200,44,JP,Tablet
2025-09-28T11:35:08.000Z,/search,GET,200,204,FR,Mobile
2025-09-28T11:37:07.000Z,/,GET,200,77,US,Desktop
2025-09-28T11:41:33.000Z,/products,GET,304,71,US,Tablet
2025-09-28T11:45:46.000Z,/products,GET,200,101,US,Desktop
2025-09-28T11:45:59.000Z,/products/:id,GET,200,49,GB,Tablet
2025-09-28T11:47:31.000Z,/products,GET,401,52,US,Desktop
2025-09-28T11:48:07.000Z,/search,GET,200,173,BR,Mobile
2025-09-28T11:48:26.000Z,/,GET,200,40,US,Mobile
2025-09-28T11:50:11.000Z,/search,GET,404,252,GB,Tablet
2025-09-28T11:51:52.000Z,/account,GET,200,75,IN,Mobile
2025-09-28T11:51:56.000Z,/api/cart,POST,200,118,US,Tablet
2025-09-28T11:57:34.000Z,/api/cart,POST,200,89,US,Mobile
2025-09-28T11:57:58.000Z,/products/:id,GET,200,39,IN,Tablet
2025-09-28T12:00:35.000Z,/,GET,200,47,CA,Tablet
2025-09-28T12:01:39.000Z,/cart,GET,200,39,CA,Desktop
2025-09-28T12:01:49.000Z,/products,GET,404,48,JP,Mobile
2025-09-28T12:05:38.000Z,/cart,GET,304,57,US,Desktop
2025-09-28T12:05:55.000Z,/products/:id,GET,200,65,CA,Desktop
2025-09-28T12:06:44.000Z,/products,GET,200,118,US,Desktop
2025-09-28T12:08:11.000Z,/products/:id,GET,200,64,CA,Mobile
2025-09-28T12:12:01.000Z,/products,GET,200,69,BR,Desktop
2025-09-28T12:19:08.000Z,/account,GET,200,34,US,Mobile
2025-09-28T12:19:34.000Z,/products/:id,GET,200,47,BR,Mobile
2025-09-28T12:19:50.000Z,/,GET,200,33,FR,Desktop
2025-09-28T12:23:40.000Z,/products,GET,200,88,IN,Mobile
2025-09-28T12:27:13.000Z,/cart,GET,200,94,DE,Tablet
2025-09-28T12:27:35.000Z,/products/:id,GET,404,51,BR,Desktop
2025-09-28T12:28:15.000Z,/account,GET,200,70,JP,Desktop
2025-09-28T12:28:43.000Z,/products,GET,200,38,JP,Mobile
2025-09-28T12:28:59.000Z,/products/:id,GET,200,44,JP,Desktop
2025-09-28T12:30:23.000Z,/,GET,200,26,US,Desktop
2025-09-28T12:31:19.000Z,/api/cart,POST,200,50,US,Mobile
2025-09-28T12:32:22.000Z,/cart,GET,200,55,US,Desktop
2025-09-28T12:33:19.000Z,/,GET,200,44,US,Mobile
2025-09-28T12:33:45.000Z,/api/checkout,POST,200,137,CA,Desktop
2025-09-28T12:34:43.000Z,/products,GET,200,84,GB,Desktop
2025-09-28T12:37:06.000Z,/cart,GET,200,43,FR,Desktop
2025-09-28T12:37:08.000Z,/cart,GET,200,149,DE,Desktop
2025-09-28T12:37:49.000Z,/,GET,200,40,IN,Mobile
2025-09-28T12:39:00.000Z,/search,GET,200,160,FR,Desktop
2025-09-28T12:39:42.000Z,/products,GET,200,74,US,Desktop
2025-09-28T12:41:45.000Z,/api/checkout,POST,200,156,GB,Mobile
2025-09-28T12:42:23.000Z,/products,GET,304,36,JP,Mobile
2025-09-28T12:43:13.000Z,/products,GET,200,111,US,Mobile
2025-09-28T12:45:31.000Z,/products,GET,200,102,IN,Mobile
2025-09-28T12:48:53.000Z,/products/:id,GET,200,71,DE,Mobile
2025-09-28T12:50:23.000Z,/products,GET,200,62,US,Tablet
2025-09-28T12:56:11.000Z,/api/cart,POST,200,100,US,Mobile
2025-09-28T12:59:13.000Z,/,GET,200,63,FR,Desktop
2025-09-28T13:02:03.000Z,/search,GET,404,174,US,Mobile
2025-09-28T13:02:30.000Z,/products,GET,200,72,GB,Mobile
2025-09-28T13:05:28.000Z,/api/cart,POST,200,124,IN,Desktop
2025-09-28T13:07:02.000Z,/api/cart,POST,200,126,US,Mobile
2025-09-28T13:09:41.000Z,/products/:id,GET,200,87,DE,Mobile
2025-09-28T13:09:42.000Z,/products/:id,GET,200,59,IN,Mobile
2025-09-28T13:10:21.000Z,/,GET,200,38,US,Mobile
2025-09-28T13:12:09.000Z,/products/:id,GET,200,64,IN,Desktop
2025-09-28T13:13:50.000Z,/products,GET,200,168,JP,Tablet
2025-09-28T13:14:25.000Z,/cart,GET,304,42,IN,Mobile
2025-09-28T13:14:51.000Z,/products,GET,200,33,BR,Desktop
2025-09-28T13:16:00.000Z,/products/:id,GET,200,89,FR,Mobile
2025-09-28T13:18:05.000Z,/products,GET,200,67,CA,Mobile
2025-09-28T13:19:41.000Z,/search,GET,200,202,GB,Mobile
2025-09-28T13:20:14.000Z,/,GET,200,32,FR,Mobile
2025-09-28T13:21:53.000Z,/products/:id,GET,200,44,IN,Desktop
2025-09-28T13:22:05.000Z,/products/:id,GET,200,84,US,Mobile
2025-09-28T13:25:02.000Z,/products,GET,200,101,DE,Mobile
2025-09-28T13:27:08.000Z,/products,GET,200,40,DE,Desktop
2025-09-28T13:28:09.000Z,/cart,GET,401,36,US,Desktop
2025-09-28T13:29:07.000Z,/products,GET,200,110,DE,Desktop
2025-09-28T13:34:54.000Z,/cart,GET,200,42,US,Desktop
2025-09-28T13:36:28.000Z,/search,GET,200,123,FR,Mobile
2025-09-28T13:37:54.000Z,/products/:id,GET,200,53,US,Mobile
2025-09-28T13:38:00.000Z,/search,GET,200,129,GB,Mobile
2025-09-28T13:38:33.000Z,/api/cart,POST,200,36,US,Desktop
2025-09-28T13:42:31.000Z,/api/cart,POST,200,106,US,Desktop
2025-09-28T13:43:29.000Z,/products/:id,GET,200,53,IN,Mobile
2025-09-28T13:44:51.000Z,/products,GET,200,252,US,Desktop
2025-09-28T13:46:13.000Z,/products/:id,GET,200,60,DE,Tablet
2025-09-28T13:47:57.000Z,/products,GET,200,59,FR,Mobile
2025-09-28T13:48:24.000Z,/search,GET,200,124,US,Mobile
2025-09-28T13:48:33.000Z,/,GET,200,60,DE,Desktop
2025-09-28T13:49:47.000Z,/products/:id,GET,200,45,CA,Desktop
2025-09-28T13:50:45.000Z,/products,GET,200,85,IN,Mobile
2025-09-28T13:52:33.000Z,/products,GET,200,58,US,Desktop
2025-09-28T13:52:53.000Z,/search,GET,200,69,IN,Mobile
2025-09-28T13:53:47.000Z,/api/checkout,POST,200,151,IN,Tablet
2025-09-28T13:59:04.000Z,/products,GET,200,72,US,Desktop
2025-09-28T13:59:37.000Z,/cart,GET,200,92,FR,Desktop
2025-09-28T13:59:43.000Z,/,GET,200,40,US,Desktop
2025-09-28T14:00:17.000Z,/,GET,200,69,DE,Desktop
2025-09-28T14:00:55.000Z,/cart,GET,304,34,IN,Mobile
2025-09-28T14:10:09.000Z,/api/cart,POST,200,134,CA,Desktop
2025-09-28T14:11:07.000Z,/products/:id,GET,200,43,US,Mobile
2025-09-28T14:11:08.000Z,/search,GET,200,91,IN,Mobile
2025-09-28T14:14:34.000Z,/cart,GET,200,98,CA,Mobile
2025-09-28T14:16:37.000Z,/products/:id,GET,200,34,IN,Desktop
2025-09-28T14:20:06.000Z,/search,GET,200,172,GB,Mobile
2025-09-28T14:23:00.000Z,/cart,GET,200,51,US,Desktop
2025-09-28T14:24:00.000Z,/products/:id,GET,200,135,IN,Mobile
2025-09-28T14:24:38.000Z,/,GET,200,49,GB,Desktop
2025-09-28T14:28:40.000Z,/products/:id,GET,200,37,FR,Tablet
2025-09-28T14:28:46.000Z,/,GET,200,28,US,Mobile
2025-09-28T14:30:13.000Z,/api/checkout,POST,200,203,JP,Mobile
2025-09-28T14:30:58.000Z,/cart,GET,200,65,DE,Desktop
2025-09-28T14:33:12.000Z,/,GET,401,20,GB,Desktop
2025-09-28T14:38:27.000Z,/products/:id,GET,200,102,BR,Desktop
2025-09-28T14:41:58.000Z,/api/checkout,POST,200,153,US,Desktop
2025-09-28T14:44:17.000Z,/products/:id,GET,200,51,DE,Mobile
2025-09-28T14:48:37.000Z,/api/cart,POST,200,111,US,Mobile
2025-09-28T14:54:08.000Z,/account,GET,200,76,IN,Mobile
2025-09-28T14:54:44.000Z,/,GET,404,96,BR,Mobile
2025-09-28T14:55:34.000Z,/products/:id,GET,401,36,US,Desktop
2025-09-28T14:57:13.000Z,/api/checkout,POST,200,404,GB,Mobile
2025-09-28T14:58:59.000Z,/api/cart,POST,200,75,JP,Mobile
2025-09-28T15:01:22.000Z,/api/cart,POST,200,62,CA,Desktop
2025-09-28T15:02:11.000Z,/,GET,200,50,JP,Mobile
2025-09-28T15:02:49.000Z,/products/:id,GET,200,135,US,Desktop
2025-09-28T15:03:16.000Z,/api/checkout,POST,200,320,FR,Desktop
2025-09-28T15:03:39.000Z,/search,GET,200,176,DE,Desktop
2025-09-28T15:09:22.000Z,/,GET,200,26,DE,Desktop
2025-09-28T15:12:25.000Z,/api/checkout,POST,200,380,DE,Desktop
2025-09-28T15:14:12.000Z,/search,GET,200,257,DE,Desktop
2025-09-28T15:20:15.000Z,/products,GET,200,64,JP,Mobile
2025-09-28T15:21:59.000Z,/,GET,200,37,IN,Mobile
2025-09-28T15:23:59.000Z,/account,GET,200,107,FR,Desktop
2025-09-28T15:24:56.000Z,/search,GET,200,292,US,Tablet
2025-09-28T15:32:20.000Z,/products,GET,200,114,US,Desktop
2025-09-28T15:38:29.000Z,/,GET,200,72,IN,Desktop
2025-09-28T15:41:10.000Z,/,GET,200,52,US,Desktop
2025-09-28T15:48:58.000Z,/products/:id,GET,200,92,US,Mobile
2025-09-28T15:49:35.000Z,/account,GET,200,83,GB,Desktop
2025-09-28T15:50:17.000Z,/products/:id,GET,200,43,BR,Mobile
2025-09-28T15:50:52.000Z,/cart,GET,200,40,FR,Desktop
2025-09-28T15:53:52.000Z,/api/checkout,POST,404,335,US,Tablet
2025-09-28T15:56:31.000Z,/products/:id,GET,200,68,FR,Mobile
2025-09-28T15:56:53.000Z,/search,GET,200,241,FR,Desktop
2025-09-28T15:59:57.000Z,/search,GET,200,106,US,Mobile
2025-09-28T16:02:02.000Z,/api/checkout,POST,200,304,US,Desktop
2025-09-28T16:03:00.000Z,/api/checkout,POST,200,185,IN,Desktop
2025-09-28T16:11:27.000Z,/,GET,200,28,FR,Desktop
2025-09-28T16:11:41.000Z,/products,GET,404,68,US,Mobile
2025-09-28T16:21:40.000Z,/,GET,200,25,US,Mobile
2025-09-28T16:25:40.000Z,/cart,GET,200,25,DE,Mobile
2025-09-28T16:28:38.000Z,/api/checkout,POST,404,354,IN,Mobile
2025-09-28T16:31:22.000Z,/,GET,304,17,JP,Mobile
2025-09-28T16:31:49.000Z,/,GET,200,42,CA,Mobile
2025-09-28T16:34:40.000Z,/,GET,200,50,CA,Mobile
2025-09-28T16:38:50.000Z,/api/cart,POST,200,118,US,Mobile
2025-09-28T16:39:39.000Z,/products/:id,GET,200,37,US,Mobile
2025-09-28T16:39:45.000Z,/,GET,200,49,CA,Tablet
2025-09-28T16:41:18.000Z,/products/:id,GET,200,43,DE,Desktop
2025-09-28T16:42:18.000Z,/products/:id,GET,200,51,GB,Desktop
2025-09-28T16:50:04.000Z,/api/cart,POST,200,70,JP,Desktop
2025-09-28T16:51:20.000Z,/api/checkout,POST,200,103,BR,Mobile
2025-09-28T16:53:50.000Z,/,GET,200,59,IN,Mobile
2025-09-28T16:55:40.000Z,/products/:id,GET,304,66,US,Desktop
2025-09-28T16:56:28.000Z,/cart,GET,200,47,DE,Mobile
2025-09-28T16:57:41.000Z,/products/:id,GET,200,60,JP,Mobile
2025-09-28T16:58:37.000Z,/products,GET,200,86,US,Tablet
2025-09-28T16:58:45.000Z,/api/checkout,POST,200,255,JP,Desktop
2025-09-28T17:00:32.000Z,/search,GET,200,99,JP,Desktop
2025-09-28T17:08:11.000Z,/products/:id,GET,200,88,GB,Desktop
2025-09-28T17:09:39.000Z,/cart,GET,200,82,US,Desktop
2025-09-28T17:12:06.000Z,/,GET,200,37,IN,Desktop
2025-09-28T17:12:39.000Z,/products,GET,200,60,US,Desktop
2025-09-28T17:12:43.000Z,/api/cart,POST,200,69,GB,Mobile
2025-09-28T17:15:00.000Z,/products/:id,GET,200,65,US,Tablet
2025-09-28T17:37:33.000Z,/,GET,200,40,GB,Mobile
2025-09-28T17:40:14.000Z,/api/checkout,POST,200,201,FR,Desktop
2025-09-28T17:45:02.000Z,/,GET,200,36,DE,Mobile
2025-09-28T17:49:55.000Z,/account,GET,200,169,FR,Mobile
2025-09-28T17:51:46.000Z,/api/checkout,POST,200,163,GB,Mobile
2025-09-28T17:52:06.000Z,/,GET,200,55,US,Mobile
2025-09-28T17:57:48.000Z,/products/:id,GET,200,40,US,Mobile
2025-09-28T18:01:12.000Z,/api/cart,POST,200,211,JP,Mobile
2025-09-28T18:02:53.000Z,/products,GET,200,51,US,Desktop
2025-09-28T18:06:35.000Z,/search,GET,200,147,US,Desktop
2025-09-28T18:07:31.000Z,/products/:id,GET,200,55,US,Mobile
2025-09-28T18:10:05.000Z,/api/cart,POST,200,83,US,Mobile
2025-09-28T18:10:09.000Z,/products/:id,GET,200,75,DE,Mobile
2025-09-28T18:10:33.000Z,/api/checkout,POST,200,255,IN,Mobile
2025-09-28T18:13:05.000Z,/account,GET,200,146,DE,Desktop
2025-09-28T18:15:00.000Z,/,GET,200,43,US,Mobile
2025-09-28T18:18:30.000Z,/,GET,200,69,JP,Desktop
2025-09-28T18:18:45.000Z,/api/cart,POST,200,70,CA,Mobile
2025-09-28T18:20:02.000Z,/search,GET,200,251,US,Desktop
2025-09-28T18:20:25.000Z,/products/:id,GET,500,86,DE,Mobile
2025-09-28T18:23:57.000Z,/,GET,200,38,US,Desktop
2025-09-28T18:26:20.000Z,/products/:id,GET,200,95,FR,Mobile
2025-09-28T18:27:01.000Z,/cart,GET,200,89,US,Mobile
2025-09-28T18:31:25.000Z,/,GET,200,42,FR,Mobile
2025-09-28T18:41:11.000Z,/products/:id,GET,200,104,US,Desktop
2025-09-28T18:42:16.000Z,/,GET,200,29,US,Desktop
2025-09-28T18:42:49.000Z,/products/:id,GET,200,152,US,Mobile
2025-09-28T18:44:41.000Z,/search,GET,200,156,CA,Desktop
2025-09-28T18:46:25.000Z,/,GET,200,47,US,Mobile
2025-09-28T18:48:33.000Z,/api/checkout,POST,304,779,DE,Mobile
2025-09-28T18:50:23.000Z,/products,GET,200,123,JP,Desktop
2025-09-28T18:57:59.000Z,/cart,GET,200,66,US,Tablet
2025-09-28T19:02:16.000Z,/products/:id,GET,200,34,US,Desktop
2025-09-28T19:02:56.000Z,/,GET,200,51,IN,Mobile
2025-09-28T19:08:31.000Z,/,GET,200,33,IN,Desktop
2025-09-28T19:09:28.000Z,/api/cart,POST,200,79,IN,Mobile
2025-09-28T19:10:46.000Z,/,GET,200,78,FR,Desktop
2025-09-28T19:11:47.000Z,/products/:id,GET,200,158,US,Desktop
2025-09-28T19:12:19.000Z,/products/:id,GET,200,69,CA,Mobile
2025-09-28T19:13:04.000Z,/search,GET,200,163,US,Mobile
2025-09-28T19:16:32.000Z,/products/:id,GET,200,69,CA,Desktop
2025-09-28T19:16:44.000Z,/cart,GET,200,54,CA,Tablet
2025-09-28T19:16:54.000Z,/cart,GET,200,65,IN,Desktop
2025-09-28T19:24:00.000Z,/products/:id,GET,200,55,US,Mobile
2025-09-28T19:25:40.000Z,/cart,GET,200,43,US,Desktop
2025-09-28T19:28:37.000Z,/products,GET,200,152,BR,Mobile
2025-09-28T19:30:59.000Z,/api/cart,POST,200,44,US,Mobile
2025-09-28T19:31:31.000Z,/products,GET,200,71,IN,Desktop
2025-09-28T19:38:02.000Z,/products,GET,200,81,US,Desktop
2025-09-28T19:40:30.000Z,/products/:id,GET,200,49,US,Desktop
2025-09-28T19:42:51.000Z,/api/cart,POST,200,71,US,Mobile
2025-09-28T19:44:24.000Z,/account,GET,200,72,FR,Mobile
2025-09-28T19:49:47.000Z,/products/:id,GET,200,91,IN,Mobile
2025-09-28T19:53:32.000Z,/products/:id,GET,200,52,CA,Mobile
2025-09-28T19:57:31.000Z,/products/:id,GET,304,31,BR,Desktop
2025-09-28T20:03:10.000Z,/products,GET,200,106,DE,Desktop
2025-09-28T20:05:38.000Z,/,GET,200,24,US,Mobile
2025-09-28T20:10:05.000Z,/search,GET,304,104,CA,Desktop
2025-09-28T20:13:41.000Z,/api/cart,POST,200,87,US,Desktop
2025-09-28T20:14:51.000Z,/products/:id,GET,200,66,US,Mobile
2025-09-28T20:27:45.000Z,/api/cart,POST,200,152,FR,Desktop
2025-09-28T20:28:44.000Z,/,GET,200,12,DE,Desktop
2025-09-28T20:41:12.000Z,/,GET,200,39,DE,Desktop
2025-09-28T20:41:29.000Z,/products/:id,GET,200,99,BR,Tablet
2025-09-28T20:48:59.000Z,/search,GET,304,304,US,Mobile
2025-09-28T20:52:49.000Z,/products,GET,200,41,BR,Mobile
2025-09-28T20:55:15.000Z,/api/cart,POST,200,56,BR,Mobile
2025-09-28T21:12:16.000Z,/products,GET,200,40,GB,Mobile
2025-09-28T21:13:48.000Z,/search,GET,200,88,US,Mobile
2025-09-28T21:32:47.000Z,/api/cart,POST,200,84,US,Desktop
2025-09-28T21:39:16.000Z,/cart,GET,200,62,DE,Desktop
2025-09-28T21:43:40.000Z,/,GET,200,28,IN,Mobile
2025-09-28T21:44:32.000Z,/search,GET,200,239,US,Desktop
2025-09-28T21:44:55.000Z,/products,GET,200,93,DE,Desktop
2025-09-28T21:46:33.000Z,/products,GET,200,114,JP,Desktop
2025-09-28T21:52:15.000Z,/,GET,200,32,IN,Mobile
2025-09-28T21:56:48.000Z,/cart,GET,200,66,FR,Mobile
2025-09-28T22:03:06.000Z,/search,GET,200,186,DE,Mobile
2025-09-28T22:09:07.000Z,/products,GET,200,102,BR,Desktop
2025-09-28T22:09:59.000Z,/account,GET,200,66,GB,Desktop
2025-09-28T22:11:05.000Z,/products/:id,GET,200,40,US,Mobile
2025-09-28T22:17:25.000Z,/search,GET,200,236,GB,Mobile
2025-09-28T22:17:58.000Z,/products/:id,GET,200,81,CA,Desktop
2025-09-28T22:22:29.000Z,/search,GET,200,60,US,Mobile
2025-09-28T22:32:30.000Z,/account,GET,200,42,GB,Mobile
2025-09-28T22:33:45.000Z,/,GET,200,29,DE,Desktop
2025-09-28T22:33:58.000Z,/cart,GET,200,58,BR,Mobile
2025-09-28T22:37:36.000Z,/products,GET,200,81,US,Tablet
2025-09-28T22:41:46.000Z,/search,GET,200,102,BR,Mobile
2025-09-28T22:51:21.000Z,/products,GET,200,88,US,Desktop
2025-09-28T22:53:43.000Z,/,GET,200,46,CA,Desktop
2025-09-28T22:54:27.000Z,/products,GET,200,75,US,Mobile
2025-09-28T23:07:05.000Z,/cart,GET,200,90,US,Mobile
2025-09-28T23:07:47.000Z,/,GET,200,63,US,Mobile
2025-09-28T23:08:23.000Z,/products,GET,200,103,US,Mobile
2025-09-28T23:08:25.000Z,/,GET,200,35,BR,Mobile
2025-09-28T23:12:36.000Z,/products,GET,200,58,US,Mobile
2025-09-28T23:18:37.000Z,/api/cart,POST,200,176,US,Mobile
2025-09-28T23:28:17.000Z,/api/cart,POST,200,78,FR,Mobile
2025-09-28T23:41:00.000Z,/search,GET,200,196,GB,Mobile
2025-09-28T23:41:46.000Z,/products/:id,GET,200,78,JP,Mobile
2025-09-28T23:44:42.000Z,/,GET,200,60,IN,Desktop
2025-09-28T23:48:50.000Z,/products,GET,200,126,FR,Mobile
2025-09-28T23:50:18.000Z,/,GET,200,25,US,Mobile
2025-09-28T23:59:34.000Z,/products/:id,GET,200,62,GB,Desktop
2025-09-28T23:59:34.000Z,/,GET,200,31,IN,Desktop
2025-09-29T00:03:12.000Z,/products/:id,GET,200,73,JP,Desktop
2025-09-29T00:04:59.000Z,/api/checkout,POST,200,263,US,Desktop
2025-09-29T00:14:26.000Z,/cart,GET,200,39,DE,Mobile
2025-09-29T00:24:01.000Z,/cart,GET,200,15,IN,Mobile
2025-09-29T00:34:38.000Z,/products,GET,200,62,US,Mobile
2025-09-29T00:54:53.000Z,/,GET,404,50,FR,Mobile
2025-09-29T01:01:19.000Z,/api/cart,POST,200,273,CA,Mobile
2025-09-29T01:02:34.000Z,/cart,GET,200,65,BR,Mobile
2025-09-29T01:16:43.000Z,/,GET,200,56,IN,Desktop
2025-09-29T01:20:06.000Z,/,GET,200,93,JP,Desktop
2025-09-29T01:21:14.000Z,/search,GET,200,250,CA,Desktop
2025-09-29T01:21:17.000Z,/search,GET,200,126,US,Mobile
2025-09-29T01:25:43.000Z,/,GET,200,39,US,Desktop
2025-09-29T01:33:16.000Z,/products/:id,GET,200,39,US,Tablet
2025-09-29T01:34:54.000Z,/products,GET,200,95,US,Mobile
2025-09-29T01:34:58.000Z,/products,GET,200,124,DE,Desktop
2025-09-29T01:37:32.000Z,/cart,GET,200,24,GB,Desktop
2025-09-29T01:45:39.000Z,/products,GET,200,102,US,Mobile
2025-09-29T01:53:22.000Z,/products,GET,200,50,GB,Desktop
2025-09-29T01:56:46.000Z,/products/:id,GET,200,54,GB,Mobile
2025-09-29T02:11:00.000Z,/,GET,200,60,US,Desktop
2025-09-29T02:25:05.000Z,/products/:id,GET,200,27,DE,Mobile
2025-09-29T02:26:16.000Z,/products,GET,200,66,US,Mobile
2025-09-29T02:29:31.000Z,/products,GET,200,83,GB,Mobile
2025-09-29T02:32:24.000Z,/search,GET,200,80,DE,Mobile
2025-09-29T02:42:08.000Z,/,GET,200,23,US,Mobile
2025-09-29T02:42:18.000Z,/,GET,200,32,IN,Desktop
2025-09-29T02:45:55.000Z,/,GET,200,41,US,Mobile
2025-09-29T02:49:55.000Z,/products/:id,GET,200,77,IN,Mobile
2025-09-29T02:58:24.000Z,/products,GET,200,69,US,Tablet
2025-09-29T03:00:41.000Z,/cart,GET,200,59,DE,Mobile
2025-09-29T03:02:20.000Z,/api/cart,POST,200,170,US,Mobile
2025-09-29T03:09:26.000Z,/api/checkout,POST,200,415,US,Mobile
2025-09-29T03:11:22.000Z,/api/cart,POST,200,50,GB,Desktop
2025-09-29T03:14:02.000Z,/,GET,200,27,DE,Desktop
2025-09-29T03:19:19.000Z,/cart,GET,200,59,IN,Mobile
2025-09-29T03:20:12.000Z,/,GET,200,56,BR,Mobile
2025-09-29T03:21:23.000Z,/products,GET,200,68,BR,Desktop
2025-09-29T03:39:46.000Z,/products/:id,GET,200,33,BR,Desktop
2025-09-29T03:44:58.000Z,/,GET,200,20,US,Mobile
2025-09-29T03:45:44.000Z,/,GET,200,46,GB,Mobile
2025-09-29T03:51:14.000Z,/search,GET,200,329,US,Mobile
2025-09-29T03:59:32.000Z,/account,GET,404,81,IN,Mobile
2025-09-29T04:00:35.000Z,/cart,GET,200,31,US,Mobile
2025-09-29T04:01:06.000Z,/cart,GET,200,72,BR,Mobile
2025-09-29T04:09:15.000Z,/search,GET,200,741,IN,Desktop
2025-09-29T04:12:00.000Z,/api/cart,POST,200,54,IN,Mobile
2025-09-29T04:13:26.000Z,/,GET,200,31,CA,Mobile
2025-09-29T04:14:28.000Z,/,GET,200,27,US,Desktop
2025-09-29T04:15:50.000Z,/products,GET,200,176,BR,Desktop
2025-09-29T04:22:12.000Z,/products/:id,GET,200,67,GB,Desktop
2025-09-29T04:23:28.000Z,/api/checkout,POST,401,241,JP,Desktop
2025-09-29T04:24:25.000Z,/,GET,404,119,US,Desktop
2025-09-29T04:24:51.000Z,/search,GET,200,98,BR,Tablet
2025-09-29T04:26:22.000Z,/cart,GET,200,40,US,Mobile
2025-09-29T04:26:58.000Z,/cart,GET,200,46,US,Mobile
2025-09-29T04:28:19.000Z,/,GET,200,73,DE,Mobile
2025-09-29T04:32:47.000Z,/cart,GET,200,51,JP,Mobile
2025-09-29T04:40:11.000Z,/,GET,200,106,US,Desktop
2025-09-29T04:42:52.000Z,/api/cart,POST,200,89,US,Tablet
2025-09-29T04:50:44.000Z,/,GET,200,31,US,Desktop
2025-09-29T04:55:15.000Z,/,GET,200,26,IN,Mobile
2025-09-29T04:58:29.000Z,/products/:id,GET,200,58,US,Mobile
2025-09-29T05:01:46.000Z,/,GET,200,36,DE,Desktop
2025-09-29T05:02:30.000Z,/products,GET,304,104,JP,Mobile
2025-09-29T05:03:21.000Z,/products/:id,GET,200,26,US,Mobile
2025-09-29T05:07:28.000Z,/products,GET,200,74,IN,Desktop
2025-09-29T05:11:05.000Z,/products/:id,GET,200,31,JP,Mobile
2025-09-29T05:14:19.000Z,/search,GET,200,95,IN,Mobile
2025-09-29T05:16:23.000Z,/,GET,200,39,US,Mobile
2025-09-29T05:30:20.000Z,/,GET,200,63,BR,Desktop
2025-09-29T05:30:57.000Z,/cart,GET,200,45,US,Desktop
2025-09-29T05:34:23.000Z,/,GET,404,93,GB,Desktop
2025-09-29T05:37:25.000Z,/api/checkout,POST,200,160,US,Mobile
2025-09-29T05:38:32.000Z,/,GET,200,33,US,Mobile
2025-09-29T05:40:41.000Z,/,GET,200,53,BR,Desktop
2025-09-29T05:42:35.000Z,/,GET,200,24,US,Desktop
2025-09-29T05:43:44.000Z,/api/cart,POST,200,200,JP,Mobile
2025-09-29T05:44:00.000Z,/products,GET,200,93,US,Desktop
2025-09-29T05:44:42.000Z,/products,GET,200,138,DE,Desktop
2025-09-29T05:45:13.000Z,/,GET,200,51,FR,Mobile
2025-09-29T05:51:21.000Z,/cart,GET,200,65,US,Mobile
2025-09-29T05:54:38.000Z,/products/:id,GET,200,102,US,Desktop
2025-09-29T05:55:17.000Z,/account,GET,200,56,IN,Desktop
2025-09-29T05:56:19.000Z,/account,GET,200,102,US,Desktop
2025-09-29T05:56:42.000Z,/search,GET,200,162,DE,Desktop
2025-09-29T05:57:54.000Z,/products/:id,GET,200,49,US,Mobile
2025-09-29T06:00:22.000Z,/search,GET,200,166,FR,Mobile
2025-09-29T06:05:24.000Z,/search,GET,200,165,US,Mobile
2025-09-29T06:05:57.000Z,/products,GET,200,83,IN,Tablet
2025-09-29T06:10:02.000Z,/cart,GET,200,48,US,Tablet
2025-09-29T06:10:27.000Z,/products/:id,GET,200,58,DE,Desktop
2025-09-29T06:11:15.000Z,/,GET,200,51,CA,Mobile
2025-09-29T06:12:44.000Z,/search,GET,200,105,US,Tablet
2025-09-29T06:12:46.000Z,/search,GET,200,130,GB,Mobile
2025-09-29T06:12:57.000Z,/,GET,200,89,CA,Mobile
2025-09-29T06:14:37.000Z,/,GET,200,42,US,Desktop
2025-09-29T06:16:40.000Z,/api/cart,POST,200,48,IN,Desktop
2025-09-29T06:20:03.000Z,/api/cart,POST,200,138,US,Desktop
2025-09-29T06:21:20.000Z,/products,GET,200,136,JP,Mobile
2025-09-29T06:22:59.000Z,/,GET,200,37,JP,Mobile
2025-09-29T06:26:16.000Z,/search,GET,200,109,JP,Desktop
2025-09-29T06:26:37.000Z,/,GET,200,47,FR,Desktop
2025-09-29T06:29:14.000Z,/cart,GET,200,34,FR,Mobile
2025-09-29T06:30:14.000Z,/,GET,200,44,US,Desktop
2025-09-29T06:32:56.000Z,/account,GET,200,55,GB,Mobile
2025-09-29T06:34:25.000Z,/,GET,200,73,IN,Mobile
2025-09-29T06:35:50.000Z,/search,GET,200,147,BR,Desktop
2025-09-29T06:37:18.000Z,/products,GET,200,77,BR,Mobile
2025-09-29T06:43:26.000Z,/api/checkout,POST,200,113,IN,Tablet
2025-09-29T06:47:53.000Z,/products/:id,GET,200,42,DE,Mobile
2025-09-29T06:53:22.000Z,/search,GET,200,89,BR,Mobile
2025-09-29T06:54:36.000Z,/products,GET,200,67,DE,Desktop
2025-09-29T06:54:47.000Z,/cart,GET,200,42,US,Mobile
2025-09-29T06:55:23.000Z,/products/:id,GET,200,94,FR,Mobile
2025-09-29T06:56:30.000Z,/cart,GET,200,91,CA,Desktop
2025-09-29T06:58:00.000Z,/,GET,200,56,GB,Mobile
2025-09-29T07:07:52.000Z,/api/cart,POST,200,41,GB,Desktop
2025-09-29T07:08:03.000Z,/,GET,200,46,US,Desktop
2025-09-29T07:09:04.000Z,/search,GET,200,157,JP,Desktop
2025-09-29T07:10:33.000Z,/products/:id,GET,200,39,DE,Desktop
2025-09-29T07:13:15.000Z,/api/cart,POST,200,47,US,Desktop
2025-09-29T07:14:05.000Z,/cart,GET,200,49,FR,Mobile
2025-09-29T07:15:32.000Z,/cart,GET,200,53,FR,Desktop
2025-09-29T07:15:46.000Z,/api/checkout,POST,200,276,US,Mobile
2025-09-29T07:16:52.000Z,/search,GET,200,118,FR,Mobile
2025-09-29T07:18:56.000Z,/products,GET,200,101,JP,Desktop
2025-09-29T07:23:30.000Z,/products/:id,GET,200,89,GB,Desktop
2025-09-29T07:27:08.000Z,/cart,GET,200,102,JP,Mobile
2025-09-29T07:30:28.000Z,/cart,GET,200,31,JP,Mobile
2025-09-29T07:31:06.000Z,/,GET,200,31,JP,Desktop
2025-09-29T07:37:10.000Z,/products,GET,200,79,US,Mobile
2025-09-29T07:41:15.000Z,/account,GET,200,51,US,Desktop
2025-09-29T07:48:14.000Z,/search,GET,200,125,CA,Desktop
2025-09-29T07:49:42.000Z,/api/checkout,POST,304,268,US,Mobile
2025-09-29T07:50:04.000Z,/,GET,200,40,IN,Mobile
2025-09-29T07:51:02.000Z,/cart,GET,200,45,BR,Desktop
2025-09-29T07:51:18.000Z,/search,GET,200,112,CA,Mobile
2025-09-29T07:56:09.000Z,/search,GET,200,140,JP,Mobile
2025-09-29T07:59:05.000Z,/api/checkout,POST,200,233,IN,Desktop
2025-09-29T07:59:15.000Z,/products/:id,GET,200,65,DE,Mobile
2025-09-29T07:59:37.000Z,/,GET,200,50,US,Mobile
2025-09-29T08:02:10.000Z,/products,GET,200,68,GB,Desktop
2025-09-29T08:05:39.000Z,/,GET,200,40,US,Desktop
2025-09-29T08:07:22.000Z,/api/checkout,POST,200,252,GB,Tablet
2025-09-29T08:07:30.000Z,/api/checkout,POST,200,345,JP,Desktop
2025-09-29T08:10:32.000Z,/products,GET,200,104,GB,Mobile
2025-09-29T08:11:26.000Z,/api/checkout,POST,200,212,US,Desktop
2025-09-29T08:15:55.000Z,/,GET,200,63,US,Tablet
2025-09-29T08:18:49.000Z,/products/:id,GET,200,69,JP,Desktop
2025-09-29T08:22:38.000Z,/search,GET,200,68,US,Desktop
2025-09-29T08:22:41.000Z,/api/checkout,POST,200,233,DE,Mobile
2025-09-29T08:23:03.000Z,/,GET,200,63,US,Desktop
2025-09-29T08:24:54.000Z,/cart,GET,200,96,GB,Desktop
2025-09-29T08:25:56.000Z,/search,GET,200,132,GB,Desktop
2025-09-29T08:28:28.000Z,/products,GET,200,43,FR,Mobile
2025-09-29T08:31:54.000Z,/api/cart,POST,200,75,IN,Desktop
2025-09-29T08:33:16.000Z,/search,GET,200,90,FR,Mobile
2025-09-29T08:34:49.000Z,/cart,GET,200,77,US,Mobile
2025-09-29T08:35:15.000Z,/products/:id,GET,200,68,US,Mobile
2025-09-29T08:42:42.000Z,/products,GET,200,128,JP,Mobile
2025-09-29T08:45:46.000Z,/products/:id,GET,200,69,US,Desktop
2025-09-29T08:46:29.000Z,/account,GET,500,77,US,Mobile
2025-09-29T08:48:26.000Z,/products,GET,200,128,CA,Desktop
2025-09-29T08:49:37.000Z,/products,GET,200,153,US,Desktop
2025-09-29T08:50:37.000Z,/products,GET,200,112,CA,Mobile
2025-09-29T08:52:12.000Z,/api/checkout,POST,200,167,US,Desktop
2025-09-29T08:56:54.000Z,/search,GET,200,129,GB,Desktop
2025-09-29T08:58:38.000Z,/products/:id,GET,200,42,US,Tablet
2025-09-29T09:05:50.000Z,/products,GET,200,122,US,Desktop
2025-09-29T09:07:19.000Z,/cart,GET,200,60,US,Desktop
2025-09-29T09:09:42.000Z,/products/:id,GET,200,77,US,Mobile
2025-09-29T09:11:40.000Z,/,GET,404,33,CA,Desktop
2025-09-29T09:12:50.000Z,/search,GET,200,76,IN,Desktop
2025-09-29T09:16:06.000Z,/products/:id,GET,200,55,DE,Mobile
2025-09-29T09:17:30.000Z,/search,GET,200,272,CA,Mobile
2025-09-29T09:17:34.000Z,/products/:id,GET,200,136,US,Desktop
2025-09-29T09:18:18.000Z,/cart,GET,200,62,JP,Desktop
2025-09-29T09:26:56.000Z,/search,GET,404,146,US,Desktop
2025-09-29T09:28:53.000Z,/products/:id,GET,200,53,CA,Desktop
2025-09-29T09:32:21.000Z,/,GET,200,39,CA,Desktop
2025-09-29T09:32:56.000Z,/products,GET,200,105,US,Desktop
2025-09-29T09:34:09.000Z,/products,GET,200,84,CA,Desktop
2025-09-29T09:37:20.000Z,/,GET,200,25,IN,Tablet
2025-09-29T09:37:48.000Z,/products/:id,GET,200,42,FR,Mobile
2025-09-29T09:38:12.000Z,/products/:id,GET,200,46,DE,Mobile
2025-09-29T09:39:30.000Z,/cart,GET,200,94,BR,Desktop
2025-09-29T09:39:32.000Z,/products/:id,GET,200,38,IN,Mobile
2025-09-29T09:39:55.000Z,/search,GET,200,102,CA,Desktop
2025-09-29T09:46:06.000Z,/products,GET,200,44,IN,Mobile
2025-09-29T09:48:27.000Z,/api/cart,POST,200,118,US,Mobile
2025-09-29T09:50:28.000Z,/account,GET,404,87,DE,Desktop
2025-09-29T09:54:55.000Z,/search,GET,200,92,US,Desktop
2025-09-29T09:55:53.000Z,/api/checkout,POST,200,237,IN,Desktop
2025-09-29T09:56:37.000Z,/search,GET,200,62,FR,Desktop
2025-09-29T09:59:16.000Z,/,GET,304,36,US,Mobile
2025-09-29T09:59:49.000Z,/search,GET,200,315,US,Desktop
2025-09-29T10:01:15.000Z,/products,GET,200,109,DE,Tablet
2025-09-29T10:03:10.000Z,/products/:id,GET,200,57,JP,Mobile
2025-09-29T10:03:14.000Z,/products/:id,GET,200,40,GB,Tablet
2025-09-29T10:03:57.000Z,/,GET,200,44,US,Desktop
2025-09-29T10:06:07.000Z,/products,GET,200,107,BR,Tablet
2025-09-29T10:09:23.000Z,/,GET,200,38,US,Desktop
2025-09-29T10:09:42.000Z,/,GET,200,38,US,Mobile
2025-09-29T10:11:06.000Z,/api/cart,POST,200,136,BR,Mobile
2025-09-29T10:11:49.000Z,/products,GET,200,69,FR,Desktop
2025-09-29T10:12:37.000Z,/,GET,200,24,DE,Mobile
2025-09-29T10:15:03.000Z,/cart,GET,200,61,US,Tablet
2025-09-29T10:16:06.000Z,/products,GET,200,92,IN,Mobile
2025-09-29T10:19:25.000Z,/account,GET,200,65,IN,Desktop
2025-09-29T10:21:06.000Z,/api/cart,POST,200,55,US,Desktop
2025-09-29T10:26:54.000Z,/cart,GET,200,42,US,Tablet
2025-09-29T10:28:59.000Z,/products/:id,GET,200,56,IN,Desktop
2025-09-29T10:29:31.000Z,/api/cart,POST,200,80,FR,Desktop
2025-09-29T10:30:47.000Z,/cart,GET,200,62,JP,Mobile
2025-09-29T10:31:04.000Z,/search,GET,200,109,JP,Desktop
2025-09-29T10:32:36.000Z,/products/:id,GET,200,61,FR,Desktop
2025-09-29T10:38:25.000Z,/products/:id,GET,200,68,US,Desktop
2025-09-29T10:39:13.000Z,/search,GET,200,162,US,Desktop
2025-09-29T10:41:02.000Z,/products,GET,200,148,CA,Desktop
2025-09-29T10:41:51.000Z,/products,GET,200,64,JP,Desktop
2025-09-29T10:45:57.000Z,/,GET,200,98,IN,Mobile
2025-09-29T10:48:05.000Z,/api/cart,POST,200,69,IN,Tablet
2025-09-29T10:50:00.000Z,/cart,GET,200,65,US,Mobile
2025-09-29T10:50:28.000Z,/api/cart,POST,200,125,BR,Mobile
2025-09-29T10:56:48.000Z,/products/:id,GET,200,49,US,Desktop
2025-09-29T10:57:04.000Z,/products/:id,GET,200,124,BR,Desktop
2025-09-29T10:57:05.000Z,/products/:id,GET,200,32,US,Desktop
2025-09-29T10:57:32.000Z,/products,GET,200,118,DE,Desktop
2025-09-29T10:57:51.000Z,/,GET,200,45,BR,Desktop
2025-09-29T10:59:57.000Z,/cart,GET,304,151,IN,Mobile
2025-09-29T11:05:25.000Z,/products/:id,GET,200,50,CA,Desktop
2025-09-29T11:08:07.000Z,/cart,GET,200,40,US,Desktop
2025-09-29T11:14:12.000Z,/api/checkout,POST,500,146,JP,Tablet
2025-09-29T11:15:02.000Z,/search,GET,200,151,CA,Mobile
2025-09-29T11:16:41.000Z,/,GET,200,68,GB,Mobile
2025-09-29T11:20:15.000Z,/search,GET,200,299,DE,Desktop
2025-09-29T11:28:57.000Z,/cart,GET,200,61,DE,Tablet
2025-09-29T11:34:01.000Z,/account,GET,200,35,FR,Mobile
2025-09-29T11:34:29.000Z,/account,GET,200,224,DE,Desktop
2025-09-29T11:37:50.000Z,/products,GET,200,64,IN,Desktop
2025-09-29T11:39:23.000Z,/api/cart,POST,200,103,IN,Desktop
2025-09-29T11:46:30.000Z,/,GET,200,29,US,Tablet
2025-09-29T11:48:50.000Z,/products,GET,200,139,US,Tablet
2025-09-29T11:48:55.000Z,/products,GET,401,86,US,Mobile
2025-09-29T11:52:03.000Z,/,GET,200,28,IN,Desktop
2025-09-29T11:58:39.000Z,/,GET,200,49,IN,Mobile
2025-09-29T12:05:22.000Z,/api/cart,POST,500,66,US,Desktop
2025-09-29T12:08:25.000Z,/products/:id,GET,200,90,US,Mobile
2025-09-29T12:09:30.000Z,/products/:id,GET,200,54,US,Desktop
2025-09-29T12:11:41.000Z,/api/checkout,POST,200,235,IN,Mobile
2025-09-29T12:12:59.000Z,/api/checkout,POST,200,261,GB,Desktop
2025-09-29T12:15:47.000Z,/,GET,200,49,CA,Mobile
2025-09-29T12:17:59.000Z,/account,GET,200,133,US,Desktop
2025-09-29T12:20:49.000Z,/search,GET,200,188,IN,Desktop
2025-09-29T12:28:49.000Z,/,GET,200,62,JP,Mobile
2025-09-29T12:28:52.000Z,/products,GET,200,32,JP,Mobile
2025-09-29T12:30:43.000Z,/cart,GET,200,53,DE,Mobile
2025-09-29T12:33:00.000Z,/products/:id,GET,200,51,US,Mobile
2025-09-29T12:33:07.000Z,/products/:id,GET,200,55,FR,Mobile
2025-09-29T12:35:08.000Z,/api/cart,POST,200,61,GB,Mobile
2025-09-29T12:36:57.000Z,/cart,GET,200,36,DE,Desktop
2025-09-29T12:37:27.000Z,/products,GET,200,59,GB,Mobile
2025-09-29T12:42:28.000Z,/api/checkout,POST,200,167,IN,Desktop
2025-09-29T12:54:35.000Z,/products,GET,200,62,US,Mobile
2025-09-29T12:55:32.000Z,/products/:id,GET,200,23,FR,Desktop
2025-09-29T12:56:38.000Z,/account,GET,304,101,GB,Desktop
2025-09-29T12:58:35.000Z,/search,GET,200,211,US,Mobile
2025-09-29T12:59:18.000Z,/search,GET,200,151,DE,Mobile
2025-09-29T13:00:38.000Z,/cart,GET,200,68,JP,Mobile
2025-09-29T13:08:02.000Z,/search,GET,200,231,IN,Desktop
2025-09-29T13:17:19.000Z,/,GET,200,52,US,Desktop
2025-09-29T13:21:26.000Z,/api/checkout,POST,200,116,JP,Mobile
2025-09-29T13:24:23.000Z,/products/:id,GET,200,48,US,Mobile
2025-09-29T13:24:41.000Z,/search,GET,200,166,US,Mobile
2025-09-29T13:24:43.000Z,/api/checkout,POST,200,293,BR,Desktop
2025-09-29T13:27:29.000Z,/products/:id,GET,200,36,CA,Desktop
2025-09-29T13:28:05.000Z,/products/:id,GET,404,68,US,Mobile
2025-09-29T13:28:19.000Z,/,GET,200,23,FR,Mobile
2025-09-29T13:30:13.000Z,/api/checkout,POST,404,174,DE,Desktop
2025-09-29T13:32:54.000Z,/search,GET,200,262,US,Mobile
2025-09-29T13:34:09.000Z,/search,GET,200,134,FR,Desktop
2025-09-29T13:34:13.000Z,/products,GET,200,65,IN,Desktop
2025-09-29T13:36:19.000Z,/products/:id,GET,200,82,IN,Mobile
2025-09-29T13:37:25.000Z,/products,GET,200,175,GB,Desktop
2025-09-29T13:39:48.000Z,/cart,GET,200,52,JP,Mobile
2025-09-29T13:40:53.000Z,/account,GET,200,75,US,Mobile
2025-09-29T13:43:11.000Z,/,GET,200,52,FR,Desktop
2025-09-29T13:43:28.000Z,/products/:id,GET,200,73,IN,Mobile
2025-09-29T13:44:33.000Z,/api/cart,POST,200,114,US,Mobile
2025-09-29T13:48:44.000Z,/api/cart,POST,200,85,BR,Mobile
2025-09-29T13:50:23.000Z,/products/:id,GET,200,41,US,Desktop
2025-09-29T13:50:44.000Z,/cart,GET,200,34,JP,Tablet
2025-09-29T13:51:15.000Z,/account,GET,200,121,US,Desktop
2025-09-29T13:57:54.000Z,/account,GET,200,119,US,Mobile
2025-09-29T14:06:06.000Z,/,GET,200,56,IN,Desktop
2025-09-29T14:08:45.000Z,/search,GET,200,172,IN,Mobile
2025-09-29T14:10:32.000Z,/,GET,200,26,US,Mobile
2025-09-29T14:10:38.000Z,/api/cart,POST,200,50,US,Mobile
2025-09-29T14:14:05.000Z,/search,GET,200,154,DE,Mobile
2025-09-29T14:14:41.000Z,/products,GET,200,48,US,Desktop
2025-09-29T14:15:25.000Z,/,GET,200,17,CA,Desktop
2025-09-29T14:16:46.000Z,/,GET,200,77,US,Desktop
2025-09-29T14:19:03.000Z,/products/:id,GET,304,157,CA,Mobile
2025-09-29T14:19:39.000Z,/products/:id,GET,200,30,DE,Tablet
2025-09-29T14:31:29.000Z,/products/:id,GET,200,40,CA,Desktop
2025-09-29T14:33:47.000Z,/search,GET,200,49,JP,Desktop
2025-09-29T14:36:21.000Z,/products,GET,200,46,BR,Mobile
2025-09-29T14:43:51.000Z,/products,GET,200,125,CA,Desktop
2025-09-29T14:45:49.000Z,/api/cart,POST,200,98,FR,Desktop
2025-09-29T14:46:16.000Z,/products,GET,200,121,US,Desktop
2025-09-29T14:47:02.000Z,/search,GET,200,128,CA,Desktop
2025-09-29T14:49:02.000Z,/,GET,200,23,FR,Mobile
2025-09-29T14:49:34.000Z,/,GET,200,99,IN,Desktop
2025-09-29T14:50:17.000Z,/,GET,200,39,JP,Desktop
2025-09-29T14:51:59.000Z,/products,GET,200,90,CA,Tablet
2025-09-29T15:01:11.000Z,/products/:id,GET,200,199,DE,Mobile
2025-09-29T15:02:09.000Z,/,GET,200,134,IN,Mobile
2025-09-29T15:02:22.000Z,/products,GET,200,144,US,Tablet
2025-09-29T15:08:16.000Z,/products/:id,GET,200,79,US,Mobile
2025-09-29T15:13:38.000Z,/search,GET,200,175,JP,Desktop
2025-09-29T15:16:24.000Z,/products/:id,GET,200,54,IN,Mobile
2025-09-29T15:22:38.000Z,/cart,GET,200,81,US,Desktop
2025-09-29T15:33:00.000Z,/products/:id,GET,200,63,US,Desktop
2025-09-29T15:33:36.000Z,/cart,GET,200,54,IN,Desktop
2025-09-29T15:34:22.000Z,/products,GET,200,30,US,Desktop
2025-09-29T15:34:37.000Z,/api/cart,POST,200,88,BR,Mobile
2025-09-29T15:42:40.000Z,/search,GET,200,109,DE,Desktop
2025-09-29T15:45:58.000Z,/products/:id,GET,200,63,GB,Mobile
2025-09-29T15:47:27.000Z,/products/:id,GET,200,52,BR,Tablet
2025-09-29T15:51:39.000Z,/cart,GET,304,129,IN,Desktop
2025-09-29T16:01:29.000Z,/products,GET,200,144,US,Mobile
2025-09-29T16:05:05.000Z,/products/:id,GET,404,46,US,Mobile
2025-09-29T16:06:49.000Z,/,GET,200,26,CA,Desktop
2025-09-29T16:12:35.000Z,/api/cart,POST,200,162,US,Mobile
2025-09-29T16:14:04.000Z,/cart,GET,200,33,IN,Desktop
2025-09-29T16:15:14.000Z,/products,GET,200,37,US,Mobile
2025-09-29T16:16:51.000Z,/products,GET,200,83,IN,Desktop
2025-09-29T16:20:08.000Z,/search,GET,200,66,FR,Mobile
2025-09-29T16:24:11.000Z,/search,GET,200,76,FR,Mobile
2025-09-29T16:24:15.000Z,/products,GET,200,142,CA,Mobile
2025-09-29T16:30:41.000Z,/,GET,200,62,US,Mobile
2025-09-29T16:38:10.000Z,/products/:id,GET,200,72,BR,Desktop
2025-09-29T16:39:52.000Z,/cart,GET,200,19,US,Mobile
2025-09-29T16:43:48.000Z,/products,GET,200,87,BR,Mobile
2025-09-29T16:48:01.000Z,/search,GET,200,147,US,Tablet
2025-09-29T16:52:59.000Z,/,GET,200,70,BR,Desktop
2025-09-29T17:02:12.000Z,/products,GET,200,106,US,Desktop
2025-09-29T17:02:57.000Z,/api/checkout,POST,200,177,FR,Desktop
2025-09-29T17:05:11.000Z,/,GET,200,33,US,Desktop
2025-09-29T17:06:40.000Z,/products/:id,GET,200,34,US,Desktop
2025-09-29T17:07:11.000Z,/api/checkout,POST,200,183,US,Mobile
2025-09-29T17:12:00.000Z,/,GET,200,51,IN,Mobile
2025-09-29T17:12:08.000Z,/search,GET,200,59,US,Desktop
2025-09-29T17:12:14.000Z,/products,GET,200,53,FR,Desktop
2025-09-29T17:13:38.000Z,/api/cart,POST,200,99,US,Tablet
2025-09-29T17:14:12.000Z,/search,GET,200,195,CA,Mobile
2025-09-29T17:18:32.000Z,/products/:id,GET,200,60,CA,Mobile
2025-09-29T17:20:59.000Z,/cart,GET,200,64,DE,Mobile
2025-09-29T17:23:11.000Z,/,GET,200,27,IN,Desktop
2025-09-29T17:26:14.000Z,/products,GET,200,113,FR,Desktop
2025-09-29T17:27:40.000Z,/,GET,200,80,GB,Desktop
2025-09-29T17:28:06.000Z,/,GET,200,45,IN,Desktop
2025-09-29T17:30:08.000Z,/products/:id,GET,200,75,US,Desktop
2025-09-29T17:39:27.000Z,/products/:id,GET,200,32,US,Mobile
2025-09-29T17:43:54.000Z,/api/cart,POST,200,153,JP,Desktop
2025-09-29T17:44:03.000Z,/api/checkout,POST,200,250,US,Mobile
2025-09-29T17:46:05.000Z,/,GET,200,26,FR,Desktop
2025-09-29T17:46:57.000Z,/products/:id,GET,200,75,US,Desktop
2025-09-29T17:50:05.000Z,/products,GET,200,106,IN,Desktop
2025-09-29T17:52:17.000Z,/search,GET,404,196,US,Mobile
2025-09-29T17:53:35.000Z,/products/:id,GET,200,36,CA,Desktop
2025-09-29T17:56:53.000Z,/,GET,200,37,CA,Desktop
2025-09-29T17:59:37.000Z,/,GET,200,72,IN,Mobile
2025-09-29T18:01:06.000Z,/cart,GET,200,53,DE,Desktop
2025-09-29T18:03:10.000Z,/products,GET,200,54,BR,Mobile
2025-09-29T18:07:31.000Z,/cart,GET,200,55,IN,Tablet
2025-09-29T18:13:22.000Z,/,GET,200,44,DE,Desktop
2025-09-29T18:15:03.000Z,/products,GET,404,63,JP,Mobile
2025-09-29T18:21:59.000Z,/account,GET,200,43,JP,Mobile
2025-09-29T18:29:01.000Z,/,GET,200,65,US,Desktop
2025-09-29T18:43:50.000Z,/products,GET,200,62,GB,Desktop
2025-09-29T18:48:07.000Z,/,GET,200,112,GB,Mobile
2025-09-29T18:48:23.000Z,/products/:id,GET,200,64,DE,Tablet
2025-09-29T18:50:56.000Z,/,GET,200,34,US,Desktop
2025-09-29T18:51:06.000Z,/products/:id,GET,200,50,US,Desktop
2025-09-29T18:51:59.000Z,/products,GET,200,83,US,Mobile
2025-09-29T18:59:44.000Z,/,GET,200,66,GB,Mobile
2025-09-29T19:00:04.000Z,/products,GET,200,73,US,Desktop
2025-09-29T19:00:12.000Z,/search,GET,200,123,CA,Mobile
2025-09-29T19:02:51.000Z,/,GET,200,14,GB,Tablet
2025-09-29T19:13:33.000Z,/search,GET,200,141,US,Mobile
2025-09-29T19:16:41.000Z,/account,GET,200,130,CA,Desktop
2025-09-29T19:17:33.000Z,/products/:id,GET,404,64,CA,Desktop
2025-09-29T19:17:48.000Z,/,GET,200,39,US,Mobile
2025-09-29T19:18:04.000Z,/cart,GET,200,57,US,Mobile
2025-09-29T19:20:14.000Z,/,GET,200,79,US,Desktop
2025-09-29T19:20:26.000Z,/products,GET,200,77,GB,Mobile
2025-09-29T19:20:52.000Z,/,GET,200,56,CA,Mobile
2025-09-29T19:27:31.000Z,/,GET,200,36,US,Tablet
2025-09-29T19:38:04.000Z,/search,GET,200,386,DE,Mobile
2025-09-29T19:39:54.000Z,/,GET,200,49,GB,Mobile
2025-09-29T19:43:06.000Z,/products,GET,200,45,FR,Mobile
2025-09-29T19:57:07.000Z,/,GET,200,22,BR,Tablet
2025-09-29T19:57:13.000Z,/,GET,200,30,US,Mobile
2025-09-29T19:58:32.000Z,/products,GET,200,115,US,Mobile
2025-09-29T20:01:06.000Z,/search,GET,200,95,CA,Desktop
2025-09-29T20:04:44.000Z,/products/:id,GET,200,105,JP,Tablet
2025-09-29T20:14:34.000Z,/,GET,200,27,BR,Mobile
2025-09-29T20:21:07.000Z,/,GET,200,99,DE,Desktop
2025-09-29T20:21:28.000Z,/cart,GET,200,117,US,Tablet
2025-09-29T20:25:23.000Z,/search,GET,200,146,US,Mobile
2025-09-29T20:27:25.000Z,/,GET,200,44,US,Desktop
2025-09-29T20:35:06.000Z,/search,GET,200,88,GB,Mobile
2025-09-29T20:35:15.000Z,/products,GET,200,113,BR,Desktop
2025-09-29T20:38:41.000Z,/api/checkout,POST,200,382,BR,Desktop
2025-09-29T20:41:51.000Z,/products,GET,200,106,GB,Mobile
2025-09-29T20:42:33.000Z,/account,GET,200,89,FR,Mobile
2025-09-29T20:43:10.000Z,/,GET,200,31,US,Desktop
2025-09-29T20:45:01.000Z,/products,GET,200,121,CA,Mobile
2025-09-29T20:45:47.000Z,/products/:id,GET,200,45,JP,Desktop
2025-09-29T20:46:51.000Z,/cart,GET,200,40,FR,Mobile
2025-09-29T20:49:20.000Z,/,GET,200,26,US,Desktop
2025-09-29T20:49:57.000Z,/cart,GET,200,81,DE,Desktop
2025-09-29T20:50:15.000Z,/products/:id,GET,200,51,DE,Mobile
2025-09-29T20:51:55.000Z,/,GET,200,41,JP,Desktop
2025-09-29T20:54:34.000Z,/,GET,200,30,JP,Desktop
2025-09-29T20:54:37.000Z,/search,GET,200,159,DE,Desktop
2025-09-29T20:59:49.000Z,/products/:id,GET,200,44,IN,Mobile
2025-09-29T21:02:11.000Z,/account,GET,200,36,CA,Desktop
2025-09-29T21:04:13.000Z,/products,GET,200,54,US,Mobile
2025-09-29T21:17:38.000Z,/products/:id,GET,200,42,US,Desktop
2025-09-29T21:18:14.000Z,/products,GET,200,70,FR,Mobile
2025-09-29T21:22:18.000Z,/products,GET,200,92,BR,Tablet
2025-09-29T21:31:21.000Z,/,GET,200,18,FR,Desktop
2025-09-29T21:38:06.000Z,/products/:id,GET,200,57,CA,Mobile
2025-09-29T21:38:34.000Z,/,GET,200,34,CA,Mobile
2025-09-29T21:41:01.000Z,/products,GET,200,54,FR,Mobile
2025-09-29T21:41:14.000Z,/products/:id,GET,200,47,US,Desktop
2025-09-29T21:42:03.000Z,/,GET,200,55,JP,Desktop
2025-09-29T21:48:25.000Z,/,GET,200,45,GB,Desktop
2025-09-29T21:48:26.000Z,/,GET,200,33,GB,Mobile
2025-09-29T21:52:44.000Z,/api/checkout,POST,200,201,US,Desktop
2025-09-29T21:56:10.000Z,/cart,GET,200,124,US,Desktop
2025-09-29T22:12:18.000Z,/api/checkout,POST,200,501,CA,Desktop
2025-09-29T22:18:35.000Z,/products/:id,GET,200,55,DE,Desktop
2025-09-29T22:25:04.000Z,/products/:id,GET,200,44,FR,Desktop
2025-09-29T22:26:56.000Z,/products,GET,200,130,US,Desktop
2025-09-29T22:31:44.000Z,/cart,GET,200,53,GB,Desktop
2025-09-29T22:32:08.000Z,/search,GET,200,241,FR,Mobile
2025-09-29T22:38:12.000Z,/search,GET,200,115,US,Mobile
2025-09-29T22:41:54.000Z,/search,GET,200,139,IN,Desktop
2025-09-29T22:42:35.000Z,/products,GET,200,153,JP,Tablet
2025-09-29T22:44:42.000Z,/search,GET,200,224,IN,Desktop
2025-09-29T22:47:50.000Z,/,GET,200,50,IN,Desktop
2025-09-29T22:48:15.000Z,/api/cart,POST,200,38,GB,Mobile
2025-09-29T22:49:26.000Z,/search,GET,200,131,GB,Tablet
2025-09-29T23:01:07.000Z,/products,GET,200,119,US,Tablet
2025-09-29T23:08:22.000Z,/account,GET,200,116,JP,Tablet
2025-09-29T23:11:13.000Z,/cart,GET,200,45,US,Desktop
2025-09-29T23:16:49.000Z,/,GET,200,37,GB,Desktop
2025-09-29T23:17:55.000Z,/search,GET,200,164,FR,Mobile
2025-09-29T23:26:09.000Z,/cart,GET,200,55,US,Desktop
2025-09-29T23:30:36.000Z,/products/:id,GET,200,67,BR,Desktop
2025-09-29T23:36:57.000Z,/api/cart,POST,200,156,DE,Mobile
2025-09-29T23:38:07.000Z,/products/:id,GET,200,35,US,Desktop
2025-09-29T23:40:06.000Z,/api/checkout,POST,200,163,IN,Mobile
2025-09-29T23:44:34.000Z,/api/cart,POST,200,90,BR,Desktop
2025-09-29T23:46:54.000Z,/products,GET,200,85,DE,Desktop
2025-09-29T23:47:25.000Z,/api/checkout,POST,200,204,US,Desktop
2025-09-29T23:48:00.000Z,/api/cart,POST,200,63,US,Mobile
2025-09-29T23:52:15.000Z,/products/:id,GET,200,53,JP,Mobile
2025-09-29T23:56:15.000Z,/products/:id,GET,200,69,CA,Mobile
2025-09-29T23:57:58.000Z,/products/:id,GET,200,75,US,Desktop
2025-09-30T00:05:48.000Z,/products,GET,200,235,GB,Mobile
2025-09-30T00:23:41.000Z,/,GET,200,71,IN,Desktop
2025-09-30T00:28:18.000Z,/cart,GET,200,57,US,Desktop
2025-09-30T00:31:57.000Z,/products,GET,200,95,US,Desktop
2025-09-30T00:33:04.000Z,/products,GET,404,55,US,Mobile
2025-09-30T00:36:13.000Z,/products/:id,GET,200,67,DE,Desktop
2025-09-30T00:39:46.000Z,/,GET,200,106,GB,Desktop
2025-09-30T00:40:44.000Z,/products,GET,200,89,DE,Mobile
2025-09-30T00:42:19.000Z,/products,GET,200,133,US,Mobile
2025-09-30T00:46:18.000Z,/products/:id,GET,200,37,IN,Mobile
2025-09-30T00:47:07.000Z,/search,GET,200,158,BR,Mobile
2025-09-30T00:49:33.000Z,/products,GET,200,85,US,Tablet
2025-09-30T00:58:31.000Z,/products,GET,304,173,CA,Mobile
2025-09-30T01:05:05.000Z,/,GET,200,209,IN,Desktop
2025-09-30T01:08:33.000Z,/api/cart,POST,200,42,JP,Mobile
2025-09-30T01:12:55.000Z,/account,GET,200,58,DE,Mobile
2025-09-30T01:25:07.000Z,/products,GET,200,94,BR,Mobile
2025-09-30T01:25:44.000Z,/search,GET,200,264,US,Desktop
2025-09-30T01:34:29.000Z,/api/checkout,POST,200,228,BR,Desktop
2025-09-30T01:39:44.000Z,/products,GET,200,81,US,Tablet
2025-09-30T01:40:30.000Z,/products,GET,200,64,DE,Desktop
2025-09-30T01:43:09.000Z,/search,GET,200,110,IN,Desktop
2025-09-30T01:45:14.000Z,/cart,GET,200,47,US,Desktop
2025-09-30T01:59:11.000Z,/,GET,200,47,GB,Mobile
2025-09-30T02:00:46.000Z,/products/:id,GET,200,53,US,Desktop
2025-09-30T02:10:05.000Z,/cart,GET,200,47,US,Mobile
2025-09-30T02:15:26.000Z,/products/:id,GET,200,50,FR,Mobile
2025-09-30T02:22:00.000Z,/products,GET,200,100,CA,Desktop
2025-09-30T02:25:30.000Z,/products/:id,GET,200,45,US,Desktop
2025-09-30T02:27:39.000Z,/api/checkout,POST,200,63,JP,Desktop
2025-09-30T02:29:28.000Z,/products,GET,200,52,JP,Desktop
2025-09-30T02:32:14.000Z,/products/:id,GET,200,32,BR,Desktop
2025-09-30T02:38:45.000Z,/products/:id,GET,200,44,JP,Mobile
2025-09-30T02:46:21.000Z,/,GET,200,37,IN,Mobile
2025-09-30T02:48:40.000Z,/cart,GET,200,50,CA,Mobile
2025-09-30T02:55:07.000Z,/products,GET,200,71,US,Desktop
2025-09-30T02:57:26.000Z,/products,GET,200,54,FR,Mobile
2025-09-30T03:01:32.000Z,/,GET,200,38,DE,Mobile
2025-09-30T03:04:45.000Z,/search,GET,200,145,GB,Tablet
2025-09-30T03:17:13.000Z,/products,GET,200,147,US,Desktop
2025-09-30T03:22:43.000Z,/api/cart,POST,200,107,CA,Desktop
2025-09-30T03:24:59.000Z,/,GET,404,48,IN,Tablet
2025-09-30T03:33:09.000Z,/products,GET,200,57,US,Desktop
2025-09-30T03:38:41.000Z,/products/:id,GET,200,67,US,Mobile
2025-09-30T03:39:57.000Z,/,GET,200,35,US,Desktop
2025-09-30T03:42:39.000Z,/,GET,200,58,IN,Desktop
2025-09-30T03:47:23.000Z,/products/:id,GET,200,66,GB,Mobile
2025-09-30T03:59:02.000Z,/cart,GET,200,29,US,Tablet
2025-09-30T04:07:15.000Z,/account,GET,200,40,JP,Desktop
2025-09-30T04:09:32.000Z,/cart,GET,200,62,US,Mobile
2025-09-30T04:12:17.000Z,/search,GET,200,140,DE,Desktop
2025-09-30T04:19:02.000Z,/search,GET,401,184,DE,Desktop
2025-09-30T04:22:32.000Z,/products/:id,GET,200,65,US,Mobile
2025-09-30T04:31:04.000Z,/account,GET,200,64,DE,Desktop
2025-09-30T04:31:46.000Z,/products/:id,GET,200,102,JP,Desktop
2025-09-30T04:37:24.000Z,/products/:id,GET,200,188,GB,Desktop
2025-09-30T04:40:57.000Z,/,GET,200,38,GB,Mobile
2025-09-30T04:53:23.000Z,/account,GET,200,62,CA,Mobile
2025-09-30T04:56:19.000Z,/products,GET,200,113,JP,Desktop
2025-09-30T04:58:43.000Z,/products/:id,GET,200,27,IN,Mobile
2025-09-30T05:00:26.000Z,/,GET,200,53,BR,Desktop
2025-09-30T05:03:26.000Z,/products,GET,200,109,JP,Desktop
2025-09-30T05:04:22.000Z,/,GET,304,36,FR,Desktop
2025-09-30T05:05:32.000Z,/search,GET,200,93,IN,Mobile
2025-09-30T05:10:36.000Z,/account,GET,200,47,JP,Mobile
2025-09-30T05:13:33.000Z,/search,GET,200,68,CA,Tablet
2025-09-30T05:15:32.000Z,/,GET,200,54,JP,Desktop
2025-09-30T05:17:51.000Z,/api/checkout,POST,200,178,DE,Mobile
2025-09-30T05:19:03.000Z,/api/cart,POST,200,74,BR,Mobile
2025-09-30T05:21:11.000Z,/account,GET,200,121,DE,Desktop
2025-09-30T05:24:03.000Z,/search,GET,200,255,FR,Mobile
2025-09-30T05:28:33.000Z,/api/cart,POST,200,127,CA,Tablet
2025-09-30T05:29:46.000Z,/api/cart,POST,200,116,IN,Desktop
2025-09-30T05:30:05.000Z,/,GET,200,32,US,Mobile
2025-09-30T05:30:33.000Z,/products,GET,200,101,GB,Mobile
2025-09-30T05:34:42.000Z,/products,GET,200,140,DE,Desktop
2025-09-30T05:38:35.000Z,/,GET,200,46,IN,Desktop
2025-09-30T05:45:23.000Z,/search,GET,200,237,FR,Mobile
2025-09-30T05:46:11.000Z,/products/:id,GET,200,31,FR,Mobile
2025-09-30T05:48:31.000Z,/,GET,200,74,DE,Desktop
2025-09-30T05:49:31.000Z,/api/cart,POST,200,134,US,Desktop
2025-09-30T05:51:47.000Z,/products,GET,200,81,GB,Mobile
2025-09-30T05:54:45.000Z,/search,GET,200,160,JP,Mobile
2025-09-30T05:57:08.000Z,/products/:id,GET,200,28,CA,Mobile
2025-09-30T06:04:22.000Z,/products,GET,200,90,US,Desktop
2025-09-30T06:04:50.000Z,/search,GET,200,172,JP,Mobile
2025-09-30T06:06:40.000Z,/products/:id,GET,200,63,JP,Desktop
2025-09-30T06:06:52.000Z,/,GET,304,33,BR,Mobile
2025-09-30T06:07:59.000Z,/products,GET,200,69,GB,Mobile
2025-09-30T06:15:40.000Z,/api/cart,POST,200,105,FR,Mobile
2025-09-30T06:24:08.000Z,/search,GET,200,379,BR,Mobile
2025-09-30T06:29:31.000Z,/api/cart,POST,200,52,US,Desktop
2025-09-30T06:30:27.000Z,/cart,GET,200,71,US,Desktop
2025-09-30T06:30:53.000Z,/products,GET,200,72,IN,Desktop
2025-09-30T06:32:47.000Z,/products/:id,GET,200,99,CA,Mobile
2025-09-30T06:34:44.000Z,/products/:id,GET,200,38,US,Mobile
2025-09-30T06:35:21.000Z,/,GET,200,64,US,Mobile
2025-09-30T06:35:32.000Z,/products/:id,GET,200,76,US,Desktop
2025-09-30T06:43:28.000Z,/cart,GET,200,69,IN,Desktop
2025-09-30T06:46:51.000Z,/products,GET,200,97,JP,Mobile
2025-09-30T06:58:13.000Z,/cart,GET,200,39,DE,Desktop
2025-09-30T06:58:41.000Z,/api/checkout,POST,200,177,US,Mobile
2025-09-30T06:59:19.000Z,/api/cart,POST,200,121,IN,Desktop
2025-09-30T07:14:43.000Z,/,GET,200,41,IN,Tablet
2025-09-30T07:23:20.000Z,/products/:id,GET,200,98,DE,Mobile
2025-09-30T07:28:48.000Z,/cart,GET,200,45,IN,Mobile
2025-09-30T07:31:02.000Z,/,GET,200,40,US,Desktop
2025-09-30T07:31:33.000Z,/,GET,200,46,FR,Mobile
2025-09-30T07:35:52.000Z,/products,GET,200,98,GB,Desktop
2025-09-30T07:37:33.000Z,/products,GET,200,71,DE,Tablet
2025-09-30T07:43:17.000Z,/products/:id,GET,404,57,US,Desktop
2025-09-30T07:43:21.000Z,/,GET,200,75,BR,Mobile
2025-09-30T07:43:57.000Z,/products,GET,200,65,FR,Mobile
2025-09-30T07:44:55.000Z,/products,GET,200,62,US,Desktop
2025-09-30T07:56:22.000Z,/,GET,200,23,US,Mobile
2025-09-30T07:56:37.000Z,/api/cart,POST,200,343,IN,Desktop
2025-09-30T08:03:06.000Z,/search,GET,200,251,GB,Mobile
2025-09-30T08:04:46.000Z,/products/:id,GET,200,81,BR,Mobile
2025-09-30T08:05:38.000Z,/products,GET,200,74,CA,Desktop
2025-09-30T08:09:41.000Z,/api/checkout,POST,200,141,US,Desktop
2025-09-30T08:12:23.000Z,/api/checkout,POST,200,271,DE,Tablet
2025-09-30T08:21:09.000Z,/api/checkout,POST,200,280,US,Mobile
2025-09-30T08:22:42.000Z,/products,GET,200,148,IN,Desktop
2025-09-30T08:33:12.000Z,/,GET,200,19,IN,Mobile
2025-09-30T08:36:03.000Z,/cart,GET,200,90,US,Desktop
2025-09-30T08:36:25.000Z,/products,GET,200,120,GB,Mobile
2025-09-30T08:38:15.000Z,/cart,GET,200,38,US,Desktop
2025-09-30T08:39:55.000Z,/products/:id,GET,200,51,GB,Desktop
2025-09-30T08:41:14.000Z,/account,GET,200,72,US,Tablet
2025-09-30T08:43:01.000Z,/,GET,200,59,US,Mobile
2025-09-30T08:44:14.000Z,/,GET,200,53,DE,Desktop
2025-09-30T08:44:25.000Z,/,GET,200,107,US,Mobile
2025-09-30T08:47:59.000Z,/products,GET,200,45,US,Desktop
2025-09-30T08:53:09.000Z,/search,GET,200,84,US,Desktop
2025-09-30T08:53:47.000Z,/products/:id,GET,200,55,IN,Mobile
2025-09-30T09:01:13.000Z,/products,GET,200,34,IN,Desktop
2025-09-30T09:02:34.000Z,/products,GET,200,177,US,Desktop
2025-09-30T09:04:16.000Z,/products,GET,200,64,BR,Mobile
2025-09-30T09:04:54.000Z,/,GET,200,64,US,Mobile
2025-09-30T09:05:00.000Z,/products,GET,200,183,GB,Mobile
2025-09-30T09:06:23.000Z,/products/:id,GET,200,30,JP,Mobile
2025-09-30T09:08:35.000Z,/cart,GET,200,46,JP,Desktop
2025-09-30T09:09:25.000Z,/,GET,200,45,US,Mobile
2025-09-30T09:12:54.000Z,/products,GET,200,87,IN,Tablet
2025-09-30T09:13:59.000Z,/,GET,404,77,JP,Mobile
2025-09-30T09:17:04.000Z,/,GET,200,43,DE,Mobile
2025-09-30T09:20:02.000Z,/products/:id,GET,200,133,DE,Desktop
2025-09-30T09:20:03.000Z,/,GET,200,55,US,Mobile
2025-09-30T09:25:59.000Z,/,GET,200,30,IN,Mobile
2025-09-30T09:26:05.000Z,/,GET,304,67,US,Mobile
2025-09-30T09:27:57.000Z,/,GET,200,63,IN,Desktop
2025-09-30T09:31:09.000Z,/products/:id,GET,200,36,IN,Mobile
2025-09-30T09:32:36.000Z,/search,GET,200,168,BR,Mobile
2025-09-30T09:33:02.000Z,/products/:id,GET,200,136,IN,Mobile
2025-09-30T09:34:48.000Z,/products,GET,404,103,US,Mobile
2025-09-30T09:39:18.000Z,/api/checkout,POST,404,707,US,Mobile
2025-09-30T09:39:59.000Z,/cart,GET,200,41,US,Desktop
2025-09-30T09:40:40.000Z,/,GET,200,41,IN,Desktop
2025-09-30T09:40:55.000Z,/products,GET,404,91,US,Desktop
2025-09-30T09:41:03.000Z,/products,GET,200,34,GB,Tablet
2025-09-30T09:44:39.000Z,/products,GET,200,178,BR,Desktop
2025-09-30T09:45:43.000Z,/search,GET,200,97,DE,Desktop
2025-09-30T09:46:11.000Z,/api/checkout,POST,200,260,FR,Mobile
2025-09-30T09:47:19.000Z,/account,GET,404,91,US,Mobile
2025-09-30T09:50:41.000Z,/cart,GET,200,84,IN,Mobile
2025-09-30T09:50:59.000Z,/account,GET,200,98,US,Mobile
2025-09-30T09:51:33.000Z,/search,GET,200,87,DE,Mobile
2025-09-30T09:53:47.000Z,/search,GET,200,204,US,Desktop
2025-09-30T09:54:07.000Z,/products/:id,GET,200,90,US,Desktop
2025-09-30T09:54:44.000Z,/api/cart,POST,200,78,CA,Desktop
2025-09-30T09:55:39.000Z,/api/cart,POST,200,101,JP,Mobile
2025-09-30T10:00:08.000Z,/search,GET,200,204,IN,Mobile
2025-09-30T10:04:45.000Z,/account,GET,404,41,US,Desktop
2025-09-30T10:09:47.000Z,/api/checkout,POST,200,189,CA,Desktop
2025-09-30T10:13:05.000Z,/,GET,200,101,DE,Desktop
2025-09-30T10:14:13.000Z,/,GET,200,48,US,Mobile
2025-09-30T10:15:17.000Z,/products/:id,GET,200,117,CA,Mobile
2025-09-30T10:16:45.000Z,/search,GET,200,267,US,Mobile
2025-09-30T10:20:39.000Z,/products/:id,GET,404,33,JP,Mobile
2025-09-30T10:22:39.000Z,/cart,GET,200,62,BR,Mobile
2025-09-30T10:28:46.000Z,/api/cart,POST,500,78,US,Mobile
2025-09-30T10:31:07.000Z,/products,GET,200,83,US,Mobile
2025-09-30T10:32:46.000Z,/cart,GET,200,31,IN,Desktop
2025-09-30T10:36:30.000Z,/products,GET,200,68,IN,Desktop
2025-09-30T10:37:25.000Z,/,GET,404,53,US,Desktop
2025-09-30T10:42:57.000Z,/products,GET,200,42,US,Tablet
2025-09-30T10:51:15.000Z,/cart,GET,200,63,US,Mobile
2025-09-30T10:53:41.000Z,/search,GET,200,325,IN,Desktop
2025-09-30T10:54:55.000Z,/,GET,200,48,IN,Desktop
2025-09-30T10:59:02.000Z,/,GET,200,25,FR,Desktop
2025-09-30T11:03:46.000Z,/products,GET,200,72,JP,Desktop
2025-09-30T11:06:26.000Z,/products/:id,GET,200,132,CA,Mobile
2025-09-30T11:07:27.000Z,/cart,GET,200,98,US,Desktop
2025-09-30T11:09:39.000Z,/products/:id,GET,200,93,US,Mobile
2025-09-30T11:09:55.000Z,/,GET,200,50,GB,Mobile
2025-09-30T11:11:00.000Z,/products/:id,GET,200,75,IN,Desktop
2025-09-30T11:16:03.000Z,/account,GET,200,38,US,Mobile
2025-09-30T11:17:36.000Z,/products/:id,GET,200,46,US,Desktop
2025-09-30T11:17:49.000Z,/cart,GET,200,24,IN,Tablet
2025-09-30T11:23:49.000Z,/cart,GET,200,41,DE,Mobile
2025-09-30T11:24:44.000Z,/account,GET,200,77,US,Mobile
2025-09-30T11:25:41.000Z,/,GET,200,57,FR,Desktop
2025-09-30T11:25:44.000Z,/,GET,200,21,US,Mobile
2025-09-30T11:25:53.000Z,/account,GET,404,88,DE,Desktop
2025-09-30T11:26:09.000Z,/search,GET,200,476,DE,Desktop
2025-09-30T11:26:29.000Z,/,GET,200,83,US,Mobile
2025-09-30T11:26:56.000Z,/,GET,200,38,DE,Desktop
2025-09-30T11:29:39.000Z,/products/:id,GET,200,48,JP,Desktop
2025-09-30T11:34:53.000Z,/api/cart,POST,401,91,JP,Desktop
2025-09-30T11:37:18.000Z,/products,GET,200,72,CA,Mobile
2025-09-30T11:38:13.000Z,/cart,GET,200,53,CA,Mobile
2025-09-30T11:40:37.000Z,/api/checkout,POST,200,318,JP,Tablet
2025-09-30T11:42:43.000Z,/api/cart,POST,200,32,IN,Desktop
2025-09-30T11:43:37.000Z,/products,GET,200,107,US,Desktop
2025-09-30T11:43:44.000Z,/api/cart,POST,200,160,IN,Tablet
2025-09-30T11:44:12.000Z,/products,GET,200,32,US,Desktop
2025-09-30T11:45:25.000Z,/,GET,200,29,US,Mobile
2025-09-30T11:45:43.000Z,/api/cart,POST,200,34,CA,Desktop
2025-09-30T11:46:08.000Z,/,GET,200,89,DE,Mobile
2025-09-30T11:48:44.000Z,/cart,GET,200,52,BR,Mobile
2025-09-30T11:52:53.000Z,/,GET,200,33,JP,Desktop
2025-09-30T11:59:52.000Z,/api/checkout,POST,200,114,JP,Mobile
2025-09-30T12:01:31.000Z,/,GET,200,48,US,Mobile
2025-09-30T12:01:41.000Z,/products,GET,200,85,US,Desktop
2025-09-30T12:05:37.000Z,/products,GET,200,167,JP,Mobile
2025-09-30T12:06:35.000Z,/products/:id,GET,200,91,US,Desktop
2025-09-30T12:06:56.000Z,/products/:id,GET,200,32,BR,Desktop
2025-09-30T12:07:28.000Z,/,GET,200,42,IN,Desktop
2025-09-30T12:08:30.000Z,/api/cart,POST,200,84,US,Desktop
2025-09-30T12:14:30.000Z,/api/cart,POST,200,77,US,Mobile
2025-09-30T12:16:59.000Z,/,GET,200,38,IN,Desktop
2025-09-30T12:18:35.000Z,/,GET,200,39,US,Desktop
2025-09-30T12:19:35.000Z,/account,GET,200,115,US,Desktop
2025-09-30T12:20:17.000Z,/,GET,200,63,JP,Mobile
2025-09-30T12:20:23.000Z,/,GET,200,30,US,Mobile
2025-09-30T12:23:36.000Z,/,GET,304,35,US,Desktop
2025-09-30T12:24:19.000Z,/,GET,200,30,DE,Desktop
2025-09-30T12:24:51.000Z,/,GET,401,70,US,Desktop
2025-09-30T12:26:31.000Z,/products,GET,200,73,DE,Tablet
2025-09-30T12:29:49.000Z,/products,GET,200,91,IN,Desktop
2025-09-30T12:30:04.000Z,/api/cart,POST,200,197,FR,Desktop
2025-09-30T12:30:40.000Z,/products/:id,GET,200,54,CA,Desktop
2025-09-30T12:31:14.000Z,/cart,GET,200,61,FR,Mobile
2025-09-30T12:33:53.000Z,/products/:id,GET,200,117,US,Desktop
2025-09-30T12:40:40.000Z,/,GET,200,60,JP,Mobile
2025-09-30T12:49:17.000Z,/products,GET,200,127,BR,Mobile
2025-09-30T12:55:36.000Z,/,GET,200,40,JP,Mobile
2025-09-30T12:57:17.000Z,/,GET,200,128,US,Desktop
2025-09-30T13:01:39.000Z,/cart,GET,200,116,BR,Desktop
2025-09-30T13:05:42.000Z,/,GET,200,41,IN,Desktop
2025-09-30T13:06:16.000Z,/,GET,200,29,US,Mobile
2025-09-30T13:06:39.000Z,/account,GET,200,76,DE,Desktop
2025-09-30T13:06:55.000Z,/products/:id,GET,200,62,DE,Desktop
2025-09-30T13:09:35.000Z,/,GET,200,68,BR,Desktop
2025-09-30T13:11:33.000Z,/products,GET,200,74,US,Tablet
2025-09-30T13:13:26.000Z,/cart,GET,200,45,IN,Mobile
2025-09-30T13:15:48.000Z,/,GET,200,98,IN,Desktop
2025-09-30T13:20:15.000Z,/products,GET,200,58,US,Desktop
2025-09-30T13:24:51.000Z,/search,GET,200,102,JP,Mobile
2025-09-30T13:30:49.000Z,/products,GET,200,29,CA,Mobile
2025-09-30T13:36:21.000Z,/search,GET,200,114,US,Desktop
2025-09-30T13:37:37.000Z,/cart,GET,200,39,US,Desktop
2025-09-30T13:37:57.000Z,/products/:id,GET,200,37,DE,Mobile
2025-09-30T13:38:08.000Z,/products/:id,GET,200,48,US,Desktop
2025-09-30T13:47:33.000Z,/products/:id,GET,200,30,GB,Desktop
2025-09-30T13:51:38.000Z,/products/:id,GET,200,165,US,Desktop
2025-09-30T14:06:00.000Z,/,GET,200,20,CA,Mobile
2025-09-30T14:06:38.000Z,/search,GET,200,125,US,Mobile
2025-09-30T14:06:43.000Z,/,GET,200,69,FR,Desktop
2025-09-30T14:07:53.000Z,/products/:id,GET,200,71,US,Mobile
2025-09-30T14:13:11.000Z,/products,GET,200,48,IN,Desktop
2025-09-30T14:14:26.000Z,/search,GET,200,108,GB,Tablet
2025-09-30T14:15:19.000Z,/products,GET,200,142,GB,Desktop
2025-09-30T14:17:08.000Z,/products,GET,200,79,FR,Desktop
2025-09-30T14:20:52.000Z,/api/checkout,POST,200,474,BR,Desktop
2025-09-30T14:22:31.000Z,/products,GET,200,72,JP,Desktop
2025-09-30T14:22:35.000Z,/,GET,200,35,JP,Mobile
2025-09-30T14:23:25.000Z,/products/:id,GET,200,63,FR,Tablet
2025-09-30T14:23:34.000Z,/search,GET,200,121,BR,Desktop
2025-09-30T14:24:47.000Z,/,GET,200,30,US,Desktop
2025-09-30T14:28:00.000Z,/search,GET,200,126,IN,Desktop
2025-09-30T14:31:14.000Z,/products,GET,200,105,GB,Mobile
2025-09-30T14:31:59.000Z,/products/:id,GET,200,64,GB,Desktop
2025-09-30T14:32:28.000Z,/search,GET,200,289,US,Mobile
2025-09-30T14:39:43.000Z,/products/:id,GET,200,69,IN,Mobile
2025-09-30T14:40:53.000Z,/,GET,200,42,US,Desktop
2025-09-30T14:44:26.000Z,/products/:id,GET,200,77,US,Mobile
2025-09-30T14:47:07.000Z,/products,GET,200,51,GB,Desktop
2025-09-30T14:49:49.000Z,/search,GET,200,253,US,Mobile
2025-09-30T14:57:16.000Z,/,GET,401,64,BR,Mobile
2025-09-30T14:58:41.000Z,/,GET,200,50,GB,Mobile
2025-09-30T14:59:18.000Z,/cart,GET,304,64,JP,Desktop
2025-09-30T15:03:04.000Z,/,GET,200,65,IN,Desktop
2025-09-30T15:03:35.000Z,/search,GET,200,81,DE,Mobile
2025-09-30T15:04:57.000Z,/account,GET,200,49,JP,Desktop
2025-09-30T15:06:11.000Z,/cart,GET,404,46,US,Desktop
2025-09-30T15:11:01.000Z,/,GET,200,89,BR,Desktop
2025-09-30T15:11:45.000Z,/search,GET,200,152,CA,Mobile
2025-09-30T15:13:29.000Z,/cart,GET,200,23,US,Desktop
2025-09-30T15:15:53.000Z,/,GET,200,54,US,Desktop
2025-09-30T15:22:38.000Z,/,GET,200,34,CA,Desktop
2025-09-30T15:25:41.000Z,/,GET,200,22,CA,Tablet
2025-09-30T15:26:24.000Z,/search,GET,304,94,CA,Desktop
2025-09-30T15:26:31.000Z,/,GET,200,81,JP,Desktop
2025-09-30T15:30:48.000Z,/api/cart,POST,200,278,IN,Mobile
2025-09-30T15:32:47.000Z,/,GET,200,26,FR,Mobile
2025-09-30T15:34:12.000Z,/products,GET,200,38,US,Mobile
2025-09-30T15:34:29.000Z,/,GET,200,21,CA,Desktop
2025-09-30T15:34:50.000Z,/,GET,200,29,JP,Mobile
2025-09-30T15:37:42.000Z,/cart,GET,200,50,GB,Desktop
2025-09-30T15:39:36.000Z,/products,GET,200,21,US,Desktop
2025-09-30T15:43:28.000Z,/products/:id,GET,200,48,JP,Desktop
2025-09-30T15:48:55.000Z,/,GET,401,73,US,Desktop
2025-09-30T15:51:01.000Z,/account,GET,200,40,US,Mobile
2025-09-30T15:56:33.000Z,/,GET,200,66,US,Mobile
2025-09-30T15:58:39.000Z,/products,GET,200,91,US,Desktop
2025-09-30T16:04:09.000Z,/products,GET,200,107,CA,Desktop
2025-09-30T16:05:58.000Z,/search,GET,200,139,US,Mobile
2025-09-30T16:06:44.000Z,/,GET,200,45,CA,Mobile
2025-09-30T16:09:52.000Z,/cart,GET,200,67,IN,Desktop
2025-09-30T16:10:16.000Z,/search,GET,200,186,IN,Desktop
2025-09-30T16:13:24.000Z,/cart,GET,304,120,US,Mobile
2025-09-30T16:15:56.000Z,/,GET,200,22,CA,Mobile
2025-09-30T16:18:21.000Z,/products,GET,200,47,BR,Tablet
2025-09-30T16:20:23.000Z,/products/:id,GET,200,69,US,Mobile
2025-09-30T16:22:10.000Z,/,GET,200,54,DE,Desktop
2025-09-30T16:23:26.000Z,/,GET,200,49,US,Desktop
2025-09-30T16:23:46.000Z,/search,GET,404,206,US,Mobile
2025-09-30T16:30:48.000Z,/products/:id,GET,200,64,CA,Desktop
2025-09-30T16:36:49.000Z,/products,GET,200,102,FR,Desktop
2025-09-30T16:37:56.000Z,/search,GET,200,104,US,Mobile
2025-09-30T16:39:26.000Z,/,GET,200,28,US,Desktop
2025-09-30T16:40:39.000Z,/,GET,200,42,US,Mobile
2025-09-30T16:40:43.000Z,/account,GET,200,77,DE,Desktop
2025-09-30T16:44:32.000Z,/api/cart,POST,200,55,CA,Desktop
2025-09-30T16:46:00.000Z,/products/:id,GET,200,97,US,Mobile
2025-09-30T16:49:24.000Z,/search,GET,200,149,DE,Desktop
2025-09-30T16:51:26.000Z,/cart,GET,200,112,US,Desktop
2025-09-30T16:54:46.000Z,/products/:id,GET,200,89,DE,Mobile
2025-09-30T16:56:10.000Z,/products,GET,200,101,FR,Mobile
2025-09-30T16:58:50.000Z,/products/:id,GET,500,116,DE,Mobile
2025-09-30T16:58:55.000Z,/,GET,200,30,IN,Desktop
2025-09-30T16:59:12.000Z,/,GET,200,61,IN,Desktop
2025-09-30T17:03:44.000Z,/products/:id,GET,200,36,GB,Mobile
2025-09-30T17:06:15.000Z,/api/cart,POST,200,73,US,Mobile
2025-09-30T17:06:58.000Z,/api/checkout,POST,200,198,US,Tablet
2025-09-30T17:09:25.000Z,/,GET,200,26,US,Mobile
2025-09-30T17:11:01.000Z,/products/:id,GET,200,54,GB,Mobile
2025-09-30T17:12:51.000Z,/,GET,200,56,IN,Mobile
2025-09-30T17:12:56.000Z,/account,GET,200,139,US,Mobile
2025-09-30T17:12:59.000Z,/products/:id,GET,200,34,BR,Desktop
2025-09-30T17:14:51.000Z,/api/cart,POST,200,118,US,Desktop
2025-09-30T17:18:36.000Z,/products,GET,200,91,DE,Mobile
2025-09-30T17:18:56.000Z,/search,GET,200,142,GB,Desktop
2025-09-30T17:18:58.000Z,/search,GET,200,284,DE,Mobile
2025-09-30T17:23:28.000Z,/products,GET,200,30,IN,Tablet
2025-09-30T17:23:38.000Z,/,GET,200,71,IN,Desktop
2025-09-30T17:28:42.000Z,/products,GET,200,51,CA,Mobile
2025-09-30T17:29:42.000Z,/,GET,200,53,JP,Desktop
2025-09-30T17:33:48.000Z,/account,GET,200,67,US,Mobile
2025-09-30T17:34:06.000Z,/products/:id,GET,304,55,DE,Mobile
2025-09-30T17:34:19.000Z,/products,GET,200,35,DE,Desktop
2025-09-30T17:35:34.000Z,/,GET,304,57,US,Mobile
2025-09-30T17:37:32.000Z,/products/:id,GET,200,36,DE,Desktop
2025-09-30T17:37:40.000Z,/products,GET,200,238,US,Mobile
2025-09-30T17:38:46.000Z,/api/cart,POST,200,105,US,Desktop
2025-09-30T17:49:31.000Z,/products/:id,GET,200,149,US,Desktop
2025-09-30T17:57:43.000Z,/search,GET,200,120,US,Desktop
2025-09-30T17:59:12.000Z,/,GET,200,41,FR,Desktop
2025-09-30T18:01:18.000Z,/,GET,401,26,IN,Desktop
2025-09-30T18:01:41.000Z,/products/:id,GET,200,37,CA,Mobile
2025-09-30T18:04:03.000Z,/,GET,200,79,BR,Mobile
2025-09-30T18:09:51.000Z,/products,GET,200,74,CA,Mobile
2025-09-30T18:10:29.000Z,/search,GET,200,178,CA,Mobile
2025-09-30T18:12:11.000Z,/products/:id,GET,200,46,FR,Desktop
2025-09-30T18:19:11.000Z,/,GET,200,33,US,Mobile
2025-09-30T18:22:58.000Z,/api/cart,POST,200,69,BR,Desktop
2025-09-30T18:23:48.000Z,/api/checkout,POST,200,390,US,Desktop
2025-09-30T18:23:54.000Z,/search,GET,304,132,DE,Desktop
2025-09-30T18:25:36.000Z,/,GET,200,28,FR,Mobile
2025-09-30T18:30:31.000Z,/cart,GET,304,56,US,Desktop
2025-09-30T18:34:15.000Z,/,GET,200,30,FR,Desktop
2025-09-30T18:39:09.000Z,/,GET,200,73,FR,Desktop
2025-09-30T18:40:25.000Z,/,GET,200,46,CA,Mobile
2025-09-30T18:43:32.000Z,/products,GET,200,109,US,Tablet
2025-09-30T18:46:04.000Z,/search,GET,200,191,BR,Mobile
2025-09-30T18:48:04.000Z,/products,GET,304,51,CA,Mobile
2025-09-30T18:53:49.000Z,/products,GET,200,82,US,Mobile
2025-09-30T18:54:49.000Z,/products,GET,200,66,US,Mobile
2025-09-30T18:59:19.000Z,/,GET,200,39,US,Desktop
2025-09-30T19:04:43.000Z,/,GET,200,33,BR,Desktop
2025-09-30T19:07:19.000Z,/,GET,200,29,IN,Desktop
2025-09-30T19:09:08.000Z,/account,GET,200,45,CA,Mobile
2025-09-30T19:15:08.000Z,/api/cart,POST,200,107,DE,Desktop
2025-09-30T19:17:04.000Z,/search,GET,200,120,FR,Desktop
2025-09-30T19:17:52.000Z,/products,GET,200,91,BR,Desktop
2025-09-30T19:19:53.000Z,/products,GET,200,128,CA,Mobile
2025-09-30T19:28:16.000Z,/api/cart,POST,200,72,US,Mobile
2025-09-30T19:30:48.000Z,/products,GET,200,109,GB,Mobile
2025-09-30T19:31:13.000Z,/account,GET,200,52,US,Desktop
2025-09-30T19:39:16.000Z,/products/:id,GET,200,39,IN,Mobile
2025-09-30T19:41:47.000Z,/api/cart,POST,200,126,JP,Mobile
2025-09-30T19:43:28.000Z,/api/cart,POST,404,86,JP,Desktop
2025-09-30T19:46:17.000Z,/,GET,200,59,GB,Desktop
2025-09-30T19:49:15.000Z,/,GET,200,16,IN,Desktop
2025-09-30T19:51:20.000Z,/products,GET,200,69,IN,Desktop
2025-09-30T19:52:56.000Z,/products/:id,GET,200,71,DE,Mobile
2025-09-30T19:57:50.000Z,/search,GET,200,169,US,Mobile
2025-09-30T20:00:00.000Z,/account,GET,200,111,US,Desktop
2025-09-30T20:03:21.000Z,/products,GET,200,43,DE,Desktop
2025-09-30T20:06:05.000Z,/products/:id,GET,200,27,FR,Desktop
2025-09-30T20:16:33.000Z,/search,GET,200,173,FR,Mobile
2025-09-30T20:18:35.000Z,/products,GET,200,98,US,Mobile
2025-09-30T20:18:37.000Z,/products,GET,200,56,US,Mobile
2025-09-30T20:19:15.000Z,/products,GET,200,32,US,Mobile
2025-09-30T20:21:30.000Z,/api/cart,POST,200,82,CA,Desktop
2025-09-30T20:37:15.000Z,/products/:id,GET,200,249,FR,Desktop
2025-09-30T20:39:36.000Z,/products/:id,GET,200,84,CA,Desktop
2025-09-30T20:42:00.000Z,/,GET,200,22,DE,Mobile
2025-09-30T20:43:58.000Z,/,GET,200,43,US,Desktop
2025-09-30T20:44:18.000Z,/,GET,304,53,CA,Desktop
2025-09-30T20:45:23.000Z,/,GET,500,46,US,Mobile
2025-09-30T20:47:18.000Z,/,GET,200,63,GB,Desktop
2025-09-30T20:58:13.000Z,/products,GET,200,81,US,Desktop
2025-09-30T21:01:13.000Z,/products/:id,GET,304,130,DE,Mobile
2025-09-30T21:14:44.000Z,/api/checkout,POST,200,194,US,Desktop
2025-09-30T21:15:49.000Z,/api/checkout,POST,200,179,IN,Mobile
2025-09-30T21:22:04.000Z,/,GET,200,55,GB,Desktop
2025-09-30T21:27:56.000Z,/products/:id,GET,200,78,IN,Desktop
2025-09-30T21:35:56.000Z,/products/:id,GET,200,57,JP,Desktop
2025-09-30T21:41:13.000Z,/products,GET,200,95,DE,Desktop
2025-09-30T21:42:11.000Z,/api/checkout,POST,200,154,FR,Desktop
2025-09-30T21:50:25.000Z,/products/:id,GET,200,86,DE,Desktop
2025-09-30T22:11:13.000Z,/products/:id,GET,200,65,DE,Mobile
2025-09-30T22:13:36.000Z,/cart,GET,200,91,US,Desktop
2025-09-30T22:16:28.000Z,/products/:id,GET,500,94,IN,Desktop
2025-09-30T22:20:24.000Z,/products,GET,200,33,US,Desktop
2025-09-30T22:21:46.000Z,/api/cart,POST,200,73,IN,Mobile
2025-09-30T22:28:12.000Z,/products,GET,200,115,BR,Mobile
2025-09-30T22:48:58.000Z,/products/:id,GET,200,39,BR,Desktop
2025-09-30T22:52:55.000Z,/,GET,200,45,US,Desktop
2025-09-30T23:05:26.000Z,/api/cart,POST,200,68,IN,Tablet
2025-09-30T23:07:00.000Z,/products/:id,GET,200,80,GB,Desktop
2025-09-30T23:07:02.000Z,/search,GET,200,204,DE,Mobile
2025-09-30T23:08:15.000Z,/cart,GET,200,59,US,Mobile
2025-09-30T23:18:58.000Z,/products,GET,200,67,US,Mobile
2025-09-30T23:30:19.000Z,/cart,GET,200,30,US,Desktop
2025-09-30T23:31:12.000Z,/,GET,200,24,US,Desktop
2025-09-30T23:35:51.000Z,/account,GET,200,64,US,Desktop
2025-09-30T23:36:07.000Z,/search,GET,200,81,DE,Mobile
2025-09-30T23:45:43.000Z,/products,GET,200,85,CA,Desktop
2025-09-30T23:53:40.000Z,/api/checkout,POST,200,278,US,Tablet
2025-09-30T23:54:40.000Z,/products,GET,200,46,US,Mobile
2025-09-30T23:57:56.000Z,/products,GET,200,75,US,Mobile
